transaction_id,day_of_week,time_of_day,item_type,quantity,amount,student_discount
1,Wednesday,Morning,Pastry,1,4.16,False
2,Sunday,Morning,Coffee,1,3.86,True
3,Friday,Morning,Coffee,4,15.64,True
4,Thursday,Afternoon,Sandwich,1,9.26,True
5,Monday,Morning,Coffee,1,3.68,True
6,Monday,Afternoon,Sandwich,2,17.22,False
7,Monday,Morning,Sandwich,2,18.28,False
8,Friday,Afternoon,Coffee,1,3.18,True
9,Thursday,Afternoon,Sandwich,1,7.15,False
10,Thursday,Afternoon,Coffee,1,4.05,False
11,Monday,Afternoon,Tea,1,3.55,True
12,Sunday,Afternoon,Coffee,2,8.88,True
13,Friday,Evening,Coffee,3,11.61,True
14,Tuesday,Morning,Coffee,2,6.8,True
15,Tuesday,Morning,Coffee,1,3.03,False
16,Tuesday,Morning,Pastry,2,7.94,True
17,Tuesday,Morning,Pastry,1,4.75,True
18,Wednesday,Morning,Sandwich,1,11.23,True
19,Wednesday,Morning,Coffee,1,4.03,True
20,Tuesday,Morning,Coffee,1,3.39,True
21,Thursday,Morning,Coffee,3,10.68,True
22,Monday,Morning,Coffee,1,3.58,True
23,Tuesday,Evening,Tea,1,3.34,True
24,Wednesday,Morning,Tea,1,3.95,True
25,Wednesday,Afternoon,Pastry,2,10.44,True
26,Friday,Morning,Coffee,1,3.91,True
27,Tuesday,Evening,Coffee,1,4.09,True
28,Wednesday,Afternoon,Coffee,2,7.2,True
29,Thursday,Afternoon,Coffee,1,3.15,True
30,Monday,Afternoon,Coffee,1,4.89,False
31,Thursday,Morning,Pastry,1,3.11,False
32,Monday,Evening,Coffee,1,3.08,True
33,Monday,Afternoon,Sandwich,4,46.64,True
34,Sunday,Afternoon,Tea,1,3.51,True
35,Sunday,Afternoon,Coffee,4,13.76,False
36,Friday,Morning,Pastry,1,4.91,True
37,Tuesday,Afternoon,Pastry,4,19.84,False
38,Monday,Morning,Coffee,1,3.33,True
39,Thursday,Afternoon,Sandwich,1,8.86,False
40,Wednesday,Morning,Coffee,1,4.44,False
41,Monday,Evening,Tea,1,3.17,False
42,Wednesday,Morning,Pastry,1,4.67,True
43,Monday,Morning,Pastry,1,5.35,False
44,Saturday,Afternoon,Coffee,1,2.8,True
45,Tuesday,Afternoon,Coffee,1,3.83,True
46,Thursday,Afternoon,Sandwich,1,9.81,True
47,Tuesday,Morning,Coffee,1,3.1,False
48,Wednesday,Morning,Coffee,2,7.48,False
49,Thursday,Afternoon,Pastry,1,5.13,True
50,Tuesday,Evening,Sandwich,3,25.95,False
51,Sunday,Afternoon,Coffee,1,3.26,True
52,Friday,Morning,Pastry,4,20.72,True
53,Saturday,Evening,Pastry,1,4.77,True
54,Saturday,Morning,Coffee,4,15.88,True
55,Thursday,Morning,Pastry,1,4.44,True
56,Saturday,Morning,Sandwich,2,21.46,False
57,Monday,Morning,Coffee,2,8.3,True
58,Tuesday,Afternoon,Coffee,1,4.32,True
59,Monday,Morning,Pastry,1,4.08,True
60,Tuesday,Morning,Tea,2,5.46,False
61,Wednesday,Morning,Coffee,1,4.31,False
62,Tuesday,Morning,Coffee,1,4.55,False
63,Friday,Afternoon,Sandwich,1,9.23,True
64,Tuesday,Morning,Pastry,1,5.03,True
65,Tuesday,Morning,Pastry,2,8.6,True
66,Thursday,Afternoon,Tea,1,3.46,True
67,Monday,Afternoon,Coffee,1,4.88,True
68,Friday,Afternoon,Sandwich,1,9.15,True
69,Monday,Morning,Coffee,1,3.82,False
70,Sunday,Afternoon,Pastry,4,13.52,False
71,Friday,Evening,Tea,1,3.78,True
72,Tuesday,Afternoon,Coffee,1,3.65,True
73,Monday,Afternoon,Tea,1,3.56,True
74,Friday,Morning,Tea,2,6.74,True
75,Thursday,Evening,Sandwich,1,8.97,False
76,Friday,Morning,Coffee,1,3.94,True
77,Friday,Morning,Coffee,1,3.98,False
78,Monday,Morning,Coffee,1,4.59,True
79,Tuesday,Morning,Pastry,1,5.41,True
80,Monday,Evening,Tea,1,3.76,True
81,Friday,Afternoon,Sandwich,2,22.06,True
82,Thursday,Afternoon,Pastry,3,15.03,True
83,Tuesday,Afternoon,Coffee,2,8.5,True
84,Monday,Morning,Pastry,1,5.37,True
85,Tuesday,Morning,Coffee,1,3.35,True
86,Tuesday,Afternoon,Pastry,1,4.09,False
87,Friday,Afternoon,Coffee,2,7.18,True
88,Thursday,Morning,Coffee,1,3.85,True
89,Saturday,Afternoon,Pastry,3,14.73,True
90,Wednesday,Morning,Coffee,1,3.44,True
91,Monday,Morning,Pastry,2,9.6,True
92,Thursday,Morning,Pastry,1,4.15,True
93,Friday,Morning,Pastry,1,4.29,False
94,Thursday,Afternoon,Tea,1,3.58,False
95,Friday,Afternoon,Sandwich,3,34.56,True
96,Wednesday,Morning,Coffee,3,10.92,True
97,Wednesday,Afternoon,Tea,2,6.94,True
98,Wednesday,Afternoon,Pastry,1,3.85,True
99,Monday,Morning,Pastry,2,8.14,False
100,Monday,Morning,Coffee,1,3.46,True
101,Monday,Evening,Sandwich,1,9.79,True
102,Thursday,Afternoon,Coffee,1,4.21,True
103,Tuesday,Evening,Tea,1,3.77,False
104,Wednesday,Morning,Coffee,1,3.62,True
105,Saturday,Afternoon,Sandwich,2,20.22,False
106,Tuesday,Morning,Coffee,1,4.06,True
107,Wednesday,Morning,Pastry,1,4.47,False
108,Friday,Morning,Pastry,1,3.76,True
109,Tuesday,Morning,Tea,1,3.56,False
110,Monday,Morning,Coffee,1,4.09,False
111,Tuesday,Morning,Pastry,1,4.56,True
112,Monday,Morning,Pastry,1,4.74,True
113,Saturday,Afternoon,Tea,1,3.78,True
114,Friday,Morning,Pastry,1,3.84,True
115,Thursday,Morning,Coffee,1,3.89,True
116,Saturday,Morning,Coffee,1,4.26,False
117,Friday,Morning,Coffee,1,3.87,False
118,Tuesday,Afternoon,Tea,1,3.88,True
119,Saturday,Morning,Coffee,1,4.05,True
120,Wednesday,Afternoon,Tea,1,2.72,True
121,Friday,Morning,Tea,1,3.84,True
122,Saturday,Morning,Sandwich,1,9.36,True
123,Tuesday,Afternoon,Sandwich,2,14.76,False
124,Monday,Afternoon,Pastry,1,4.35,False
125,Tuesday,Morning,Tea,2,5.98,False
126,Wednesday,Afternoon,Coffee,2,8.76,True
127,Friday,Morning,Tea,2,6.98,True
128,Friday,Afternoon,Coffee,1,3.54,True
129,Monday,Afternoon,Coffee,2,8.82,True
130,Wednesday,Afternoon,Sandwich,1,10.05,True
131,Wednesday,Evening,Tea,1,3.41,True
132,Tuesday,Morning,Coffee,1,3.38,True
133,Monday,Afternoon,Sandwich,3,25.47,True
134,Tuesday,Morning,Coffee,1,3.57,True
135,Sunday,Morning,Coffee,3,13.11,True
136,Tuesday,Morning,Coffee,1,3.16,True
137,Wednesday,Morning,Coffee,3,11.94,False
138,Thursday,Afternoon,Coffee,3,11.61,True
139,Wednesday,Afternoon,Sandwich,3,32.22,True
140,Sunday,Afternoon,Coffee,1,4.12,False
141,Sunday,Morning,Pastry,2,9.64,True
142,Tuesday,Morning,Coffee,3,11.22,False
143,Wednesday,Evening,Tea,1,3.01,True
144,Tuesday,Morning,Tea,1,3.37,True
145,Tuesday,Afternoon,Sandwich,2,20.86,True
146,Monday,Afternoon,Sandwich,1,10.43,True
147,Thursday,Afternoon,Sandwich,2,17.96,False
148,Wednesday,Morning,Coffee,1,3.57,True
149,Monday,Afternoon,Tea,1,3.08,False
150,Tuesday,Morning,Pastry,1,4.42,True
151,Saturday,Afternoon,Coffee,1,4.07,False
152,Tuesday,Morning,Coffee,1,4.74,True
153,Monday,Morning,Coffee,2,8.12,True
154,Wednesday,Morning,Tea,1,3.75,True
155,Sunday,Afternoon,Coffee,2,7.22,True
156,Tuesday,Morning,Coffee,2,8.04,True
157,Thursday,Morning,Coffee,1,4.07,False
158,Friday,Morning,Tea,1,3.44,True
159,Tuesday,Evening,Tea,1,3.49,True
160,Friday,Afternoon,Coffee,1,4.06,True
161,Wednesday,Afternoon,Sandwich,1,10.08,True
162,Thursday,Afternoon,Sandwich,1,10.9,True
163,Thursday,Morning,Tea,3,7.77,True
164,Wednesday,Morning,Pastry,1,5.17,True
165,Monday,Evening,Tea,1,2.82,True
166,Friday,Morning,Coffee,4,16.6,True
167,Tuesday,Morning,Coffee,2,10.36,False
168,Tuesday,Morning,Pastry,2,8.94,True
169,Monday,Morning,Coffee,2,8.18,True
170,Thursday,Morning,Pastry,1,4.31,False
171,Thursday,Morning,Sandwich,2,20.6,True
172,Monday,Morning,Coffee,3,12.54,True
173,Wednesday,Morning,Coffee,1,3.66,True
174,Tuesday,Morning,Coffee,1,3.94,False
175,Thursday,Morning,Coffee,1,3.44,True
176,Monday,Morning,Coffee,1,3.94,True
177,Thursday,Afternoon,Sandwich,1,9.0,True
178,Wednesday,Morning,Coffee,1,4.07,True
179,Saturday,Afternoon,Coffee,1,3.65,False
180,Monday,Afternoon,Coffee,1,3.89,True
181,Tuesday,Afternoon,Sandwich,1,9.51,True
182,Monday,Morning,Tea,2,7.06,True
183,Saturday,Morning,Pastry,1,4.66,False
184,Saturday,Morning,Sandwich,1,9.29,False
185,Tuesday,Afternoon,Tea,1,3.19,True
186,Thursday,Morning,Coffee,1,4.04,False
187,Friday,Afternoon,Coffee,1,3.91,True
188,Thursday,Afternoon,Coffee,1,4.51,False
189,Wednesday,Morning,Pastry,2,10.38,True
190,Tuesday,Morning,Coffee,1,3.31,False
191,Monday,Afternoon,Coffee,1,4.31,True
192,Saturday,Morning,Tea,1,3.83,False
193,Saturday,Morning,Tea,1,2.96,False
194,Thursday,Afternoon,Sandwich,2,20.4,False
195,Tuesday,Morning,Coffee,1,4.45,False
196,Tuesday,Evening,Sandwich,2,16.72,True
197,Friday,Afternoon,Pastry,1,4.36,True
198,Saturday,Afternoon,Coffee,2,8.18,True
199,Saturday,Morning,Pastry,2,9.68,True
200,Friday,Morning,Sandwich,2,16.62,True
201,Thursday,Morning,Coffee,3,13.74,True
202,Monday,Morning,Coffee,1,2.99,True
203,Monday,Morning,Coffee,3,13.98,True
204,Saturday,Morning,Coffee,1,4.28,False
205,Thursday,Morning,Pastry,2,8.26,False
206,Monday,Morning,Coffee,1,4.43,True
207,Monday,Afternoon,Sandwich,1,8.24,False
208,Thursday,Morning,Tea,2,7.1,False
209,Monday,Morning,Coffee,1,4.12,True
210,Monday,Afternoon,Coffee,1,4.12,True
211,Thursday,Evening,Tea,2,6.32,True
212,Thursday,Morning,Coffee,1,3.75,True
213,Thursday,Morning,Coffee,1,4.06,True
214,Tuesday,Afternoon,Coffee,1,3.64,True
215,Thursday,Evening,Sandwich,1,9.83,True
216,Tuesday,Afternoon,Tea,1,3.25,True
217,Tuesday,Afternoon,Sandwich,1,10.7,True
218,Friday,Morning,Coffee,1,4.78,False
219,Thursday,Morning,Pastry,1,4.32,True
220,Friday,Morning,Sandwich,1,10.6,False
221,Thursday,Afternoon,Coffee,2,7.78,True
222,Thursday,Afternoon,Sandwich,1,8.38,True
223,Monday,Evening,Pastry,2,8.48,False
224,Wednesday,Morning,Pastry,1,4.55,True
225,Tuesday,Morning,Tea,1,2.79,True
226,Tuesday,Morning,Coffee,1,4.31,False
227,Sunday,Afternoon,Coffee,2,8.08,True
228,Wednesday,Afternoon,Coffee,2,9.0,True
229,Saturday,Morning,Coffee,2,8.6,True
230,Thursday,Morning,Merchandise,1,36.33,False
231,Friday,Morning,Pastry,2,8.58,True
232,Wednesday,Morning,Coffee,1,4.76,True
233,Thursday,Afternoon,Sandwich,2,24.2,False
234,Wednesday,Morning,Pastry,1,4.3,True
235,Tuesday,Afternoon,Coffee,1,4.52,False
236,Friday,Afternoon,Coffee,1,3.65,True
237,Tuesday,Afternoon,Coffee,1,3.71,True
238,Monday,Morning,Pastry,1,4.27,True
239,Thursday,Afternoon,Sandwich,1,10.32,True
240,Monday,Morning,Coffee,1,3.46,True
241,Sunday,Morning,Coffee,3,14.31,True
242,Sunday,Morning,Pastry,1,5.06,True
243,Saturday,Morning,Pastry,2,9.8,True
244,Wednesday,Morning,Pastry,3,12.96,False
245,Monday,Morning,Tea,3,11.49,True
246,Saturday,Evening,Tea,2,4.66,True
247,Wednesday,Morning,Coffee,2,8.44,True
248,Sunday,Afternoon,Coffee,1,4.08,False
249,Sunday,Evening,Sandwich,1,7.24,False
250,Friday,Morning,Coffee,1,4.2,False
251,Tuesday,Afternoon,Sandwich,1,10.21,False
252,Wednesday,Morning,Coffee,1,3.07,False
253,Friday,Morning,Pastry,1,3.79,False
254,Tuesday,Morning,Coffee,1,5.03,True
255,Monday,Evening,Tea,2,6.86,False
256,Thursday,Morning,Tea,1,3.89,True
257,Saturday,Afternoon,Coffee,1,4.56,True
258,Thursday,Morning,Pastry,1,4.74,True
259,Thursday,Afternoon,Pastry,1,5.11,True
260,Monday,Morning,Coffee,3,8.82,True
261,Thursday,Afternoon,Sandwich,1,9.22,True
262,Sunday,Afternoon,Sandwich,1,5.8,True
263,Monday,Afternoon,Pastry,1,3.45,True
264,Wednesday,Evening,Sandwich,1,8.84,False
265,Saturday,Afternoon,Coffee,1,3.67,True
266,Friday,Morning,Coffee,1,4.02,True
267,Thursday,Morning,Coffee,1,3.99,True
268,Thursday,Morning,Coffee,1,4.07,False
269,Tuesday,Morning,Coffee,2,8.18,False
270,Tuesday,Morning,Coffee,1,4.17,False
271,Friday,Morning,Coffee,1,3.52,True
272,Friday,Morning,Pastry,1,4.07,True
273,Friday,Evening,Pastry,1,4.48,False
274,Saturday,Morning,Merchandise,3,104.61,True
275,Wednesday,Evening,Sandwich,1,8.2,True
276,Wednesday,Morning,Coffee,4,18.16,True
277,Friday,Afternoon,Coffee,1,4.36,False
278,Thursday,Afternoon,Coffee,2,7.14,True
279,Thursday,Morning,Pastry,1,4.37,False
280,Friday,Morning,Coffee,1,5.0,True
281,Saturday,Morning,Coffee,1,4.08,False
282,Tuesday,Morning,Pastry,1,4.74,True
283,Wednesday,Evening,Pastry,1,4.13,True
284,Monday,Afternoon,Coffee,1,3.84,True
285,Thursday,Morning,Coffee,2,9.52,True
286,Monday,Morning,Pastry,1,4.57,False
287,Wednesday,Morning,Pastry,1,4.46,False
288,Thursday,Morning,Coffee,2,8.0,True
289,Tuesday,Afternoon,Tea,1,4.52,True
290,Thursday,Morning,Pastry,2,9.04,True
291,Monday,Morning,Pastry,1,4.0,False
292,Monday,Morning,Pastry,1,4.11,False
293,Friday,Morning,Coffee,1,4.39,True
294,Wednesday,Afternoon,Sandwich,3,23.37,False
295,Monday,Morning,Coffee,2,8.46,True
296,Wednesday,Evening,Coffee,4,14.56,True
297,Friday,Afternoon,Sandwich,1,7.27,True
298,Tuesday,Morning,Coffee,2,7.02,False
299,Thursday,Morning,Pastry,1,4.52,True
300,Monday,Afternoon,Coffee,1,4.7,True
301,Monday,Evening,Sandwich,2,21.2,True
302,Wednesday,Afternoon,Coffee,1,3.85,True
303,Thursday,Morning,Tea,1,3.89,False
304,Thursday,Evening,Coffee,1,3.82,True
305,Friday,Morning,Tea,2,5.82,True
306,Sunday,Afternoon,Sandwich,1,9.53,False
307,Wednesday,Evening,Tea,1,2.9,True
308,Tuesday,Morning,Coffee,5,22.0,False
309,Friday,Evening,Pastry,1,4.98,False
310,Tuesday,Morning,Pastry,1,3.97,True
311,Wednesday,Evening,Tea,1,3.56,True
312,Monday,Morning,Coffee,2,8.14,True
313,Monday,Evening,Tea,1,3.85,True
314,Sunday,Morning,Pastry,1,3.75,False
315,Friday,Afternoon,Tea,1,3.74,False
316,Thursday,Morning,Coffee,1,3.34,False
317,Wednesday,Morning,Pastry,1,4.97,False
318,Monday,Morning,Tea,1,3.93,True
319,Monday,Afternoon,Coffee,1,3.67,False
320,Tuesday,Morning,Sandwich,3,32.88,False
321,Thursday,Afternoon,Sandwich,2,15.22,False
322,Thursday,Morning,Coffee,3,13.65,True
323,Thursday,Evening,Tea,1,4.08,True
324,Tuesday,Morning,Pastry,1,4.71,True
325,Sunday,Morning,Coffee,1,3.9,False
326,Friday,Morning,Coffee,3,12.48,True
327,Thursday,Morning,Coffee,1,3.7,True
328,Thursday,Morning,Pastry,4,24.28,True
329,Wednesday,Morning,Coffee,1,3.71,True
330,Tuesday,Afternoon,Sandwich,1,11.08,True
331,Tuesday,Afternoon,Coffee,1,3.63,False
332,Friday,Afternoon,Sandwich,1,11.42,False
333,Monday,Morning,Pastry,1,5.71,True
334,Monday,Afternoon,Tea,1,3.65,True
335,Monday,Morning,Pastry,1,4.67,True
336,Monday,Afternoon,Coffee,1,3.52,False
337,Friday,Morning,Pastry,1,3.85,False
338,Thursday,Morning,Coffee,2,8.3,False
339,Wednesday,Morning,Coffee,1,4.73,True
340,Monday,Afternoon,Sandwich,1,8.84,True
341,Wednesday,Morning,Sandwich,1,12.15,True
342,Wednesday,Afternoon,Coffee,2,7.38,False
343,Monday,Morning,Coffee,1,4.11,True
344,Wednesday,Afternoon,Coffee,3,12.36,True
345,Wednesday,Evening,Sandwich,1,9.38,False
346,Thursday,Morning,Coffee,1,2.98,False
347,Thursday,Morning,Coffee,1,3.69,True
348,Monday,Evening,Coffee,1,4.1,False
349,Wednesday,Morning,Pastry,1,4.44,True
350,Thursday,Morning,Coffee,1,4.32,True
351,Wednesday,Afternoon,Coffee,1,4.38,True
352,Friday,Afternoon,Tea,1,3.4,False
353,Thursday,Morning,Coffee,2,7.04,False
354,Monday,Afternoon,Sandwich,1,11.36,True
355,Monday,Morning,Pastry,1,3.69,True
356,Thursday,Morning,Pastry,5,20.7,False
357,Monday,Afternoon,Tea,1,3.16,True
358,Thursday,Morning,Pastry,1,4.95,False
359,Sunday,Morning,Coffee,2,9.32,False
360,Thursday,Afternoon,Coffee,1,3.91,True
361,Wednesday,Afternoon,Merchandise,2,75.06,False
362,Thursday,Afternoon,Coffee,1,4.21,True
363,Wednesday,Evening,Tea,1,4.22,False
364,Thursday,Afternoon,Merchandise,1,23.27,True
365,Sunday,Morning,Coffee,1,4.37,True
366,Wednesday,Morning,Pastry,1,4.73,True
367,Sunday,Afternoon,Sandwich,1,9.05,True
368,Saturday,Morning,Coffee,2,8.32,True
369,Tuesday,Afternoon,Coffee,2,8.74,True
370,Monday,Afternoon,Tea,2,7.46,True
371,Monday,Morning,Coffee,2,10.16,True
372,Monday,Evening,Tea,1,3.55,False
373,Monday,Morning,Pastry,2,9.04,True
374,Thursday,Morning,Coffee,1,3.91,False
375,Monday,Evening,Tea,1,3.72,True
376,Tuesday,Morning,Coffee,2,7.96,True
377,Friday,Morning,Coffee,1,4.01,False
378,Monday,Morning,Pastry,2,9.02,True
379,Friday,Afternoon,Coffee,1,3.93,True
380,Tuesday,Afternoon,Sandwich,1,8.77,False
381,Monday,Afternoon,Pastry,1,4.75,True
382,Thursday,Afternoon,Coffee,1,3.86,True
383,Thursday,Morning,Coffee,2,8.62,False
384,Saturday,Afternoon,Tea,5,17.7,True
385,Friday,Afternoon,Sandwich,1,9.04,True
386,Friday,Morning,Coffee,1,4.78,True
387,Tuesday,Morning,Pastry,1,4.44,True
388,Monday,Evening,Pastry,2,9.74,True
389,Friday,Afternoon,Sandwich,1,8.66,False
390,Friday,Afternoon,Coffee,3,8.97,True
391,Sunday,Afternoon,Coffee,1,3.72,True
392,Wednesday,Morning,Coffee,2,5.86,True
393,Wednesday,Afternoon,Coffee,1,3.88,True
394,Friday,Morning,Pastry,1,5.38,True
395,Tuesday,Morning,Coffee,1,3.55,True
396,Saturday,Afternoon,Tea,2,5.32,False
397,Friday,Morning,Coffee,2,9.5,False
398,Wednesday,Afternoon,Tea,1,3.31,True
399,Friday,Morning,Pastry,1,4.49,True
400,Friday,Morning,Tea,3,11.46,False
401,Monday,Morning,Pastry,3,14.43,False
402,Saturday,Morning,Coffee,1,4.38,True
403,Wednesday,Morning,Pastry,1,5.04,True
404,Friday,Morning,Pastry,1,3.45,True
405,Tuesday,Evening,Tea,2,5.86,True
406,Saturday,Morning,Coffee,1,4.59,True
407,Wednesday,Morning,Pastry,1,4.03,False
408,Monday,Afternoon,Pastry,1,4.1,True
409,Saturday,Afternoon,Sandwich,1,7.98,True
410,Monday,Morning,Coffee,1,3.8,True
411,Tuesday,Afternoon,Coffee,1,3.83,True
412,Sunday,Afternoon,Sandwich,1,8.38,True
413,Sunday,Morning,Tea,2,6.16,False
414,Thursday,Morning,Coffee,3,12.48,True
415,Thursday,Evening,Pastry,1,4.02,False
416,Wednesday,Afternoon,Coffee,1,3.7,True
417,Tuesday,Afternoon,Sandwich,1,6.88,True
418,Tuesday,Morning,Pastry,2,11.32,False
419,Thursday,Morning,Pastry,2,10.14,True
420,Friday,Afternoon,Coffee,2,7.5,False
421,Friday,Morning,Coffee,2,7.1,True
422,Friday,Morning,Pastry,1,4.51,True
423,Monday,Afternoon,Pastry,1,4.49,False
424,Wednesday,Morning,Coffee,1,3.36,False
425,Monday,Afternoon,Sandwich,2,12.88,False
426,Thursday,Afternoon,Pastry,1,4.18,True
427,Wednesday,Morning,Coffee,4,12.88,False
428,Saturday,Afternoon,Coffee,2,8.18,True
429,Tuesday,Morning,Coffee,2,8.18,False
430,Monday,Afternoon,Coffee,1,3.51,True
431,Monday,Morning,Pastry,1,4.18,True
432,Friday,Morning,Coffee,2,9.76,True
433,Thursday,Afternoon,Tea,1,3.81,True
434,Monday,Morning,Pastry,1,4.23,False
435,Monday,Evening,Pastry,3,17.64,True
436,Thursday,Morning,Tea,2,6.04,False
437,Monday,Morning,Coffee,1,3.59,True
438,Friday,Morning,Pastry,2,8.86,True
439,Thursday,Morning,Coffee,1,3.23,True
440,Monday,Morning,Coffee,1,4.9,False
441,Monday,Afternoon,Coffee,1,4.09,False
442,Sunday,Afternoon,Coffee,2,7.22,True
443,Wednesday,Afternoon,Coffee,1,4.22,True
444,Wednesday,Evening,Pastry,1,4.59,True
445,Friday,Morning,Coffee,1,3.85,False
446,Sunday,Afternoon,Sandwich,5,40.25,False
447,Sunday,Morning,Coffee,1,3.28,True
448,Friday,Afternoon,Coffee,1,5.09,True
449,Wednesday,Morning,Coffee,1,3.32,False
450,Monday,Evening,Sandwich,1,11.54,True
451,Friday,Afternoon,Sandwich,1,8.49,False
452,Thursday,Evening,Merchandise,2,89.64,True
453,Wednesday,Afternoon,Sandwich,1,10.06,False
454,Saturday,Evening,Pastry,4,19.6,True
455,Monday,Afternoon,Sandwich,1,10.38,True
456,Wednesday,Morning,Tea,1,2.86,True
457,Monday,Morning,Coffee,1,3.66,True
458,Wednesday,Morning,Coffee,1,3.32,True
459,Monday,Morning,Coffee,3,12.27,True
460,Monday,Morning,Coffee,2,6.68,False
461,Monday,Morning,Coffee,1,3.01,False
462,Thursday,Morning,Coffee,1,3.88,True
463,Friday,Evening,Tea,1,2.62,True
464,Thursday,Evening,Coffee,1,4.13,True
465,Sunday,Morning,Sandwich,2,15.98,False
466,Wednesday,Morning,Coffee,2,7.16,False
467,Tuesday,Morning,Coffee,1,2.86,True
468,Friday,Morning,Pastry,1,5.49,False
469,Tuesday,Afternoon,Tea,1,2.91,True
470,Sunday,Morning,Coffee,3,11.46,True
471,Monday,Afternoon,Tea,1,2.78,True
472,Sunday,Afternoon,Coffee,1,3.58,False
473,Monday,Afternoon,Coffee,1,4.88,True
474,Saturday,Morning,Coffee,1,4.15,True
475,Wednesday,Afternoon,Tea,1,3.21,True
476,Sunday,Morning,Pastry,2,8.96,False
477,Monday,Morning,Coffee,4,14.88,True
478,Thursday,Morning,Tea,1,3.46,True
479,Sunday,Morning,Coffee,1,4.37,False
480,Wednesday,Morning,Coffee,1,3.83,False
481,Thursday,Morning,Pastry,2,9.26,True
482,Thursday,Afternoon,Coffee,1,4.12,True
483,Wednesday,Afternoon,Sandwich,2,18.22,True
484,Thursday,Morning,Coffee,2,7.26,False
485,Thursday,Morning,Pastry,1,4.18,True
486,Saturday,Afternoon,Coffee,1,4.35,False
487,Monday,Morning,Coffee,2,8.78,True
488,Tuesday,Evening,Sandwich,1,8.13,True
489,Sunday,Afternoon,Sandwich,1,9.19,True
490,Saturday,Morning,Coffee,1,3.62,True
491,Wednesday,Morning,Sandwich,1,10.46,True
492,Thursday,Morning,Coffee,2,7.52,True
493,Tuesday,Morning,Coffee,1,5.1,False
494,Tuesday,Morning,Coffee,1,4.11,False
495,Wednesday,Afternoon,Sandwich,2,21.84,True
496,Tuesday,Morning,Sandwich,1,8.28,False
497,Thursday,Morning,Coffee,2,8.02,False
498,Monday,Afternoon,Coffee,1,4.31,True
499,Sunday,Morning,Tea,1,3.09,True
500,Sunday,Morning,Coffee,1,4.01,True
501,Thursday,Morning,Coffee,4,18.12,True
502,Wednesday,Morning,Coffee,2,7.68,True
503,Tuesday,Afternoon,Coffee,1,3.57,True
504,Friday,Morning,Coffee,3,14.7,True
505,Thursday,Afternoon,Tea,2,6.06,True
506,Monday,Morning,Pastry,1,4.59,True
507,Saturday,Morning,Tea,1,3.22,False
508,Friday,Morning,Coffee,1,3.53,True
509,Sunday,Afternoon,Coffee,1,4.37,True
510,Friday,Morning,Coffee,1,3.9,True
511,Thursday,Morning,Coffee,1,4.2,False
512,Wednesday,Afternoon,Sandwich,1,6.79,True
513,Saturday,Morning,Merchandise,1,40.83,True
514,Friday,Morning,Tea,1,3.21,True
515,Monday,Afternoon,Sandwich,1,7.25,True
516,Monday,Morning,Coffee,1,4.94,True
517,Wednesday,Afternoon,Coffee,1,4.3,False
518,Friday,Morning,Pastry,3,13.92,True
519,Sunday,Afternoon,Sandwich,1,11.0,True
520,Monday,Afternoon,Tea,1,3.6,True
521,Thursday,Morning,Coffee,1,3.6,True
522,Wednesday,Afternoon,Sandwich,1,9.29,True
523,Sunday,Afternoon,Coffee,2,7.32,False
524,Friday,Morning,Pastry,1,4.2,True
525,Friday,Morning,Pastry,1,3.75,True
526,Wednesday,Afternoon,Coffee,1,3.51,True
527,Wednesday,Afternoon,Sandwich,1,10.57,True
528,Tuesday,Morning,Sandwich,1,9.9,False
529,Monday,Afternoon,Sandwich,1,8.9,True
530,Friday,Morning,Coffee,1,3.49,False
531,Friday,Afternoon,Coffee,2,7.6,True
532,Sunday,Afternoon,Pastry,1,3.49,True
533,Sunday,Evening,Tea,1,3.55,False
534,Thursday,Morning,Coffee,1,4.47,True
535,Friday,Afternoon,Tea,4,17.8,True
536,Sunday,Morning,Tea,1,3.06,False
537,Friday,Morning,Coffee,1,4.45,True
538,Tuesday,Morning,Coffee,1,3.65,True
539,Wednesday,Afternoon,Coffee,1,3.44,False
540,Monday,Morning,Pastry,1,3.82,True
541,Sunday,Morning,Tea,3,10.68,True
542,Thursday,Afternoon,Coffee,1,3.53,True
543,Tuesday,Afternoon,Sandwich,2,17.54,False
544,Thursday,Afternoon,Coffee,1,3.78,True
545,Thursday,Evening,Pastry,2,8.12,True
546,Tuesday,Morning,Pastry,1,4.01,False
547,Monday,Evening,Sandwich,1,6.59,False
548,Thursday,Afternoon,Coffee,3,12.12,True
549,Wednesday,Morning,Pastry,1,4.54,True
550,Friday,Morning,Pastry,3,12.06,False
551,Wednesday,Morning,Coffee,1,4.18,True
552,Friday,Morning,Coffee,5,23.5,False
553,Thursday,Afternoon,Coffee,1,4.01,True
554,Thursday,Afternoon,Pastry,2,10.6,False
555,Saturday,Afternoon,Tea,1,4.4,True
556,Wednesday,Morning,Pastry,1,6.02,False
557,Monday,Morning,Coffee,2,6.82,True
558,Monday,Afternoon,Sandwich,2,16.16,True
559,Friday,Morning,Coffee,1,3.78,False
560,Thursday,Evening,Coffee,1,4.06,True
561,Thursday,Morning,Coffee,1,4.79,True
562,Tuesday,Evening,Coffee,1,4.31,False
563,Monday,Morning,Coffee,1,3.4,True
564,Monday,Morning,Pastry,2,8.26,False
565,Tuesday,Morning,Tea,1,3.48,True
566,Thursday,Afternoon,Pastry,1,3.61,False
567,Wednesday,Afternoon,Sandwich,4,38.08,True
568,Wednesday,Morning,Coffee,1,3.41,True
569,Saturday,Evening,Tea,1,2.84,False
570,Tuesday,Afternoon,Coffee,2,7.06,True
571,Wednesday,Afternoon,Sandwich,2,19.98,False
572,Friday,Afternoon,Coffee,2,8.4,False
573,Wednesday,Morning,Coffee,2,8.1,False
574,Thursday,Morning,Coffee,1,4.5,True
575,Friday,Evening,Sandwich,1,10.56,True
576,Sunday,Evening,Pastry,2,9.24,True
577,Monday,Evening,Sandwich,1,9.58,True
578,Saturday,Evening,Pastry,1,4.58,True
579,Wednesday,Morning,Coffee,2,7.86,False
580,Tuesday,Afternoon,Sandwich,2,13.78,True
581,Wednesday,Morning,Pastry,1,5.18,False
582,Sunday,Evening,Tea,3,10.98,True
583,Wednesday,Morning,Coffee,2,6.78,True
584,Tuesday,Afternoon,Coffee,4,18.84,True
585,Thursday,Morning,Coffee,3,11.13,True
586,Tuesday,Morning,Pastry,1,4.44,False
587,Monday,Morning,Coffee,2,9.02,False
588,Monday,Afternoon,Tea,1,3.59,True
589,Monday,Afternoon,Sandwich,2,22.2,False
590,Monday,Morning,Coffee,2,7.64,True
591,Monday,Afternoon,Pastry,1,5.51,True
592,Thursday,Afternoon,Sandwich,1,8.57,True
593,Tuesday,Morning,Coffee,1,4.66,False
594,Tuesday,Morning,Tea,2,5.18,True
595,Saturday,Afternoon,Coffee,2,6.9,True
596,Wednesday,Afternoon,Coffee,1,4.15,True
597,Thursday,Morning,Coffee,1,3.8,False
598,Monday,Afternoon,Tea,2,6.94,False
599,Tuesday,Morning,Sandwich,1,9.55,True
600,Monday,Morning,Sandwich,1,8.07,False
601,Monday,Morning,Pastry,1,3.83,True
602,Tuesday,Morning,Coffee,3,12.36,True
603,Monday,Afternoon,Sandwich,2,17.4,True
604,Monday,Evening,Pastry,1,5.3,True
605,Monday,Morning,Coffee,1,3.9,True
606,Wednesday,Morning,Pastry,1,4.93,True
607,Tuesday,Afternoon,Coffee,2,8.44,False
608,Wednesday,Afternoon,Coffee,1,3.7,True
609,Wednesday,Afternoon,Sandwich,1,7.12,True
610,Thursday,Afternoon,Sandwich,1,10.92,True
611,Monday,Morning,Coffee,3,10.53,False
612,Friday,Afternoon,Pastry,1,4.26,False
613,Thursday,Morning,Pastry,1,4.41,True
614,Monday,Morning,Tea,2,6.96,False
615,Saturday,Morning,Coffee,4,17.92,True
616,Saturday,Morning,Coffee,1,4.0,True
617,Monday,Evening,Tea,1,3.45,True
618,Tuesday,Afternoon,Sandwich,1,10.72,True
619,Friday,Morning,Coffee,1,4.3,True
620,Friday,Morning,Coffee,1,3.63,False
621,Tuesday,Morning,Coffee,1,3.43,True
622,Tuesday,Morning,Pastry,1,4.01,False
623,Wednesday,Afternoon,Sandwich,2,18.88,False
624,Wednesday,Evening,Pastry,1,3.75,True
625,Thursday,Evening,Tea,1,3.54,True
626,Wednesday,Afternoon,Coffee,1,3.94,True
627,Wednesday,Afternoon,Sandwich,1,6.45,True
628,Friday,Morning,Pastry,1,3.66,False
629,Monday,Morning,Pastry,2,5.54,True
630,Tuesday,Morning,Pastry,1,4.29,True
631,Thursday,Afternoon,Sandwich,2,21.58,True
632,Saturday,Afternoon,Sandwich,1,7.23,False
633,Wednesday,Morning,Pastry,1,3.71,True
634,Wednesday,Morning,Tea,1,3.43,False
635,Monday,Morning,Coffee,1,3.47,True
636,Wednesday,Evening,Tea,2,6.14,False
637,Wednesday,Morning,Sandwich,2,20.3,False
638,Tuesday,Afternoon,Tea,1,3.3,False
639,Tuesday,Afternoon,Sandwich,1,7.72,True
640,Wednesday,Morning,Coffee,1,2.96,True
641,Monday,Afternoon,Coffee,4,20.4,False
642,Tuesday,Afternoon,Tea,1,3.95,False
643,Tuesday,Morning,Coffee,1,3.77,True
644,Tuesday,Evening,Coffee,1,4.04,True
645,Monday,Morning,Coffee,1,3.76,True
646,Saturday,Morning,Pastry,1,4.81,False
647,Thursday,Afternoon,Coffee,1,3.57,True
648,Thursday,Afternoon,Coffee,1,3.73,False
649,Friday,Evening,Coffee,1,4.23,False
650,Wednesday,Afternoon,Sandwich,1,11.24,True
651,Monday,Evening,Pastry,1,4.94,False
652,Wednesday,Afternoon,Sandwich,1,10.98,False
653,Thursday,Afternoon,Tea,1,3.38,True
654,Friday,Afternoon,Coffee,1,3.69,False
655,Wednesday,Morning,Pastry,1,3.34,False
656,Monday,Evening,Sandwich,1,9.59,False
657,Tuesday,Morning,Coffee,1,4.19,True
658,Wednesday,Morning,Coffee,1,3.85,True
659,Thursday,Morning,Coffee,1,3.61,False
660,Thursday,Afternoon,Coffee,1,4.62,True
661,Tuesday,Morning,Pastry,3,14.64,True
662,Sunday,Morning,Coffee,1,4.66,False
663,Thursday,Afternoon,Coffee,3,10.56,True
664,Tuesday,Morning,Coffee,2,7.3,True
665,Monday,Afternoon,Sandwich,1,10.94,False
666,Monday,Morning,Pastry,3,13.41,True
667,Tuesday,Morning,Pastry,1,4.16,True
668,Monday,Morning,Coffee,1,3.75,False
669,Tuesday,Afternoon,Sandwich,1,9.49,False
670,Tuesday,Morning,Coffee,1,4.5,True
671,Monday,Evening,Coffee,1,3.92,False
672,Saturday,Morning,Coffee,1,4.4,True
673,Monday,Morning,Coffee,1,4.23,True
674,Wednesday,Morning,Coffee,1,3.56,True
675,Wednesday,Morning,Pastry,1,3.97,True
676,Sunday,Afternoon,Coffee,1,3.77,False
677,Monday,Afternoon,Tea,4,11.88,True
678,Wednesday,Afternoon,Coffee,1,3.74,True
679,Sunday,Morning,Coffee,1,4.76,True
680,Friday,Morning,Coffee,1,3.98,True
681,Friday,Morning,Coffee,2,7.24,False
682,Tuesday,Evening,Tea,1,4.27,True
683,Monday,Morning,Coffee,3,10.59,True
684,Thursday,Afternoon,Pastry,1,3.92,True
685,Saturday,Morning,Coffee,1,4.61,True
686,Thursday,Morning,Coffee,4,17.32,True
687,Thursday,Morning,Coffee,3,11.79,True
688,Tuesday,Morning,Coffee,1,4.42,False
689,Friday,Afternoon,Sandwich,1,9.86,False
690,Tuesday,Morning,Coffee,2,6.82,False
691,Tuesday,Afternoon,Coffee,1,2.8,False
692,Wednesday,Morning,Pastry,1,4.16,True
693,Wednesday,Evening,Sandwich,1,10.8,False
694,Tuesday,Morning,Sandwich,1,8.99,True
695,Monday,Afternoon,Sandwich,2,20.1,True
696,Thursday,Afternoon,Tea,1,3.57,True
697,Tuesday,Evening,Tea,3,8.46,True
698,Thursday,Morning,Tea,1,3.34,True
699,Monday,Afternoon,Merchandise,1,39.03,True
700,Wednesday,Morning,Tea,1,3.19,False
701,Wednesday,Morning,Pastry,2,8.56,False
702,Monday,Morning,Coffee,3,12.6,True
703,Tuesday,Morning,Coffee,2,8.08,True
704,Monday,Evening,Sandwich,1,10.76,True
705,Monday,Morning,Pastry,4,18.92,True
706,Sunday,Afternoon,Merchandise,3,82.35,True
707,Tuesday,Afternoon,Sandwich,1,8.93,False
708,Friday,Morning,Coffee,1,4.01,True
709,Tuesday,Afternoon,Pastry,1,5.3,True
710,Thursday,Morning,Pastry,1,4.22,False
711,Friday,Afternoon,Pastry,4,13.84,True
712,Thursday,Morning,Coffee,1,4.22,True
713,Wednesday,Evening,Tea,1,3.2,True
714,Wednesday,Afternoon,Pastry,1,3.73,True
715,Tuesday,Evening,Coffee,1,4.01,False
716,Saturday,Morning,Pastry,2,10.16,False
717,Friday,Morning,Coffee,1,3.71,True
718,Sunday,Morning,Coffee,1,4.25,True
719,Monday,Morning,Pastry,3,14.73,False
720,Friday,Morning,Coffee,2,8.8,True
721,Saturday,Afternoon,Sandwich,1,8.62,True
722,Tuesday,Morning,Coffee,1,3.44,False
723,Monday,Morning,Sandwich,1,8.32,False
724,Friday,Afternoon,Coffee,2,8.8,False
725,Thursday,Afternoon,Coffee,2,8.66,True
726,Friday,Morning,Pastry,1,3.93,True
727,Monday,Morning,Pastry,1,5.78,False
728,Friday,Morning,Coffee,1,3.46,True
729,Tuesday,Morning,Sandwich,1,10.7,True
730,Monday,Afternoon,Pastry,1,5.41,True
731,Monday,Morning,Sandwich,1,9.63,True
732,Friday,Afternoon,Pastry,1,4.04,True
733,Thursday,Afternoon,Tea,2,6.4,True
734,Wednesday,Afternoon,Tea,1,3.4,True
735,Tuesday,Morning,Coffee,2,9.08,True
736,Saturday,Morning,Coffee,1,3.4,True
737,Wednesday,Afternoon,Tea,2,5.52,True
738,Friday,Morning,Coffee,1,4.18,True
739,Wednesday,Morning,Coffee,1,4.29,True
740,Wednesday,Morning,Coffee,1,4.98,True
741,Wednesday,Morning,Pastry,1,3.67,True
742,Tuesday,Afternoon,Pastry,2,8.84,True
743,Friday,Morning,Pastry,1,5.2,True
744,Wednesday,Morning,Sandwich,1,9.65,True
745,Tuesday,Morning,Tea,1,3.42,False
746,Saturday,Afternoon,Merchandise,3,134.43,True
747,Wednesday,Afternoon,Coffee,1,3.7,False
748,Thursday,Afternoon,Coffee,1,4.43,False
749,Saturday,Morning,Coffee,2,6.74,True
750,Thursday,Morning,Coffee,1,3.24,True
751,Monday,Morning,Pastry,1,4.34,True
752,Saturday,Afternoon,Pastry,1,2.96,True
753,Thursday,Afternoon,Coffee,1,4.04,False
754,Tuesday,Afternoon,Sandwich,1,7.42,False
755,Monday,Morning,Coffee,1,4.14,True
756,Friday,Afternoon,Coffee,3,12.27,True
757,Thursday,Morning,Coffee,2,7.94,True
758,Wednesday,Afternoon,Sandwich,4,40.08,True
759,Saturday,Morning,Pastry,1,4.62,True
760,Friday,Afternoon,Pastry,1,4.32,True
761,Monday,Morning,Coffee,3,14.76,True
762,Tuesday,Morning,Coffee,1,4.2,False
763,Tuesday,Afternoon,Tea,2,7.62,False
764,Friday,Morning,Pastry,1,5.14,True
765,Monday,Afternoon,Tea,2,7.54,True
766,Thursday,Afternoon,Coffee,3,15.09,True
767,Friday,Afternoon,Sandwich,1,9.7,False
768,Saturday,Morning,Pastry,1,4.5,True
769,Tuesday,Morning,Tea,1,3.24,True
770,Friday,Afternoon,Coffee,1,3.87,False
771,Monday,Morning,Coffee,1,3.63,True
772,Friday,Afternoon,Coffee,1,4.34,True
773,Monday,Morning,Tea,1,3.14,False
774,Wednesday,Morning,Coffee,1,4.04,True
775,Friday,Morning,Pastry,1,4.84,False
776,Monday,Morning,Merchandise,1,36.65,False
777,Tuesday,Morning,Coffee,1,3.55,True
778,Friday,Afternoon,Tea,2,7.56,False
779,Friday,Afternoon,Sandwich,2,18.8,True
780,Thursday,Morning,Pastry,1,2.78,False
781,Thursday,Evening,Sandwich,1,8.32,True
782,Thursday,Morning,Coffee,2,9.4,False
783,Tuesday,Evening,Coffee,1,4.74,True
784,Tuesday,Afternoon,Sandwich,1,10.13,True
785,Tuesday,Afternoon,Sandwich,1,10.44,False
786,Saturday,Morning,Coffee,1,3.61,True
787,Thursday,Morning,Coffee,1,3.87,True
788,Wednesday,Morning,Pastry,4,20.96,True
789,Wednesday,Afternoon,Coffee,1,4.21,True
790,Sunday,Morning,Pastry,3,13.62,True
791,Monday,Afternoon,Coffee,1,3.91,False
792,Thursday,Morning,Pastry,2,10.4,True
793,Wednesday,Afternoon,Sandwich,1,10.85,True
794,Thursday,Morning,Coffee,1,4.32,False
795,Monday,Morning,Pastry,2,9.08,True
796,Saturday,Morning,Pastry,2,8.58,False
797,Saturday,Morning,Pastry,1,4.92,True
798,Thursday,Morning,Coffee,2,6.9,True
799,Thursday,Afternoon,Sandwich,1,8.43,True
800,Saturday,Morning,Tea,2,5.84,True
801,Thursday,Morning,Coffee,2,9.24,True
802,Monday,Afternoon,Sandwich,1,8.64,True
803,Thursday,Morning,Coffee,1,4.2,True
804,Thursday,Evening,Tea,1,3.45,True
805,Wednesday,Evening,Pastry,3,18.72,False
806,Friday,Morning,Coffee,1,4.22,True
807,Saturday,Morning,Pastry,1,3.38,True
808,Saturday,Morning,Tea,1,3.97,True
809,Wednesday,Afternoon,Tea,2,6.7,True
810,Monday,Afternoon,Sandwich,1,9.26,True
811,Sunday,Afternoon,Tea,2,6.46,True
812,Friday,Afternoon,Pastry,3,13.86,True
813,Monday,Morning,Coffee,1,4.09,True
814,Saturday,Afternoon,Tea,1,3.24,True
815,Friday,Afternoon,Coffee,5,18.75,False
816,Wednesday,Afternoon,Sandwich,1,9.62,True
817,Thursday,Afternoon,Tea,2,5.12,True
818,Wednesday,Afternoon,Coffee,2,6.56,True
819,Monday,Morning,Coffee,1,4.83,False
820,Tuesday,Morning,Coffee,1,4.16,True
821,Friday,Morning,Pastry,1,4.19,True
822,Monday,Morning,Coffee,1,3.15,True
823,Tuesday,Evening,Sandwich,1,9.43,True
824,Wednesday,Morning,Coffee,1,4.49,True
825,Wednesday,Afternoon,Sandwich,1,12.67,True
826,Saturday,Morning,Coffee,1,4.95,True
827,Tuesday,Morning,Sandwich,1,8.44,False
828,Tuesday,Evening,Tea,3,9.9,False
829,Friday,Afternoon,Pastry,1,3.62,False
830,Wednesday,Morning,Merchandise,1,28.19,True
831,Tuesday,Morning,Pastry,3,13.11,False
832,Wednesday,Morning,Coffee,1,3.82,True
833,Monday,Morning,Merchandise,3,213.33,True
834,Monday,Morning,Pastry,1,3.71,True
835,Wednesday,Morning,Coffee,2,7.96,False
836,Wednesday,Evening,Tea,1,2.67,True
837,Saturday,Afternoon,Coffee,2,8.34,True
838,Wednesday,Afternoon,Coffee,2,6.66,False
839,Thursday,Afternoon,Sandwich,1,10.82,True
840,Thursday,Morning,Coffee,1,3.85,True
841,Monday,Afternoon,Coffee,2,6.6,True
842,Thursday,Morning,Pastry,1,3.24,True
843,Monday,Afternoon,Coffee,2,7.02,False
844,Sunday,Morning,Merchandise,1,37.64,True
845,Monday,Morning,Sandwich,3,30.03,True
846,Wednesday,Afternoon,Sandwich,1,8.9,True
847,Monday,Afternoon,Sandwich,1,10.61,True
848,Sunday,Afternoon,Coffee,1,3.43,True
849,Wednesday,Evening,Pastry,1,2.74,True
850,Thursday,Morning,Coffee,1,4.14,False
851,Monday,Morning,Coffee,1,4.65,True
852,Friday,Morning,Tea,1,4.02,False
853,Tuesday,Afternoon,Coffee,2,6.7,False
854,Saturday,Afternoon,Sandwich,1,8.85,True
855,Tuesday,Morning,Pastry,2,9.86,True
856,Tuesday,Afternoon,Tea,1,3.25,True
857,Monday,Afternoon,Pastry,1,4.56,True
858,Wednesday,Morning,Coffee,1,3.64,False
859,Thursday,Afternoon,Sandwich,1,8.19,True
860,Monday,Afternoon,Sandwich,1,8.42,False
861,Friday,Evening,Tea,1,3.88,False
862,Wednesday,Morning,Coffee,1,4.01,False
863,Wednesday,Morning,Coffee,1,4.64,True
864,Wednesday,Morning,Sandwich,1,10.12,True
865,Wednesday,Morning,Coffee,1,4.8,True
866,Thursday,Evening,Coffee,1,4.41,False
867,Monday,Morning,Pastry,1,4.96,True
868,Tuesday,Afternoon,Sandwich,1,9.36,False
869,Friday,Morning,Pastry,1,6.31,True
870,Sunday,Morning,Coffee,1,4.06,True
871,Wednesday,Morning,Tea,1,2.71,True
872,Tuesday,Afternoon,Pastry,1,4.66,True
873,Thursday,Afternoon,Coffee,1,3.51,True
874,Wednesday,Morning,Coffee,2,9.02,True
875,Monday,Evening,Coffee,1,4.36,True
876,Monday,Morning,Coffee,1,3.9,False
877,Thursday,Morning,Pastry,1,3.97,True
878,Thursday,Morning,Coffee,1,4.07,False
879,Monday,Morning,Pastry,3,12.36,False
880,Tuesday,Evening,Tea,2,7.64,True
881,Tuesday,Morning,Coffee,1,4.28,True
882,Thursday,Morning,Tea,4,18.68,True
883,Monday,Morning,Pastry,1,4.23,True
884,Monday,Afternoon,Pastry,1,4.32,False
885,Friday,Morning,Pastry,1,4.41,False
886,Monday,Afternoon,Coffee,1,3.94,True
887,Thursday,Morning,Pastry,2,10.24,False
888,Tuesday,Morning,Coffee,2,7.72,True
889,Monday,Afternoon,Sandwich,1,11.87,True
890,Tuesday,Morning,Coffee,1,4.29,True
891,Friday,Afternoon,Sandwich,1,8.92,True
892,Friday,Morning,Tea,2,6.4,True
893,Friday,Afternoon,Coffee,1,4.52,True
894,Wednesday,Morning,Pastry,1,4.52,True
895,Thursday,Afternoon,Coffee,1,4.0,True
896,Tuesday,Morning,Coffee,2,7.4,False
897,Tuesday,Morning,Pastry,2,8.92,True
898,Saturday,Morning,Coffee,1,3.68,True
899,Monday,Morning,Coffee,1,4.68,True
900,Monday,Morning,Coffee,2,8.72,True
901,Tuesday,Morning,Pastry,2,8.8,False
902,Monday,Afternoon,Coffee,1,3.91,False
903,Tuesday,Afternoon,Pastry,1,4.56,True
904,Thursday,Afternoon,Sandwich,3,28.47,False
905,Wednesday,Afternoon,Sandwich,3,25.05,True
906,Saturday,Morning,Pastry,2,6.72,True
907,Friday,Morning,Pastry,1,4.02,False
908,Tuesday,Morning,Tea,2,6.9,True
909,Tuesday,Afternoon,Tea,1,3.2,False
910,Wednesday,Morning,Coffee,2,8.82,False
911,Thursday,Morning,Pastry,1,4.36,True
912,Tuesday,Afternoon,Merchandise,1,66.25,True
913,Thursday,Morning,Pastry,1,4.16,True
914,Wednesday,Afternoon,Coffee,2,8.14,False
915,Thursday,Afternoon,Tea,1,3.38,False
916,Wednesday,Morning,Tea,1,3.68,False
917,Tuesday,Morning,Tea,2,7.86,True
918,Sunday,Morning,Pastry,1,4.86,False
919,Friday,Afternoon,Pastry,1,3.28,False
920,Monday,Morning,Coffee,5,21.25,True
921,Friday,Afternoon,Sandwich,1,8.29,True
922,Wednesday,Afternoon,Sandwich,2,18.26,True
923,Saturday,Morning,Coffee,1,4.34,False
924,Friday,Morning,Coffee,2,6.88,True
925,Wednesday,Afternoon,Sandwich,2,21.78,True
926,Monday,Morning,Pastry,1,4.29,True
927,Tuesday,Afternoon,Tea,5,21.85,False
928,Thursday,Morning,Coffee,1,4.03,False
929,Thursday,Afternoon,Coffee,2,9.7,False
930,Tuesday,Afternoon,Coffee,2,9.2,True
931,Monday,Afternoon,Sandwich,1,8.77,False
932,Friday,Morning,Coffee,1,3.35,True
933,Sunday,Morning,Tea,4,14.2,False
934,Wednesday,Afternoon,Sandwich,1,8.8,True
935,Monday,Morning,Coffee,1,4.79,False
936,Tuesday,Morning,Coffee,1,3.88,True
937,Monday,Evening,Tea,1,3.38,False
938,Saturday,Morning,Coffee,2,6.6,True
939,Monday,Morning,Coffee,1,4.21,True
940,Thursday,Morning,Tea,1,3.03,True
941,Tuesday,Afternoon,Sandwich,2,20.06,True
942,Thursday,Afternoon,Sandwich,1,10.2,True
943,Thursday,Morning,Pastry,1,4.05,True
944,Friday,Morning,Tea,2,7.76,True
945,Tuesday,Morning,Pastry,2,8.68,False
946,Monday,Afternoon,Coffee,2,6.52,False
947,Monday,Morning,Merchandise,1,58.49,True
948,Saturday,Evening,Coffee,1,3.54,True
949,Saturday,Morning,Coffee,1,4.25,True
950,Thursday,Evening,Tea,1,3.67,True
951,Thursday,Morning,Sandwich,1,9.97,False
952,Thursday,Afternoon,Merchandise,1,39.19,True
953,Monday,Morning,Pastry,1,3.92,True
954,Saturday,Morning,Tea,1,4.18,True
955,Wednesday,Afternoon,Pastry,1,5.07,False
956,Wednesday,Afternoon,Sandwich,1,10.07,False
957,Wednesday,Morning,Tea,1,2.97,True
958,Monday,Afternoon,Sandwich,1,8.33,False
959,Monday,Afternoon,Coffee,1,4.33,True
960,Friday,Afternoon,Coffee,2,6.0,True
961,Monday,Morning,Pastry,2,9.4,False
962,Thursday,Morning,Coffee,2,6.66,False
963,Tuesday,Morning,Pastry,1,3.98,True
964,Wednesday,Morning,Coffee,1,3.29,True
965,Tuesday,Afternoon,Sandwich,1,9.8,True
966,Tuesday,Morning,Coffee,2,9.12,False
967,Thursday,Morning,Pastry,1,4.71,False
968,Tuesday,Afternoon,Tea,1,3.68,True
969,Thursday,Afternoon,Sandwich,1,9.7,False
970,Wednesday,Morning,Coffee,1,4.34,True
971,Thursday,Morning,Sandwich,2,20.12,True
972,Saturday,Evening,Pastry,1,2.87,True
973,Friday,Morning,Coffee,1,4.45,True
974,Tuesday,Afternoon,Sandwich,1,10.46,True
975,Monday,Afternoon,Coffee,1,3.82,True
976,Tuesday,Morning,Coffee,2,6.02,True
977,Thursday,Evening,Coffee,1,4.12,True
978,Monday,Afternoon,Sandwich,2,19.78,True
979,Wednesday,Morning,Coffee,1,3.78,True
980,Thursday,Afternoon,Coffee,1,4.09,True
981,Tuesday,Afternoon,Sandwich,2,21.58,True
982,Friday,Afternoon,Sandwich,4,49.52,True
983,Monday,Afternoon,Coffee,1,4.07,False
984,Monday,Morning,Pastry,1,4.7,True
985,Friday,Morning,Pastry,1,4.01,True
986,Wednesday,Morning,Coffee,1,3.75,False
987,Thursday,Morning,Pastry,1,4.42,True
988,Wednesday,Morning,Coffee,1,4.59,True
989,Tuesday,Afternoon,Sandwich,1,10.48,True
990,Friday,Afternoon,Tea,3,12.81,True
991,Friday,Afternoon,Sandwich,1,7.71,False
992,Thursday,Afternoon,Coffee,4,13.36,True
993,Tuesday,Afternoon,Sandwich,2,21.64,True
994,Thursday,Morning,Coffee,2,9.44,True
995,Wednesday,Afternoon,Tea,3,10.53,True
996,Monday,Morning,Coffee,2,3.54,True
997,Saturday,Evening,Sandwich,2,17.22,True
998,Monday,Afternoon,Coffee,1,4.17,True
999,Sunday,Morning,Coffee,1,3.55,False
1000,Wednesday,Afternoon,Tea,3,10.71,True
1001,Tuesday,Morning,Pastry,1,5.64,True
1002,Thursday,Morning,Coffee,1,4.71,False
1003,Saturday,Afternoon,Sandwich,2,20.94,False
1004,Friday,Morning,Coffee,1,3.97,True
1005,Friday,Morning,Coffee,2,7.5,False
1006,Thursday,Evening,Pastry,1,4.95,True
1007,Thursday,Afternoon,Sandwich,1,9.53,False
1008,Friday,Afternoon,Coffee,1,4.03,True
1009,Tuesday,Afternoon,Coffee,3,9.66,False
1010,Wednesday,Morning,Coffee,1,3.64,True
1011,Tuesday,Morning,Tea,2,7.6,False
1012,Sunday,Afternoon,Tea,1,3.06,True
1013,Sunday,Evening,Sandwich,1,9.82,False
1014,Monday,Morning,Coffee,1,4.21,False
1015,Thursday,Afternoon,Coffee,1,4.24,True
1016,Saturday,Evening,Tea,1,3.72,True
1017,Tuesday,Afternoon,Sandwich,1,10.25,True
1018,Thursday,Evening,Pastry,1,4.13,True
1019,Saturday,Morning,Coffee,1,3.27,False
1020,Monday,Evening,Sandwich,2,16.9,True
1021,Thursday,Afternoon,Coffee,1,4.36,True
1022,Tuesday,Morning,Pastry,1,3.78,False
1023,Saturday,Evening,Pastry,1,3.88,True
1024,Sunday,Morning,Coffee,3,10.44,True
1025,Sunday,Morning,Pastry,2,6.78,True
1026,Wednesday,Afternoon,Sandwich,2,16.24,True
1027,Friday,Morning,Coffee,1,4.5,True
1028,Friday,Morning,Coffee,2,7.28,True
1029,Tuesday,Afternoon,Coffee,2,6.26,True
1030,Friday,Morning,Tea,3,9.9,False
1031,Monday,Morning,Coffee,1,4.26,True
1032,Thursday,Morning,Pastry,3,10.2,False
1033,Tuesday,Morning,Coffee,1,4.48,True
1034,Monday,Afternoon,Coffee,1,3.28,True
1035,Monday,Afternoon,Coffee,1,3.8,True
1036,Thursday,Evening,Coffee,1,3.8,True
1037,Tuesday,Afternoon,Pastry,1,4.16,False
1038,Friday,Morning,Coffee,1,3.97,False
1039,Monday,Evening,Sandwich,2,20.86,True
1040,Tuesday,Afternoon,Coffee,1,3.98,False
1041,Wednesday,Afternoon,Sandwich,1,8.77,True
1042,Friday,Afternoon,Pastry,1,4.77,True
1043,Tuesday,Evening,Merchandise,4,149.12,True
1044,Thursday,Afternoon,Merchandise,1,29.37,False
1045,Saturday,Morning,Pastry,1,4.53,True
1046,Thursday,Afternoon,Sandwich,2,17.2,True
1047,Tuesday,Morning,Coffee,1,3.57,False
1048,Monday,Morning,Pastry,1,4.98,False
1049,Saturday,Morning,Sandwich,1,10.04,False
1050,Monday,Morning,Coffee,1,4.39,True
1051,Saturday,Morning,Coffee,1,4.32,True
1052,Wednesday,Morning,Coffee,1,3.56,False
1053,Saturday,Afternoon,Pastry,3,15.3,True
1054,Friday,Afternoon,Tea,1,3.38,False
1055,Sunday,Evening,Pastry,1,5.06,True
1056,Tuesday,Morning,Coffee,5,19.7,False
1057,Friday,Afternoon,Sandwich,1,9.88,False
1058,Wednesday,Evening,Pastry,1,4.71,False
1059,Wednesday,Morning,Pastry,1,4.99,True
1060,Thursday,Afternoon,Coffee,1,3.18,False
1061,Saturday,Afternoon,Tea,1,2.87,True
1062,Sunday,Morning,Coffee,4,17.36,True
1063,Friday,Afternoon,Coffee,1,4.18,True
1064,Wednesday,Afternoon,Tea,1,3.19,True
1065,Wednesday,Morning,Coffee,3,12.54,True
1066,Friday,Morning,Coffee,4,13.2,False
1067,Tuesday,Morning,Tea,1,4.81,True
1068,Monday,Morning,Coffee,2,9.32,True
1069,Tuesday,Morning,Coffee,1,4.31,False
1070,Tuesday,Morning,Tea,1,3.53,True
1071,Tuesday,Morning,Coffee,1,3.69,True
1072,Tuesday,Evening,Tea,1,2.98,True
1073,Monday,Morning,Coffee,1,3.94,True
1074,Monday,Morning,Coffee,1,3.57,True
1075,Sunday,Morning,Coffee,1,3.6,True
1076,Wednesday,Morning,Coffee,1,3.29,True
1077,Wednesday,Morning,Coffee,1,4.12,False
1078,Thursday,Morning,Tea,4,13.4,False
1079,Tuesday,Morning,Coffee,2,8.54,True
1080,Sunday,Afternoon,Tea,1,3.68,True
1081,Friday,Evening,Sandwich,3,29.34,True
1082,Monday,Morning,Pastry,1,6.1,True
1083,Wednesday,Morning,Coffee,1,4.41,False
1084,Saturday,Afternoon,Sandwich,1,7.99,True
1085,Sunday,Afternoon,Coffee,1,4.23,False
1086,Wednesday,Morning,Coffee,2,7.94,True
1087,Thursday,Evening,Merchandise,4,101.08,True
1088,Monday,Afternoon,Sandwich,1,7.79,True
1089,Sunday,Morning,Coffee,1,4.23,True
1090,Tuesday,Afternoon,Sandwich,1,10.34,False
1091,Sunday,Evening,Pastry,1,3.87,False
1092,Thursday,Afternoon,Coffee,2,8.98,True
1093,Thursday,Morning,Coffee,1,4.14,True
1094,Wednesday,Morning,Coffee,1,4.6,True
1095,Tuesday,Morning,Pastry,2,10.3,True
1096,Monday,Morning,Coffee,1,3.92,True
1097,Tuesday,Afternoon,Sandwich,4,45.84,False
1098,Tuesday,Afternoon,Coffee,1,3.44,False
1099,Friday,Afternoon,Tea,1,4.46,True
1100,Tuesday,Evening,Pastry,1,3.97,True
1101,Monday,Morning,Tea,1,3.48,False
1102,Sunday,Afternoon,Coffee,2,7.44,True
1103,Saturday,Afternoon,Tea,1,3.35,True
1104,Saturday,Morning,Coffee,3,16.38,True
1105,Sunday,Afternoon,Coffee,1,3.77,True
1106,Monday,Morning,Coffee,3,13.29,True
1107,Wednesday,Afternoon,Sandwich,4,36.88,True
1108,Friday,Morning,Coffee,1,4.47,True
1109,Thursday,Morning,Coffee,1,3.73,False
1110,Monday,Afternoon,Pastry,2,9.3,True
1111,Friday,Afternoon,Sandwich,1,10.25,True
1112,Tuesday,Morning,Coffee,2,7.28,False
1113,Tuesday,Morning,Tea,1,4.6,False
1114,Wednesday,Morning,Coffee,2,8.68,True
1115,Thursday,Afternoon,Coffee,1,3.89,False
1116,Thursday,Afternoon,Coffee,2,7.3,True
1117,Monday,Evening,Tea,1,3.54,False
1118,Saturday,Morning,Pastry,2,7.54,False
1119,Tuesday,Afternoon,Coffee,1,4.89,False
1120,Monday,Morning,Tea,1,3.67,False
1121,Saturday,Afternoon,Tea,3,10.38,False
1122,Sunday,Morning,Coffee,2,9.04,True
1123,Friday,Morning,Coffee,4,14.56,True
1124,Friday,Afternoon,Sandwich,1,8.11,True
1125,Thursday,Morning,Pastry,1,4.42,False
1126,Thursday,Afternoon,Sandwich,1,9.65,True
1127,Monday,Afternoon,Coffee,1,4.27,False
1128,Wednesday,Morning,Pastry,1,3.61,True
1129,Wednesday,Morning,Coffee,1,3.77,False
1130,Tuesday,Afternoon,Sandwich,3,17.4,False
1131,Friday,Afternoon,Sandwich,1,8.08,True
1132,Wednesday,Morning,Coffee,4,17.44,False
1133,Monday,Morning,Coffee,1,4.48,True
1134,Tuesday,Afternoon,Sandwich,5,40.65,False
1135,Thursday,Afternoon,Sandwich,1,9.11,False
1136,Monday,Morning,Coffee,2,8.02,True
1137,Friday,Morning,Sandwich,1,10.79,True
1138,Wednesday,Afternoon,Sandwich,3,33.99,True
1139,Wednesday,Afternoon,Coffee,1,4.08,True
1140,Thursday,Evening,Coffee,1,3.87,True
1141,Friday,Afternoon,Sandwich,1,7.77,True
1142,Tuesday,Evening,Coffee,1,4.05,True
1143,Thursday,Morning,Coffee,2,10.08,True
1144,Thursday,Afternoon,Pastry,1,5.27,False
1145,Tuesday,Morning,Tea,2,7.14,True
1146,Saturday,Afternoon,Sandwich,1,9.86,False
1147,Friday,Morning,Coffee,3,10.98,True
1148,Thursday,Morning,Pastry,4,17.16,False
1149,Friday,Afternoon,Sandwich,1,9.68,False
1150,Friday,Afternoon,Coffee,1,4.08,True
1151,Thursday,Morning,Pastry,1,5.11,True
1152,Friday,Afternoon,Sandwich,1,10.65,True
1153,Thursday,Morning,Tea,1,3.71,True
1154,Thursday,Morning,Tea,1,3.1,True
1155,Thursday,Afternoon,Coffee,1,3.52,True
1156,Friday,Morning,Coffee,1,3.56,True
1157,Monday,Evening,Pastry,1,4.64,False
1158,Saturday,Morning,Pastry,1,3.28,False
1159,Saturday,Afternoon,Merchandise,1,35.02,True
1160,Monday,Afternoon,Coffee,1,4.7,True
1161,Friday,Morning,Coffee,1,4.33,True
1162,Monday,Morning,Coffee,1,3.82,False
1163,Tuesday,Afternoon,Sandwich,2,17.32,False
1164,Friday,Afternoon,Coffee,1,4.4,True
1165,Monday,Morning,Tea,2,7.24,False
1166,Friday,Morning,Coffee,1,3.88,False
1167,Friday,Morning,Coffee,1,3.71,True
1168,Wednesday,Morning,Coffee,1,4.04,False
1169,Monday,Morning,Pastry,1,4.32,True
1170,Tuesday,Morning,Coffee,2,8.78,True
1171,Thursday,Afternoon,Sandwich,1,10.99,True
1172,Sunday,Afternoon,Pastry,4,14.72,True
1173,Thursday,Evening,Coffee,1,3.39,False
1174,Tuesday,Afternoon,Coffee,1,4.67,False
1175,Thursday,Evening,Merchandise,1,36.82,True
1176,Wednesday,Afternoon,Sandwich,1,8.14,True
1177,Friday,Afternoon,Coffee,1,4.49,True
1178,Monday,Evening,Sandwich,1,9.91,True
1179,Friday,Afternoon,Tea,2,8.76,False
1180,Thursday,Morning,Coffee,2,7.76,True
1181,Sunday,Afternoon,Coffee,1,4.55,True
1182,Tuesday,Evening,Sandwich,1,7.76,True
1183,Thursday,Afternoon,Coffee,1,4.7,True
1184,Saturday,Afternoon,Coffee,1,4.47,False
1185,Monday,Afternoon,Coffee,2,9.6,True
1186,Saturday,Evening,Coffee,1,4.56,True
1187,Thursday,Morning,Coffee,2,7.9,False
1188,Monday,Afternoon,Coffee,4,13.64,True
1189,Tuesday,Morning,Coffee,1,3.7,False
1190,Thursday,Afternoon,Sandwich,1,7.39,True
1191,Monday,Afternoon,Coffee,1,3.54,False
1192,Thursday,Morning,Coffee,1,4.21,True
1193,Tuesday,Morning,Coffee,1,3.98,True
1194,Thursday,Afternoon,Pastry,2,8.74,True
1195,Monday,Morning,Pastry,1,4.02,True
1196,Saturday,Morning,Coffee,2,6.22,False
1197,Sunday,Afternoon,Sandwich,2,19.44,True
1198,Sunday,Morning,Pastry,2,9.46,False
1199,Friday,Morning,Pastry,1,3.91,False
1200,Monday,Evening,Coffee,2,7.46,True
1201,Friday,Morning,Coffee,1,4.77,False
1202,Monday,Morning,Coffee,1,4.58,True
1203,Monday,Afternoon,Sandwich,4,30.88,False
1204,Tuesday,Afternoon,Pastry,3,13.35,False
1205,Wednesday,Evening,Tea,1,4.08,True
1206,Friday,Evening,Coffee,2,7.78,True
1207,Thursday,Afternoon,Sandwich,1,9.18,False
1208,Wednesday,Morning,Pastry,1,5.16,True
1209,Tuesday,Morning,Coffee,1,4.49,True
1210,Sunday,Morning,Coffee,1,4.47,True
1211,Wednesday,Morning,Coffee,1,3.87,True
1212,Wednesday,Afternoon,Pastry,1,4.9,True
1213,Monday,Afternoon,Sandwich,1,11.29,False
1214,Friday,Morning,Pastry,1,4.47,True
1215,Thursday,Afternoon,Sandwich,1,9.02,False
1216,Tuesday,Morning,Coffee,1,4.62,False
1217,Monday,Morning,Tea,1,4.32,False
1218,Thursday,Afternoon,Merchandise,1,72.83,True
1219,Thursday,Morning,Pastry,1,4.28,True
1220,Tuesday,Morning,Pastry,1,4.34,False
1221,Sunday,Morning,Coffee,1,3.49,True
1222,Monday,Morning,Pastry,1,4.57,True
1223,Wednesday,Afternoon,Sandwich,3,24.63,True
1224,Sunday,Evening,Pastry,1,4.18,True
1225,Wednesday,Morning,Coffee,1,4.35,False
1226,Thursday,Morning,Sandwich,1,9.97,True
1227,Wednesday,Afternoon,Tea,1,2.78,True
1228,Tuesday,Evening,Coffee,1,4.79,False
1229,Sunday,Morning,Coffee,3,10.38,False
1230,Wednesday,Morning,Tea,1,3.12,True
1231,Saturday,Afternoon,Tea,1,3.0,True
1232,Tuesday,Afternoon,Coffee,1,3.67,False
1233,Tuesday,Morning,Pastry,1,3.96,True
1234,Monday,Afternoon,Sandwich,3,25.35,True
1235,Thursday,Morning,Pastry,1,3.02,True
1236,Wednesday,Morning,Coffee,1,4.06,False
1237,Friday,Morning,Tea,1,3.59,False
1238,Wednesday,Afternoon,Coffee,1,5.12,True
1239,Sunday,Morning,Coffee,1,4.24,False
1240,Tuesday,Morning,Coffee,1,3.75,False
1241,Friday,Morning,Pastry,1,3.78,False
1242,Friday,Afternoon,Tea,1,3.46,False
1243,Friday,Morning,Coffee,1,4.22,False
1244,Friday,Morning,Coffee,4,15.0,True
1245,Friday,Morning,Coffee,1,4.03,True
1246,Thursday,Afternoon,Sandwich,1,11.78,False
1247,Monday,Morning,Pastry,2,8.54,False
1248,Monday,Morning,Coffee,1,3.06,False
1249,Saturday,Morning,Coffee,1,4.44,True
1250,Thursday,Afternoon,Coffee,1,4.16,False
1251,Friday,Afternoon,Sandwich,1,7.45,True
1252,Wednesday,Afternoon,Coffee,1,4.21,False
1253,Monday,Afternoon,Coffee,1,3.5,True
1254,Monday,Evening,Pastry,1,4.76,False
1255,Thursday,Morning,Coffee,1,4.95,True
1256,Wednesday,Evening,Coffee,1,3.91,False
1257,Tuesday,Morning,Coffee,2,9.08,True
1258,Wednesday,Morning,Coffee,1,3.39,True
1259,Monday,Afternoon,Pastry,1,3.59,False
1260,Thursday,Morning,Sandwich,1,11.92,False
1261,Tuesday,Morning,Coffee,1,4.15,True
1262,Friday,Morning,Coffee,1,4.32,False
1263,Tuesday,Afternoon,Sandwich,1,10.88,True
1264,Wednesday,Morning,Pastry,1,4.18,False
1265,Monday,Afternoon,Tea,1,3.83,True
1266,Monday,Afternoon,Sandwich,3,30.93,True
1267,Wednesday,Afternoon,Coffee,1,3.35,False
1268,Wednesday,Morning,Pastry,1,5.41,True
1269,Thursday,Evening,Merchandise,1,53.61,True
1270,Tuesday,Morning,Coffee,1,3.36,False
1271,Thursday,Morning,Coffee,1,4.1,True
1272,Friday,Morning,Coffee,1,3.88,True
1273,Friday,Afternoon,Sandwich,1,11.2,True
1274,Monday,Morning,Coffee,1,3.29,False
1275,Wednesday,Morning,Tea,2,9.88,True
1276,Monday,Morning,Coffee,5,19.55,True
1277,Tuesday,Morning,Coffee,1,4.37,True
1278,Sunday,Afternoon,Pastry,2,10.66,True
1279,Monday,Afternoon,Coffee,2,7.8,True
1280,Wednesday,Afternoon,Coffee,5,19.7,False
1281,Thursday,Morning,Coffee,1,3.75,True
1282,Thursday,Morning,Pastry,2,7.94,False
1283,Thursday,Evening,Pastry,1,4.66,False
1284,Monday,Morning,Pastry,1,4.42,True
1285,Tuesday,Afternoon,Coffee,2,7.5,True
1286,Wednesday,Morning,Pastry,2,8.46,False
1287,Monday,Evening,Sandwich,1,10.19,False
1288,Tuesday,Morning,Coffee,2,7.2,False
1289,Monday,Morning,Coffee,1,3.88,True
1290,Monday,Afternoon,Coffee,1,4.45,False
1291,Wednesday,Afternoon,Sandwich,1,9.8,False
1292,Monday,Morning,Coffee,2,6.96,True
1293,Thursday,Afternoon,Coffee,4,15.96,True
1294,Thursday,Afternoon,Coffee,2,8.44,False
1295,Friday,Morning,Pastry,1,5.09,True
1296,Tuesday,Morning,Coffee,1,3.62,False
1297,Monday,Morning,Coffee,1,3.72,False
1298,Monday,Morning,Coffee,1,3.65,True
1299,Thursday,Afternoon,Tea,1,3.24,False
1300,Thursday,Morning,Coffee,1,4.2,True
1301,Monday,Morning,Coffee,1,4.3,True
1302,Saturday,Morning,Pastry,2,10.26,False
1303,Monday,Morning,Pastry,1,4.45,True
1304,Thursday,Morning,Pastry,2,7.32,True
1305,Thursday,Morning,Coffee,1,4.33,True
1306,Saturday,Morning,Pastry,1,4.6,True
1307,Thursday,Evening,Coffee,1,4.03,True
1308,Friday,Morning,Coffee,1,3.36,True
1309,Tuesday,Afternoon,Sandwich,1,9.26,True
1310,Friday,Morning,Pastry,1,3.78,True
1311,Monday,Morning,Coffee,2,8.48,True
1312,Saturday,Morning,Pastry,3,12.72,True
1313,Thursday,Morning,Sandwich,1,8.88,True
1314,Friday,Evening,Pastry,1,3.58,True
1315,Wednesday,Evening,Pastry,3,15.36,True
1316,Thursday,Afternoon,Sandwich,2,18.38,True
1317,Wednesday,Afternoon,Coffee,1,4.04,True
1318,Friday,Morning,Coffee,2,7.26,True
1319,Monday,Morning,Pastry,1,3.51,True
1320,Monday,Evening,Tea,1,3.29,True
1321,Tuesday,Afternoon,Coffee,1,3.81,True
1322,Monday,Afternoon,Coffee,1,4.15,True
1323,Saturday,Morning,Coffee,1,3.82,True
1324,Tuesday,Morning,Sandwich,1,8.64,True
1325,Sunday,Evening,Pastry,2,7.2,True
1326,Tuesday,Morning,Coffee,1,4.02,False
1327,Tuesday,Morning,Sandwich,1,8.54,True
1328,Friday,Morning,Pastry,1,5.29,True
1329,Thursday,Afternoon,Pastry,1,4.59,True
1330,Wednesday,Morning,Pastry,1,4.84,True
1331,Thursday,Afternoon,Tea,2,6.8,True
1332,Thursday,Morning,Coffee,2,8.2,True
1333,Tuesday,Afternoon,Coffee,1,3.55,True
1334,Sunday,Afternoon,Sandwich,1,8.09,True
1335,Sunday,Morning,Coffee,2,8.02,True
1336,Thursday,Afternoon,Sandwich,1,10.18,False
1337,Tuesday,Morning,Tea,1,2.72,True
1338,Thursday,Morning,Coffee,1,3.75,True
1339,Monday,Afternoon,Coffee,3,14.76,False
1340,Monday,Morning,Coffee,1,4.24,True
1341,Tuesday,Morning,Coffee,3,14.31,True
1342,Wednesday,Morning,Tea,1,3.25,True
1343,Friday,Morning,Coffee,1,3.77,True
1344,Friday,Afternoon,Pastry,1,5.08,True
1345,Friday,Morning,Coffee,1,4.31,False
1346,Wednesday,Evening,Pastry,1,4.44,False
1347,Tuesday,Evening,Sandwich,1,7.98,True
1348,Wednesday,Morning,Merchandise,1,50.82,True
1349,Sunday,Morning,Pastry,1,6.01,True
1350,Monday,Afternoon,Pastry,2,7.12,True
1351,Friday,Morning,Coffee,2,9.4,False
1352,Thursday,Morning,Tea,3,9.93,True
1353,Wednesday,Morning,Pastry,2,8.6,True
1354,Friday,Afternoon,Coffee,1,4.13,True
1355,Wednesday,Afternoon,Coffee,1,3.4,False
1356,Saturday,Morning,Coffee,2,7.96,True
1357,Saturday,Morning,Pastry,1,3.53,False
1358,Wednesday,Evening,Tea,1,3.69,False
1359,Tuesday,Afternoon,Coffee,2,10.24,True
1360,Thursday,Afternoon,Sandwich,1,8.73,True
1361,Saturday,Afternoon,Pastry,3,13.2,True
1362,Tuesday,Morning,Coffee,1,3.94,True
1363,Thursday,Afternoon,Coffee,1,4.49,False
1364,Thursday,Morning,Coffee,2,8.4,False
1365,Friday,Morning,Coffee,1,4.46,True
1366,Monday,Afternoon,Coffee,4,15.0,True
1367,Thursday,Morning,Coffee,4,16.88,False
1368,Saturday,Evening,Sandwich,1,5.46,False
1369,Monday,Morning,Tea,1,3.77,False
1370,Tuesday,Evening,Tea,1,3.01,True
1371,Sunday,Evening,Pastry,1,4.3,True
1372,Tuesday,Morning,Pastry,2,9.9,True
1373,Friday,Afternoon,Coffee,1,3.23,True
1374,Wednesday,Morning,Coffee,1,4.54,False
1375,Tuesday,Evening,Pastry,1,4.43,True
1376,Saturday,Morning,Tea,1,4.08,True
1377,Wednesday,Afternoon,Coffee,2,7.1,False
1378,Wednesday,Morning,Pastry,1,3.41,True
1379,Tuesday,Morning,Tea,1,3.49,False
1380,Thursday,Morning,Pastry,1,4.85,True
1381,Monday,Morning,Coffee,2,8.68,True
1382,Wednesday,Afternoon,Sandwich,2,16.28,False
1383,Sunday,Afternoon,Coffee,2,6.38,False
1384,Tuesday,Afternoon,Pastry,1,4.31,False
1385,Thursday,Morning,Coffee,1,4.26,False
1386,Tuesday,Morning,Coffee,4,16.92,False
1387,Friday,Morning,Pastry,4,21.76,True
1388,Monday,Afternoon,Coffee,1,3.81,False
1389,Sunday,Evening,Pastry,2,6.78,True
1390,Wednesday,Morning,Coffee,3,13.8,True
1391,Tuesday,Morning,Pastry,1,4.62,True
1392,Monday,Morning,Coffee,1,4.14,False
1393,Monday,Afternoon,Sandwich,1,10.42,True
1394,Wednesday,Afternoon,Sandwich,4,44.08,True
1395,Tuesday,Afternoon,Sandwich,1,9.47,False
1396,Friday,Morning,Coffee,2,9.18,True
1397,Wednesday,Afternoon,Sandwich,1,10.16,False
1398,Tuesday,Afternoon,Coffee,1,3.67,False
1399,Thursday,Morning,Pastry,1,4.36,True
1400,Thursday,Morning,Pastry,4,19.48,True
1401,Monday,Morning,Coffee,1,3.65,True
1402,Monday,Morning,Pastry,1,5.03,True
1403,Monday,Afternoon,Coffee,3,12.24,False
1404,Friday,Morning,Coffee,1,4.19,True
1405,Thursday,Afternoon,Coffee,2,9.44,False
1406,Wednesday,Afternoon,Sandwich,1,9.93,False
1407,Friday,Morning,Pastry,1,4.54,True
1408,Friday,Afternoon,Sandwich,1,9.4,False
1409,Thursday,Morning,Pastry,5,22.1,True
1410,Friday,Morning,Coffee,1,4.16,True
1411,Tuesday,Morning,Pastry,2,10.64,True
1412,Monday,Morning,Coffee,1,3.69,True
1413,Tuesday,Morning,Pastry,1,4.09,False
1414,Monday,Morning,Pastry,1,5.27,True
1415,Wednesday,Morning,Coffee,2,7.44,True
1416,Saturday,Morning,Coffee,1,4.11,False
1417,Monday,Evening,Coffee,1,3.7,False
1418,Monday,Morning,Merchandise,2,47.34,True
1419,Wednesday,Afternoon,Coffee,1,4.1,False
1420,Saturday,Morning,Coffee,1,4.56,True
1421,Tuesday,Afternoon,Sandwich,1,9.43,False
1422,Wednesday,Morning,Coffee,1,3.26,False
1423,Monday,Evening,Tea,1,3.54,True
1424,Monday,Morning,Tea,2,6.4,True
1425,Sunday,Afternoon,Coffee,1,2.69,False
1426,Sunday,Morning,Pastry,1,4.45,False
1427,Monday,Morning,Coffee,2,8.52,True
1428,Sunday,Afternoon,Coffee,1,4.59,True
1429,Thursday,Morning,Coffee,3,14.64,True
1430,Friday,Morning,Coffee,1,4.33,True
1431,Wednesday,Morning,Pastry,1,5.06,True
1432,Wednesday,Afternoon,Sandwich,1,7.96,True
1433,Wednesday,Evening,Tea,1,4.15,True
1434,Thursday,Morning,Coffee,1,4.63,True
1435,Monday,Afternoon,Coffee,1,3.82,False
1436,Monday,Morning,Coffee,1,4.34,True
1437,Tuesday,Morning,Coffee,1,4.29,True
1438,Thursday,Evening,Sandwich,1,11.26,True
1439,Tuesday,Afternoon,Coffee,1,3.92,False
1440,Thursday,Afternoon,Coffee,1,3.63,True
1441,Sunday,Morning,Coffee,1,3.76,True
1442,Monday,Morning,Coffee,1,4.45,False
1443,Thursday,Morning,Pastry,2,6.7,False
1444,Wednesday,Morning,Coffee,1,2.5,True
1445,Friday,Morning,Coffee,1,4.45,True
1446,Monday,Afternoon,Coffee,1,4.14,True
1447,Thursday,Afternoon,Sandwich,1,9.52,True
1448,Friday,Morning,Coffee,2,6.7,True
1449,Sunday,Morning,Pastry,1,3.47,True
1450,Thursday,Afternoon,Tea,1,3.25,True
1451,Wednesday,Morning,Pastry,1,4.72,True
1452,Thursday,Afternoon,Sandwich,3,26.4,False
1453,Friday,Morning,Coffee,2,8.9,False
1454,Thursday,Morning,Pastry,1,3.93,True
1455,Monday,Evening,Pastry,1,4.19,False
1456,Saturday,Morning,Coffee,2,8.7,False
1457,Thursday,Morning,Coffee,1,3.81,True
1458,Thursday,Morning,Tea,1,3.37,True
1459,Tuesday,Evening,Pastry,2,8.22,True
1460,Thursday,Afternoon,Sandwich,1,8.51,False
1461,Wednesday,Morning,Pastry,1,4.71,True
1462,Thursday,Morning,Tea,1,3.69,True
1463,Monday,Afternoon,Sandwich,3,29.31,True
1464,Thursday,Morning,Coffee,1,3.69,False
1465,Sunday,Afternoon,Coffee,2,7.8,True
1466,Monday,Morning,Pastry,1,5.46,True
1467,Sunday,Morning,Coffee,3,9.87,True
1468,Wednesday,Afternoon,Tea,3,12.75,True
1469,Saturday,Morning,Pastry,1,4.56,True
1470,Friday,Afternoon,Tea,1,3.43,True
1471,Thursday,Morning,Coffee,1,4.48,True
1472,Friday,Morning,Coffee,1,2.97,True
1473,Saturday,Evening,Pastry,1,5.33,True
1474,Wednesday,Morning,Sandwich,2,23.46,True
1475,Tuesday,Afternoon,Pastry,1,5.15,True
1476,Thursday,Morning,Coffee,1,2.95,True
1477,Friday,Afternoon,Coffee,1,4.38,True
1478,Friday,Afternoon,Coffee,1,4.82,True
1479,Friday,Morning,Coffee,1,4.77,True
1480,Wednesday,Afternoon,Coffee,4,13.2,False
1481,Friday,Afternoon,Tea,1,3.91,False
1482,Monday,Morning,Coffee,3,14.7,True
1483,Thursday,Afternoon,Coffee,2,8.02,True
1484,Monday,Afternoon,Sandwich,2,15.52,False
1485,Tuesday,Morning,Pastry,1,5.0,True
1486,Wednesday,Morning,Pastry,1,5.13,False
1487,Wednesday,Morning,Tea,1,3.44,False
1488,Thursday,Morning,Coffee,1,3.4,False
1489,Wednesday,Afternoon,Sandwich,5,53.4,True
1490,Wednesday,Morning,Coffee,1,3.62,True
1491,Tuesday,Evening,Pastry,1,4.74,True
1492,Wednesday,Morning,Pastry,1,5.43,True
1493,Tuesday,Morning,Pastry,1,3.5,True
1494,Monday,Afternoon,Sandwich,1,10.59,True
1495,Thursday,Morning,Pastry,1,4.38,True
1496,Thursday,Morning,Tea,2,6.86,False
1497,Thursday,Morning,Coffee,1,4.26,True
1498,Wednesday,Morning,Pastry,1,4.04,True
1499,Wednesday,Morning,Coffee,1,3.41,False
1500,Friday,Evening,Sandwich,1,7.36,True
1501,Wednesday,Morning,Coffee,1,4.62,True
1502,Wednesday,Afternoon,Coffee,3,11.43,False
1503,Monday,Afternoon,Sandwich,1,10.18,True
1504,Tuesday,Morning,Coffee,1,3.76,False
1505,Wednesday,Morning,Pastry,4,15.2,False
1506,Wednesday,Afternoon,Coffee,2,8.66,True
1507,Thursday,Afternoon,Sandwich,1,9.89,True
1508,Wednesday,Morning,Tea,1,3.41,True
1509,Thursday,Morning,Tea,2,7.24,False
1510,Friday,Morning,Coffee,1,3.52,True
1511,Friday,Morning,Coffee,1,4.53,True
1512,Thursday,Afternoon,Sandwich,1,11.05,True
1513,Sunday,Afternoon,Coffee,1,4.38,False
1514,Monday,Morning,Coffee,1,3.81,False
1515,Tuesday,Afternoon,Sandwich,1,9.57,False
1516,Monday,Afternoon,Tea,1,4.13,True
1517,Thursday,Morning,Coffee,2,9.28,True
1518,Saturday,Morning,Coffee,1,5.0,True
1519,Tuesday,Afternoon,Coffee,1,3.61,False
1520,Saturday,Afternoon,Sandwich,1,8.46,True
1521,Monday,Afternoon,Coffee,2,8.14,True
1522,Saturday,Morning,Sandwich,1,9.99,False
1523,Tuesday,Morning,Coffee,2,7.86,True
1524,Monday,Morning,Coffee,1,3.81,False
1525,Wednesday,Afternoon,Pastry,1,5.26,True
1526,Tuesday,Afternoon,Coffee,2,7.9,True
1527,Tuesday,Morning,Tea,2,6.02,False
1528,Tuesday,Afternoon,Sandwich,1,8.18,False
1529,Friday,Afternoon,Coffee,1,4.12,True
1530,Wednesday,Afternoon,Sandwich,1,13.1,True
1531,Tuesday,Evening,Tea,1,3.11,False
1532,Thursday,Morning,Coffee,1,3.84,False
1533,Thursday,Evening,Coffee,1,5.2,False
1534,Tuesday,Morning,Pastry,3,12.63,True
1535,Wednesday,Morning,Coffee,2,8.46,True
1536,Monday,Afternoon,Sandwich,1,11.75,False
1537,Tuesday,Evening,Pastry,1,3.93,True
1538,Thursday,Morning,Coffee,2,7.7,True
1539,Tuesday,Afternoon,Tea,1,3.31,True
1540,Wednesday,Afternoon,Sandwich,1,7.68,True
1541,Thursday,Afternoon,Sandwich,1,11.38,True
1542,Monday,Morning,Coffee,1,3.71,True
1543,Thursday,Afternoon,Sandwich,1,8.45,True
1544,Tuesday,Morning,Coffee,5,18.9,True
1545,Sunday,Morning,Pastry,1,5.06,False
1546,Wednesday,Morning,Pastry,1,4.57,True
1547,Friday,Morning,Pastry,1,4.03,True
1548,Thursday,Evening,Sandwich,2,19.98,False
1549,Monday,Morning,Coffee,2,8.82,True
1550,Thursday,Evening,Pastry,1,4.49,True
1551,Sunday,Morning,Coffee,2,7.76,False
1552,Thursday,Afternoon,Tea,1,3.91,False
1553,Friday,Afternoon,Pastry,1,4.39,True
1554,Saturday,Afternoon,Coffee,1,4.8,False
1555,Tuesday,Afternoon,Tea,1,3.2,True
1556,Tuesday,Afternoon,Coffee,1,3.61,True
1557,Thursday,Afternoon,Coffee,1,3.55,False
1558,Wednesday,Afternoon,Coffee,1,3.88,True
1559,Friday,Morning,Pastry,1,4.5,False
1560,Saturday,Afternoon,Tea,1,2.97,True
1561,Tuesday,Morning,Pastry,1,4.56,True
1562,Tuesday,Morning,Coffee,1,4.28,True
1563,Friday,Afternoon,Tea,1,2.91,False
1564,Tuesday,Morning,Coffee,2,7.48,True
1565,Friday,Afternoon,Coffee,3,12.84,True
1566,Wednesday,Morning,Tea,1,3.06,False
1567,Thursday,Morning,Tea,1,3.37,False
1568,Monday,Morning,Coffee,1,4.54,True
1569,Thursday,Morning,Coffee,3,14.7,True
1570,Wednesday,Afternoon,Sandwich,1,10.03,True
1571,Thursday,Morning,Coffee,2,7.84,False
1572,Monday,Morning,Coffee,1,3.75,True
1573,Friday,Morning,Tea,3,11.58,False
1574,Friday,Morning,Coffee,1,4.57,False
1575,Tuesday,Afternoon,Sandwich,4,32.44,True
1576,Monday,Morning,Tea,1,3.86,True
1577,Monday,Afternoon,Tea,3,9.78,True
1578,Thursday,Evening,Tea,1,3.16,False
1579,Thursday,Afternoon,Pastry,1,4.41,True
1580,Thursday,Afternoon,Coffee,2,9.0,False
1581,Tuesday,Morning,Pastry,2,9.38,False
1582,Wednesday,Morning,Tea,1,3.61,True
1583,Thursday,Afternoon,Coffee,1,4.18,True
1584,Wednesday,Afternoon,Pastry,2,9.56,False
1585,Sunday,Afternoon,Coffee,3,11.82,True
1586,Monday,Afternoon,Coffee,1,4.32,True
1587,Thursday,Morning,Tea,1,3.24,True
1588,Wednesday,Morning,Tea,2,7.52,False
1589,Wednesday,Afternoon,Pastry,1,5.01,False
1590,Thursday,Afternoon,Coffee,2,8.7,True
1591,Thursday,Morning,Tea,2,7.6,False
1592,Sunday,Afternoon,Coffee,2,8.46,True
1593,Monday,Morning,Tea,2,7.94,False
1594,Monday,Morning,Coffee,4,11.44,False
1595,Friday,Afternoon,Sandwich,2,21.04,True
1596,Thursday,Afternoon,Sandwich,2,23.74,True
1597,Tuesday,Morning,Pastry,1,4.13,True
1598,Monday,Morning,Sandwich,1,8.62,False
1599,Monday,Morning,Sandwich,1,11.04,True
1600,Saturday,Afternoon,Sandwich,2,16.78,False
1601,Tuesday,Morning,Sandwich,1,8.7,True
1602,Tuesday,Afternoon,Sandwich,1,9.7,True
1603,Tuesday,Evening,Sandwich,1,8.54,False
1604,Tuesday,Afternoon,Coffee,2,8.88,False
1605,Monday,Morning,Coffee,2,7.2,True
1606,Wednesday,Afternoon,Sandwich,3,29.79,True
1607,Monday,Morning,Coffee,1,4.14,True
1608,Friday,Morning,Pastry,1,5.5,False
1609,Tuesday,Morning,Coffee,1,4.58,False
1610,Thursday,Morning,Coffee,1,3.74,True
1611,Saturday,Evening,Sandwich,1,7.98,True
1612,Thursday,Morning,Pastry,1,5.0,True
1613,Wednesday,Morning,Coffee,1,3.67,True
1614,Tuesday,Evening,Sandwich,1,9.1,True
1615,Tuesday,Morning,Pastry,1,3.86,False
1616,Thursday,Afternoon,Coffee,1,4.34,False
1617,Sunday,Morning,Coffee,1,3.68,True
1618,Thursday,Morning,Coffee,1,3.98,True
1619,Thursday,Evening,Coffee,1,3.99,True
1620,Friday,Morning,Coffee,1,4.09,True
1621,Wednesday,Afternoon,Coffee,1,4.33,False
1622,Monday,Morning,Coffee,5,19.4,True
1623,Thursday,Morning,Pastry,1,4.06,True
1624,Sunday,Morning,Coffee,1,3.07,True
1625,Monday,Morning,Tea,3,10.62,True
1626,Thursday,Morning,Coffee,1,3.92,True
1627,Tuesday,Afternoon,Sandwich,1,8.65,False
1628,Wednesday,Morning,Pastry,1,4.54,False
1629,Monday,Morning,Coffee,1,4.43,True
1630,Wednesday,Morning,Pastry,1,5.17,True
1631,Friday,Evening,Sandwich,1,7.66,True
1632,Tuesday,Evening,Sandwich,2,18.14,False
1633,Thursday,Afternoon,Sandwich,1,10.65,False
1634,Friday,Afternoon,Coffee,3,14.4,False
1635,Saturday,Morning,Coffee,3,10.77,True
1636,Tuesday,Morning,Coffee,5,23.45,True
1637,Wednesday,Afternoon,Coffee,2,6.64,False
1638,Monday,Afternoon,Coffee,1,4.57,False
1639,Sunday,Morning,Pastry,2,8.66,True
1640,Saturday,Morning,Coffee,1,4.78,True
1641,Wednesday,Evening,Merchandise,2,61.86,True
1642,Friday,Afternoon,Pastry,1,4.31,False
1643,Wednesday,Morning,Coffee,1,3.93,False
1644,Thursday,Afternoon,Tea,3,8.67,True
1645,Monday,Morning,Coffee,1,3.12,True
1646,Friday,Morning,Sandwich,1,10.11,True
1647,Monday,Morning,Pastry,1,5.09,True
1648,Friday,Morning,Coffee,2,8.6,False
1649,Friday,Morning,Pastry,1,3.75,True
1650,Thursday,Afternoon,Sandwich,1,10.08,True
1651,Monday,Morning,Coffee,2,7.0,True
1652,Tuesday,Afternoon,Sandwich,1,9.99,False
1653,Tuesday,Morning,Tea,1,3.95,True
1654,Wednesday,Morning,Coffee,2,8.36,True
1655,Monday,Afternoon,Sandwich,1,11.26,True
1656,Saturday,Afternoon,Coffee,1,3.93,False
1657,Thursday,Evening,Tea,1,3.41,True
1658,Tuesday,Evening,Coffee,1,4.03,False
1659,Wednesday,Morning,Sandwich,1,7.89,True
1660,Wednesday,Morning,Pastry,1,4.26,True
1661,Thursday,Afternoon,Coffee,1,3.84,True
1662,Wednesday,Evening,Tea,1,3.39,True
1663,Saturday,Afternoon,Coffee,1,4.13,False
1664,Wednesday,Afternoon,Sandwich,2,15.44,True
1665,Sunday,Afternoon,Coffee,2,6.86,False
1666,Friday,Morning,Pastry,1,5.18,True
1667,Tuesday,Afternoon,Sandwich,1,7.09,True
1668,Saturday,Afternoon,Sandwich,3,30.72,False
1669,Monday,Afternoon,Coffee,1,3.81,False
1670,Friday,Morning,Coffee,5,20.4,False
1671,Wednesday,Morning,Coffee,1,4.78,False
1672,Saturday,Morning,Tea,2,6.9,False
1673,Friday,Morning,Tea,1,3.75,True
1674,Friday,Evening,Pastry,1,4.54,True
1675,Friday,Morning,Coffee,4,15.8,True
1676,Tuesday,Morning,Pastry,4,17.44,False
1677,Monday,Morning,Coffee,1,4.35,True
1678,Wednesday,Afternoon,Tea,3,9.63,True
1679,Monday,Morning,Pastry,1,3.82,False
1680,Thursday,Morning,Coffee,1,4.04,False
1681,Tuesday,Morning,Pastry,1,4.62,True
1682,Sunday,Morning,Pastry,1,3.41,True
1683,Thursday,Morning,Tea,2,7.0,True
1684,Friday,Morning,Coffee,1,3.39,True
1685,Monday,Evening,Coffee,1,4.31,True
1686,Friday,Morning,Coffee,1,3.1,True
1687,Saturday,Morning,Coffee,1,4.96,False
1688,Wednesday,Afternoon,Sandwich,1,9.09,False
1689,Thursday,Morning,Tea,1,3.15,False
1690,Friday,Afternoon,Coffee,2,7.72,True
1691,Monday,Morning,Pastry,1,4.83,False
1692,Wednesday,Afternoon,Sandwich,1,10.57,False
1693,Wednesday,Afternoon,Coffee,1,3.86,False
1694,Monday,Evening,Tea,1,2.92,False
1695,Wednesday,Morning,Coffee,1,3.39,False
1696,Monday,Morning,Sandwich,1,9.84,True
1697,Monday,Morning,Coffee,1,4.49,False
1698,Monday,Evening,Sandwich,2,21.68,False
1699,Sunday,Evening,Tea,1,3.57,True
1700,Thursday,Morning,Pastry,2,10.16,True
1701,Sunday,Morning,Coffee,1,4.96,True
1702,Wednesday,Morning,Sandwich,1,10.93,False
1703,Tuesday,Morning,Pastry,1,5.05,False
1704,Wednesday,Morning,Coffee,1,3.6,True
1705,Wednesday,Morning,Pastry,1,5.08,True
1706,Monday,Afternoon,Sandwich,4,40.2,True
1707,Thursday,Evening,Sandwich,1,10.28,False
1708,Tuesday,Evening,Tea,1,4.0,True
1709,Thursday,Morning,Coffee,1,4.18,True
1710,Thursday,Afternoon,Sandwich,1,9.38,False
1711,Monday,Afternoon,Sandwich,1,8.22,True
1712,Monday,Morning,Coffee,2,7.7,True
1713,Friday,Afternoon,Sandwich,1,9.76,True
1714,Wednesday,Morning,Coffee,2,8.28,True
1715,Monday,Morning,Pastry,1,4.65,False
1716,Sunday,Morning,Coffee,1,4.48,True
1717,Monday,Morning,Coffee,1,4.43,True
1718,Thursday,Afternoon,Tea,1,3.48,True
1719,Sunday,Morning,Coffee,1,3.58,True
1720,Tuesday,Morning,Coffee,1,4.19,True
1721,Monday,Morning,Coffee,1,5.12,True
1722,Monday,Afternoon,Coffee,2,8.32,True
1723,Tuesday,Morning,Coffee,1,3.85,True
1724,Monday,Afternoon,Sandwich,2,20.28,True
1725,Thursday,Afternoon,Tea,1,3.74,False
1726,Monday,Morning,Coffee,2,8.58,True
1727,Wednesday,Morning,Tea,1,4.05,True
1728,Sunday,Afternoon,Sandwich,1,9.96,True
1729,Friday,Morning,Pastry,4,21.2,True
1730,Thursday,Morning,Coffee,1,4.12,True
1731,Tuesday,Afternoon,Sandwich,1,11.31,True
1732,Thursday,Morning,Sandwich,1,10.95,True
1733,Wednesday,Morning,Coffee,1,4.46,True
1734,Wednesday,Morning,Sandwich,3,31.35,True
1735,Monday,Morning,Coffee,2,10.3,True
1736,Saturday,Afternoon,Tea,2,7.86,True
1737,Wednesday,Afternoon,Coffee,4,14.32,True
1738,Tuesday,Afternoon,Sandwich,1,9.8,False
1739,Wednesday,Afternoon,Coffee,1,3.87,True
1740,Wednesday,Morning,Coffee,2,10.06,False
1741,Friday,Morning,Coffee,1,4.63,False
1742,Friday,Morning,Coffee,1,5.02,True
1743,Friday,Morning,Coffee,1,3.62,False
1744,Monday,Evening,Pastry,3,15.48,False
1745,Wednesday,Afternoon,Coffee,1,3.32,True
1746,Wednesday,Morning,Sandwich,2,15.18,True
1747,Monday,Morning,Coffee,1,3.8,True
1748,Tuesday,Morning,Coffee,1,4.76,True
1749,Friday,Morning,Coffee,2,7.0,True
1750,Monday,Morning,Coffee,4,15.96,False
1751,Wednesday,Morning,Coffee,1,4.59,True
1752,Tuesday,Afternoon,Pastry,1,5.01,False
1753,Monday,Afternoon,Sandwich,1,12.16,True
1754,Tuesday,Morning,Coffee,2,8.0,False
1755,Sunday,Morning,Coffee,1,3.78,True
1756,Friday,Morning,Coffee,1,3.45,True
1757,Sunday,Afternoon,Sandwich,2,18.12,False
1758,Wednesday,Afternoon,Sandwich,1,8.18,True
1759,Monday,Evening,Coffee,1,3.1,True
1760,Thursday,Morning,Coffee,2,9.96,False
1761,Wednesday,Afternoon,Sandwich,3,28.68,True
1762,Friday,Morning,Coffee,3,15.9,True
1763,Monday,Afternoon,Pastry,1,4.0,True
1764,Wednesday,Morning,Coffee,3,11.37,True
1765,Monday,Morning,Coffee,2,7.22,True
1766,Tuesday,Afternoon,Sandwich,1,8.73,True
1767,Friday,Morning,Merchandise,1,46.09,False
1768,Wednesday,Morning,Pastry,1,4.84,True
1769,Wednesday,Morning,Coffee,2,8.88,True
1770,Wednesday,Morning,Coffee,2,9.34,False
1771,Wednesday,Morning,Coffee,2,9.1,False
1772,Friday,Morning,Sandwich,1,8.29,True
1773,Saturday,Morning,Pastry,1,4.19,True
1774,Sunday,Morning,Coffee,1,4.06,False
1775,Friday,Evening,Coffee,3,17.58,False
1776,Tuesday,Morning,Coffee,1,4.39,False
1777,Thursday,Morning,Sandwich,1,9.63,True
1778,Wednesday,Morning,Coffee,1,4.34,True
1779,Tuesday,Afternoon,Coffee,1,3.7,True
1780,Friday,Afternoon,Coffee,1,4.13,False
1781,Monday,Morning,Coffee,2,8.96,False
1782,Saturday,Afternoon,Sandwich,1,9.47,True
1783,Wednesday,Afternoon,Merchandise,1,28.76,True
1784,Thursday,Afternoon,Sandwich,1,9.41,False
1785,Thursday,Afternoon,Sandwich,1,9.12,False
1786,Saturday,Afternoon,Pastry,3,11.07,True
1787,Thursday,Afternoon,Pastry,1,4.16,False
1788,Thursday,Afternoon,Pastry,1,3.66,True
1789,Monday,Morning,Pastry,4,15.04,False
1790,Wednesday,Afternoon,Tea,1,3.04,True
1791,Monday,Afternoon,Sandwich,2,21.28,True
1792,Friday,Morning,Coffee,1,4.74,False
1793,Wednesday,Evening,Tea,1,2.89,True
1794,Thursday,Morning,Pastry,1,5.45,True
1795,Monday,Morning,Pastry,1,3.82,True
1796,Monday,Afternoon,Pastry,2,9.9,True
1797,Thursday,Morning,Coffee,2,8.26,False
1798,Monday,Morning,Pastry,1,4.88,True
1799,Monday,Morning,Pastry,1,3.8,True
1800,Monday,Morning,Coffee,2,6.18,False
1801,Sunday,Morning,Coffee,1,3.6,True
1802,Friday,Morning,Coffee,1,4.21,True
1803,Tuesday,Morning,Coffee,1,4.98,True
1804,Tuesday,Evening,Sandwich,1,8.26,False
1805,Tuesday,Evening,Coffee,1,3.95,True
1806,Friday,Morning,Coffee,1,3.63,False
1807,Thursday,Afternoon,Coffee,1,3.99,True
1808,Tuesday,Morning,Coffee,2,6.06,True
1809,Monday,Morning,Coffee,1,4.75,True
1810,Monday,Morning,Coffee,1,4.01,True
1811,Thursday,Evening,Coffee,1,4.46,False
1812,Friday,Evening,Tea,2,6.82,False
1813,Tuesday,Morning,Coffee,1,4.1,False
1814,Monday,Morning,Coffee,1,4.56,True
1815,Monday,Morning,Tea,2,7.1,True
1816,Sunday,Morning,Coffee,1,4.08,True
1817,Tuesday,Afternoon,Coffee,1,3.6,True
1818,Friday,Morning,Coffee,4,14.92,False
1819,Thursday,Afternoon,Merchandise,1,27.1,False
1820,Wednesday,Morning,Pastry,1,4.06,False
1821,Tuesday,Evening,Coffee,1,4.63,True
1822,Monday,Afternoon,Sandwich,2,23.34,False
1823,Thursday,Morning,Coffee,1,3.38,True
1824,Friday,Afternoon,Coffee,2,8.4,True
1825,Thursday,Afternoon,Coffee,2,7.68,True
1826,Wednesday,Morning,Coffee,1,4.7,False
1827,Monday,Morning,Coffee,2,8.14,True
1828,Sunday,Evening,Pastry,1,4.5,True
1829,Friday,Morning,Pastry,1,4.05,True
1830,Tuesday,Morning,Coffee,1,3.23,False
1831,Sunday,Morning,Coffee,1,4.38,False
1832,Thursday,Afternoon,Coffee,1,4.18,True
1833,Thursday,Afternoon,Tea,1,3.65,False
1834,Friday,Evening,Merchandise,1,29.88,True
1835,Friday,Morning,Pastry,1,4.41,True
1836,Thursday,Morning,Sandwich,2,20.9,True
1837,Monday,Afternoon,Sandwich,1,10.68,True
1838,Tuesday,Afternoon,Tea,2,6.06,True
1839,Saturday,Morning,Coffee,2,7.36,False
1840,Tuesday,Morning,Coffee,1,3.31,False
1841,Wednesday,Morning,Coffee,1,4.1,True
1842,Wednesday,Afternoon,Sandwich,1,10.56,True
1843,Wednesday,Afternoon,Tea,2,6.78,True
1844,Thursday,Afternoon,Coffee,1,3.67,True
1845,Sunday,Evening,Sandwich,1,9.1,True
1846,Tuesday,Morning,Pastry,1,5.88,False
1847,Monday,Evening,Tea,1,3.98,True
1848,Tuesday,Afternoon,Sandwich,1,10.38,True
1849,Saturday,Morning,Coffee,1,4.16,True
1850,Thursday,Evening,Pastry,1,4.49,False
1851,Tuesday,Morning,Coffee,3,10.65,True
1852,Friday,Afternoon,Coffee,4,13.88,True
1853,Friday,Afternoon,Sandwich,1,8.82,True
1854,Friday,Afternoon,Coffee,2,7.04,True
1855,Saturday,Afternoon,Sandwich,3,26.31,False
1856,Tuesday,Morning,Pastry,1,4.44,True
1857,Friday,Morning,Coffee,1,3.99,False
1858,Wednesday,Morning,Pastry,3,12.39,True
1859,Friday,Afternoon,Pastry,1,4.8,True
1860,Friday,Afternoon,Coffee,3,11.73,False
1861,Friday,Evening,Pastry,1,4.63,False
1862,Thursday,Morning,Tea,1,3.2,True
1863,Monday,Afternoon,Pastry,1,4.92,True
1864,Thursday,Evening,Sandwich,1,8.86,True
1865,Sunday,Afternoon,Pastry,1,5.47,False
1866,Saturday,Morning,Merchandise,1,32.95,False
1867,Monday,Morning,Coffee,1,3.95,True
1868,Monday,Morning,Coffee,1,4.3,True
1869,Monday,Afternoon,Tea,1,3.82,True
1870,Friday,Afternoon,Coffee,2,8.92,False
1871,Friday,Evening,Pastry,1,5.57,True
1872,Tuesday,Morning,Tea,2,7.52,True
1873,Wednesday,Morning,Coffee,2,7.94,False
1874,Friday,Afternoon,Coffee,1,3.74,True
1875,Friday,Afternoon,Tea,1,3.45,True
1876,Thursday,Evening,Coffee,3,14.22,True
1877,Thursday,Afternoon,Sandwich,2,15.68,True
1878,Wednesday,Morning,Pastry,1,4.01,True
1879,Tuesday,Afternoon,Sandwich,2,18.48,True
1880,Thursday,Afternoon,Coffee,1,3.58,True
1881,Thursday,Morning,Coffee,1,3.8,True
1882,Saturday,Morning,Coffee,1,4.9,True
1883,Thursday,Morning,Pastry,1,4.32,True
1884,Friday,Morning,Tea,4,14.64,True
1885,Monday,Afternoon,Coffee,2,6.34,True
1886,Wednesday,Morning,Coffee,1,3.45,True
1887,Monday,Morning,Tea,1,3.87,False
1888,Tuesday,Morning,Pastry,1,5.5,True
1889,Friday,Afternoon,Sandwich,1,9.77,False
1890,Sunday,Morning,Coffee,1,3.85,True
1891,Monday,Afternoon,Sandwich,1,10.1,False
1892,Wednesday,Morning,Coffee,1,2.7,False
1893,Friday,Morning,Sandwich,1,9.77,True
1894,Tuesday,Morning,Pastry,3,11.61,True
1895,Thursday,Morning,Tea,3,11.46,True
1896,Friday,Morning,Pastry,1,3.18,False
1897,Thursday,Morning,Coffee,1,3.69,True
1898,Tuesday,Afternoon,Coffee,1,3.98,True
1899,Tuesday,Afternoon,Coffee,1,3.62,False
1900,Friday,Morning,Coffee,3,11.43,True
1901,Thursday,Morning,Coffee,1,4.45,False
1902,Monday,Evening,Tea,1,3.49,True
1903,Friday,Afternoon,Sandwich,1,8.38,True
1904,Monday,Morning,Coffee,3,13.41,True
1905,Friday,Afternoon,Sandwich,1,9.8,True
1906,Tuesday,Afternoon,Sandwich,1,9.85,True
1907,Sunday,Afternoon,Coffee,3,10.65,True
1908,Wednesday,Morning,Coffee,1,2.73,False
1909,Tuesday,Morning,Coffee,1,3.55,True
1910,Monday,Morning,Pastry,1,3.9,False
1911,Tuesday,Evening,Pastry,2,8.26,True
1912,Saturday,Afternoon,Coffee,2,7.16,True
1913,Sunday,Morning,Pastry,1,4.57,True
1914,Wednesday,Evening,Coffee,1,4.44,False
1915,Wednesday,Evening,Pastry,1,5.15,True
1916,Friday,Evening,Tea,1,3.83,False
1917,Saturday,Afternoon,Sandwich,1,8.42,True
1918,Thursday,Evening,Sandwich,1,9.57,True
1919,Wednesday,Morning,Pastry,1,5.44,False
1920,Wednesday,Afternoon,Tea,3,8.61,True
1921,Thursday,Afternoon,Coffee,1,4.67,True
1922,Monday,Morning,Pastry,1,3.9,True
1923,Thursday,Morning,Coffee,1,4.15,False
1924,Tuesday,Evening,Coffee,1,4.21,False
1925,Friday,Morning,Pastry,1,4.61,False
1926,Monday,Afternoon,Coffee,1,5.11,True
1927,Thursday,Morning,Coffee,2,7.7,True
1928,Wednesday,Morning,Pastry,3,10.56,True
1929,Thursday,Morning,Coffee,1,4.18,True
1930,Monday,Morning,Coffee,1,3.91,True
1931,Thursday,Afternoon,Sandwich,1,10.17,True
1932,Thursday,Afternoon,Sandwich,2,21.12,True
1933,Thursday,Morning,Coffee,1,3.98,False
1934,Thursday,Morning,Tea,1,3.67,True
1935,Thursday,Morning,Pastry,4,18.36,False
1936,Friday,Morning,Coffee,2,9.8,True
1937,Tuesday,Afternoon,Tea,2,6.7,True
1938,Friday,Morning,Coffee,2,7.32,False
1939,Wednesday,Morning,Pastry,1,5.03,True
1940,Monday,Morning,Pastry,2,7.88,False
1941,Monday,Morning,Coffee,1,4.2,True
1942,Tuesday,Morning,Pastry,5,22.0,False
1943,Friday,Morning,Pastry,1,4.44,True
1944,Thursday,Afternoon,Coffee,1,5.22,True
1945,Friday,Evening,Pastry,1,5.24,False
1946,Wednesday,Afternoon,Coffee,1,4.51,True
1947,Wednesday,Morning,Pastry,1,4.82,True
1948,Monday,Morning,Coffee,1,3.65,True
1949,Tuesday,Morning,Tea,1,3.6,False
1950,Wednesday,Afternoon,Sandwich,1,10.2,True
1951,Monday,Evening,Pastry,1,4.62,True
1952,Tuesday,Morning,Pastry,1,4.56,False
1953,Thursday,Morning,Tea,1,3.34,False
1954,Friday,Afternoon,Sandwich,2,19.66,True
1955,Sunday,Afternoon,Pastry,1,4.18,False
1956,Saturday,Afternoon,Coffee,1,4.35,True
1957,Thursday,Afternoon,Sandwich,1,7.08,False
1958,Wednesday,Evening,Pastry,2,10.64,True
1959,Thursday,Morning,Tea,1,2.98,True
1960,Friday,Evening,Merchandise,1,26.78,False
1961,Monday,Evening,Coffee,2,8.4,True
1962,Wednesday,Afternoon,Tea,2,7.44,True
1963,Friday,Morning,Coffee,2,10.08,False
1964,Wednesday,Morning,Tea,1,3.62,True
1965,Thursday,Morning,Pastry,2,8.96,True
1966,Thursday,Morning,Sandwich,1,9.73,False
1967,Tuesday,Afternoon,Tea,2,8.28,True
1968,Wednesday,Morning,Pastry,2,11.9,False
1969,Tuesday,Morning,Pastry,2,8.78,True
1970,Monday,Afternoon,Sandwich,1,10.15,True
1971,Monday,Morning,Coffee,2,7.92,True
1972,Friday,Morning,Tea,1,3.46,True
1973,Tuesday,Morning,Sandwich,1,11.75,True
1974,Wednesday,Afternoon,Merchandise,1,27.64,True
1975,Tuesday,Morning,Tea,1,2.57,False
1976,Sunday,Afternoon,Sandwich,1,9.88,False
1977,Tuesday,Morning,Coffee,1,4.6,True
1978,Wednesday,Evening,Tea,1,3.59,True
1979,Saturday,Morning,Sandwich,1,10.1,True
1980,Friday,Morning,Coffee,2,8.76,True
1981,Tuesday,Morning,Coffee,2,8.12,False
1982,Friday,Morning,Coffee,1,4.28,True
1983,Wednesday,Morning,Coffee,5,21.35,False
1984,Wednesday,Morning,Tea,1,2.72,True
1985,Monday,Morning,Coffee,2,8.12,True
1986,Monday,Afternoon,Sandwich,1,7.61,True
1987,Friday,Morning,Pastry,4,17.92,True
1988,Wednesday,Morning,Coffee,2,7.5,True
1989,Wednesday,Afternoon,Tea,1,3.91,False
1990,Friday,Evening,Sandwich,1,9.79,True
1991,Friday,Morning,Tea,1,3.69,True
1992,Monday,Morning,Coffee,1,3.9,True
1993,Thursday,Evening,Tea,1,3.92,True
1994,Monday,Morning,Coffee,1,3.2,True
1995,Friday,Evening,Tea,1,3.14,True
1996,Thursday,Morning,Coffee,1,4.64,False
1997,Sunday,Afternoon,Sandwich,2,17.96,True
1998,Monday,Morning,Pastry,2,6.42,True
1999,Monday,Evening,Sandwich,1,11.24,True
2000,Tuesday,Morning,Coffee,1,4.54,True
2001,Tuesday,Afternoon,Sandwich,1,10.35,False
2002,Tuesday,Morning,Coffee,1,4.05,False
2003,Saturday,Morning,Coffee,1,4.83,False
2004,Tuesday,Afternoon,Sandwich,2,22.02,True
2005,Tuesday,Morning,Tea,3,12.36,True
2006,Friday,Evening,Tea,1,3.78,True
2007,Wednesday,Morning,Tea,1,3.55,True
2008,Friday,Afternoon,Sandwich,2,18.04,True
2009,Monday,Morning,Coffee,3,10.11,False
2010,Wednesday,Evening,Sandwich,3,30.3,True
2011,Monday,Evening,Merchandise,1,41.91,True
2012,Monday,Morning,Pastry,1,4.29,False
2013,Saturday,Afternoon,Pastry,1,4.87,False
2014,Monday,Afternoon,Coffee,1,3.83,True
2015,Wednesday,Morning,Coffee,2,8.86,True
2016,Wednesday,Afternoon,Pastry,1,3.97,False
2017,Tuesday,Morning,Pastry,2,7.74,True
2018,Saturday,Afternoon,Tea,1,3.4,False
2019,Monday,Morning,Sandwich,5,52.45,True
2020,Thursday,Morning,Coffee,1,3.42,True
2021,Sunday,Morning,Pastry,1,5.13,True
2022,Thursday,Afternoon,Tea,1,2.84,True
2023,Saturday,Afternoon,Tea,1,3.4,False
2024,Monday,Evening,Sandwich,2,15.6,False
2025,Wednesday,Morning,Coffee,1,2.7,False
2026,Tuesday,Morning,Coffee,2,8.36,True
2027,Friday,Afternoon,Pastry,1,4.39,False
2028,Sunday,Afternoon,Pastry,1,3.66,False
2029,Tuesday,Morning,Pastry,2,8.38,False
2030,Thursday,Morning,Sandwich,3,30.09,True
2031,Tuesday,Morning,Coffee,1,3.82,True
2032,Thursday,Morning,Coffee,4,15.6,True
2033,Wednesday,Afternoon,Sandwich,1,9.02,True
2034,Sunday,Morning,Sandwich,1,8.8,True
2035,Thursday,Afternoon,Sandwich,2,17.58,False
2036,Tuesday,Morning,Pastry,1,4.13,False
2037,Monday,Morning,Coffee,1,3.62,True
2038,Monday,Afternoon,Coffee,1,3.49,True
2039,Tuesday,Afternoon,Tea,1,3.35,True
2040,Tuesday,Morning,Coffee,1,3.68,False
2041,Friday,Afternoon,Sandwich,1,8.21,False
2042,Thursday,Morning,Tea,2,7.62,True
2043,Wednesday,Afternoon,Sandwich,1,10.98,False
2044,Monday,Morning,Coffee,1,4.0,True
2045,Friday,Afternoon,Sandwich,2,19.16,True
2046,Friday,Morning,Coffee,1,3.65,True
2047,Monday,Morning,Coffee,2,9.06,True
2048,Thursday,Evening,Coffee,3,14.61,False
2049,Thursday,Afternoon,Sandwich,2,18.6,False
2050,Monday,Morning,Coffee,1,3.74,True
2051,Wednesday,Morning,Pastry,1,4.7,False
2052,Wednesday,Morning,Coffee,1,4.06,True
2053,Monday,Afternoon,Tea,1,3.3,True
2054,Sunday,Afternoon,Sandwich,1,10.07,True
2055,Friday,Afternoon,Pastry,1,5.06,False
2056,Thursday,Morning,Coffee,1,3.61,False
2057,Wednesday,Afternoon,Coffee,1,5.27,True
2058,Wednesday,Morning,Pastry,1,3.58,True
2059,Thursday,Morning,Coffee,2,7.14,False
2060,Thursday,Afternoon,Pastry,1,4.64,True
2061,Monday,Evening,Tea,1,4.4,False
2062,Wednesday,Afternoon,Tea,1,3.27,True
2063,Friday,Afternoon,Coffee,1,3.47,True
2064,Wednesday,Afternoon,Sandwich,1,10.16,True
2065,Monday,Evening,Sandwich,1,9.2,True
2066,Friday,Morning,Coffee,1,4.33,True
2067,Tuesday,Morning,Pastry,2,8.92,True
2068,Tuesday,Evening,Sandwich,1,8.47,False
2069,Monday,Afternoon,Sandwich,1,12.32,True
2070,Tuesday,Morning,Coffee,1,2.52,True
2071,Friday,Morning,Coffee,1,4.91,False
2072,Wednesday,Morning,Pastry,1,5.06,False
2073,Tuesday,Morning,Coffee,1,3.63,True
2074,Saturday,Evening,Coffee,3,14.82,False
2075,Saturday,Morning,Pastry,1,3.68,True
2076,Saturday,Afternoon,Coffee,1,4.5,True
2077,Tuesday,Morning,Coffee,1,2.96,True
2078,Wednesday,Morning,Coffee,2,6.86,True
2079,Sunday,Morning,Pastry,1,3.81,True
2080,Friday,Afternoon,Coffee,1,3.62,False
2081,Monday,Afternoon,Sandwich,2,19.02,False
2082,Monday,Afternoon,Sandwich,4,34.04,False
2083,Wednesday,Morning,Coffee,1,2.98,True
2084,Saturday,Morning,Coffee,1,4.23,False
2085,Wednesday,Morning,Coffee,1,4.02,True
2086,Wednesday,Morning,Tea,1,3.66,True
2087,Monday,Afternoon,Tea,1,3.57,False
2088,Thursday,Afternoon,Sandwich,2,21.3,True
2089,Friday,Afternoon,Tea,2,6.94,True
2090,Wednesday,Morning,Coffee,1,4.51,False
2091,Friday,Morning,Coffee,2,7.22,False
2092,Sunday,Morning,Pastry,3,12.21,True
2093,Tuesday,Morning,Coffee,3,14.07,False
2094,Wednesday,Afternoon,Coffee,2,9.36,True
2095,Tuesday,Afternoon,Sandwich,1,10.19,False
2096,Friday,Morning,Coffee,1,3.56,True
2097,Thursday,Morning,Coffee,1,3.52,False
2098,Thursday,Afternoon,Sandwich,1,11.09,False
2099,Friday,Afternoon,Sandwich,1,11.03,True
2100,Wednesday,Afternoon,Coffee,1,3.97,False
2101,Saturday,Morning,Coffee,1,5.17,False
2102,Wednesday,Morning,Pastry,1,4.78,True
2103,Monday,Evening,Coffee,1,3.45,False
2104,Thursday,Afternoon,Sandwich,1,9.17,False
2105,Friday,Morning,Coffee,1,4.0,True
2106,Tuesday,Afternoon,Tea,1,3.53,True
2107,Friday,Afternoon,Coffee,1,4.63,True
2108,Saturday,Morning,Coffee,4,14.08,True
2109,Tuesday,Morning,Tea,1,2.97,True
2110,Sunday,Morning,Coffee,1,4.3,True
2111,Monday,Morning,Coffee,1,3.75,False
2112,Tuesday,Afternoon,Sandwich,1,12.41,False
2113,Tuesday,Morning,Coffee,1,4.47,False
2114,Saturday,Afternoon,Sandwich,1,8.87,False
2115,Thursday,Evening,Sandwich,3,32.88,True
2116,Monday,Morning,Sandwich,2,20.76,False
2117,Wednesday,Morning,Pastry,1,4.88,True
2118,Thursday,Afternoon,Coffee,1,3.94,True
2119,Monday,Afternoon,Sandwich,1,10.0,True
2120,Saturday,Afternoon,Sandwich,1,6.98,True
2121,Friday,Morning,Pastry,2,10.58,True
2122,Wednesday,Morning,Coffee,1,2.28,True
2123,Sunday,Afternoon,Sandwich,1,8.97,False
2124,Wednesday,Evening,Sandwich,1,7.59,True
2125,Sunday,Morning,Pastry,1,4.2,True
2126,Thursday,Evening,Coffee,2,7.92,False
2127,Thursday,Morning,Coffee,1,3.4,True
2128,Monday,Evening,Merchandise,1,20.02,False
2129,Saturday,Afternoon,Pastry,1,4.62,True
2130,Wednesday,Morning,Coffee,1,5.04,True
2131,Monday,Afternoon,Sandwich,1,9.08,True
2132,Monday,Morning,Coffee,1,4.48,True
2133,Thursday,Morning,Coffee,1,4.75,True
2134,Wednesday,Morning,Coffee,1,3.05,True
2135,Thursday,Morning,Coffee,1,3.77,False
2136,Saturday,Morning,Coffee,1,3.36,True
2137,Monday,Afternoon,Coffee,1,3.6,True
2138,Friday,Afternoon,Coffee,1,4.85,False
2139,Tuesday,Morning,Tea,4,14.36,True
2140,Friday,Afternoon,Sandwich,1,10.45,True
2141,Friday,Afternoon,Pastry,1,4.47,True
2142,Thursday,Evening,Tea,2,6.04,True
2143,Thursday,Afternoon,Coffee,1,4.34,False
2144,Tuesday,Morning,Pastry,2,10.5,False
2145,Wednesday,Morning,Sandwich,2,19.76,True
2146,Friday,Afternoon,Coffee,1,4.24,False
2147,Wednesday,Morning,Coffee,5,16.9,True
2148,Tuesday,Morning,Tea,1,3.78,True
2149,Wednesday,Morning,Pastry,1,5.31,False
2150,Friday,Morning,Coffee,2,8.4,True
2151,Tuesday,Morning,Tea,1,2.78,False
2152,Monday,Morning,Pastry,1,5.48,True
2153,Thursday,Morning,Sandwich,2,16.74,True
2154,Friday,Afternoon,Coffee,3,12.57,False
2155,Monday,Afternoon,Merchandise,1,47.35,False
2156,Tuesday,Morning,Coffee,4,18.16,False
2157,Monday,Morning,Pastry,1,3.42,False
2158,Tuesday,Morning,Coffee,1,4.06,True
2159,Wednesday,Morning,Coffee,1,4.03,False
2160,Friday,Morning,Tea,1,4.08,False
2161,Thursday,Morning,Coffee,1,4.23,True
2162,Thursday,Afternoon,Coffee,1,4.72,False
2163,Tuesday,Morning,Coffee,1,4.27,False
2164,Friday,Morning,Coffee,1,3.96,True
2165,Wednesday,Morning,Coffee,3,12.3,True
2166,Sunday,Afternoon,Sandwich,1,11.33,False
2167,Thursday,Afternoon,Coffee,1,3.35,True
2168,Monday,Afternoon,Tea,2,7.72,True
2169,Thursday,Afternoon,Coffee,1,3.69,False
2170,Tuesday,Morning,Coffee,2,7.16,True
2171,Thursday,Morning,Coffee,1,4.51,True
2172,Monday,Afternoon,Tea,1,3.15,True
2173,Monday,Morning,Coffee,1,4.19,True
2174,Friday,Evening,Coffee,1,3.76,False
2175,Tuesday,Afternoon,Sandwich,1,6.67,True
2176,Friday,Afternoon,Sandwich,1,10.07,True
2177,Tuesday,Morning,Coffee,2,8.12,True
2178,Thursday,Afternoon,Coffee,1,3.04,False
2179,Thursday,Morning,Pastry,1,4.08,False
2180,Wednesday,Morning,Coffee,2,6.2,False
2181,Tuesday,Morning,Pastry,1,4.94,True
2182,Tuesday,Afternoon,Tea,2,8.12,False
2183,Monday,Morning,Coffee,1,4.42,True
2184,Tuesday,Morning,Pastry,1,5.09,True
2185,Thursday,Morning,Pastry,1,4.19,True
2186,Saturday,Afternoon,Tea,1,3.72,True
2187,Saturday,Afternoon,Tea,1,3.5,True
2188,Friday,Afternoon,Tea,3,10.71,True
2189,Friday,Morning,Pastry,1,5.07,True
2190,Thursday,Morning,Tea,1,3.97,False
2191,Tuesday,Afternoon,Coffee,1,3.81,True
2192,Saturday,Morning,Coffee,1,3.3,False
2193,Thursday,Evening,Tea,1,3.43,True
2194,Thursday,Afternoon,Coffee,1,3.89,True
2195,Monday,Morning,Coffee,1,4.14,True
2196,Wednesday,Morning,Tea,1,3.83,True
2197,Wednesday,Afternoon,Coffee,2,6.08,False
2198,Friday,Morning,Coffee,1,3.66,False
2199,Thursday,Morning,Tea,1,3.11,True
2200,Wednesday,Afternoon,Coffee,2,9.26,True
2201,Sunday,Morning,Coffee,3,11.7,True
2202,Monday,Afternoon,Coffee,1,3.74,True
2203,Wednesday,Morning,Coffee,2,8.54,False
2204,Monday,Afternoon,Sandwich,1,8.79,True
2205,Friday,Morning,Tea,1,3.49,True
2206,Saturday,Morning,Coffee,2,9.82,True
2207,Tuesday,Afternoon,Tea,3,12.63,True
2208,Friday,Afternoon,Coffee,1,3.8,False
2209,Tuesday,Morning,Coffee,1,3.91,True
2210,Saturday,Morning,Coffee,1,3.69,True
2211,Friday,Afternoon,Tea,1,2.73,False
2212,Friday,Morning,Coffee,2,9.04,True
2213,Monday,Evening,Coffee,1,5.21,True
2214,Sunday,Evening,Sandwich,1,8.97,True
2215,Friday,Afternoon,Sandwich,1,8.52,False
2216,Tuesday,Morning,Pastry,2,8.68,False
2217,Friday,Morning,Coffee,1,4.04,False
2218,Tuesday,Afternoon,Sandwich,1,8.14,False
2219,Saturday,Morning,Pastry,3,12.66,True
2220,Monday,Morning,Pastry,1,5.11,True
2221,Thursday,Morning,Coffee,2,8.12,False
2222,Thursday,Morning,Pastry,1,5.26,True
2223,Monday,Morning,Coffee,1,4.18,True
2224,Tuesday,Morning,Tea,1,3.06,False
2225,Monday,Afternoon,Tea,1,3.27,True
2226,Wednesday,Morning,Pastry,1,4.65,True
2227,Tuesday,Morning,Pastry,1,3.83,False
2228,Thursday,Morning,Coffee,1,3.37,False
2229,Tuesday,Afternoon,Pastry,1,3.78,True
2230,Tuesday,Morning,Coffee,1,4.26,True
2231,Friday,Afternoon,Tea,1,3.35,True
2232,Monday,Evening,Tea,1,3.97,True
2233,Saturday,Morning,Coffee,1,3.55,True
2234,Friday,Morning,Pastry,1,3.03,False
2235,Thursday,Morning,Coffee,1,3.93,True
2236,Thursday,Evening,Pastry,1,5.49,False
2237,Saturday,Afternoon,Sandwich,1,9.54,False
2238,Tuesday,Afternoon,Sandwich,1,7.85,False
2239,Monday,Morning,Pastry,1,3.53,True
2240,Tuesday,Evening,Coffee,2,9.2,True
2241,Friday,Morning,Pastry,1,4.02,False
2242,Monday,Morning,Coffee,1,4.77,False
2243,Thursday,Afternoon,Sandwich,1,10.28,True
2244,Sunday,Evening,Sandwich,3,25.74,False
2245,Friday,Morning,Pastry,1,5.2,True
2246,Wednesday,Morning,Coffee,1,3.54,False
2247,Monday,Morning,Coffee,3,9.84,True
2248,Friday,Morning,Pastry,1,3.98,False
2249,Thursday,Morning,Pastry,1,4.96,False
2250,Monday,Evening,Coffee,1,4.57,False
2251,Monday,Afternoon,Sandwich,1,9.02,False
2252,Saturday,Afternoon,Coffee,1,3.07,True
2253,Thursday,Afternoon,Sandwich,1,7.63,True
2254,Friday,Morning,Tea,2,6.14,True
2255,Saturday,Afternoon,Coffee,1,3.35,True
2256,Thursday,Afternoon,Coffee,2,8.26,True
2257,Wednesday,Morning,Pastry,2,11.32,True
2258,Wednesday,Afternoon,Tea,1,3.82,False
2259,Tuesday,Morning,Coffee,1,3.44,False
2260,Wednesday,Afternoon,Sandwich,1,8.67,True
2261,Friday,Evening,Sandwich,1,8.9,False
2262,Thursday,Morning,Coffee,1,4.19,True
2263,Saturday,Afternoon,Coffee,1,4.79,True
2264,Wednesday,Morning,Coffee,2,7.54,False
2265,Thursday,Afternoon,Sandwich,1,11.35,True
2266,Thursday,Morning,Coffee,1,5.05,True
2267,Thursday,Morning,Tea,2,6.72,True
2268,Thursday,Morning,Pastry,1,4.27,True
2269,Tuesday,Afternoon,Tea,1,3.36,True
2270,Wednesday,Morning,Coffee,1,4.03,True
2271,Monday,Evening,Sandwich,1,9.07,True
2272,Wednesday,Morning,Coffee,1,4.44,False
2273,Wednesday,Evening,Pastry,4,14.28,True
2274,Thursday,Afternoon,Sandwich,1,8.86,True
2275,Sunday,Morning,Pastry,1,4.7,True
2276,Thursday,Morning,Coffee,1,4.44,True
2277,Friday,Afternoon,Coffee,1,5.1,True
2278,Wednesday,Afternoon,Merchandise,1,25.54,True
2279,Thursday,Afternoon,Sandwich,1,8.72,False
2280,Monday,Morning,Coffee,1,2.87,True
2281,Tuesday,Morning,Coffee,1,3.45,True
2282,Wednesday,Evening,Tea,1,2.79,False
2283,Wednesday,Morning,Pastry,3,12.57,True
2284,Monday,Morning,Coffee,1,3.89,False
2285,Monday,Morning,Pastry,1,4.78,True
2286,Tuesday,Afternoon,Sandwich,1,9.14,False
2287,Sunday,Afternoon,Sandwich,1,10.06,False
2288,Tuesday,Morning,Pastry,2,9.14,True
2289,Wednesday,Morning,Pastry,1,3.88,True
2290,Tuesday,Morning,Coffee,5,15.8,True
2291,Thursday,Morning,Coffee,2,8.58,False
2292,Tuesday,Morning,Pastry,1,5.49,True
2293,Tuesday,Evening,Tea,2,9.02,False
2294,Wednesday,Morning,Coffee,2,8.94,False
2295,Monday,Morning,Coffee,1,4.73,True
2296,Monday,Afternoon,Coffee,1,4.23,False
2297,Tuesday,Morning,Pastry,1,4.68,True
2298,Monday,Afternoon,Sandwich,1,9.63,True
2299,Monday,Morning,Coffee,1,3.95,True
2300,Tuesday,Morning,Pastry,1,4.86,True
2301,Friday,Evening,Tea,1,3.29,True
2302,Thursday,Afternoon,Sandwich,1,9.32,True
2303,Wednesday,Morning,Coffee,3,10.23,False
2304,Tuesday,Afternoon,Sandwich,1,10.07,False
2305,Saturday,Evening,Tea,1,3.12,False
2306,Wednesday,Morning,Coffee,1,4.02,False
2307,Monday,Morning,Pastry,1,4.8,False
2308,Thursday,Evening,Coffee,4,17.16,True
2309,Monday,Morning,Sandwich,1,10.43,True
2310,Tuesday,Afternoon,Sandwich,2,18.48,True
2311,Wednesday,Afternoon,Tea,1,3.69,True
2312,Saturday,Afternoon,Sandwich,2,17.84,False
2313,Wednesday,Morning,Coffee,2,6.02,False
2314,Thursday,Morning,Coffee,3,12.81,False
2315,Sunday,Afternoon,Merchandise,1,38.32,True
2316,Monday,Morning,Coffee,1,4.51,True
2317,Tuesday,Morning,Pastry,1,4.48,False
2318,Wednesday,Morning,Coffee,1,3.2,True
2319,Wednesday,Morning,Tea,1,3.46,True
2320,Wednesday,Evening,Tea,1,3.85,False
2321,Saturday,Morning,Coffee,2,8.48,True
2322,Thursday,Evening,Merchandise,1,33.66,False
2323,Thursday,Morning,Coffee,2,6.34,False
2324,Tuesday,Afternoon,Sandwich,1,8.27,True
2325,Friday,Morning,Coffee,1,4.24,True
2326,Sunday,Afternoon,Pastry,1,3.5,False
2327,Friday,Afternoon,Sandwich,1,9.12,False
2328,Monday,Morning,Coffee,1,4.02,True
2329,Thursday,Evening,Coffee,2,9.14,True
2330,Monday,Morning,Pastry,1,4.87,True
2331,Tuesday,Afternoon,Sandwich,2,21.32,False
2332,Monday,Evening,Coffee,2,8.3,True
2333,Thursday,Afternoon,Tea,1,3.16,True
2334,Thursday,Evening,Sandwich,3,26.28,True
2335,Monday,Morning,Sandwich,2,16.76,True
2336,Wednesday,Morning,Sandwich,3,30.63,False
2337,Wednesday,Morning,Pastry,2,8.16,False
2338,Wednesday,Morning,Coffee,2,7.6,True
2339,Monday,Afternoon,Sandwich,1,9.53,True
2340,Wednesday,Morning,Pastry,1,5.48,True
2341,Friday,Afternoon,Tea,3,11.28,True
2342,Monday,Morning,Coffee,2,7.22,False
2343,Monday,Morning,Coffee,1,4.08,True
2344,Tuesday,Afternoon,Sandwich,1,11.48,True
2345,Sunday,Morning,Coffee,1,4.31,True
2346,Thursday,Afternoon,Coffee,1,3.2,True
2347,Thursday,Morning,Coffee,1,3.54,True
2348,Wednesday,Afternoon,Tea,1,3.1,False
2349,Thursday,Morning,Coffee,2,9.44,True
2350,Monday,Morning,Pastry,1,5.25,True
2351,Thursday,Afternoon,Coffee,1,3.69,False
2352,Saturday,Afternoon,Sandwich,2,17.44,False
2353,Thursday,Morning,Pastry,2,9.06,True
2354,Saturday,Morning,Pastry,1,4.54,True
2355,Friday,Morning,Pastry,1,3.92,True
2356,Monday,Morning,Coffee,1,3.88,True
2357,Saturday,Afternoon,Tea,2,5.84,False
2358,Monday,Afternoon,Coffee,1,4.64,True
2359,Wednesday,Morning,Sandwich,1,7.39,True
2360,Monday,Morning,Coffee,2,6.22,False
2361,Monday,Afternoon,Pastry,3,14.28,False
2362,Wednesday,Morning,Pastry,1,3.76,True
2363,Tuesday,Afternoon,Sandwich,1,8.9,True
2364,Wednesday,Morning,Pastry,1,4.54,True
2365,Thursday,Afternoon,Sandwich,1,10.31,False
2366,Monday,Morning,Coffee,1,3.89,True
2367,Monday,Afternoon,Sandwich,1,11.64,True
2368,Thursday,Morning,Coffee,1,4.0,True
2369,Tuesday,Morning,Pastry,1,5.21,True
2370,Friday,Afternoon,Pastry,2,9.34,True
2371,Thursday,Morning,Coffee,1,5.07,False
2372,Friday,Morning,Pastry,1,5.14,False
2373,Thursday,Morning,Coffee,4,16.08,False
2374,Wednesday,Morning,Pastry,1,4.88,True
2375,Thursday,Evening,Sandwich,3,27.57,True
2376,Tuesday,Afternoon,Sandwich,1,9.17,True
2377,Tuesday,Morning,Coffee,1,3.35,True
2378,Friday,Afternoon,Coffee,1,3.6,True
2379,Wednesday,Morning,Pastry,1,5.74,False
2380,Friday,Evening,Sandwich,1,8.06,False
2381,Friday,Morning,Coffee,1,3.67,False
2382,Friday,Afternoon,Tea,1,3.46,True
2383,Saturday,Morning,Coffee,1,3.97,True
2384,Wednesday,Morning,Sandwich,1,9.96,False
2385,Tuesday,Morning,Coffee,1,3.77,False
2386,Thursday,Morning,Coffee,1,4.22,True
2387,Wednesday,Afternoon,Sandwich,4,43.48,True
2388,Thursday,Morning,Coffee,1,4.63,True
2389,Thursday,Evening,Sandwich,4,36.72,False
2390,Thursday,Morning,Coffee,1,4.31,True
2391,Wednesday,Afternoon,Coffee,1,3.43,True
2392,Monday,Evening,Pastry,1,4.07,True
2393,Wednesday,Afternoon,Tea,2,6.06,False
2394,Monday,Afternoon,Coffee,2,7.96,True
2395,Saturday,Afternoon,Tea,2,6.32,True
2396,Tuesday,Morning,Coffee,1,3.24,False
2397,Monday,Afternoon,Sandwich,2,18.08,True
2398,Monday,Morning,Coffee,1,3.14,True
2399,Thursday,Morning,Sandwich,1,11.09,False
2400,Thursday,Morning,Tea,1,3.28,False
2401,Tuesday,Afternoon,Coffee,1,4.49,True
2402,Monday,Morning,Coffee,2,7.5,False
2403,Wednesday,Morning,Coffee,1,3.4,True
2404,Tuesday,Morning,Coffee,1,4.59,False
2405,Thursday,Evening,Tea,1,3.54,False
2406,Thursday,Morning,Coffee,4,19.76,True
2407,Wednesday,Morning,Tea,1,3.31,False
2408,Tuesday,Morning,Coffee,1,3.78,False
2409,Sunday,Evening,Coffee,1,4.5,False
2410,Wednesday,Evening,Pastry,2,10.22,True
2411,Thursday,Afternoon,Sandwich,4,38.72,True
2412,Monday,Afternoon,Coffee,1,5.67,True
2413,Wednesday,Morning,Pastry,1,4.33,True
2414,Monday,Evening,Pastry,2,7.48,True
2415,Wednesday,Morning,Sandwich,4,33.2,True
2416,Sunday,Morning,Coffee,1,3.86,False
2417,Wednesday,Morning,Merchandise,1,57.92,True
2418,Monday,Afternoon,Sandwich,2,18.56,True
2419,Monday,Afternoon,Pastry,1,5.44,True
2420,Wednesday,Morning,Coffee,1,4.22,True
2421,Monday,Evening,Coffee,1,4.54,False
2422,Monday,Morning,Pastry,1,4.73,True
2423,Friday,Morning,Tea,1,3.65,True
2424,Wednesday,Morning,Coffee,5,21.9,False
2425,Tuesday,Afternoon,Coffee,1,3.72,True
2426,Saturday,Afternoon,Coffee,2,7.44,True
2427,Monday,Morning,Tea,2,7.28,True
2428,Sunday,Afternoon,Sandwich,1,11.83,True
2429,Tuesday,Morning,Coffee,2,6.46,False
2430,Saturday,Afternoon,Coffee,1,2.99,True
2431,Thursday,Evening,Pastry,1,4.34,True
2432,Friday,Morning,Coffee,1,4.52,True
2433,Sunday,Afternoon,Coffee,1,4.03,True
2434,Tuesday,Afternoon,Coffee,1,3.42,True
2435,Sunday,Morning,Coffee,1,4.04,True
2436,Wednesday,Evening,Sandwich,1,7.42,True
2437,Wednesday,Morning,Pastry,1,4.88,False
2438,Tuesday,Morning,Merchandise,4,128.84,False
2439,Thursday,Morning,Coffee,3,11.88,True
2440,Monday,Morning,Pastry,1,4.76,False
2441,Thursday,Afternoon,Sandwich,1,9.75,False
2442,Thursday,Afternoon,Tea,1,3.28,False
2443,Friday,Evening,Tea,1,3.91,True
2444,Friday,Morning,Pastry,2,9.96,False
2445,Wednesday,Morning,Pastry,3,10.32,False
2446,Tuesday,Morning,Coffee,1,3.88,False
2447,Tuesday,Morning,Coffee,1,3.46,False
2448,Tuesday,Evening,Pastry,1,3.74,True
2449,Monday,Afternoon,Sandwich,1,10.14,True
2450,Tuesday,Morning,Pastry,2,8.5,False
2451,Tuesday,Afternoon,Coffee,1,3.93,True
2452,Sunday,Afternoon,Tea,2,6.46,True
2453,Thursday,Morning,Coffee,1,4.19,True
2454,Tuesday,Afternoon,Sandwich,1,10.31,True
2455,Thursday,Morning,Pastry,1,5.8,True
2456,Monday,Morning,Coffee,1,3.91,False
2457,Wednesday,Morning,Coffee,2,6.56,False
2458,Thursday,Morning,Pastry,2,8.4,True
2459,Wednesday,Morning,Tea,2,7.68,True
2460,Wednesday,Morning,Sandwich,1,8.57,True
2461,Sunday,Morning,Coffee,2,6.52,True
2462,Saturday,Afternoon,Sandwich,1,8.6,False
2463,Thursday,Evening,Sandwich,1,8.86,True
2464,Thursday,Afternoon,Coffee,1,3.46,True
2465,Thursday,Morning,Sandwich,1,9.76,True
2466,Tuesday,Morning,Coffee,2,7.92,False
2467,Wednesday,Morning,Pastry,1,4.97,True
2468,Monday,Morning,Sandwich,1,8.96,True
2469,Wednesday,Afternoon,Coffee,1,4.28,False
2470,Thursday,Afternoon,Sandwich,1,8.91,True
2471,Tuesday,Afternoon,Pastry,1,3.82,True
2472,Sunday,Afternoon,Sandwich,1,8.85,False
2473,Saturday,Morning,Pastry,2,7.06,False
2474,Friday,Morning,Tea,1,4.22,False
2475,Wednesday,Afternoon,Sandwich,2,19.34,False
2476,Friday,Morning,Coffee,1,3.6,True
2477,Monday,Morning,Coffee,1,3.81,False
2478,Friday,Morning,Coffee,1,2.77,True
2479,Monday,Morning,Tea,2,8.14,True
2480,Friday,Morning,Coffee,1,4.67,True
2481,Tuesday,Afternoon,Sandwich,1,9.63,False
2482,Saturday,Afternoon,Tea,3,10.89,True
2483,Sunday,Morning,Pastry,1,3.74,True
2484,Monday,Morning,Coffee,3,10.2,True
2485,Wednesday,Afternoon,Sandwich,1,7.46,True
2486,Sunday,Morning,Tea,2,6.88,True
2487,Wednesday,Morning,Pastry,1,5.14,True
2488,Friday,Morning,Pastry,1,4.27,True
2489,Thursday,Morning,Pastry,1,4.71,False
2490,Wednesday,Afternoon,Sandwich,1,10.67,True
2491,Tuesday,Afternoon,Sandwich,2,15.1,False
2492,Tuesday,Morning,Coffee,2,9.84,True
2493,Friday,Morning,Pastry,1,5.19,True
2494,Wednesday,Morning,Pastry,1,4.81,False
2495,Wednesday,Morning,Coffee,1,4.46,False
2496,Wednesday,Evening,Sandwich,1,10.67,True
2497,Thursday,Afternoon,Sandwich,1,9.85,False
2498,Friday,Morning,Sandwich,1,11.21,True
2499,Sunday,Afternoon,Sandwich,1,8.96,True
2500,Wednesday,Afternoon,Coffee,1,4.23,True
2501,Friday,Afternoon,Tea,1,4.03,True
2502,Friday,Morning,Coffee,1,2.65,True
2503,Thursday,Morning,Coffee,1,4.22,True
2504,Sunday,Afternoon,Sandwich,1,10.37,True
2505,Tuesday,Morning,Coffee,2,6.3,False
2506,Monday,Evening,Pastry,1,4.67,True
2507,Friday,Afternoon,Sandwich,1,8.55,True
2508,Wednesday,Evening,Sandwich,2,19.96,False
2509,Friday,Morning,Coffee,1,3.95,True
2510,Saturday,Afternoon,Coffee,1,3.53,True
2511,Monday,Morning,Coffee,1,4.55,False
2512,Saturday,Evening,Tea,1,3.33,True
2513,Wednesday,Morning,Sandwich,1,9.82,True
2514,Wednesday,Morning,Pastry,1,5.29,True
2515,Thursday,Afternoon,Tea,2,6.26,False
2516,Saturday,Morning,Pastry,1,4.5,False
2517,Monday,Morning,Coffee,1,3.75,True
2518,Wednesday,Evening,Sandwich,2,18.34,True
2519,Thursday,Morning,Coffee,1,5.08,True
2520,Friday,Afternoon,Sandwich,1,10.05,True
2521,Thursday,Morning,Coffee,1,4.16,True
2522,Monday,Afternoon,Coffee,1,4.26,False
2523,Tuesday,Afternoon,Coffee,2,8.44,False
2524,Tuesday,Morning,Coffee,2,6.18,False
2525,Friday,Morning,Pastry,1,5.88,False
2526,Tuesday,Afternoon,Coffee,2,6.54,True
2527,Tuesday,Morning,Tea,1,4.19,False
2528,Sunday,Morning,Pastry,1,4.87,False
2529,Monday,Afternoon,Sandwich,1,9.72,True
2530,Sunday,Morning,Pastry,1,4.32,True
2531,Thursday,Morning,Coffee,1,5.3,True
2532,Friday,Afternoon,Pastry,1,4.86,False
2533,Tuesday,Morning,Pastry,1,4.51,False
2534,Monday,Morning,Tea,5,16.45,True
2535,Friday,Morning,Tea,2,6.48,False
2536,Friday,Afternoon,Sandwich,1,9.56,True
2537,Friday,Afternoon,Coffee,1,3.53,False
2538,Monday,Afternoon,Sandwich,1,10.32,True
2539,Friday,Morning,Pastry,3,12.33,True
2540,Friday,Morning,Coffee,3,13.5,False
2541,Thursday,Morning,Pastry,1,5.09,True
2542,Friday,Morning,Coffee,1,3.97,False
2543,Friday,Evening,Tea,1,3.73,True
2544,Thursday,Morning,Pastry,1,4.88,False
2545,Monday,Morning,Pastry,1,3.62,True
2546,Wednesday,Morning,Pastry,1,5.54,True
2547,Monday,Afternoon,Sandwich,1,9.19,True
2548,Wednesday,Afternoon,Tea,1,3.78,True
2549,Wednesday,Afternoon,Sandwich,1,10.37,True
2550,Monday,Afternoon,Tea,2,5.0,True
2551,Tuesday,Morning,Coffee,1,3.67,False
2552,Monday,Morning,Coffee,2,8.84,True
2553,Friday,Morning,Pastry,1,4.54,True
2554,Sunday,Afternoon,Pastry,1,4.91,False
2555,Monday,Afternoon,Sandwich,1,9.61,False
2556,Sunday,Morning,Pastry,4,20.96,True
2557,Wednesday,Afternoon,Coffee,1,4.06,True
2558,Tuesday,Afternoon,Sandwich,1,11.21,True
2559,Monday,Afternoon,Tea,1,3.11,True
2560,Wednesday,Afternoon,Tea,1,3.45,True
2561,Friday,Afternoon,Sandwich,1,8.79,False
2562,Thursday,Morning,Coffee,4,16.76,True
2563,Monday,Afternoon,Sandwich,3,27.51,True
2564,Monday,Evening,Sandwich,2,18.44,True
2565,Wednesday,Morning,Coffee,4,14.6,True
2566,Tuesday,Afternoon,Sandwich,1,8.95,False
2567,Tuesday,Afternoon,Coffee,1,3.99,False
2568,Tuesday,Morning,Coffee,1,2.99,True
2569,Friday,Afternoon,Coffee,1,2.85,True
2570,Saturday,Morning,Coffee,4,16.12,False
2571,Wednesday,Evening,Tea,1,2.39,False
2572,Saturday,Afternoon,Merchandise,2,66.48,True
2573,Tuesday,Morning,Coffee,2,7.62,False
2574,Wednesday,Morning,Tea,1,3.72,True
2575,Tuesday,Afternoon,Coffee,1,3.66,False
2576,Thursday,Morning,Coffee,1,4.78,True
2577,Sunday,Morning,Coffee,1,4.42,True
2578,Thursday,Morning,Tea,1,2.9,True
2579,Tuesday,Morning,Coffee,1,3.86,False
2580,Thursday,Morning,Coffee,1,4.76,True
2581,Monday,Afternoon,Pastry,2,8.16,True
2582,Saturday,Evening,Sandwich,1,9.44,False
2583,Wednesday,Afternoon,Coffee,1,4.7,True
2584,Wednesday,Afternoon,Sandwich,2,17.7,True
2585,Thursday,Morning,Coffee,1,4.56,True
2586,Thursday,Morning,Tea,1,3.14,False
2587,Monday,Morning,Coffee,2,5.12,True
2588,Thursday,Afternoon,Tea,3,11.97,False
2589,Tuesday,Evening,Tea,3,11.04,False
2590,Thursday,Afternoon,Sandwich,1,10.11,True
2591,Friday,Afternoon,Tea,1,3.06,True
2592,Friday,Afternoon,Merchandise,1,27.1,True
2593,Thursday,Morning,Coffee,4,18.32,True
2594,Wednesday,Morning,Coffee,1,4.12,True
2595,Monday,Morning,Coffee,1,3.94,False
2596,Friday,Morning,Coffee,2,8.22,True
2597,Tuesday,Afternoon,Sandwich,4,45.24,True
2598,Wednesday,Morning,Pastry,1,4.93,True
2599,Tuesday,Afternoon,Sandwich,1,8.93,False
2600,Monday,Afternoon,Sandwich,1,7.82,True
2601,Thursday,Morning,Coffee,2,8.58,False
2602,Monday,Morning,Merchandise,1,27.65,True
2603,Friday,Morning,Coffee,1,3.41,True
2604,Tuesday,Morning,Pastry,1,5.29,False
2605,Monday,Afternoon,Pastry,2,10.04,True
2606,Wednesday,Morning,Sandwich,1,9.96,True
2607,Monday,Afternoon,Sandwich,2,16.02,True
2608,Tuesday,Afternoon,Merchandise,1,64.14,False
2609,Thursday,Afternoon,Pastry,1,5.12,True
2610,Monday,Afternoon,Coffee,4,15.4,True
2611,Friday,Morning,Coffee,1,3.74,False
2612,Monday,Morning,Pastry,1,4.55,True
2613,Tuesday,Morning,Pastry,1,4.21,True
2614,Friday,Morning,Coffee,1,5.11,True
2615,Tuesday,Evening,Pastry,2,8.54,True
2616,Monday,Afternoon,Coffee,2,6.94,True
2617,Wednesday,Morning,Pastry,1,5.45,False
2618,Tuesday,Morning,Coffee,1,3.72,True
2619,Friday,Morning,Tea,1,3.81,True
2620,Tuesday,Afternoon,Coffee,3,13.02,True
2621,Friday,Afternoon,Tea,1,3.48,False
2622,Saturday,Afternoon,Sandwich,2,16.66,True
2623,Wednesday,Evening,Tea,1,3.48,True
2624,Saturday,Morning,Coffee,3,10.26,False
2625,Wednesday,Morning,Coffee,3,11.97,False
2626,Sunday,Morning,Coffee,1,4.39,False
2627,Monday,Morning,Tea,2,8.38,True
2628,Thursday,Evening,Tea,1,3.06,True
2629,Wednesday,Afternoon,Sandwich,1,9.2,True
2630,Wednesday,Afternoon,Coffee,1,3.74,True
2631,Thursday,Morning,Pastry,1,4.66,True
2632,Thursday,Morning,Pastry,1,3.59,True
2633,Monday,Morning,Sandwich,1,8.39,True
2634,Monday,Morning,Pastry,1,3.48,False
2635,Thursday,Afternoon,Tea,1,2.92,False
2636,Thursday,Morning,Coffee,1,3.67,True
2637,Sunday,Afternoon,Sandwich,1,11.51,True
2638,Friday,Afternoon,Coffee,1,4.17,False
2639,Sunday,Morning,Coffee,1,4.03,True
2640,Thursday,Afternoon,Coffee,2,9.34,True
2641,Tuesday,Morning,Coffee,1,4.19,False
2642,Monday,Afternoon,Pastry,1,4.79,True
2643,Friday,Afternoon,Coffee,1,3.76,True
2644,Thursday,Evening,Coffee,1,3.68,False
2645,Monday,Morning,Pastry,1,3.71,True
2646,Wednesday,Morning,Coffee,1,3.7,True
2647,Sunday,Morning,Sandwich,1,9.16,False
2648,Wednesday,Morning,Coffee,1,4.17,True
2649,Wednesday,Afternoon,Sandwich,1,9.46,True
2650,Wednesday,Evening,Tea,1,3.35,False
2651,Tuesday,Morning,Coffee,1,3.54,True
2652,Wednesday,Morning,Coffee,1,4.2,True
2653,Wednesday,Morning,Coffee,1,3.75,True
2654,Monday,Morning,Pastry,1,4.71,True
2655,Friday,Morning,Pastry,1,3.35,False
2656,Wednesday,Morning,Coffee,4,16.68,False
2657,Friday,Afternoon,Coffee,2,8.74,True
2658,Friday,Morning,Coffee,1,4.31,True
2659,Tuesday,Morning,Coffee,1,3.9,True
2660,Thursday,Afternoon,Tea,1,3.87,True
2661,Wednesday,Morning,Sandwich,1,7.97,False
2662,Saturday,Afternoon,Pastry,1,4.45,True
2663,Tuesday,Afternoon,Sandwich,1,9.27,False
2664,Thursday,Afternoon,Sandwich,1,10.74,True
2665,Thursday,Morning,Pastry,1,3.29,False
2666,Tuesday,Morning,Coffee,1,3.47,True
2667,Monday,Afternoon,Sandwich,1,11.6,False
2668,Thursday,Afternoon,Sandwich,2,13.16,False
2669,Friday,Morning,Coffee,1,4.41,True
2670,Tuesday,Morning,Coffee,1,3.65,True
2671,Thursday,Morning,Sandwich,1,9.81,True
2672,Wednesday,Morning,Pastry,1,5.35,True
2673,Thursday,Afternoon,Coffee,1,4.15,True
2674,Tuesday,Morning,Coffee,1,4.72,True
2675,Saturday,Morning,Coffee,1,3.75,True
2676,Tuesday,Afternoon,Tea,2,6.72,True
2677,Wednesday,Morning,Coffee,1,4.39,True
2678,Monday,Afternoon,Coffee,1,3.78,False
2679,Monday,Afternoon,Sandwich,3,30.66,True
2680,Wednesday,Morning,Pastry,1,5.21,True
2681,Tuesday,Afternoon,Sandwich,2,21.08,True
2682,Friday,Afternoon,Coffee,2,6.42,True
2683,Monday,Morning,Pastry,1,4.3,True
2684,Wednesday,Morning,Coffee,1,4.14,False
2685,Tuesday,Morning,Coffee,2,7.76,True
2686,Monday,Evening,Sandwich,2,19.2,False
2687,Monday,Afternoon,Tea,1,3.62,True
2688,Wednesday,Morning,Coffee,1,3.74,False
2689,Wednesday,Afternoon,Coffee,1,3.9,True
2690,Wednesday,Morning,Coffee,2,6.82,True
2691,Wednesday,Afternoon,Sandwich,1,8.93,True
2692,Thursday,Afternoon,Merchandise,3,73.08,True
2693,Monday,Morning,Pastry,5,22.85,True
2694,Wednesday,Afternoon,Sandwich,2,18.54,True
2695,Sunday,Afternoon,Sandwich,1,8.4,True
2696,Wednesday,Afternoon,Sandwich,1,11.64,False
2697,Thursday,Morning,Coffee,1,3.88,True
2698,Tuesday,Afternoon,Sandwich,1,9.84,False
2699,Friday,Evening,Tea,1,3.24,True
2700,Friday,Morning,Pastry,1,4.25,True
2701,Wednesday,Morning,Coffee,1,4.16,False
2702,Sunday,Morning,Pastry,1,4.3,True
2703,Monday,Afternoon,Sandwich,2,19.0,True
2704,Monday,Afternoon,Merchandise,1,45.07,False
2705,Friday,Morning,Pastry,1,4.19,True
2706,Friday,Afternoon,Tea,1,2.97,True
2707,Monday,Morning,Coffee,3,9.72,False
2708,Tuesday,Afternoon,Tea,2,8.16,False
2709,Monday,Morning,Coffee,1,4.47,True
2710,Tuesday,Morning,Coffee,1,4.33,True
2711,Friday,Morning,Coffee,3,11.34,False
2712,Wednesday,Morning,Coffee,1,3.33,True
2713,Tuesday,Afternoon,Sandwich,1,9.16,True
2714,Wednesday,Afternoon,Sandwich,1,9.39,False
2715,Monday,Morning,Coffee,1,3.43,False
2716,Tuesday,Morning,Coffee,1,3.27,True
2717,Thursday,Morning,Coffee,1,3.13,True
2718,Sunday,Afternoon,Coffee,1,4.33,False
2719,Friday,Afternoon,Coffee,1,3.4,True
2720,Monday,Morning,Coffee,1,4.15,True
2721,Saturday,Afternoon,Pastry,1,4.26,False
2722,Friday,Morning,Coffee,1,4.29,True
2723,Friday,Evening,Pastry,1,4.7,False
2724,Wednesday,Evening,Tea,1,3.41,False
2725,Wednesday,Afternoon,Sandwich,1,9.66,False
2726,Tuesday,Evening,Sandwich,1,9.37,False
2727,Monday,Afternoon,Coffee,1,3.69,True
2728,Tuesday,Afternoon,Coffee,1,4.49,False
2729,Tuesday,Afternoon,Coffee,1,3.79,False
2730,Wednesday,Morning,Coffee,1,3.96,False
2731,Friday,Morning,Coffee,1,3.29,False
2732,Wednesday,Morning,Coffee,1,4.14,False
2733,Monday,Afternoon,Tea,1,3.26,True
2734,Sunday,Morning,Coffee,2,7.52,True
2735,Sunday,Morning,Pastry,2,8.0,True
2736,Friday,Morning,Coffee,2,7.88,True
2737,Sunday,Morning,Coffee,1,3.0,True
2738,Thursday,Afternoon,Coffee,1,4.34,True
2739,Sunday,Evening,Coffee,2,7.96,False
2740,Monday,Afternoon,Sandwich,1,8.94,True
2741,Wednesday,Afternoon,Sandwich,1,7.64,True
2742,Tuesday,Afternoon,Coffee,1,4.22,False
2743,Tuesday,Morning,Tea,3,9.75,True
2744,Monday,Morning,Tea,1,4.02,True
2745,Thursday,Afternoon,Tea,1,3.69,True
2746,Friday,Morning,Coffee,1,4.77,True
2747,Thursday,Morning,Pastry,1,4.58,False
2748,Monday,Afternoon,Coffee,3,13.62,False
2749,Friday,Morning,Coffee,1,4.23,False
2750,Thursday,Morning,Coffee,1,3.77,False
2751,Wednesday,Morning,Pastry,1,4.61,True
2752,Thursday,Morning,Pastry,2,8.0,False
2753,Tuesday,Morning,Pastry,2,11.48,False
2754,Tuesday,Morning,Pastry,2,8.88,False
2755,Saturday,Afternoon,Merchandise,2,70.7,True
2756,Tuesday,Afternoon,Sandwich,1,9.97,True
2757,Wednesday,Morning,Pastry,3,11.55,True
2758,Saturday,Afternoon,Merchandise,1,53.89,True
2759,Thursday,Morning,Coffee,2,6.98,False
2760,Monday,Morning,Tea,1,3.0,True
2761,Monday,Morning,Pastry,1,4.4,True
2762,Monday,Afternoon,Sandwich,1,7.96,True
2763,Thursday,Morning,Pastry,1,5.44,True
2764,Wednesday,Afternoon,Sandwich,1,9.22,True
2765,Monday,Afternoon,Sandwich,1,5.63,False
2766,Sunday,Morning,Coffee,1,4.1,False
2767,Wednesday,Afternoon,Coffee,4,17.12,False
2768,Tuesday,Evening,Coffee,3,11.37,False
2769,Wednesday,Morning,Coffee,2,6.64,True
2770,Thursday,Morning,Coffee,2,7.9,True
2771,Monday,Afternoon,Tea,1,3.31,True
2772,Tuesday,Afternoon,Tea,1,3.11,True
2773,Friday,Morning,Pastry,1,3.86,True
2774,Wednesday,Morning,Coffee,3,12.24,True
2775,Thursday,Morning,Pastry,2,10.08,True
2776,Wednesday,Morning,Pastry,2,9.56,False
2777,Monday,Morning,Coffee,3,9.42,True
2778,Monday,Evening,Tea,1,3.75,False
2779,Wednesday,Afternoon,Sandwich,1,10.43,True
2780,Tuesday,Morning,Pastry,4,21.36,True
2781,Monday,Afternoon,Coffee,1,3.53,False
2782,Friday,Afternoon,Coffee,1,3.97,False
2783,Sunday,Morning,Coffee,1,4.28,True
2784,Friday,Morning,Coffee,1,3.74,True
2785,Friday,Morning,Coffee,2,8.56,True
2786,Tuesday,Afternoon,Coffee,1,3.99,False
2787,Sunday,Morning,Tea,1,3.16,True
2788,Tuesday,Evening,Merchandise,1,28.73,True
2789,Sunday,Morning,Tea,1,4.0,True
2790,Sunday,Morning,Pastry,3,11.7,True
2791,Thursday,Morning,Pastry,1,3.8,True
2792,Sunday,Morning,Pastry,1,4.71,False
2793,Thursday,Afternoon,Tea,1,3.49,False
2794,Tuesday,Evening,Tea,3,8.94,True
2795,Wednesday,Morning,Pastry,1,4.19,True
2796,Thursday,Evening,Sandwich,3,25.56,True
2797,Monday,Afternoon,Tea,1,3.24,True
2798,Thursday,Morning,Coffee,1,5.26,True
2799,Sunday,Afternoon,Sandwich,2,18.28,False
2800,Tuesday,Morning,Coffee,1,3.56,True
2801,Friday,Afternoon,Coffee,1,5.01,True
2802,Saturday,Morning,Pastry,1,5.03,True
2803,Sunday,Afternoon,Pastry,1,4.93,True
2804,Sunday,Morning,Tea,1,3.17,True
2805,Wednesday,Afternoon,Sandwich,1,10.93,False
2806,Sunday,Afternoon,Pastry,1,4.99,True
2807,Friday,Morning,Coffee,1,4.07,True
2808,Monday,Morning,Coffee,2,6.28,True
2809,Wednesday,Morning,Coffee,1,3.99,True
2810,Thursday,Afternoon,Sandwich,1,11.58,True
2811,Tuesday,Morning,Coffee,1,4.11,True
2812,Thursday,Afternoon,Coffee,1,3.81,True
2813,Thursday,Morning,Coffee,1,3.89,False
2814,Monday,Morning,Coffee,2,7.84,False
2815,Thursday,Morning,Coffee,2,7.2,True
2816,Friday,Morning,Tea,1,3.48,True
2817,Wednesday,Afternoon,Tea,1,4.08,False
2818,Monday,Evening,Coffee,1,4.66,True
2819,Monday,Morning,Coffee,4,14.48,False
2820,Tuesday,Morning,Pastry,1,5.27,True
2821,Saturday,Morning,Coffee,1,4.38,True
2822,Tuesday,Afternoon,Sandwich,1,10.26,True
2823,Thursday,Morning,Coffee,1,4.22,True
2824,Tuesday,Afternoon,Sandwich,1,8.38,True
2825,Tuesday,Evening,Coffee,2,7.6,True
2826,Friday,Morning,Pastry,1,5.0,True
2827,Friday,Afternoon,Sandwich,1,8.05,False
2828,Monday,Morning,Pastry,1,3.88,True
2829,Wednesday,Morning,Coffee,1,4.15,True
2830,Monday,Morning,Pastry,1,4.03,False
2831,Wednesday,Morning,Pastry,2,9.98,True
2832,Thursday,Morning,Coffee,1,3.62,True
2833,Monday,Morning,Coffee,1,4.12,False
2834,Tuesday,Morning,Tea,2,7.26,True
2835,Wednesday,Morning,Coffee,1,3.76,False
2836,Saturday,Afternoon,Sandwich,1,9.21,True
2837,Sunday,Evening,Coffee,1,3.66,True
2838,Monday,Morning,Coffee,2,7.98,False
2839,Friday,Morning,Tea,1,3.12,True
2840,Wednesday,Morning,Coffee,1,3.89,True
2841,Wednesday,Afternoon,Sandwich,1,10.4,True
2842,Friday,Afternoon,Sandwich,1,8.14,True
2843,Saturday,Morning,Tea,2,6.62,True
2844,Sunday,Morning,Pastry,1,4.81,True
2845,Thursday,Morning,Pastry,2,6.5,True
2846,Tuesday,Morning,Coffee,1,4.93,True
2847,Friday,Evening,Sandwich,1,10.75,True
2848,Tuesday,Afternoon,Coffee,2,6.46,True
2849,Thursday,Morning,Coffee,1,2.95,True
2850,Tuesday,Morning,Coffee,1,4.01,False
2851,Thursday,Morning,Pastry,1,3.83,True
2852,Tuesday,Morning,Coffee,1,4.48,True
2853,Tuesday,Afternoon,Coffee,1,4.2,True
2854,Saturday,Morning,Tea,3,10.65,False
2855,Monday,Morning,Coffee,2,7.42,True
2856,Wednesday,Morning,Pastry,3,16.38,False
2857,Tuesday,Afternoon,Sandwich,5,52.0,True
2858,Monday,Afternoon,Coffee,1,4.3,True
2859,Monday,Morning,Coffee,1,4.6,True
2860,Monday,Morning,Tea,1,3.09,False
2861,Friday,Morning,Coffee,2,9.28,True
2862,Tuesday,Evening,Coffee,1,3.87,True
2863,Sunday,Morning,Coffee,1,4.17,False
2864,Thursday,Morning,Coffee,1,3.92,True
2865,Wednesday,Morning,Coffee,1,3.06,False
2866,Thursday,Afternoon,Pastry,1,5.07,True
2867,Wednesday,Morning,Pastry,1,3.41,True
2868,Friday,Morning,Coffee,2,7.04,False
2869,Tuesday,Afternoon,Sandwich,1,8.96,False
2870,Tuesday,Afternoon,Coffee,4,12.08,True
2871,Saturday,Afternoon,Tea,1,3.06,False
2872,Sunday,Afternoon,Sandwich,3,29.37,True
2873,Saturday,Morning,Tea,1,3.36,True
2874,Wednesday,Morning,Tea,2,6.78,False
2875,Friday,Evening,Sandwich,1,8.4,True
2876,Wednesday,Morning,Tea,1,3.52,True
2877,Wednesday,Afternoon,Coffee,2,7.68,True
2878,Tuesday,Afternoon,Sandwich,1,7.53,False
2879,Thursday,Morning,Pastry,1,4.38,True
2880,Tuesday,Morning,Merchandise,1,25.79,False
2881,Tuesday,Afternoon,Sandwich,1,10.58,True
2882,Friday,Afternoon,Sandwich,1,9.03,True
2883,Tuesday,Afternoon,Pastry,1,6.01,False
2884,Monday,Morning,Pastry,1,5.08,True
2885,Monday,Morning,Merchandise,1,33.82,True
2886,Sunday,Morning,Pastry,2,9.7,True
2887,Wednesday,Morning,Tea,1,2.66,False
2888,Wednesday,Morning,Coffee,1,4.48,False
2889,Friday,Evening,Sandwich,1,8.52,False
2890,Friday,Afternoon,Sandwich,1,9.61,True
2891,Tuesday,Afternoon,Sandwich,1,8.63,True
2892,Thursday,Morning,Coffee,1,3.69,False
2893,Friday,Morning,Tea,3,10.29,True
2894,Thursday,Evening,Tea,2,7.06,False
2895,Monday,Morning,Pastry,1,4.48,False
2896,Saturday,Morning,Coffee,1,4.0,True
2897,Wednesday,Morning,Tea,1,2.85,True
2898,Tuesday,Afternoon,Coffee,4,20.68,False
2899,Wednesday,Afternoon,Coffee,4,16.48,True
2900,Monday,Morning,Tea,1,3.68,True
2901,Monday,Afternoon,Coffee,1,3.83,True
2902,Friday,Morning,Tea,1,3.15,True
2903,Monday,Morning,Pastry,1,4.59,True
2904,Wednesday,Afternoon,Sandwich,1,9.85,True
2905,Wednesday,Afternoon,Coffee,1,4.65,True
2906,Monday,Afternoon,Sandwich,1,11.99,True
2907,Sunday,Afternoon,Tea,1,4.09,False
2908,Tuesday,Afternoon,Sandwich,1,7.38,False
2909,Tuesday,Afternoon,Sandwich,2,17.9,True
2910,Tuesday,Afternoon,Coffee,1,4.17,True
2911,Tuesday,Afternoon,Tea,1,3.34,True
2912,Monday,Evening,Tea,2,6.96,True
2913,Friday,Evening,Sandwich,1,6.93,True
2914,Sunday,Morning,Coffee,1,4.46,True
2915,Tuesday,Afternoon,Sandwich,1,7.25,False
2916,Thursday,Morning,Tea,1,2.87,False
2917,Friday,Morning,Sandwich,1,8.28,True
2918,Friday,Afternoon,Sandwich,2,18.76,True
2919,Wednesday,Morning,Coffee,1,3.19,False
2920,Tuesday,Morning,Pastry,1,3.86,False
2921,Tuesday,Afternoon,Sandwich,2,21.76,True
2922,Thursday,Morning,Pastry,1,4.43,False
2923,Friday,Morning,Coffee,1,4.22,True
2924,Tuesday,Evening,Tea,1,3.01,False
2925,Wednesday,Morning,Coffee,1,3.97,False
2926,Saturday,Morning,Coffee,1,3.93,True
2927,Friday,Morning,Coffee,2,7.2,True
2928,Sunday,Morning,Coffee,1,3.97,True
2929,Friday,Afternoon,Sandwich,1,7.23,True
2930,Wednesday,Afternoon,Tea,4,14.72,True
2931,Thursday,Morning,Tea,1,3.34,True
2932,Thursday,Afternoon,Coffee,1,3.87,True
2933,Monday,Morning,Pastry,2,10.02,True
2934,Thursday,Morning,Pastry,2,9.52,True
2935,Thursday,Afternoon,Sandwich,1,9.12,False
2936,Monday,Afternoon,Sandwich,2,16.32,True
2937,Friday,Afternoon,Coffee,1,4.66,False
2938,Thursday,Morning,Pastry,2,7.4,False
2939,Sunday,Morning,Coffee,3,12.93,True
2940,Monday,Morning,Coffee,1,3.2,True
2941,Tuesday,Morning,Coffee,1,4.46,False
2942,Thursday,Afternoon,Pastry,1,5.11,True
2943,Tuesday,Morning,Coffee,2,6.08,False
2944,Thursday,Afternoon,Sandwich,2,20.08,True
2945,Friday,Morning,Coffee,1,4.18,True
2946,Monday,Morning,Pastry,2,9.84,False
2947,Wednesday,Morning,Tea,2,7.3,True
2948,Wednesday,Morning,Coffee,2,7.04,True
2949,Wednesday,Afternoon,Coffee,2,7.78,True
2950,Saturday,Morning,Pastry,1,5.5,True
2951,Friday,Morning,Coffee,1,3.45,True
2952,Thursday,Afternoon,Pastry,2,9.38,True
2953,Thursday,Afternoon,Sandwich,3,32.64,False
2954,Wednesday,Morning,Coffee,1,3.5,True
2955,Saturday,Morning,Coffee,1,3.29,False
2956,Thursday,Afternoon,Tea,2,5.98,True
2957,Friday,Evening,Tea,2,7.32,True
2958,Friday,Afternoon,Coffee,1,3.36,False
2959,Tuesday,Morning,Coffee,1,3.93,True
2960,Friday,Evening,Tea,2,8.1,True
2961,Tuesday,Morning,Coffee,2,7.94,True
2962,Tuesday,Morning,Sandwich,2,17.14,True
2963,Tuesday,Afternoon,Pastry,2,9.16,True
2964,Sunday,Morning,Pastry,1,4.46,True
2965,Friday,Morning,Coffee,5,21.15,True
2966,Thursday,Morning,Coffee,2,9.62,True
2967,Friday,Morning,Pastry,1,4.74,True
2968,Thursday,Afternoon,Sandwich,3,35.82,False
2969,Sunday,Afternoon,Coffee,3,12.69,True
2970,Wednesday,Morning,Coffee,2,7.24,True
2971,Wednesday,Morning,Coffee,1,5.14,True
2972,Monday,Evening,Sandwich,1,9.35,True
2973,Friday,Afternoon,Coffee,1,3.47,False
2974,Friday,Morning,Coffee,1,5.16,True
2975,Wednesday,Evening,Sandwich,1,8.62,True
2976,Monday,Afternoon,Sandwich,1,8.57,True
2977,Friday,Morning,Pastry,1,4.17,True
2978,Monday,Morning,Coffee,3,12.24,False
2979,Thursday,Morning,Pastry,1,5.06,False
2980,Sunday,Afternoon,Sandwich,1,6.32,True
2981,Wednesday,Morning,Pastry,1,5.06,True
2982,Tuesday,Morning,Pastry,1,4.17,True
2983,Thursday,Morning,Pastry,2,8.5,False
2984,Friday,Evening,Coffee,1,4.86,True
2985,Thursday,Morning,Coffee,1,4.11,True
2986,Sunday,Evening,Sandwich,1,10.04,True
2987,Monday,Evening,Tea,1,3.48,True
2988,Wednesday,Morning,Coffee,1,4.38,True
2989,Thursday,Morning,Coffee,1,4.81,False
2990,Friday,Morning,Pastry,1,3.01,True
2991,Monday,Evening,Coffee,1,4.54,False
2992,Friday,Morning,Tea,2,8.24,True
2993,Thursday,Morning,Coffee,1,4.25,True
2994,Wednesday,Morning,Coffee,1,3.66,True
2995,Monday,Morning,Coffee,1,3.42,True
2996,Friday,Evening,Coffee,1,5.18,True
2997,Monday,Afternoon,Sandwich,1,8.41,False
2998,Tuesday,Afternoon,Sandwich,1,11.32,True
2999,Tuesday,Morning,Pastry,1,4.73,True
3000,Saturday,Morning,Coffee,1,5.02,True
3001,Thursday,Evening,Pastry,1,4.31,True
3002,Friday,Morning,Coffee,1,3.2,True
3003,Tuesday,Evening,Tea,3,10.5,True
3004,Thursday,Morning,Coffee,1,3.26,True
3005,Thursday,Morning,Pastry,1,6.11,False
3006,Friday,Afternoon,Coffee,3,12.93,False
3007,Saturday,Evening,Tea,1,3.81,True
3008,Monday,Evening,Sandwich,1,10.43,True
3009,Thursday,Morning,Coffee,1,3.65,True
3010,Monday,Morning,Pastry,1,4.42,True
3011,Thursday,Afternoon,Merchandise,1,36.23,True
3012,Tuesday,Afternoon,Pastry,3,17.01,False
3013,Tuesday,Afternoon,Coffee,1,3.42,True
3014,Tuesday,Morning,Pastry,1,4.06,True
3015,Thursday,Evening,Coffee,1,3.82,False
3016,Tuesday,Afternoon,Coffee,1,3.66,False
3017,Friday,Afternoon,Sandwich,1,7.75,True
3018,Wednesday,Morning,Coffee,1,2.65,True
3019,Monday,Morning,Coffee,1,3.09,False
3020,Friday,Evening,Pastry,1,5.16,True
3021,Tuesday,Afternoon,Sandwich,2,18.98,True
3022,Wednesday,Afternoon,Coffee,1,4.42,True
3023,Thursday,Evening,Tea,1,3.27,True
3024,Tuesday,Afternoon,Coffee,1,3.95,True
3025,Monday,Morning,Coffee,1,4.81,False
3026,Wednesday,Morning,Pastry,1,5.43,True
3027,Sunday,Morning,Pastry,2,10.14,True
3028,Thursday,Morning,Tea,1,3.58,True
3029,Thursday,Morning,Coffee,1,4.26,True
3030,Thursday,Morning,Coffee,3,12.57,False
3031,Tuesday,Morning,Coffee,1,3.92,False
3032,Wednesday,Morning,Coffee,2,7.6,False
3033,Friday,Morning,Coffee,1,4.56,True
3034,Monday,Morning,Coffee,1,3.35,True
3035,Tuesday,Morning,Coffee,3,14.22,False
3036,Tuesday,Afternoon,Sandwich,2,18.34,True
3037,Wednesday,Morning,Pastry,1,3.71,False
3038,Sunday,Morning,Coffee,1,3.73,False
3039,Monday,Afternoon,Coffee,1,3.56,True
3040,Wednesday,Afternoon,Sandwich,1,8.81,False
3041,Monday,Morning,Sandwich,3,26.37,True
3042,Sunday,Afternoon,Coffee,1,3.68,False
3043,Monday,Evening,Sandwich,1,9.13,False
3044,Wednesday,Afternoon,Sandwich,2,18.84,True
3045,Friday,Morning,Coffee,2,8.76,False
3046,Thursday,Afternoon,Coffee,1,3.88,False
3047,Wednesday,Morning,Coffee,2,8.32,True
3048,Tuesday,Afternoon,Pastry,1,4.5,False
3049,Wednesday,Evening,Tea,2,7.44,True
3050,Tuesday,Morning,Pastry,1,4.53,False
3051,Tuesday,Evening,Sandwich,3,26.16,True
3052,Wednesday,Morning,Coffee,1,3.54,True
3053,Tuesday,Evening,Pastry,1,4.63,True
3054,Tuesday,Afternoon,Sandwich,1,11.03,True
3055,Thursday,Morning,Coffee,2,7.78,True
3056,Sunday,Afternoon,Tea,2,6.44,True
3057,Thursday,Morning,Pastry,1,4.35,False
3058,Monday,Morning,Coffee,1,3.72,True
3059,Monday,Afternoon,Coffee,1,3.67,True
3060,Sunday,Morning,Coffee,1,3.28,False
3061,Tuesday,Afternoon,Pastry,1,4.35,False
3062,Monday,Morning,Coffee,1,4.12,False
3063,Thursday,Morning,Coffee,1,3.46,True
3064,Thursday,Evening,Pastry,1,3.97,False
3065,Thursday,Morning,Coffee,3,10.59,True
3066,Tuesday,Afternoon,Coffee,1,3.31,False
3067,Monday,Afternoon,Pastry,1,3.93,False
3068,Sunday,Afternoon,Coffee,1,3.9,False
3069,Tuesday,Evening,Sandwich,1,7.89,False
3070,Thursday,Afternoon,Coffee,1,3.93,True
3071,Thursday,Morning,Tea,1,3.22,False
3072,Thursday,Afternoon,Tea,1,3.13,True
3073,Tuesday,Morning,Coffee,1,4.19,True
3074,Tuesday,Morning,Pastry,1,4.12,True
3075,Thursday,Evening,Tea,1,3.31,True
3076,Friday,Afternoon,Sandwich,1,11.06,False
3077,Sunday,Afternoon,Pastry,1,3.95,True
3078,Monday,Afternoon,Pastry,1,5.44,True
3079,Monday,Afternoon,Sandwich,1,9.08,False
3080,Sunday,Evening,Pastry,1,3.82,True
3081,Friday,Morning,Tea,2,6.56,True
3082,Saturday,Morning,Pastry,3,13.62,True
3083,Tuesday,Morning,Pastry,1,5.25,True
3084,Thursday,Afternoon,Tea,1,3.82,True
3085,Thursday,Morning,Coffee,1,4.03,True
3086,Thursday,Morning,Coffee,1,4.63,True
3087,Wednesday,Morning,Coffee,1,3.06,True
3088,Monday,Evening,Tea,1,3.6,True
3089,Thursday,Afternoon,Sandwich,2,19.74,False
3090,Tuesday,Morning,Coffee,1,4.16,False
3091,Wednesday,Morning,Pastry,4,14.12,True
3092,Sunday,Morning,Coffee,1,3.49,True
3093,Wednesday,Morning,Coffee,1,3.92,False
3094,Friday,Morning,Pastry,1,5.17,True
3095,Tuesday,Evening,Tea,1,4.27,True
3096,Thursday,Evening,Coffee,3,11.01,True
3097,Sunday,Morning,Coffee,1,3.35,True
3098,Monday,Morning,Pastry,1,4.99,False
3099,Monday,Morning,Coffee,1,5.31,False
3100,Wednesday,Morning,Coffee,1,4.55,True
3101,Monday,Morning,Tea,1,3.2,True
3102,Friday,Morning,Coffee,1,5.43,True
3103,Saturday,Morning,Pastry,1,4.91,False
3104,Wednesday,Afternoon,Coffee,4,14.4,True
3105,Tuesday,Afternoon,Tea,1,4.27,True
3106,Wednesday,Afternoon,Sandwich,1,8.46,True
3107,Friday,Morning,Pastry,1,4.13,True
3108,Monday,Evening,Sandwich,2,20.74,False
3109,Thursday,Evening,Sandwich,1,9.47,False
3110,Thursday,Morning,Coffee,3,12.06,True
3111,Thursday,Morning,Coffee,1,4.02,True
3112,Tuesday,Morning,Coffee,1,4.56,True
3113,Thursday,Morning,Pastry,1,3.11,False
3114,Monday,Morning,Pastry,5,23.35,True
3115,Tuesday,Afternoon,Sandwich,1,9.15,True
3116,Saturday,Morning,Coffee,1,3.62,True
3117,Friday,Morning,Coffee,1,3.62,True
3118,Monday,Morning,Tea,1,2.45,False
3119,Tuesday,Evening,Sandwich,1,8.54,True
3120,Tuesday,Morning,Tea,2,8.04,True
3121,Tuesday,Afternoon,Sandwich,3,31.5,False
3122,Tuesday,Morning,Coffee,3,11.7,False
3123,Monday,Morning,Coffee,1,3.29,True
3124,Wednesday,Afternoon,Coffee,1,4.41,True
3125,Friday,Morning,Coffee,1,4.65,False
3126,Thursday,Morning,Coffee,1,4.52,True
3127,Thursday,Morning,Coffee,2,7.04,False
3128,Monday,Afternoon,Coffee,1,3.57,True
3129,Sunday,Afternoon,Sandwich,2,22.98,True
3130,Friday,Morning,Pastry,2,7.54,True
3131,Friday,Afternoon,Sandwich,1,10.07,True
3132,Friday,Morning,Coffee,1,3.11,True
3133,Saturday,Afternoon,Coffee,1,3.85,False
3134,Thursday,Morning,Coffee,1,4.29,True
3135,Tuesday,Afternoon,Sandwich,1,9.46,True
3136,Thursday,Evening,Pastry,3,14.43,False
3137,Friday,Evening,Coffee,1,3.39,True
3138,Friday,Morning,Pastry,1,4.01,False
3139,Wednesday,Afternoon,Tea,2,7.38,False
3140,Monday,Morning,Pastry,2,9.84,True
3141,Wednesday,Evening,Tea,2,7.18,True
3142,Saturday,Morning,Coffee,1,4.47,False
3143,Thursday,Morning,Coffee,1,3.17,True
3144,Wednesday,Morning,Pastry,1,4.22,False
3145,Tuesday,Morning,Pastry,1,5.59,False
3146,Wednesday,Afternoon,Pastry,1,5.27,True
3147,Saturday,Evening,Tea,1,3.75,True
3148,Thursday,Afternoon,Tea,3,10.32,False
3149,Friday,Afternoon,Sandwich,1,10.74,False
3150,Wednesday,Afternoon,Sandwich,1,10.01,False
3151,Thursday,Morning,Pastry,1,3.59,True
3152,Tuesday,Morning,Coffee,1,4.5,False
3153,Thursday,Morning,Coffee,1,3.57,False
3154,Wednesday,Morning,Coffee,1,4.38,False
3155,Wednesday,Morning,Pastry,3,10.59,True
3156,Thursday,Morning,Pastry,1,5.46,True
3157,Saturday,Morning,Coffee,1,3.86,True
3158,Monday,Morning,Coffee,1,3.45,False
3159,Friday,Evening,Tea,1,3.22,True
3160,Tuesday,Morning,Coffee,3,11.49,True
3161,Wednesday,Morning,Pastry,1,4.5,True
3162,Monday,Afternoon,Coffee,1,4.66,True
3163,Tuesday,Morning,Pastry,1,4.54,False
3164,Wednesday,Morning,Pastry,2,6.4,True
3165,Monday,Morning,Pastry,1,3.76,True
3166,Wednesday,Morning,Pastry,1,6.15,False
3167,Saturday,Morning,Tea,1,3.55,False
3168,Monday,Morning,Pastry,3,15.21,False
3169,Friday,Afternoon,Coffee,2,7.7,True
3170,Wednesday,Afternoon,Sandwich,1,8.29,False
3171,Thursday,Morning,Pastry,2,8.42,True
3172,Tuesday,Morning,Coffee,1,4.06,False
3173,Monday,Morning,Pastry,1,4.22,False
3174,Monday,Afternoon,Sandwich,1,11.8,False
3175,Monday,Morning,Pastry,2,8.26,True
3176,Tuesday,Afternoon,Coffee,1,3.47,False
3177,Thursday,Afternoon,Sandwich,2,20.94,False
3178,Saturday,Morning,Coffee,1,4.47,True
3179,Friday,Morning,Pastry,2,9.04,True
3180,Thursday,Morning,Coffee,1,3.7,False
3181,Monday,Morning,Coffee,1,3.05,True
3182,Tuesday,Morning,Coffee,1,4.61,True
3183,Tuesday,Morning,Coffee,1,4.43,True
3184,Tuesday,Morning,Coffee,1,3.78,True
3185,Wednesday,Morning,Coffee,1,4.03,True
3186,Wednesday,Afternoon,Sandwich,5,46.15,True
3187,Tuesday,Morning,Pastry,1,5.48,True
3188,Tuesday,Evening,Coffee,1,3.48,False
3189,Friday,Evening,Coffee,1,3.69,False
3190,Friday,Evening,Tea,1,3.21,False
3191,Tuesday,Afternoon,Sandwich,1,9.87,True
3192,Saturday,Morning,Coffee,2,8.06,False
3193,Sunday,Morning,Coffee,1,4.1,True
3194,Tuesday,Afternoon,Coffee,2,7.12,False
3195,Tuesday,Afternoon,Tea,1,4.09,True
3196,Wednesday,Afternoon,Coffee,4,15.08,True
3197,Sunday,Evening,Tea,1,3.98,True
3198,Saturday,Morning,Pastry,1,6.38,False
3199,Monday,Morning,Tea,1,3.15,False
3200,Wednesday,Morning,Coffee,3,12.51,True
3201,Thursday,Morning,Tea,1,3.45,True
3202,Wednesday,Morning,Coffee,1,5.02,True
3203,Tuesday,Afternoon,Sandwich,1,9.16,True
3204,Friday,Afternoon,Coffee,3,12.36,False
3205,Thursday,Morning,Pastry,1,4.64,True
3206,Friday,Evening,Sandwich,1,9.38,False
3207,Friday,Afternoon,Coffee,2,8.76,False
3208,Friday,Afternoon,Sandwich,2,19.22,True
3209,Wednesday,Morning,Coffee,2,8.48,False
3210,Thursday,Afternoon,Sandwich,5,48.8,True
3211,Monday,Afternoon,Coffee,1,3.7,False
3212,Thursday,Morning,Coffee,1,3.87,True
3213,Monday,Morning,Coffee,1,4.28,True
3214,Thursday,Evening,Tea,2,7.44,False
3215,Tuesday,Morning,Coffee,2,9.24,True
3216,Monday,Morning,Coffee,3,14.79,False
3217,Monday,Morning,Tea,1,3.29,True
3218,Monday,Afternoon,Tea,1,3.55,True
3219,Thursday,Afternoon,Coffee,1,3.9,False
3220,Friday,Morning,Tea,1,3.06,True
3221,Wednesday,Morning,Coffee,1,4.28,True
3222,Monday,Evening,Tea,2,7.62,True
3223,Monday,Afternoon,Coffee,1,3.46,True
3224,Monday,Afternoon,Coffee,1,3.81,True
3225,Monday,Morning,Coffee,1,3.76,True
3226,Saturday,Morning,Pastry,2,7.18,False
3227,Tuesday,Morning,Coffee,1,3.98,True
3228,Tuesday,Afternoon,Coffee,2,6.86,False
3229,Monday,Morning,Coffee,1,4.08,False
3230,Tuesday,Morning,Coffee,1,4.13,True
3231,Wednesday,Morning,Coffee,1,4.2,False
3232,Thursday,Morning,Coffee,2,8.44,True
3233,Tuesday,Afternoon,Tea,1,4.11,True
3234,Monday,Morning,Coffee,3,10.8,True
3235,Wednesday,Afternoon,Sandwich,1,8.59,False
3236,Tuesday,Evening,Tea,1,3.76,False
3237,Tuesday,Morning,Coffee,1,3.93,False
3238,Sunday,Afternoon,Sandwich,1,10.85,True
3239,Thursday,Evening,Tea,1,3.72,True
3240,Thursday,Evening,Sandwich,1,11.8,False
3241,Wednesday,Morning,Tea,2,6.92,True
3242,Wednesday,Morning,Coffee,1,3.26,False
3243,Thursday,Morning,Coffee,1,4.17,True
3244,Thursday,Afternoon,Sandwich,1,9.41,True
3245,Thursday,Afternoon,Sandwich,1,10.14,True
3246,Monday,Afternoon,Sandwich,1,10.3,False
3247,Wednesday,Morning,Coffee,4,14.92,True
3248,Wednesday,Morning,Coffee,1,3.5,True
3249,Saturday,Afternoon,Sandwich,2,18.64,True
3250,Thursday,Morning,Coffee,1,2.81,True
3251,Wednesday,Afternoon,Sandwich,1,9.6,True
3252,Monday,Morning,Coffee,1,3.8,True
3253,Thursday,Morning,Pastry,1,5.02,False
3254,Monday,Morning,Coffee,1,3.01,False
3255,Tuesday,Morning,Coffee,1,4.0,False
3256,Monday,Morning,Pastry,2,10.9,True
3257,Thursday,Morning,Coffee,4,17.36,False
3258,Tuesday,Morning,Coffee,1,4.49,True
3259,Wednesday,Morning,Coffee,2,8.34,True
3260,Saturday,Morning,Tea,1,2.84,True
3261,Tuesday,Afternoon,Sandwich,1,9.7,False
3262,Wednesday,Morning,Coffee,3,12.6,False
3263,Wednesday,Afternoon,Tea,1,3.07,False
3264,Monday,Afternoon,Coffee,2,7.88,True
3265,Friday,Afternoon,Sandwich,1,6.02,False
3266,Monday,Evening,Coffee,1,3.83,True
3267,Wednesday,Morning,Coffee,1,3.78,True
3268,Thursday,Afternoon,Coffee,2,9.4,True
3269,Thursday,Evening,Pastry,1,4.14,False
3270,Thursday,Afternoon,Sandwich,1,9.18,False
3271,Tuesday,Morning,Coffee,1,3.96,False
3272,Monday,Morning,Coffee,1,3.7,True
3273,Friday,Morning,Coffee,1,4.36,True
3274,Wednesday,Afternoon,Sandwich,2,14.22,False
3275,Friday,Afternoon,Coffee,2,9.14,False
3276,Friday,Morning,Coffee,2,7.98,True
3277,Friday,Morning,Coffee,3,13.95,False
3278,Wednesday,Afternoon,Sandwich,2,12.4,True
3279,Tuesday,Morning,Coffee,3,8.34,True
3280,Friday,Afternoon,Pastry,1,4.32,True
3281,Wednesday,Afternoon,Coffee,1,4.25,True
3282,Tuesday,Morning,Coffee,5,18.6,True
3283,Friday,Afternoon,Sandwich,1,10.2,False
3284,Saturday,Morning,Coffee,2,8.98,True
3285,Wednesday,Afternoon,Sandwich,1,10.3,False
3286,Monday,Evening,Pastry,2,9.12,True
3287,Wednesday,Afternoon,Coffee,1,4.05,False
3288,Friday,Morning,Coffee,1,3.69,False
3289,Saturday,Morning,Pastry,1,4.47,True
3290,Tuesday,Morning,Coffee,1,3.49,True
3291,Monday,Morning,Pastry,3,12.09,True
3292,Saturday,Morning,Coffee,1,4.26,True
3293,Wednesday,Morning,Coffee,3,11.31,True
3294,Thursday,Morning,Pastry,1,4.06,False
3295,Sunday,Morning,Pastry,3,14.31,False
3296,Monday,Morning,Coffee,1,4.19,True
3297,Thursday,Evening,Pastry,1,4.37,True
3298,Monday,Afternoon,Coffee,1,3.93,True
3299,Wednesday,Morning,Coffee,5,21.05,True
3300,Friday,Morning,Coffee,1,4.48,True
3301,Wednesday,Morning,Coffee,1,4.1,True
3302,Sunday,Morning,Coffee,1,3.4,True
3303,Thursday,Morning,Coffee,1,3.89,False
3304,Tuesday,Afternoon,Sandwich,2,18.02,True
3305,Tuesday,Afternoon,Sandwich,1,8.24,True
3306,Tuesday,Afternoon,Tea,1,3.7,False
3307,Wednesday,Morning,Sandwich,3,30.57,True
3308,Monday,Evening,Coffee,1,4.36,False
3309,Wednesday,Evening,Tea,2,6.2,False
3310,Wednesday,Morning,Tea,1,3.56,False
3311,Friday,Morning,Coffee,4,16.0,True
3312,Thursday,Morning,Pastry,1,4.68,True
3313,Thursday,Morning,Coffee,2,8.12,True
3314,Monday,Afternoon,Coffee,1,3.99,True
3315,Tuesday,Morning,Coffee,1,3.93,False
3316,Thursday,Morning,Pastry,1,5.16,False
3317,Wednesday,Morning,Tea,1,3.16,False
3318,Monday,Morning,Tea,1,3.43,True
3319,Friday,Afternoon,Pastry,1,5.15,False
3320,Friday,Afternoon,Coffee,5,17.95,True
3321,Thursday,Afternoon,Sandwich,1,8.59,False
3322,Monday,Morning,Coffee,1,4.37,True
3323,Friday,Afternoon,Coffee,1,3.29,False
3324,Thursday,Morning,Tea,1,3.76,True
3325,Friday,Afternoon,Coffee,1,3.76,True
3326,Friday,Morning,Coffee,4,16.84,False
3327,Friday,Morning,Pastry,2,7.54,False
3328,Wednesday,Morning,Tea,1,3.97,False
3329,Monday,Morning,Tea,1,3.01,True
3330,Thursday,Evening,Tea,1,3.79,True
3331,Thursday,Morning,Coffee,1,3.41,True
3332,Friday,Morning,Tea,1,4.22,False
3333,Monday,Morning,Pastry,2,8.92,True
3334,Tuesday,Afternoon,Pastry,1,5.67,False
3335,Saturday,Morning,Sandwich,3,25.56,True
3336,Friday,Afternoon,Sandwich,1,8.97,True
3337,Saturday,Afternoon,Tea,1,3.98,False
3338,Friday,Morning,Pastry,3,10.92,False
3339,Thursday,Morning,Coffee,1,3.65,True
3340,Thursday,Morning,Coffee,1,4.25,True
3341,Saturday,Afternoon,Coffee,1,3.49,True
3342,Thursday,Morning,Coffee,1,4.26,True
3343,Thursday,Morning,Pastry,1,4.6,True
3344,Monday,Afternoon,Sandwich,1,7.68,False
3345,Wednesday,Afternoon,Sandwich,1,10.66,True
3346,Thursday,Morning,Coffee,2,6.74,False
3347,Tuesday,Morning,Coffee,1,4.39,False
3348,Tuesday,Morning,Coffee,1,4.06,False
3349,Tuesday,Morning,Coffee,1,3.77,True
3350,Tuesday,Morning,Coffee,1,3.45,False
3351,Tuesday,Evening,Tea,1,3.63,False
3352,Wednesday,Morning,Coffee,1,3.56,True
3353,Saturday,Afternoon,Tea,1,3.98,False
3354,Wednesday,Afternoon,Coffee,1,4.62,True
3355,Tuesday,Morning,Coffee,2,9.64,True
3356,Monday,Afternoon,Sandwich,2,19.68,True
3357,Thursday,Morning,Coffee,1,3.8,True
3358,Wednesday,Evening,Coffee,1,3.85,False
3359,Friday,Afternoon,Sandwich,1,9.06,True
3360,Thursday,Morning,Merchandise,1,37.74,True
3361,Friday,Morning,Pastry,1,4.76,True
3362,Tuesday,Morning,Coffee,4,18.48,False
3363,Thursday,Morning,Coffee,1,4.01,True
3364,Tuesday,Morning,Sandwich,3,23.46,False
3365,Saturday,Morning,Pastry,1,4.26,True
3366,Thursday,Afternoon,Pastry,1,5.43,False
3367,Tuesday,Morning,Coffee,1,3.22,False
3368,Tuesday,Afternoon,Coffee,2,8.74,True
3369,Tuesday,Afternoon,Coffee,1,3.8,True
3370,Thursday,Morning,Tea,1,3.15,True
3371,Tuesday,Afternoon,Coffee,1,4.2,True
3372,Thursday,Morning,Merchandise,2,117.68,True
3373,Tuesday,Morning,Coffee,2,8.34,True
3374,Thursday,Afternoon,Sandwich,1,9.18,True
3375,Friday,Morning,Coffee,1,3.35,True
3376,Friday,Afternoon,Pastry,4,17.76,True
3377,Friday,Afternoon,Coffee,2,6.66,True
3378,Tuesday,Evening,Sandwich,1,9.13,False
3379,Monday,Afternoon,Pastry,2,8.92,False
3380,Thursday,Afternoon,Coffee,1,2.82,True
3381,Wednesday,Morning,Pastry,1,5.33,True
3382,Wednesday,Morning,Coffee,1,3.38,True
3383,Monday,Afternoon,Sandwich,1,9.28,True
3384,Tuesday,Morning,Pastry,2,9.64,False
3385,Monday,Morning,Pastry,1,5.29,False
3386,Saturday,Morning,Coffee,1,3.6,True
3387,Tuesday,Afternoon,Coffee,2,5.5,False
3388,Thursday,Morning,Sandwich,2,21.58,False
3389,Monday,Afternoon,Tea,1,3.0,True
3390,Thursday,Morning,Coffee,1,4.18,False
3391,Tuesday,Morning,Pastry,2,9.5,True
3392,Saturday,Morning,Coffee,2,4.74,True
3393,Saturday,Morning,Pastry,2,7.06,True
3394,Tuesday,Afternoon,Sandwich,1,8.95,True
3395,Saturday,Morning,Pastry,1,2.95,False
3396,Sunday,Morning,Coffee,2,6.66,False
3397,Friday,Morning,Coffee,2,8.12,True
3398,Friday,Morning,Coffee,1,3.96,True
3399,Tuesday,Morning,Coffee,1,4.15,True
3400,Thursday,Morning,Coffee,2,8.44,False
3401,Monday,Evening,Tea,1,2.83,True
3402,Monday,Afternoon,Pastry,1,3.73,False
3403,Sunday,Morning,Coffee,1,4.38,False
3404,Tuesday,Morning,Pastry,1,5.41,True
3405,Friday,Morning,Coffee,1,3.52,True
3406,Friday,Morning,Coffee,1,4.13,True
3407,Friday,Afternoon,Sandwich,1,10.47,True
3408,Sunday,Afternoon,Sandwich,4,39.16,True
3409,Tuesday,Morning,Coffee,3,11.64,False
3410,Monday,Afternoon,Sandwich,3,26.19,True
3411,Wednesday,Morning,Coffee,2,9.98,True
3412,Monday,Morning,Coffee,1,4.05,True
3413,Monday,Morning,Pastry,1,4.73,False
3414,Wednesday,Morning,Pastry,1,4.69,True
3415,Friday,Evening,Pastry,1,4.01,False
3416,Thursday,Morning,Pastry,1,4.53,True
3417,Tuesday,Morning,Pastry,1,4.31,False
3418,Thursday,Evening,Merchandise,5,159.7,False
3419,Tuesday,Afternoon,Tea,1,3.63,True
3420,Monday,Afternoon,Pastry,1,3.95,True
3421,Friday,Evening,Tea,1,3.02,False
3422,Thursday,Morning,Coffee,1,4.25,False
3423,Friday,Afternoon,Tea,3,9.87,True
3424,Monday,Afternoon,Sandwich,1,9.09,True
3425,Friday,Afternoon,Sandwich,1,7.19,True
3426,Thursday,Afternoon,Sandwich,3,31.98,False
3427,Thursday,Morning,Coffee,1,4.26,False
3428,Thursday,Afternoon,Pastry,1,4.92,True
3429,Friday,Morning,Coffee,1,4.19,True
3430,Thursday,Morning,Coffee,2,6.48,True
3431,Thursday,Morning,Pastry,1,4.64,True
3432,Sunday,Evening,Tea,2,6.52,False
3433,Friday,Morning,Pastry,3,11.76,False
3434,Wednesday,Morning,Coffee,1,4.25,False
3435,Thursday,Morning,Coffee,1,4.83,True
3436,Wednesday,Evening,Pastry,2,10.8,False
3437,Tuesday,Morning,Coffee,1,4.31,False
3438,Thursday,Afternoon,Coffee,5,19.9,True
3439,Saturday,Afternoon,Coffee,1,3.89,False
3440,Saturday,Morning,Tea,1,3.14,True
3441,Tuesday,Morning,Sandwich,1,9.18,False
3442,Wednesday,Afternoon,Sandwich,1,10.59,False
3443,Tuesday,Evening,Merchandise,1,64.98,True
3444,Sunday,Afternoon,Sandwich,2,17.04,False
3445,Sunday,Morning,Pastry,1,3.3,True
3446,Thursday,Afternoon,Pastry,2,8.36,False
3447,Friday,Morning,Coffee,1,4.45,True
3448,Thursday,Afternoon,Tea,1,4.33,False
3449,Thursday,Afternoon,Sandwich,2,22.14,True
3450,Monday,Morning,Coffee,4,18.56,True
3451,Wednesday,Afternoon,Coffee,2,7.16,True
3452,Thursday,Afternoon,Sandwich,2,17.02,True
3453,Thursday,Afternoon,Coffee,1,3.34,False
3454,Wednesday,Morning,Sandwich,2,17.4,True
3455,Sunday,Morning,Pastry,1,5.05,True
3456,Monday,Afternoon,Coffee,1,4.81,True
3457,Wednesday,Morning,Tea,1,3.64,True
3458,Thursday,Morning,Pastry,2,8.7,True
3459,Thursday,Evening,Tea,1,3.07,False
3460,Thursday,Morning,Pastry,1,4.43,True
3461,Tuesday,Evening,Sandwich,1,9.74,False
3462,Monday,Morning,Coffee,1,3.27,False
3463,Thursday,Morning,Coffee,2,8.92,False
3464,Thursday,Afternoon,Coffee,1,3.79,False
3465,Monday,Afternoon,Coffee,1,4.43,False
3466,Thursday,Afternoon,Coffee,1,3.99,True
3467,Wednesday,Morning,Pastry,1,4.68,False
3468,Thursday,Afternoon,Tea,1,3.22,True
3469,Friday,Morning,Pastry,1,4.29,True
3470,Monday,Morning,Coffee,1,4.32,True
3471,Monday,Morning,Coffee,1,3.93,True
3472,Friday,Afternoon,Sandwich,2,16.34,True
3473,Thursday,Morning,Pastry,4,18.28,False
3474,Thursday,Morning,Coffee,1,4.19,True
3475,Friday,Morning,Coffee,1,4.69,True
3476,Friday,Morning,Pastry,2,10.38,False
3477,Sunday,Morning,Coffee,1,3.97,True
3478,Wednesday,Afternoon,Coffee,1,3.73,True
3479,Wednesday,Morning,Coffee,1,3.89,False
3480,Wednesday,Afternoon,Sandwich,3,26.61,False
3481,Monday,Afternoon,Coffee,1,4.25,True
3482,Thursday,Morning,Coffee,1,4.52,True
3483,Tuesday,Afternoon,Pastry,1,5.24,False
3484,Saturday,Morning,Pastry,1,4.25,True
3485,Thursday,Afternoon,Coffee,1,3.74,True
3486,Thursday,Evening,Tea,1,3.33,True
3487,Tuesday,Morning,Coffee,2,6.06,False
3488,Monday,Afternoon,Tea,1,3.02,True
3489,Monday,Morning,Pastry,1,4.48,True
3490,Wednesday,Morning,Tea,1,3.65,True
3491,Monday,Afternoon,Sandwich,1,10.09,True
3492,Thursday,Morning,Pastry,3,12.09,True
3493,Saturday,Morning,Pastry,1,4.21,True
3494,Saturday,Morning,Coffee,1,3.87,False
3495,Thursday,Afternoon,Merchandise,1,31.6,False
3496,Tuesday,Morning,Coffee,1,4.34,False
3497,Friday,Evening,Sandwich,3,23.79,True
3498,Saturday,Morning,Coffee,1,3.43,True
3499,Tuesday,Morning,Pastry,1,4.32,True
3500,Friday,Afternoon,Tea,1,2.95,True
3501,Tuesday,Morning,Pastry,2,6.72,False
3502,Friday,Afternoon,Sandwich,1,7.71,True
3503,Sunday,Morning,Pastry,1,4.35,False
3504,Monday,Morning,Pastry,1,4.88,False
3505,Saturday,Morning,Coffee,3,12.99,False
3506,Thursday,Evening,Tea,1,4.14,True
3507,Sunday,Afternoon,Sandwich,1,9.62,True
3508,Wednesday,Afternoon,Sandwich,1,9.78,True
3509,Friday,Morning,Coffee,1,3.87,True
3510,Monday,Afternoon,Tea,1,3.42,False
3511,Tuesday,Morning,Coffee,1,5.04,True
3512,Monday,Evening,Tea,1,3.6,True
3513,Sunday,Afternoon,Tea,1,3.64,True
3514,Friday,Afternoon,Coffee,1,3.43,False
3515,Friday,Morning,Coffee,1,4.21,True
3516,Saturday,Morning,Coffee,1,4.33,False
3517,Monday,Morning,Coffee,2,9.12,True
3518,Wednesday,Evening,Tea,1,3.75,False
3519,Monday,Morning,Coffee,1,3.94,True
3520,Tuesday,Morning,Pastry,2,8.8,True
3521,Tuesday,Morning,Coffee,1,3.96,False
3522,Wednesday,Morning,Pastry,1,4.56,False
3523,Tuesday,Morning,Pastry,1,5.26,True
3524,Monday,Afternoon,Coffee,1,4.54,False
3525,Monday,Afternoon,Coffee,1,4.38,True
3526,Monday,Afternoon,Tea,1,4.31,False
3527,Sunday,Afternoon,Pastry,1,2.91,True
3528,Friday,Morning,Coffee,2,7.54,True
3529,Sunday,Morning,Coffee,1,3.99,True
3530,Wednesday,Morning,Tea,2,6.46,True
3531,Tuesday,Evening,Coffee,5,17.7,True
3532,Friday,Morning,Sandwich,1,7.44,True
3533,Tuesday,Morning,Coffee,2,7.68,True
3534,Tuesday,Morning,Pastry,1,5.04,True
3535,Tuesday,Morning,Coffee,1,4.39,True
3536,Monday,Morning,Coffee,3,10.86,False
3537,Tuesday,Morning,Coffee,1,4.11,False
3538,Tuesday,Afternoon,Merchandise,1,54.6,True
3539,Thursday,Afternoon,Coffee,1,3.24,True
3540,Monday,Morning,Tea,1,3.44,True
3541,Tuesday,Morning,Pastry,1,4.67,False
3542,Friday,Afternoon,Sandwich,1,9.51,False
3543,Monday,Morning,Coffee,1,4.43,True
3544,Tuesday,Afternoon,Sandwich,1,7.7,False
3545,Friday,Morning,Pastry,1,3.9,True
3546,Monday,Afternoon,Tea,1,3.77,True
3547,Monday,Afternoon,Pastry,1,3.48,True
3548,Wednesday,Afternoon,Sandwich,1,10.47,True
3549,Tuesday,Afternoon,Merchandise,1,40.15,False
3550,Thursday,Morning,Coffee,2,8.74,False
3551,Friday,Morning,Pastry,1,4.22,False
3552,Monday,Morning,Coffee,1,4.25,True
3553,Thursday,Afternoon,Tea,2,6.06,True
3554,Wednesday,Morning,Coffee,1,3.79,True
3555,Monday,Afternoon,Coffee,1,4.02,True
3556,Thursday,Morning,Tea,1,3.14,True
3557,Tuesday,Morning,Coffee,1,4.11,False
3558,Wednesday,Afternoon,Coffee,1,3.43,True
3559,Monday,Morning,Coffee,5,20.65,False
3560,Wednesday,Morning,Coffee,1,4.87,False
3561,Tuesday,Morning,Sandwich,1,7.99,False
3562,Friday,Morning,Pastry,2,8.98,False
3563,Monday,Afternoon,Tea,1,2.85,True
3564,Wednesday,Afternoon,Sandwich,1,8.5,True
3565,Wednesday,Morning,Coffee,1,4.35,False
3566,Friday,Morning,Tea,1,3.33,False
3567,Thursday,Morning,Sandwich,2,20.78,True
3568,Thursday,Morning,Coffee,1,4.18,True
3569,Friday,Evening,Pastry,2,8.92,True
3570,Friday,Afternoon,Coffee,1,3.49,True
3571,Tuesday,Morning,Coffee,2,8.68,False
3572,Wednesday,Morning,Coffee,1,4.15,True
3573,Friday,Evening,Merchandise,2,48.72,False
3574,Sunday,Morning,Coffee,1,3.52,False
3575,Saturday,Morning,Pastry,2,5.68,False
3576,Wednesday,Afternoon,Sandwich,1,7.86,True
3577,Tuesday,Morning,Coffee,1,3.84,False
3578,Wednesday,Morning,Coffee,1,3.47,False
3579,Friday,Evening,Pastry,1,4.0,True
3580,Wednesday,Afternoon,Pastry,1,5.33,True
3581,Wednesday,Morning,Coffee,1,4.51,False
3582,Friday,Morning,Merchandise,1,29.19,True
3583,Wednesday,Morning,Pastry,2,9.96,True
3584,Friday,Afternoon,Tea,1,3.99,False
3585,Wednesday,Morning,Tea,1,3.75,False
3586,Tuesday,Morning,Coffee,1,4.15,True
3587,Wednesday,Evening,Tea,1,3.94,True
3588,Friday,Morning,Pastry,3,14.88,True
3589,Monday,Morning,Pastry,1,3.77,True
3590,Tuesday,Morning,Coffee,1,3.91,True
3591,Sunday,Morning,Coffee,1,3.72,True
3592,Monday,Morning,Tea,1,3.96,False
3593,Thursday,Evening,Tea,1,3.27,True
3594,Thursday,Afternoon,Coffee,1,3.62,True
3595,Wednesday,Morning,Coffee,1,4.51,False
3596,Thursday,Morning,Tea,1,3.6,False
3597,Tuesday,Afternoon,Coffee,1,5.06,True
3598,Thursday,Morning,Coffee,1,3.57,True
3599,Wednesday,Morning,Coffee,1,3.74,False
3600,Thursday,Evening,Tea,3,11.85,True
3601,Monday,Morning,Coffee,4,13.44,False
3602,Thursday,Morning,Coffee,2,9.32,False
3603,Tuesday,Morning,Coffee,2,6.8,True
3604,Tuesday,Morning,Pastry,1,4.87,False
3605,Tuesday,Morning,Coffee,1,3.08,False
3606,Tuesday,Morning,Coffee,1,4.02,True
3607,Friday,Morning,Sandwich,1,7.86,True
3608,Tuesday,Afternoon,Sandwich,2,23.62,False
3609,Saturday,Morning,Pastry,1,3.86,True
3610,Sunday,Morning,Coffee,1,3.59,True
3611,Thursday,Afternoon,Coffee,1,4.27,False
3612,Monday,Afternoon,Sandwich,1,8.78,False
3613,Wednesday,Morning,Tea,1,3.78,True
3614,Friday,Morning,Coffee,1,3.64,True
3615,Wednesday,Morning,Coffee,4,14.44,False
3616,Monday,Afternoon,Sandwich,1,9.47,True
3617,Thursday,Morning,Coffee,1,3.39,True
3618,Friday,Morning,Coffee,1,4.2,True
3619,Friday,Morning,Coffee,1,4.44,True
3620,Monday,Morning,Pastry,1,4.83,True
3621,Thursday,Morning,Pastry,1,4.89,False
3622,Tuesday,Morning,Pastry,1,3.35,True
3623,Tuesday,Afternoon,Tea,1,3.32,False
3624,Saturday,Afternoon,Coffee,1,3.89,False
3625,Tuesday,Morning,Coffee,1,4.73,True
3626,Tuesday,Morning,Tea,2,6.54,True
3627,Monday,Morning,Pastry,1,3.12,False
3628,Saturday,Morning,Sandwich,1,8.3,True
3629,Friday,Afternoon,Tea,2,6.48,True
3630,Thursday,Evening,Pastry,1,3.21,True
3631,Friday,Morning,Coffee,1,4.48,False
3632,Monday,Morning,Coffee,1,3.22,True
3633,Wednesday,Morning,Coffee,2,8.44,True
3634,Tuesday,Afternoon,Pastry,2,7.68,False
3635,Monday,Afternoon,Sandwich,1,11.31,False
3636,Wednesday,Afternoon,Tea,1,3.39,True
3637,Saturday,Afternoon,Merchandise,1,30.81,True
3638,Monday,Morning,Coffee,3,12.78,False
3639,Tuesday,Afternoon,Coffee,1,3.5,False
3640,Tuesday,Afternoon,Coffee,2,8.58,True
3641,Tuesday,Morning,Coffee,1,3.76,True
3642,Saturday,Morning,Coffee,1,3.7,True
3643,Wednesday,Afternoon,Coffee,1,3.96,True
3644,Wednesday,Afternoon,Tea,2,6.12,False
3645,Friday,Afternoon,Merchandise,1,33.26,True
3646,Monday,Afternoon,Sandwich,1,9.91,True
3647,Wednesday,Afternoon,Sandwich,1,6.73,True
3648,Wednesday,Afternoon,Coffee,1,4.55,False
3649,Thursday,Morning,Coffee,2,8.82,False
3650,Sunday,Afternoon,Coffee,1,3.07,True
3651,Friday,Morning,Pastry,1,3.29,True
3652,Wednesday,Morning,Coffee,1,4.42,False
3653,Friday,Morning,Coffee,1,4.38,True
3654,Monday,Afternoon,Pastry,2,9.74,True
3655,Monday,Afternoon,Pastry,1,3.64,True
3656,Tuesday,Evening,Sandwich,2,23.38,True
3657,Tuesday,Morning,Coffee,1,3.62,True
3658,Wednesday,Morning,Coffee,1,4.12,False
3659,Thursday,Morning,Pastry,1,4.65,False
3660,Saturday,Morning,Coffee,3,14.4,True
3661,Wednesday,Afternoon,Tea,1,3.55,True
3662,Wednesday,Morning,Coffee,1,4.21,True
3663,Monday,Afternoon,Sandwich,2,18.82,True
3664,Monday,Afternoon,Sandwich,3,24.18,True
3665,Thursday,Morning,Tea,1,2.57,True
3666,Wednesday,Afternoon,Sandwich,1,9.54,False
3667,Friday,Morning,Coffee,1,3.29,True
3668,Monday,Morning,Coffee,1,4.18,True
3669,Monday,Afternoon,Coffee,1,4.07,True
3670,Wednesday,Afternoon,Sandwich,3,28.95,False
3671,Tuesday,Morning,Coffee,1,3.47,False
3672,Monday,Morning,Pastry,1,5.12,True
3673,Friday,Morning,Tea,2,7.38,True
3674,Monday,Morning,Sandwich,1,8.08,True
3675,Thursday,Evening,Pastry,1,5.74,True
3676,Tuesday,Afternoon,Tea,2,6.84,True
3677,Monday,Morning,Coffee,3,9.99,True
3678,Wednesday,Afternoon,Tea,1,3.2,False
3679,Friday,Morning,Pastry,1,3.59,True
3680,Wednesday,Morning,Coffee,1,4.68,False
3681,Friday,Evening,Merchandise,1,49.47,True
3682,Monday,Afternoon,Merchandise,1,44.07,False
3683,Friday,Afternoon,Pastry,1,4.83,True
3684,Tuesday,Morning,Coffee,2,9.24,True
3685,Thursday,Afternoon,Coffee,2,7.76,False
3686,Thursday,Morning,Coffee,2,8.42,True
3687,Saturday,Afternoon,Coffee,1,3.59,True
3688,Wednesday,Evening,Tea,1,3.44,True
3689,Monday,Morning,Coffee,2,8.46,True
3690,Monday,Afternoon,Sandwich,2,11.6,True
3691,Friday,Morning,Coffee,2,7.38,False
3692,Wednesday,Morning,Coffee,4,16.32,True
3693,Friday,Afternoon,Pastry,2,8.9,False
3694,Tuesday,Morning,Sandwich,1,8.96,True
3695,Tuesday,Afternoon,Sandwich,1,10.21,True
3696,Monday,Morning,Coffee,1,3.65,True
3697,Sunday,Evening,Sandwich,1,8.03,False
3698,Thursday,Morning,Pastry,1,5.21,False
3699,Saturday,Morning,Pastry,2,10.26,True
3700,Tuesday,Morning,Coffee,1,3.7,False
3701,Thursday,Evening,Sandwich,2,18.84,True
3702,Thursday,Afternoon,Coffee,1,4.42,False
3703,Tuesday,Afternoon,Sandwich,1,9.55,True
3704,Friday,Morning,Coffee,2,8.54,True
3705,Sunday,Morning,Pastry,1,4.79,True
3706,Saturday,Morning,Sandwich,1,9.12,False
3707,Friday,Afternoon,Coffee,1,4.26,True
3708,Tuesday,Morning,Sandwich,2,16.68,True
3709,Tuesday,Evening,Coffee,2,8.4,False
3710,Sunday,Afternoon,Coffee,3,11.88,True
3711,Monday,Morning,Coffee,2,7.64,True
3712,Thursday,Morning,Merchandise,2,51.54,False
3713,Thursday,Afternoon,Tea,1,3.55,False
3714,Thursday,Morning,Coffee,1,4.02,False
3715,Sunday,Morning,Tea,1,3.16,True
3716,Tuesday,Morning,Sandwich,1,7.58,True
3717,Tuesday,Afternoon,Sandwich,2,15.06,False
3718,Monday,Afternoon,Coffee,1,3.87,True
3719,Wednesday,Morning,Coffee,1,4.15,True
3720,Tuesday,Morning,Coffee,1,4.92,True
3721,Tuesday,Morning,Tea,1,3.48,False
3722,Friday,Afternoon,Coffee,1,3.19,True
3723,Saturday,Morning,Coffee,1,3.9,False
3724,Tuesday,Morning,Pastry,2,10.5,True
3725,Wednesday,Evening,Tea,1,3.23,False
3726,Saturday,Evening,Pastry,4,20.68,True
3727,Monday,Evening,Tea,1,3.57,True
3728,Monday,Afternoon,Coffee,1,4.32,True
3729,Monday,Morning,Coffee,1,4.93,False
3730,Thursday,Morning,Coffee,1,3.08,True
3731,Monday,Morning,Pastry,1,5.04,True
3732,Sunday,Morning,Coffee,1,3.95,False
3733,Wednesday,Evening,Tea,1,3.12,True
3734,Wednesday,Afternoon,Sandwich,2,18.76,False
3735,Tuesday,Afternoon,Sandwich,1,11.53,False
3736,Wednesday,Morning,Pastry,1,5.3,False
3737,Thursday,Evening,Merchandise,1,22.39,True
3738,Friday,Afternoon,Sandwich,1,8.58,True
3739,Friday,Morning,Coffee,1,4.47,True
3740,Thursday,Afternoon,Sandwich,2,18.94,True
3741,Saturday,Morning,Coffee,1,3.99,True
3742,Friday,Morning,Coffee,5,16.1,True
3743,Friday,Afternoon,Coffee,1,3.63,True
3744,Monday,Afternoon,Coffee,1,3.32,True
3745,Monday,Morning,Coffee,3,9.51,True
3746,Tuesday,Morning,Coffee,1,3.37,False
3747,Thursday,Evening,Coffee,2,7.08,False
3748,Wednesday,Afternoon,Sandwich,1,8.59,False
3749,Wednesday,Afternoon,Sandwich,1,8.49,True
3750,Saturday,Morning,Coffee,1,4.51,False
3751,Saturday,Morning,Pastry,2,7.92,True
3752,Saturday,Morning,Coffee,1,4.71,True
3753,Tuesday,Morning,Pastry,1,4.21,True
3754,Thursday,Morning,Coffee,5,21.1,False
3755,Tuesday,Morning,Coffee,1,4.24,True
3756,Tuesday,Afternoon,Coffee,1,3.55,True
3757,Tuesday,Morning,Coffee,5,19.2,True
3758,Tuesday,Afternoon,Coffee,1,3.75,True
3759,Wednesday,Morning,Coffee,1,4.19,True
3760,Friday,Morning,Coffee,2,7.88,True
3761,Monday,Morning,Coffee,1,3.63,False
3762,Friday,Morning,Coffee,1,4.06,True
3763,Wednesday,Morning,Merchandise,1,38.8,False
3764,Tuesday,Evening,Tea,2,8.48,True
3765,Wednesday,Afternoon,Coffee,1,4.03,True
3766,Tuesday,Morning,Tea,1,3.5,False
3767,Thursday,Morning,Pastry,1,4.76,False
3768,Wednesday,Afternoon,Tea,1,3.12,True
3769,Monday,Afternoon,Sandwich,1,7.43,True
3770,Monday,Morning,Coffee,1,3.84,False
3771,Thursday,Afternoon,Coffee,1,4.54,False
3772,Saturday,Afternoon,Coffee,1,4.62,True
3773,Tuesday,Afternoon,Sandwich,1,7.24,False
3774,Friday,Afternoon,Tea,1,3.77,True
3775,Thursday,Afternoon,Sandwich,1,6.88,True
3776,Saturday,Evening,Tea,1,3.68,False
3777,Friday,Morning,Pastry,1,4.74,True
3778,Thursday,Afternoon,Coffee,1,3.14,True
3779,Thursday,Afternoon,Tea,1,3.9,True
3780,Saturday,Afternoon,Pastry,1,5.55,True
3781,Wednesday,Evening,Pastry,4,17.84,True
3782,Tuesday,Morning,Coffee,1,4.07,True
3783,Monday,Morning,Pastry,1,5.39,True
3784,Friday,Morning,Pastry,2,7.64,True
3785,Friday,Morning,Coffee,1,3.45,True
3786,Monday,Morning,Sandwich,2,16.98,False
3787,Thursday,Afternoon,Sandwich,4,38.16,False
3788,Wednesday,Morning,Coffee,1,4.02,False
3789,Monday,Afternoon,Coffee,2,7.44,True
3790,Sunday,Afternoon,Pastry,1,4.32,True
3791,Tuesday,Morning,Coffee,1,3.73,False
3792,Monday,Morning,Coffee,1,3.75,True
3793,Thursday,Afternoon,Tea,1,3.19,True
3794,Friday,Afternoon,Sandwich,1,8.59,True
3795,Monday,Afternoon,Coffee,1,3.0,True
3796,Thursday,Afternoon,Sandwich,2,18.46,True
3797,Wednesday,Evening,Tea,1,2.72,True
3798,Monday,Afternoon,Tea,1,3.8,True
3799,Monday,Evening,Sandwich,1,8.83,True
3800,Thursday,Afternoon,Sandwich,1,9.36,False
3801,Tuesday,Afternoon,Coffee,1,3.81,False
3802,Saturday,Morning,Coffee,2,7.76,True
3803,Friday,Evening,Tea,1,4.01,False
3804,Sunday,Morning,Coffee,1,3.32,False
3805,Tuesday,Afternoon,Coffee,1,3.19,True
3806,Sunday,Morning,Pastry,1,4.57,True
3807,Wednesday,Morning,Coffee,1,3.75,True
3808,Tuesday,Morning,Coffee,1,4.18,False
3809,Monday,Morning,Coffee,1,4.36,True
3810,Monday,Morning,Coffee,1,3.45,False
3811,Thursday,Afternoon,Tea,2,7.48,True
3812,Wednesday,Morning,Coffee,2,6.98,True
3813,Tuesday,Morning,Coffee,1,4.04,False
3814,Thursday,Morning,Pastry,2,7.52,False
3815,Tuesday,Afternoon,Coffee,2,8.14,False
3816,Thursday,Morning,Pastry,1,4.49,False
3817,Tuesday,Morning,Coffee,1,3.45,False
3818,Friday,Morning,Coffee,1,3.32,True
3819,Friday,Afternoon,Sandwich,1,10.4,True
3820,Wednesday,Morning,Pastry,1,4.23,True
3821,Tuesday,Morning,Coffee,1,4.51,True
3822,Wednesday,Morning,Pastry,1,4.17,True
3823,Friday,Evening,Sandwich,1,11.06,True
3824,Tuesday,Morning,Pastry,1,3.93,True
3825,Tuesday,Afternoon,Coffee,1,4.74,True
3826,Monday,Morning,Pastry,1,4.6,False
3827,Wednesday,Morning,Pastry,1,4.74,True
3828,Wednesday,Morning,Tea,1,3.1,True
3829,Friday,Morning,Pastry,2,9.88,True
3830,Tuesday,Morning,Sandwich,1,10.42,True
3831,Wednesday,Morning,Coffee,1,3.84,False
3832,Friday,Morning,Coffee,1,2.93,False
3833,Friday,Afternoon,Tea,1,3.05,True
3834,Wednesday,Evening,Coffee,1,3.44,True
3835,Wednesday,Morning,Coffee,1,4.22,True
3836,Tuesday,Afternoon,Pastry,1,4.22,False
3837,Saturday,Evening,Tea,1,3.32,False
3838,Monday,Afternoon,Sandwich,1,8.82,True
3839,Saturday,Morning,Pastry,1,5.38,False
3840,Thursday,Afternoon,Tea,2,7.04,True
3841,Wednesday,Morning,Pastry,1,4.62,True
3842,Monday,Morning,Coffee,1,3.69,True
3843,Wednesday,Morning,Pastry,2,8.96,True
3844,Wednesday,Morning,Pastry,2,7.82,True
3845,Monday,Morning,Coffee,1,4.17,True
3846,Thursday,Morning,Coffee,1,3.43,False
3847,Sunday,Afternoon,Coffee,1,4.37,False
3848,Thursday,Morning,Pastry,1,4.06,True
3849,Thursday,Morning,Pastry,1,5.07,True
3850,Monday,Morning,Coffee,4,19.8,True
3851,Wednesday,Morning,Coffee,1,4.0,True
3852,Monday,Afternoon,Coffee,4,18.64,True
3853,Thursday,Evening,Tea,1,3.8,True
3854,Saturday,Morning,Merchandise,2,49.62,True
3855,Thursday,Morning,Coffee,1,4.06,False
3856,Monday,Afternoon,Sandwich,1,10.1,True
3857,Tuesday,Morning,Pastry,2,9.72,False
3858,Thursday,Afternoon,Sandwich,1,9.71,False
3859,Wednesday,Morning,Coffee,1,4.08,True
3860,Friday,Morning,Coffee,1,4.0,True
3861,Friday,Morning,Coffee,1,4.07,True
3862,Thursday,Morning,Pastry,1,3.77,False
3863,Wednesday,Morning,Tea,1,3.41,True
3864,Tuesday,Afternoon,Coffee,2,6.54,False
3865,Monday,Afternoon,Sandwich,1,8.9,True
3866,Tuesday,Afternoon,Coffee,1,3.7,True
3867,Wednesday,Afternoon,Coffee,1,3.67,False
3868,Thursday,Morning,Coffee,2,6.94,False
3869,Thursday,Afternoon,Coffee,1,4.13,False
3870,Monday,Morning,Coffee,1,3.84,False
3871,Wednesday,Afternoon,Tea,1,3.33,True
3872,Tuesday,Morning,Pastry,1,3.66,True
3873,Monday,Afternoon,Sandwich,1,9.14,True
3874,Friday,Afternoon,Tea,1,3.96,True
3875,Monday,Morning,Pastry,1,5.2,False
3876,Wednesday,Morning,Coffee,1,4.19,True
3877,Monday,Morning,Coffee,2,7.7,True
3878,Saturday,Morning,Pastry,1,4.84,False
3879,Thursday,Afternoon,Sandwich,1,8.7,True
3880,Tuesday,Evening,Pastry,1,4.32,True
3881,Wednesday,Morning,Tea,1,3.2,False
3882,Friday,Morning,Tea,1,3.86,False
3883,Sunday,Afternoon,Tea,1,3.81,True
3884,Tuesday,Morning,Pastry,1,4.48,False
3885,Saturday,Morning,Coffee,1,4.87,True
3886,Saturday,Evening,Sandwich,1,10.0,True
3887,Saturday,Afternoon,Coffee,1,4.18,True
3888,Thursday,Morning,Coffee,1,4.12,False
3889,Thursday,Morning,Tea,1,3.0,True
3890,Wednesday,Afternoon,Tea,2,6.28,False
3891,Friday,Afternoon,Sandwich,1,9.43,True
3892,Wednesday,Afternoon,Tea,1,3.48,False
3893,Thursday,Morning,Tea,2,7.48,True
3894,Wednesday,Evening,Tea,2,6.46,True
3895,Friday,Afternoon,Coffee,1,4.04,False
3896,Friday,Afternoon,Tea,1,3.54,False
3897,Monday,Afternoon,Sandwich,2,19.3,False
3898,Friday,Morning,Tea,2,7.02,True
3899,Thursday,Evening,Pastry,2,7.32,True
3900,Friday,Morning,Sandwich,1,6.79,True
3901,Wednesday,Morning,Tea,1,3.12,True
3902,Wednesday,Afternoon,Sandwich,1,8.86,False
3903,Saturday,Afternoon,Coffee,3,10.23,False
3904,Tuesday,Afternoon,Coffee,2,7.94,True
3905,Friday,Morning,Coffee,2,9.1,False
3906,Wednesday,Morning,Coffee,1,4.36,False
3907,Wednesday,Evening,Pastry,1,4.78,False
3908,Tuesday,Morning,Coffee,1,4.49,False
3909,Thursday,Afternoon,Pastry,2,7.9,True
3910,Tuesday,Morning,Pastry,1,4.23,True
3911,Monday,Afternoon,Sandwich,3,30.72,True
3912,Tuesday,Morning,Pastry,1,4.22,True
3913,Monday,Afternoon,Coffee,1,3.79,False
3914,Sunday,Afternoon,Coffee,3,14.79,True
3915,Sunday,Morning,Coffee,1,4.05,True
3916,Wednesday,Afternoon,Coffee,1,4.88,False
3917,Friday,Afternoon,Pastry,2,6.82,False
3918,Tuesday,Afternoon,Pastry,1,4.12,False
3919,Thursday,Evening,Tea,2,7.32,True
3920,Friday,Morning,Pastry,1,4.56,True
3921,Sunday,Morning,Pastry,2,6.54,True
3922,Wednesday,Morning,Coffee,1,3.89,False
3923,Friday,Morning,Coffee,1,5.24,True
3924,Tuesday,Morning,Pastry,1,4.65,True
3925,Sunday,Afternoon,Pastry,1,4.86,False
3926,Monday,Morning,Coffee,1,3.68,True
3927,Thursday,Morning,Coffee,3,12.36,True
3928,Thursday,Morning,Coffee,2,7.98,False
3929,Thursday,Afternoon,Coffee,4,18.24,True
3930,Monday,Afternoon,Sandwich,1,10.8,False
3931,Saturday,Morning,Coffee,1,4.2,True
3932,Tuesday,Afternoon,Coffee,1,4.04,True
3933,Thursday,Morning,Coffee,4,12.64,True
3934,Tuesday,Evening,Sandwich,1,7.44,True
3935,Tuesday,Afternoon,Coffee,1,4.04,False
3936,Thursday,Morning,Coffee,1,4.44,False
3937,Wednesday,Afternoon,Pastry,1,5.3,False
3938,Monday,Afternoon,Tea,3,9.42,True
3939,Monday,Morning,Coffee,1,3.25,True
3940,Wednesday,Afternoon,Coffee,3,13.41,True
3941,Friday,Morning,Pastry,1,4.01,True
3942,Saturday,Morning,Sandwich,2,15.22,True
3943,Monday,Morning,Coffee,1,3.75,True
3944,Wednesday,Morning,Coffee,1,3.74,True
3945,Monday,Morning,Coffee,1,4.66,True
3946,Monday,Evening,Sandwich,1,10.54,False
3947,Thursday,Morning,Coffee,1,3.63,False
3948,Thursday,Morning,Pastry,1,5.34,True
3949,Monday,Morning,Tea,1,3.55,True
3950,Tuesday,Afternoon,Sandwich,1,10.77,True
3951,Monday,Evening,Sandwich,1,11.09,True
3952,Friday,Afternoon,Sandwich,1,9.18,True
3953,Sunday,Evening,Tea,2,7.46,False
3954,Monday,Afternoon,Coffee,4,15.2,False
3955,Tuesday,Evening,Pastry,1,5.06,False
3956,Friday,Afternoon,Pastry,1,4.55,True
3957,Saturday,Morning,Tea,1,3.88,True
3958,Wednesday,Morning,Coffee,1,4.76,True
3959,Monday,Afternoon,Sandwich,2,20.32,False
3960,Monday,Morning,Coffee,1,3.95,False
3961,Thursday,Morning,Tea,1,3.47,True
3962,Wednesday,Afternoon,Coffee,1,2.52,False
3963,Monday,Evening,Tea,2,6.42,True
3964,Thursday,Morning,Coffee,1,4.47,True
3965,Monday,Afternoon,Sandwich,3,31.98,False
3966,Friday,Afternoon,Tea,3,9.63,True
3967,Tuesday,Evening,Tea,1,3.57,True
3968,Monday,Evening,Coffee,1,3.91,True
3969,Thursday,Afternoon,Sandwich,1,10.33,True
3970,Wednesday,Morning,Coffee,1,5.1,False
3971,Sunday,Morning,Sandwich,1,10.35,False
3972,Thursday,Morning,Coffee,1,3.66,False
3973,Tuesday,Afternoon,Coffee,1,3.96,True
3974,Thursday,Afternoon,Sandwich,1,11.18,False
3975,Tuesday,Afternoon,Coffee,2,6.6,True
3976,Saturday,Morning,Pastry,3,12.39,True
3977,Wednesday,Afternoon,Coffee,1,4.35,True
3978,Thursday,Morning,Sandwich,1,11.05,True
3979,Monday,Morning,Tea,1,3.74,True
3980,Wednesday,Morning,Pastry,2,8.28,True
3981,Friday,Morning,Coffee,3,12.81,True
3982,Friday,Afternoon,Coffee,1,4.21,True
3983,Tuesday,Morning,Pastry,1,4.71,True
3984,Tuesday,Morning,Tea,1,3.46,True
3985,Friday,Evening,Coffee,1,4.03,True
3986,Saturday,Morning,Coffee,1,3.55,True
3987,Monday,Morning,Coffee,1,5.24,False
3988,Wednesday,Morning,Tea,3,10.68,True
3989,Tuesday,Morning,Coffee,1,4.27,False
3990,Saturday,Morning,Coffee,2,7.78,True
3991,Monday,Morning,Coffee,1,4.42,True
3992,Tuesday,Afternoon,Tea,1,2.98,False
3993,Friday,Morning,Coffee,2,6.26,False
3994,Monday,Morning,Sandwich,3,28.38,True
3995,Wednesday,Afternoon,Coffee,2,10.06,True
3996,Wednesday,Morning,Pastry,2,10.44,False
3997,Tuesday,Evening,Tea,2,6.36,False
3998,Wednesday,Morning,Coffee,1,4.26,False
3999,Wednesday,Morning,Coffee,2,7.36,True
4000,Monday,Afternoon,Sandwich,2,20.02,False
4001,Thursday,Morning,Tea,1,3.7,False
4002,Friday,Morning,Coffee,1,4.46,False
4003,Friday,Afternoon,Coffee,2,6.44,False
4004,Monday,Morning,Pastry,2,7.48,False
4005,Monday,Afternoon,Merchandise,1,34.34,False
4006,Tuesday,Evening,Tea,2,6.18,True
4007,Wednesday,Morning,Tea,2,6.12,True
4008,Wednesday,Afternoon,Tea,1,3.61,False
4009,Thursday,Morning,Coffee,2,7.08,True
4010,Monday,Evening,Coffee,1,5.13,True
4011,Monday,Afternoon,Tea,1,3.29,True
4012,Wednesday,Evening,Sandwich,1,9.18,False
4013,Thursday,Morning,Coffee,3,12.45,False
4014,Tuesday,Afternoon,Pastry,1,3.6,True
4015,Thursday,Morning,Pastry,2,9.62,True
4016,Tuesday,Morning,Coffee,1,4.17,False
4017,Saturday,Evening,Coffee,2,7.66,True
4018,Saturday,Morning,Pastry,2,9.32,True
4019,Tuesday,Evening,Tea,2,7.34,False
4020,Tuesday,Morning,Coffee,2,9.44,True
4021,Wednesday,Afternoon,Tea,2,9.0,False
4022,Tuesday,Morning,Coffee,1,3.47,False
4023,Thursday,Morning,Pastry,1,3.72,True
4024,Friday,Morning,Tea,1,3.54,True
4025,Thursday,Afternoon,Tea,2,5.34,True
4026,Friday,Morning,Coffee,1,4.32,False
4027,Wednesday,Afternoon,Sandwich,1,9.64,True
4028,Monday,Morning,Coffee,2,8.36,False
4029,Friday,Morning,Coffee,2,7.7,True
4030,Wednesday,Morning,Sandwich,2,19.62,False
4031,Thursday,Morning,Sandwich,1,10.07,False
4032,Tuesday,Afternoon,Coffee,1,4.1,True
4033,Monday,Afternoon,Coffee,1,3.33,True
4034,Sunday,Morning,Coffee,1,4.09,True
4035,Monday,Afternoon,Coffee,1,4.93,True
4036,Sunday,Afternoon,Sandwich,1,9.79,False
4037,Sunday,Morning,Coffee,1,4.07,True
4038,Friday,Morning,Coffee,1,4.78,True
4039,Thursday,Morning,Coffee,1,3.63,False
4040,Thursday,Morning,Sandwich,1,10.57,False
4041,Friday,Morning,Coffee,2,7.46,False
4042,Tuesday,Morning,Coffee,2,9.08,False
4043,Wednesday,Afternoon,Merchandise,2,89.86,True
4044,Thursday,Morning,Coffee,1,3.79,True
4045,Wednesday,Morning,Coffee,4,15.48,True
4046,Wednesday,Morning,Coffee,3,13.47,True
4047,Tuesday,Morning,Coffee,1,3.07,True
4048,Thursday,Morning,Coffee,1,3.78,True
4049,Friday,Evening,Tea,1,3.75,True
4050,Tuesday,Morning,Coffee,2,7.7,True
4051,Saturday,Afternoon,Coffee,1,4.07,True
4052,Thursday,Morning,Coffee,3,8.94,False
4053,Friday,Afternoon,Pastry,1,3.99,False
4054,Thursday,Afternoon,Coffee,5,21.7,True
4055,Friday,Morning,Coffee,2,7.24,True
4056,Monday,Afternoon,Sandwich,3,23.82,False
4057,Friday,Morning,Coffee,1,4.53,True
4058,Monday,Afternoon,Coffee,1,4.26,False
4059,Saturday,Morning,Tea,2,6.12,True
4060,Sunday,Evening,Coffee,2,8.14,True
4061,Tuesday,Afternoon,Sandwich,1,8.23,False
4062,Tuesday,Evening,Sandwich,2,18.64,True
4063,Friday,Morning,Tea,1,3.57,True
4064,Tuesday,Morning,Pastry,1,4.01,False
4065,Friday,Afternoon,Coffee,1,4.37,False
4066,Monday,Afternoon,Sandwich,3,31.74,False
4067,Monday,Evening,Coffee,1,4.13,False
4068,Sunday,Morning,Coffee,2,8.42,False
4069,Thursday,Afternoon,Sandwich,1,7.76,True
4070,Friday,Morning,Coffee,2,9.36,True
4071,Tuesday,Morning,Sandwich,3,28.17,True
4072,Thursday,Morning,Coffee,1,3.53,True
4073,Thursday,Morning,Coffee,1,4.07,False
4074,Thursday,Evening,Coffee,1,4.37,True
4075,Thursday,Morning,Tea,3,11.1,True
4076,Thursday,Afternoon,Coffee,1,3.46,True
4077,Wednesday,Afternoon,Coffee,1,4.38,True
4078,Tuesday,Morning,Coffee,1,3.97,True
4079,Friday,Morning,Pastry,1,4.8,True
4080,Tuesday,Afternoon,Coffee,1,3.6,False
4081,Thursday,Morning,Pastry,3,15.39,False
4082,Tuesday,Afternoon,Coffee,1,4.09,False
4083,Thursday,Evening,Coffee,1,4.59,False
4084,Friday,Morning,Coffee,2,6.46,False
4085,Tuesday,Morning,Sandwich,1,7.82,True
4086,Monday,Morning,Coffee,1,3.88,False
4087,Monday,Afternoon,Coffee,2,9.46,True
4088,Thursday,Morning,Pastry,1,5.68,True
4089,Friday,Morning,Coffee,1,3.56,False
4090,Monday,Morning,Pastry,1,4.53,True
4091,Friday,Evening,Tea,1,3.56,True
4092,Tuesday,Morning,Coffee,1,4.36,True
4093,Wednesday,Morning,Coffee,4,17.76,True
4094,Saturday,Evening,Tea,1,3.05,False
4095,Tuesday,Afternoon,Sandwich,2,19.16,True
4096,Wednesday,Afternoon,Sandwich,1,7.09,False
4097,Monday,Afternoon,Pastry,3,14.97,True
4098,Monday,Evening,Sandwich,2,18.18,True
4099,Tuesday,Afternoon,Coffee,2,6.8,True
4100,Monday,Afternoon,Coffee,1,4.17,False
4101,Thursday,Afternoon,Sandwich,1,9.06,False
4102,Wednesday,Afternoon,Sandwich,1,11.01,True
4103,Thursday,Morning,Coffee,2,7.1,False
4104,Monday,Morning,Tea,2,8.78,False
4105,Tuesday,Afternoon,Tea,1,3.84,True
4106,Thursday,Morning,Pastry,3,15.81,True
4107,Sunday,Afternoon,Sandwich,3,24.81,False
4108,Monday,Morning,Coffee,1,4.89,True
4109,Saturday,Afternoon,Coffee,1,3.39,True
4110,Thursday,Morning,Tea,2,6.84,True
4111,Thursday,Afternoon,Sandwich,1,11.07,True
4112,Wednesday,Afternoon,Coffee,2,8.5,True
4113,Monday,Morning,Coffee,2,6.76,True
4114,Monday,Morning,Sandwich,1,10.86,False
4115,Thursday,Morning,Coffee,1,4.17,False
4116,Tuesday,Morning,Coffee,1,3.79,True
4117,Saturday,Morning,Coffee,3,9.69,True
4118,Wednesday,Morning,Coffee,1,4.22,True
4119,Monday,Evening,Sandwich,1,9.3,False
4120,Thursday,Morning,Tea,2,7.12,True
4121,Tuesday,Afternoon,Coffee,1,3.21,True
4122,Wednesday,Morning,Tea,1,3.33,True
4123,Thursday,Afternoon,Sandwich,1,10.08,True
4124,Saturday,Morning,Coffee,1,4.94,True
4125,Friday,Afternoon,Coffee,1,3.9,False
4126,Thursday,Afternoon,Sandwich,1,11.23,True
4127,Thursday,Afternoon,Tea,4,15.24,True
4128,Sunday,Morning,Coffee,1,4.12,False
4129,Tuesday,Afternoon,Pastry,1,3.89,True
4130,Monday,Morning,Sandwich,1,8.34,True
4131,Tuesday,Morning,Coffee,1,4.31,True
4132,Tuesday,Morning,Sandwich,1,8.87,True
4133,Thursday,Morning,Coffee,1,3.69,False
4134,Thursday,Morning,Pastry,3,13.17,False
4135,Thursday,Afternoon,Coffee,1,3.92,True
4136,Monday,Morning,Coffee,1,4.45,False
4137,Friday,Morning,Coffee,1,3.75,False
4138,Tuesday,Morning,Coffee,1,4.4,True
4139,Thursday,Afternoon,Sandwich,1,10.03,True
4140,Thursday,Afternoon,Sandwich,1,7.49,False
4141,Tuesday,Morning,Coffee,1,4.15,False
4142,Monday,Afternoon,Sandwich,1,6.3,True
4143,Monday,Morning,Coffee,1,3.55,True
4144,Friday,Morning,Coffee,1,4.23,True
4145,Saturday,Morning,Coffee,1,3.99,True
4146,Thursday,Afternoon,Tea,1,2.79,True
4147,Monday,Afternoon,Sandwich,3,24.48,True
4148,Wednesday,Morning,Coffee,2,5.4,True
4149,Friday,Morning,Coffee,4,13.32,True
4150,Friday,Morning,Coffee,1,4.29,True
4151,Monday,Afternoon,Pastry,1,4.17,False
4152,Monday,Afternoon,Coffee,1,4.08,True
4153,Thursday,Morning,Coffee,2,8.02,True
4154,Tuesday,Morning,Coffee,1,4.02,True
4155,Tuesday,Afternoon,Sandwich,1,10.73,True
4156,Monday,Afternoon,Coffee,1,3.9,False
4157,Thursday,Afternoon,Pastry,1,5.05,True
4158,Friday,Afternoon,Coffee,1,2.76,True
4159,Sunday,Afternoon,Sandwich,1,10.83,True
4160,Thursday,Morning,Coffee,1,3.35,True
4161,Wednesday,Morning,Merchandise,3,80.25,False
4162,Monday,Morning,Sandwich,2,17.3,False
4163,Thursday,Afternoon,Sandwich,1,10.8,True
4164,Wednesday,Morning,Coffee,1,3.56,False
4165,Thursday,Morning,Coffee,1,3.67,False
4166,Wednesday,Morning,Coffee,1,3.52,True
4167,Tuesday,Morning,Pastry,1,4.65,False
4168,Monday,Afternoon,Sandwich,1,10.39,True
4169,Tuesday,Morning,Sandwich,2,23.1,True
4170,Monday,Morning,Tea,1,4.46,False
4171,Monday,Afternoon,Pastry,1,4.89,True
4172,Sunday,Morning,Coffee,1,4.18,True
4173,Wednesday,Afternoon,Tea,1,3.01,True
4174,Wednesday,Afternoon,Tea,2,8.52,True
4175,Saturday,Evening,Pastry,1,4.63,False
4176,Sunday,Afternoon,Sandwich,1,9.15,True
4177,Thursday,Morning,Coffee,1,4.19,True
4178,Friday,Afternoon,Sandwich,1,8.74,True
4179,Tuesday,Morning,Pastry,1,3.1,True
4180,Tuesday,Morning,Coffee,1,4.29,False
4181,Wednesday,Morning,Coffee,1,4.67,False
4182,Thursday,Morning,Tea,1,3.72,True
4183,Thursday,Afternoon,Tea,2,7.0,True
4184,Tuesday,Morning,Coffee,1,4.01,True
4185,Monday,Afternoon,Tea,1,3.57,True
4186,Thursday,Morning,Merchandise,3,109.68,False
4187,Monday,Morning,Coffee,1,3.97,True
4188,Thursday,Evening,Pastry,5,22.6,True
4189,Thursday,Morning,Pastry,1,5.43,True
4190,Thursday,Afternoon,Sandwich,2,20.14,False
4191,Friday,Morning,Coffee,1,4.05,True
4192,Saturday,Morning,Pastry,2,9.8,True
4193,Wednesday,Morning,Coffee,1,4.33,False
4194,Friday,Afternoon,Coffee,1,4.47,True
4195,Thursday,Morning,Sandwich,1,8.59,False
4196,Tuesday,Morning,Coffee,3,11.28,False
4197,Monday,Morning,Tea,1,3.17,True
4198,Tuesday,Afternoon,Pastry,3,14.88,True
4199,Wednesday,Afternoon,Coffee,1,4.36,True
4200,Thursday,Afternoon,Sandwich,1,7.97,False
4201,Friday,Morning,Pastry,1,4.73,False
4202,Tuesday,Afternoon,Coffee,1,4.69,False
4203,Monday,Afternoon,Merchandise,2,65.72,True
4204,Sunday,Afternoon,Sandwich,1,9.88,True
4205,Monday,Afternoon,Tea,3,11.37,True
4206,Wednesday,Afternoon,Sandwich,1,7.92,False
4207,Thursday,Morning,Coffee,1,4.08,False
4208,Thursday,Afternoon,Pastry,2,10.52,True
4209,Monday,Evening,Coffee,1,3.7,True
4210,Monday,Morning,Coffee,1,4.42,False
4211,Monday,Morning,Coffee,1,4.01,True
4212,Thursday,Evening,Sandwich,1,8.69,True
4213,Thursday,Morning,Pastry,3,13.32,True
4214,Tuesday,Afternoon,Coffee,3,11.22,True
4215,Thursday,Morning,Pastry,2,7.94,True
4216,Friday,Morning,Coffee,2,7.74,True
4217,Monday,Morning,Tea,1,3.53,True
4218,Wednesday,Morning,Coffee,1,3.92,True
4219,Thursday,Morning,Pastry,2,8.68,True
4220,Tuesday,Morning,Pastry,1,4.64,True
4221,Tuesday,Afternoon,Sandwich,1,10.14,True
4222,Thursday,Evening,Sandwich,2,16.26,True
4223,Saturday,Morning,Coffee,1,3.87,True
4224,Friday,Morning,Pastry,1,3.32,False
4225,Thursday,Morning,Coffee,2,7.84,True
4226,Friday,Morning,Coffee,1,4.08,True
4227,Wednesday,Morning,Tea,2,7.46,True
4228,Thursday,Morning,Tea,1,3.56,False
4229,Wednesday,Morning,Coffee,1,4.27,True
4230,Tuesday,Morning,Coffee,1,4.03,True
4231,Thursday,Morning,Coffee,2,7.32,False
4232,Thursday,Afternoon,Tea,1,3.05,True
4233,Tuesday,Morning,Coffee,1,3.87,False
4234,Saturday,Afternoon,Coffee,1,3.62,False
4235,Monday,Evening,Tea,1,3.45,False
4236,Tuesday,Evening,Merchandise,1,30.71,True
4237,Monday,Evening,Sandwich,1,10.0,True
4238,Friday,Morning,Coffee,1,4.02,False
4239,Thursday,Morning,Sandwich,1,10.04,True
4240,Tuesday,Morning,Tea,1,3.68,True
4241,Thursday,Afternoon,Tea,1,3.43,True
4242,Wednesday,Afternoon,Tea,1,3.45,True
4243,Friday,Afternoon,Tea,1,3.7,True
4244,Wednesday,Morning,Coffee,1,5.22,True
4245,Wednesday,Afternoon,Tea,5,15.5,True
4246,Saturday,Morning,Coffee,1,4.02,True
4247,Tuesday,Morning,Coffee,1,3.4,False
4248,Monday,Afternoon,Sandwich,1,9.47,True
4249,Thursday,Morning,Coffee,2,7.32,True
4250,Sunday,Evening,Sandwich,3,28.08,False
4251,Wednesday,Morning,Coffee,1,4.08,False
4252,Monday,Afternoon,Sandwich,2,17.82,True
4253,Tuesday,Morning,Coffee,1,3.11,False
4254,Wednesday,Afternoon,Sandwich,1,11.21,True
4255,Monday,Afternoon,Sandwich,1,10.51,True
4256,Thursday,Evening,Pastry,1,4.42,False
4257,Sunday,Morning,Tea,1,3.14,True
4258,Wednesday,Evening,Coffee,1,4.04,False
4259,Tuesday,Morning,Sandwich,1,9.93,True
4260,Wednesday,Morning,Coffee,2,8.78,False
4261,Monday,Morning,Coffee,1,4.43,True
4262,Saturday,Afternoon,Coffee,1,4.53,True
4263,Wednesday,Morning,Coffee,1,3.13,False
4264,Wednesday,Afternoon,Sandwich,1,9.13,False
4265,Thursday,Afternoon,Sandwich,1,10.69,False
4266,Wednesday,Morning,Coffee,1,3.54,True
4267,Thursday,Evening,Merchandise,1,51.95,True
4268,Monday,Morning,Coffee,1,4.91,False
4269,Friday,Afternoon,Coffee,2,9.2,True
4270,Sunday,Morning,Coffee,1,4.33,True
4271,Thursday,Morning,Pastry,1,4.23,True
4272,Sunday,Morning,Coffee,1,4.14,False
4273,Monday,Morning,Coffee,4,13.32,True
4274,Wednesday,Morning,Coffee,1,3.61,False
4275,Thursday,Morning,Coffee,1,3.64,True
4276,Thursday,Morning,Pastry,1,4.54,True
4277,Wednesday,Morning,Coffee,1,3.8,False
4278,Tuesday,Morning,Coffee,1,4.13,True
4279,Monday,Afternoon,Coffee,1,4.44,True
4280,Wednesday,Afternoon,Tea,1,3.22,True
4281,Monday,Afternoon,Coffee,1,4.07,True
4282,Friday,Afternoon,Pastry,1,4.25,False
4283,Tuesday,Afternoon,Sandwich,2,19.46,True
4284,Monday,Afternoon,Coffee,1,4.34,True
4285,Thursday,Morning,Coffee,2,8.92,True
4286,Thursday,Afternoon,Tea,1,3.77,False
4287,Saturday,Morning,Coffee,1,4.21,False
4288,Thursday,Afternoon,Pastry,1,3.65,False
4289,Tuesday,Afternoon,Coffee,1,3.46,True
4290,Friday,Morning,Coffee,1,3.59,True
4291,Thursday,Afternoon,Sandwich,2,19.86,True
4292,Monday,Morning,Coffee,1,3.35,True
4293,Thursday,Morning,Tea,2,7.28,True
4294,Saturday,Morning,Coffee,1,4.13,False
4295,Wednesday,Afternoon,Coffee,1,3.03,False
4296,Tuesday,Afternoon,Sandwich,2,16.38,True
4297,Monday,Afternoon,Pastry,1,5.13,True
4298,Monday,Morning,Coffee,1,4.35,True
4299,Wednesday,Morning,Tea,1,3.16,True
4300,Thursday,Afternoon,Sandwich,1,8.26,False
4301,Monday,Morning,Sandwich,2,13.12,False
4302,Saturday,Afternoon,Sandwich,1,11.27,True
4303,Friday,Morning,Pastry,1,4.52,False
4304,Thursday,Morning,Coffee,2,9.88,False
4305,Friday,Morning,Coffee,2,7.8,True
4306,Monday,Afternoon,Coffee,1,4.14,True
4307,Wednesday,Morning,Coffee,1,4.45,False
4308,Thursday,Morning,Coffee,1,4.82,False
4309,Friday,Morning,Pastry,1,4.8,False
4310,Friday,Morning,Coffee,1,4.0,True
4311,Tuesday,Morning,Tea,1,3.51,True
4312,Sunday,Morning,Coffee,1,3.48,True
4313,Monday,Afternoon,Tea,1,3.35,True
4314,Saturday,Morning,Coffee,1,4.03,False
4315,Sunday,Afternoon,Tea,1,4.05,True
4316,Monday,Afternoon,Coffee,1,3.78,False
4317,Friday,Morning,Tea,1,3.93,True
4318,Monday,Morning,Coffee,1,3.96,True
4319,Wednesday,Afternoon,Coffee,1,4.62,True
4320,Wednesday,Morning,Tea,1,3.77,True
4321,Thursday,Morning,Coffee,1,4.3,True
4322,Saturday,Morning,Coffee,1,4.49,True
4323,Thursday,Afternoon,Coffee,2,8.84,True
4324,Wednesday,Afternoon,Tea,2,7.86,False
4325,Friday,Evening,Sandwich,1,12.06,True
4326,Sunday,Afternoon,Sandwich,1,11.44,True
4327,Monday,Morning,Pastry,2,9.56,True
4328,Sunday,Morning,Coffee,2,7.56,False
4329,Monday,Morning,Tea,4,14.6,False
4330,Friday,Morning,Coffee,1,3.04,False
4331,Tuesday,Morning,Coffee,3,13.23,False
4332,Monday,Morning,Coffee,1,3.47,True
4333,Wednesday,Morning,Pastry,1,5.17,True
4334,Thursday,Morning,Tea,1,4.29,False
4335,Wednesday,Morning,Tea,1,2.92,False
4336,Monday,Evening,Pastry,1,4.47,False
4337,Thursday,Afternoon,Coffee,1,3.47,True
4338,Saturday,Evening,Tea,2,5.62,True
4339,Wednesday,Morning,Tea,1,3.46,True
4340,Tuesday,Morning,Tea,3,11.25,True
4341,Wednesday,Morning,Pastry,1,4.95,True
4342,Monday,Morning,Coffee,1,4.08,False
4343,Friday,Morning,Pastry,1,3.5,True
4344,Friday,Evening,Tea,1,3.55,True
4345,Thursday,Evening,Pastry,2,7.2,False
4346,Tuesday,Morning,Coffee,1,3.29,True
4347,Friday,Morning,Pastry,1,3.9,True
4348,Thursday,Morning,Coffee,2,9.04,False
4349,Friday,Morning,Tea,1,3.72,False
4350,Thursday,Morning,Coffee,1,4.16,True
4351,Friday,Morning,Coffee,1,3.57,False
4352,Thursday,Morning,Coffee,1,3.81,True
4353,Wednesday,Morning,Pastry,1,3.68,False
4354,Sunday,Morning,Coffee,1,4.68,True
4355,Thursday,Morning,Coffee,1,5.1,True
4356,Thursday,Morning,Sandwich,1,10.17,True
4357,Tuesday,Evening,Sandwich,2,20.76,False
4358,Thursday,Morning,Coffee,2,7.84,False
4359,Thursday,Afternoon,Pastry,1,3.53,False
4360,Tuesday,Afternoon,Pastry,1,3.99,True
4361,Monday,Evening,Sandwich,1,8.94,False
4362,Thursday,Afternoon,Sandwich,1,9.04,True
4363,Friday,Afternoon,Sandwich,1,8.76,True
4364,Wednesday,Afternoon,Coffee,2,8.04,True
4365,Tuesday,Morning,Tea,2,6.32,True
4366,Thursday,Morning,Coffee,1,5.08,True
4367,Monday,Evening,Coffee,1,3.32,False
4368,Wednesday,Afternoon,Sandwich,1,10.56,True
4369,Monday,Evening,Coffee,2,7.74,True
4370,Tuesday,Afternoon,Pastry,2,9.56,True
4371,Tuesday,Afternoon,Sandwich,1,10.11,True
4372,Wednesday,Afternoon,Tea,1,3.56,True
4373,Monday,Afternoon,Coffee,1,3.43,True
4374,Wednesday,Morning,Pastry,1,4.3,True
4375,Wednesday,Evening,Sandwich,1,9.7,False
4376,Wednesday,Afternoon,Sandwich,1,9.63,False
4377,Wednesday,Afternoon,Pastry,1,3.89,True
4378,Friday,Afternoon,Coffee,1,4.65,True
4379,Monday,Morning,Coffee,1,2.75,True
4380,Wednesday,Morning,Tea,1,3.4,True
4381,Monday,Evening,Tea,1,3.13,True
4382,Monday,Afternoon,Sandwich,1,9.72,True
4383,Thursday,Morning,Coffee,2,9.02,False
4384,Thursday,Morning,Coffee,1,3.3,True
4385,Saturday,Afternoon,Sandwich,1,12.32,True
4386,Thursday,Afternoon,Sandwich,1,9.74,True
4387,Sunday,Afternoon,Sandwich,1,9.96,True
4388,Monday,Afternoon,Sandwich,1,7.77,True
4389,Monday,Morning,Sandwich,1,9.44,False
4390,Monday,Morning,Pastry,2,10.16,True
4391,Tuesday,Morning,Pastry,1,4.63,True
4392,Thursday,Afternoon,Sandwich,2,19.34,True
4393,Thursday,Morning,Tea,1,3.48,True
4394,Monday,Afternoon,Coffee,1,3.31,True
4395,Sunday,Morning,Coffee,1,3.31,True
4396,Friday,Morning,Coffee,2,9.16,True
4397,Tuesday,Evening,Coffee,4,17.76,True
4398,Monday,Morning,Coffee,2,9.04,False
4399,Monday,Afternoon,Coffee,1,3.59,True
4400,Monday,Morning,Pastry,1,4.41,False
4401,Monday,Morning,Pastry,1,5.24,False
4402,Wednesday,Morning,Coffee,1,3.39,False
4403,Tuesday,Morning,Coffee,1,4.56,True
4404,Tuesday,Afternoon,Sandwich,1,8.8,False
4405,Sunday,Morning,Pastry,1,3.99,True
4406,Thursday,Morning,Pastry,1,4.48,True
4407,Sunday,Morning,Merchandise,1,26.49,False
4408,Monday,Afternoon,Sandwich,2,14.44,True
4409,Wednesday,Afternoon,Tea,1,3.53,True
4410,Thursday,Morning,Coffee,1,4.27,True
4411,Monday,Afternoon,Sandwich,1,10.96,True
4412,Monday,Afternoon,Coffee,1,4.3,False
4413,Thursday,Afternoon,Sandwich,1,11.86,True
4414,Thursday,Morning,Coffee,2,9.36,False
4415,Wednesday,Afternoon,Sandwich,1,10.39,False
4416,Wednesday,Afternoon,Coffee,1,4.23,False
4417,Wednesday,Afternoon,Pastry,1,5.24,False
4418,Monday,Afternoon,Pastry,1,3.17,True
4419,Tuesday,Evening,Sandwich,1,8.92,True
4420,Monday,Morning,Coffee,1,3.07,True
4421,Monday,Evening,Sandwich,1,10.3,False
4422,Sunday,Morning,Pastry,3,12.15,True
4423,Thursday,Afternoon,Sandwich,1,13.12,False
4424,Friday,Morning,Pastry,1,4.19,True
4425,Tuesday,Morning,Tea,1,3.54,True
4426,Wednesday,Afternoon,Coffee,1,3.8,True
4427,Tuesday,Afternoon,Coffee,1,3.76,True
4428,Monday,Morning,Pastry,2,7.5,False
4429,Monday,Morning,Pastry,2,7.46,False
4430,Friday,Morning,Coffee,1,2.91,True
4431,Thursday,Evening,Pastry,1,4.83,True
4432,Thursday,Afternoon,Tea,3,9.99,True
4433,Wednesday,Morning,Coffee,2,9.94,True
4434,Saturday,Afternoon,Pastry,1,3.75,True
4435,Monday,Evening,Tea,1,4.09,False
4436,Tuesday,Morning,Coffee,2,9.58,True
4437,Tuesday,Afternoon,Tea,1,4.01,True
4438,Friday,Morning,Coffee,1,4.12,False
4439,Sunday,Afternoon,Coffee,1,3.83,False
4440,Tuesday,Morning,Coffee,2,9.28,True
4441,Saturday,Morning,Coffee,1,3.6,True
4442,Friday,Morning,Coffee,1,4.14,False
4443,Tuesday,Morning,Coffee,1,3.98,False
4444,Wednesday,Afternoon,Coffee,2,7.1,False
4445,Wednesday,Morning,Coffee,1,4.14,True
4446,Sunday,Morning,Pastry,2,9.9,True
4447,Tuesday,Afternoon,Tea,2,6.26,True
4448,Friday,Morning,Coffee,1,4.23,True
4449,Tuesday,Morning,Coffee,1,2.89,True
4450,Friday,Evening,Tea,1,3.08,True
4451,Wednesday,Afternoon,Sandwich,2,17.9,False
4452,Thursday,Morning,Coffee,1,4.18,True
4453,Friday,Morning,Coffee,1,4.43,False
4454,Friday,Evening,Tea,1,3.53,False
4455,Friday,Morning,Coffee,1,4.28,True
4456,Monday,Morning,Coffee,1,3.92,True
4457,Thursday,Morning,Tea,1,3.66,True
4458,Monday,Morning,Coffee,1,4.18,False
4459,Wednesday,Afternoon,Coffee,2,7.5,False
4460,Thursday,Afternoon,Sandwich,1,9.07,True
4461,Wednesday,Evening,Sandwich,1,10.22,False
4462,Wednesday,Afternoon,Sandwich,2,23.34,True
4463,Sunday,Morning,Coffee,1,4.6,True
4464,Monday,Morning,Coffee,1,3.44,True
4465,Thursday,Evening,Tea,2,6.1,False
4466,Wednesday,Morning,Pastry,2,8.36,True
4467,Monday,Morning,Coffee,1,4.05,True
4468,Monday,Evening,Coffee,2,8.04,True
4469,Sunday,Afternoon,Sandwich,1,10.99,True
4470,Saturday,Morning,Tea,1,4.02,False
4471,Saturday,Afternoon,Tea,2,7.0,True
4472,Sunday,Evening,Sandwich,1,9.23,True
4473,Tuesday,Morning,Pastry,1,4.81,False
4474,Tuesday,Afternoon,Coffee,1,4.53,False
4475,Thursday,Morning,Pastry,1,4.83,True
4476,Wednesday,Morning,Coffee,1,3.78,True
4477,Wednesday,Evening,Sandwich,1,8.77,True
4478,Tuesday,Evening,Sandwich,1,8.17,False
4479,Thursday,Morning,Coffee,1,4.1,False
4480,Thursday,Morning,Coffee,1,4.31,True
4481,Monday,Morning,Pastry,1,4.94,False
4482,Wednesday,Afternoon,Coffee,1,4.58,True
4483,Thursday,Morning,Coffee,2,9.48,False
4484,Thursday,Morning,Coffee,1,3.31,True
4485,Tuesday,Morning,Pastry,1,4.74,True
4486,Friday,Morning,Pastry,1,4.76,False
4487,Monday,Morning,Coffee,1,3.96,True
4488,Tuesday,Afternoon,Sandwich,1,8.51,False
4489,Friday,Morning,Coffee,1,4.72,False
4490,Thursday,Morning,Sandwich,1,8.79,False
4491,Tuesday,Afternoon,Pastry,1,3.18,False
4492,Thursday,Afternoon,Coffee,1,4.01,True
4493,Thursday,Morning,Coffee,1,3.88,False
4494,Friday,Morning,Coffee,1,4.93,True
4495,Friday,Afternoon,Coffee,4,16.96,True
4496,Thursday,Morning,Pastry,4,17.28,True
4497,Wednesday,Afternoon,Coffee,1,3.9,False
4498,Monday,Morning,Sandwich,2,18.5,True
4499,Tuesday,Morning,Tea,1,4.39,False
4500,Wednesday,Morning,Tea,1,3.77,True
4501,Thursday,Afternoon,Coffee,1,3.3,True
4502,Wednesday,Evening,Sandwich,1,9.21,False
4503,Tuesday,Morning,Tea,1,3.49,True
4504,Monday,Morning,Pastry,1,3.84,False
4505,Wednesday,Morning,Sandwich,3,22.08,True
4506,Tuesday,Morning,Coffee,2,8.6,False
4507,Friday,Afternoon,Coffee,2,7.2,False
4508,Monday,Morning,Pastry,2,10.5,True
4509,Thursday,Evening,Sandwich,2,19.02,True
4510,Sunday,Afternoon,Pastry,1,4.22,True
4511,Monday,Evening,Tea,1,2.53,True
4512,Wednesday,Afternoon,Sandwich,1,10.97,False
4513,Monday,Morning,Coffee,1,4.15,True
4514,Thursday,Morning,Coffee,1,3.78,False
4515,Thursday,Morning,Coffee,2,7.1,True
4516,Wednesday,Morning,Coffee,4,19.2,True
4517,Wednesday,Morning,Coffee,1,3.47,True
4518,Saturday,Morning,Sandwich,1,9.06,True
4519,Tuesday,Evening,Sandwich,2,20.36,True
4520,Monday,Morning,Pastry,1,5.37,True
4521,Friday,Afternoon,Sandwich,1,9.24,False
4522,Thursday,Evening,Tea,2,6.42,False
4523,Saturday,Afternoon,Sandwich,2,18.74,True
4524,Thursday,Morning,Pastry,1,5.04,True
4525,Friday,Morning,Pastry,2,10.36,False
4526,Wednesday,Morning,Tea,1,2.95,False
4527,Friday,Morning,Coffee,1,4.06,True
4528,Saturday,Morning,Coffee,1,3.28,False
4529,Thursday,Afternoon,Coffee,1,4.44,True
4530,Tuesday,Morning,Sandwich,1,10.01,True
4531,Tuesday,Morning,Coffee,3,10.62,True
4532,Tuesday,Evening,Sandwich,1,11.34,False
4533,Tuesday,Morning,Coffee,1,4.17,True
4534,Tuesday,Morning,Tea,1,3.59,True
4535,Thursday,Afternoon,Coffee,1,3.91,False
4536,Thursday,Morning,Coffee,2,8.0,False
4537,Wednesday,Afternoon,Tea,1,3.35,True
4538,Thursday,Morning,Tea,1,3.2,False
4539,Monday,Afternoon,Coffee,1,4.61,False
4540,Monday,Morning,Pastry,2,8.4,True
4541,Monday,Morning,Coffee,1,3.74,True
4542,Wednesday,Afternoon,Sandwich,1,9.34,True
4543,Tuesday,Morning,Coffee,4,18.84,False
4544,Tuesday,Morning,Tea,1,3.95,False
4545,Wednesday,Morning,Coffee,1,3.8,True
4546,Friday,Morning,Pastry,4,20.96,True
4547,Monday,Morning,Coffee,1,4.05,False
4548,Thursday,Afternoon,Sandwich,2,16.98,True
4549,Thursday,Afternoon,Sandwich,1,8.93,True
4550,Friday,Afternoon,Coffee,1,4.69,True
4551,Saturday,Morning,Coffee,1,5.04,False
4552,Monday,Morning,Pastry,5,23.45,True
4553,Monday,Afternoon,Sandwich,4,35.28,True
4554,Saturday,Afternoon,Coffee,1,3.94,True
4555,Wednesday,Morning,Coffee,1,3.62,False
4556,Thursday,Morning,Coffee,1,3.69,True
4557,Thursday,Morning,Coffee,1,3.64,True
4558,Thursday,Morning,Coffee,1,3.96,True
4559,Saturday,Afternoon,Sandwich,2,19.28,False
4560,Sunday,Morning,Coffee,2,7.86,True
4561,Friday,Afternoon,Pastry,2,8.74,True
4562,Tuesday,Morning,Pastry,1,4.96,True
4563,Saturday,Morning,Coffee,2,7.78,False
4564,Monday,Afternoon,Sandwich,2,18.6,False
4565,Tuesday,Morning,Pastry,1,4.39,False
4566,Saturday,Morning,Coffee,1,4.77,True
4567,Tuesday,Evening,Tea,1,3.3,True
4568,Tuesday,Afternoon,Sandwich,1,10.22,True
4569,Monday,Afternoon,Merchandise,3,86.46,True
4570,Friday,Morning,Coffee,1,4.17,True
4571,Wednesday,Morning,Coffee,3,12.81,True
4572,Thursday,Evening,Tea,1,3.93,True
4573,Tuesday,Morning,Coffee,2,7.62,False
4574,Friday,Afternoon,Tea,2,6.1,False
4575,Friday,Morning,Tea,1,3.19,False
4576,Tuesday,Morning,Pastry,3,15.24,False
4577,Wednesday,Evening,Tea,1,4.33,True
4578,Tuesday,Morning,Pastry,1,5.0,False
4579,Sunday,Morning,Coffee,1,3.37,True
4580,Thursday,Morning,Coffee,1,4.4,True
4581,Saturday,Morning,Coffee,3,10.59,True
4582,Tuesday,Morning,Coffee,1,3.83,True
4583,Friday,Morning,Coffee,1,4.09,True
4584,Friday,Morning,Pastry,2,9.42,True
4585,Thursday,Afternoon,Coffee,1,4.03,False
4586,Sunday,Morning,Pastry,1,4.14,False
4587,Wednesday,Evening,Tea,1,3.92,False
4588,Monday,Morning,Coffee,1,3.74,False
4589,Thursday,Afternoon,Pastry,1,5.25,False
4590,Friday,Morning,Pastry,1,3.68,True
4591,Thursday,Afternoon,Tea,1,3.59,True
4592,Tuesday,Evening,Pastry,1,3.76,True
4593,Wednesday,Afternoon,Sandwich,1,8.5,True
4594,Tuesday,Afternoon,Sandwich,2,17.76,False
4595,Wednesday,Morning,Coffee,1,4.76,True
4596,Thursday,Afternoon,Sandwich,3,33.21,True
4597,Friday,Evening,Pastry,2,10.04,True
4598,Tuesday,Evening,Sandwich,3,28.62,True
4599,Wednesday,Morning,Coffee,1,4.09,False
4600,Tuesday,Evening,Coffee,2,9.26,True
4601,Tuesday,Morning,Coffee,2,8.7,False
4602,Friday,Morning,Coffee,1,4.01,False
4603,Saturday,Morning,Coffee,1,4.74,True
4604,Wednesday,Morning,Pastry,1,4.99,False
4605,Friday,Afternoon,Sandwich,1,9.79,False
4606,Saturday,Afternoon,Tea,1,3.32,True
4607,Friday,Afternoon,Tea,1,3.28,False
4608,Tuesday,Afternoon,Pastry,1,4.3,True
4609,Sunday,Morning,Coffee,3,12.69,False
4610,Wednesday,Afternoon,Sandwich,1,10.5,True
4611,Tuesday,Morning,Tea,1,2.92,False
4612,Monday,Afternoon,Coffee,1,3.03,True
4613,Wednesday,Afternoon,Pastry,1,3.93,False
4614,Monday,Afternoon,Sandwich,1,9.01,True
4615,Tuesday,Morning,Tea,2,7.96,True
4616,Tuesday,Afternoon,Pastry,1,4.33,False
4617,Friday,Morning,Coffee,1,4.13,False
4618,Saturday,Morning,Coffee,1,4.21,False
4619,Tuesday,Afternoon,Coffee,2,6.98,True
4620,Friday,Morning,Coffee,3,14.19,False
4621,Friday,Afternoon,Coffee,1,3.67,False
4622,Friday,Morning,Pastry,1,5.44,True
4623,Monday,Morning,Coffee,2,7.88,False
4624,Thursday,Afternoon,Sandwich,2,18.18,True
4625,Sunday,Morning,Coffee,1,3.44,False
4626,Thursday,Morning,Coffee,1,4.1,True
4627,Tuesday,Morning,Coffee,1,5.13,True
4628,Wednesday,Morning,Coffee,1,4.21,False
4629,Thursday,Afternoon,Sandwich,1,9.82,True
4630,Wednesday,Morning,Coffee,1,3.67,False
4631,Monday,Afternoon,Tea,1,3.74,False
4632,Tuesday,Afternoon,Sandwich,1,9.69,True
4633,Friday,Morning,Coffee,5,19.85,True
4634,Friday,Afternoon,Coffee,3,12.75,True
4635,Monday,Afternoon,Coffee,1,3.09,True
4636,Sunday,Morning,Coffee,2,7.9,True
4637,Tuesday,Morning,Coffee,1,3.4,True
4638,Thursday,Morning,Coffee,1,4.01,True
4639,Friday,Afternoon,Sandwich,1,8.63,False
4640,Friday,Afternoon,Sandwich,2,17.42,True
4641,Sunday,Morning,Coffee,4,13.32,True
4642,Tuesday,Afternoon,Coffee,2,9.12,True
4643,Friday,Afternoon,Coffee,1,3.66,True
4644,Monday,Afternoon,Pastry,2,8.26,True
4645,Thursday,Afternoon,Tea,3,12.33,False
4646,Friday,Morning,Pastry,1,4.84,True
4647,Thursday,Afternoon,Sandwich,2,14.12,True
4648,Tuesday,Afternoon,Coffee,1,4.69,True
4649,Saturday,Afternoon,Sandwich,2,22.96,True
4650,Monday,Morning,Coffee,1,4.78,False
4651,Monday,Morning,Coffee,1,4.33,True
4652,Thursday,Morning,Coffee,2,6.9,True
4653,Wednesday,Morning,Coffee,1,3.98,True
4654,Friday,Afternoon,Sandwich,1,7.76,False
4655,Wednesday,Morning,Coffee,1,3.57,True
4656,Monday,Afternoon,Coffee,2,6.88,True
4657,Friday,Afternoon,Merchandise,1,29.68,True
4658,Thursday,Afternoon,Tea,2,7.14,False
4659,Tuesday,Morning,Coffee,2,7.56,True
4660,Friday,Evening,Coffee,1,3.76,True
4661,Wednesday,Afternoon,Pastry,1,4.33,False
4662,Thursday,Afternoon,Sandwich,1,11.3,True
4663,Wednesday,Morning,Coffee,1,5.08,False
4664,Friday,Morning,Pastry,1,4.23,True
4665,Friday,Morning,Coffee,1,4.17,True
4666,Thursday,Morning,Coffee,1,3.58,False
4667,Monday,Morning,Coffee,1,4.38,True
4668,Friday,Afternoon,Sandwich,2,17.86,False
4669,Thursday,Afternoon,Tea,1,3.22,False
4670,Thursday,Morning,Pastry,3,17.1,True
4671,Wednesday,Morning,Coffee,1,3.32,True
4672,Saturday,Afternoon,Tea,1,2.52,True
4673,Friday,Morning,Coffee,1,4.37,True
4674,Monday,Afternoon,Sandwich,1,9.06,True
4675,Wednesday,Morning,Coffee,2,7.36,False
4676,Saturday,Morning,Coffee,1,5.37,True
4677,Monday,Morning,Coffee,1,4.37,True
4678,Sunday,Afternoon,Sandwich,1,9.43,True
4679,Thursday,Morning,Pastry,1,4.08,True
4680,Thursday,Afternoon,Sandwich,1,10.03,False
4681,Tuesday,Morning,Coffee,1,3.13,True
4682,Tuesday,Morning,Merchandise,1,30.52,True
4683,Sunday,Afternoon,Sandwich,1,9.46,False
4684,Tuesday,Morning,Coffee,1,4.11,True
4685,Friday,Afternoon,Coffee,2,7.86,False
4686,Wednesday,Morning,Coffee,1,3.65,True
4687,Monday,Morning,Coffee,1,4.46,True
4688,Monday,Afternoon,Sandwich,1,7.52,True
4689,Thursday,Evening,Sandwich,1,9.17,True
4690,Sunday,Morning,Pastry,1,4.19,False
4691,Wednesday,Afternoon,Coffee,1,4.51,True
4692,Tuesday,Morning,Coffee,1,3.77,True
4693,Tuesday,Afternoon,Coffee,1,4.22,True
4694,Wednesday,Afternoon,Coffee,2,8.34,True
4695,Wednesday,Morning,Tea,2,5.54,True
4696,Saturday,Morning,Coffee,1,3.97,True
4697,Wednesday,Morning,Tea,1,2.8,True
4698,Wednesday,Morning,Tea,1,3.64,True
4699,Monday,Morning,Pastry,2,8.12,False
4700,Sunday,Afternoon,Coffee,4,18.36,True
4701,Tuesday,Evening,Sandwich,1,9.28,True
4702,Monday,Morning,Merchandise,1,28.67,True
4703,Thursday,Morning,Pastry,2,10.44,False
4704,Thursday,Afternoon,Sandwich,2,16.9,False
4705,Wednesday,Evening,Pastry,1,5.04,False
4706,Wednesday,Morning,Coffee,1,4.23,True
4707,Friday,Morning,Pastry,1,4.28,False
4708,Tuesday,Morning,Pastry,1,3.7,False
4709,Friday,Morning,Tea,1,4.0,True
4710,Thursday,Morning,Pastry,1,4.8,False
4711,Wednesday,Morning,Coffee,2,7.22,False
4712,Wednesday,Morning,Coffee,2,8.24,True
4713,Tuesday,Afternoon,Pastry,2,10.2,True
4714,Friday,Morning,Coffee,1,4.06,True
4715,Wednesday,Morning,Coffee,1,4.12,True
4716,Tuesday,Morning,Coffee,1,4.52,True
4717,Thursday,Evening,Tea,1,4.11,False
4718,Sunday,Afternoon,Sandwich,1,9.36,True
4719,Wednesday,Morning,Coffee,1,3.33,True
4720,Saturday,Morning,Coffee,1,3.35,True
4721,Tuesday,Afternoon,Tea,1,3.22,True
4722,Monday,Morning,Coffee,1,3.53,False
4723,Tuesday,Morning,Coffee,1,3.16,True
4724,Wednesday,Morning,Coffee,1,4.92,True
4725,Tuesday,Evening,Sandwich,2,20.26,True
4726,Monday,Afternoon,Coffee,1,3.74,True
4727,Saturday,Afternoon,Sandwich,1,9.46,False
4728,Friday,Morning,Pastry,1,3.43,True
4729,Friday,Evening,Merchandise,2,101.66,True
4730,Monday,Evening,Coffee,1,3.03,True
4731,Monday,Evening,Pastry,2,9.62,True
4732,Monday,Morning,Coffee,1,3.08,True
4733,Friday,Morning,Coffee,1,3.79,True
4734,Saturday,Afternoon,Coffee,3,13.86,True
4735,Wednesday,Morning,Pastry,1,3.52,True
4736,Monday,Morning,Coffee,1,3.93,True
4737,Wednesday,Morning,Coffee,1,4.31,True
4738,Tuesday,Afternoon,Pastry,1,4.78,True
4739,Wednesday,Afternoon,Sandwich,1,9.58,True
4740,Thursday,Morning,Tea,1,3.7,True
4741,Thursday,Afternoon,Coffee,1,3.69,True
4742,Monday,Afternoon,Coffee,3,14.91,False
4743,Monday,Afternoon,Coffee,1,3.19,True
4744,Sunday,Morning,Pastry,1,5.2,True
4745,Tuesday,Morning,Tea,1,3.58,True
4746,Monday,Morning,Tea,1,3.75,False
4747,Tuesday,Morning,Coffee,1,4.4,True
4748,Monday,Afternoon,Sandwich,1,10.17,True
4749,Wednesday,Morning,Tea,3,9.54,True
4750,Friday,Evening,Merchandise,1,32.41,False
4751,Tuesday,Morning,Coffee,1,3.27,False
4752,Wednesday,Morning,Coffee,1,3.85,False
4753,Thursday,Morning,Coffee,1,4.16,True
4754,Wednesday,Morning,Coffee,2,8.6,True
4755,Friday,Morning,Pastry,1,4.73,True
4756,Friday,Afternoon,Sandwich,1,7.39,True
4757,Monday,Morning,Coffee,2,7.44,False
4758,Friday,Afternoon,Coffee,2,7.34,False
4759,Wednesday,Afternoon,Coffee,1,3.34,True
4760,Sunday,Morning,Pastry,2,8.0,False
4761,Wednesday,Afternoon,Coffee,1,4.0,True
4762,Sunday,Afternoon,Coffee,1,4.71,True
4763,Friday,Morning,Coffee,1,3.52,True
4764,Tuesday,Morning,Coffee,1,3.44,True
4765,Wednesday,Evening,Sandwich,1,8.78,False
4766,Sunday,Morning,Pastry,1,4.7,False
4767,Friday,Morning,Coffee,1,4.61,True
4768,Monday,Evening,Pastry,1,4.45,False
4769,Thursday,Morning,Coffee,1,3.28,False
4770,Tuesday,Morning,Sandwich,2,16.04,True
4771,Monday,Afternoon,Coffee,1,4.09,True
4772,Wednesday,Afternoon,Coffee,1,4.5,False
4773,Tuesday,Morning,Coffee,1,4.91,False
4774,Friday,Morning,Coffee,1,3.41,False
4775,Tuesday,Afternoon,Coffee,1,4.07,True
4776,Friday,Afternoon,Sandwich,5,41.3,True
4777,Monday,Morning,Pastry,1,3.96,False
4778,Tuesday,Morning,Coffee,2,7.02,True
4779,Tuesday,Morning,Tea,1,3.37,False
4780,Tuesday,Afternoon,Pastry,2,7.94,True
4781,Monday,Afternoon,Sandwich,1,12.47,True
4782,Tuesday,Evening,Pastry,3,12.66,True
4783,Thursday,Afternoon,Sandwich,1,10.69,True
4784,Tuesday,Afternoon,Coffee,1,3.67,True
4785,Wednesday,Morning,Coffee,1,5.12,False
4786,Wednesday,Afternoon,Tea,1,3.64,True
4787,Saturday,Afternoon,Tea,1,3.83,True
4788,Saturday,Morning,Pastry,1,4.15,False
4789,Wednesday,Morning,Coffee,2,8.98,True
4790,Tuesday,Evening,Coffee,1,4.17,True
4791,Monday,Morning,Coffee,1,3.81,True
4792,Sunday,Morning,Coffee,1,3.46,True
4793,Monday,Afternoon,Sandwich,1,9.21,True
4794,Tuesday,Afternoon,Tea,1,3.37,False
4795,Tuesday,Morning,Pastry,1,5.02,True
4796,Tuesday,Afternoon,Tea,1,3.41,False
4797,Monday,Morning,Pastry,1,3.35,True
4798,Friday,Morning,Sandwich,1,10.28,False
4799,Monday,Morning,Tea,3,12.06,True
4800,Thursday,Afternoon,Sandwich,1,7.5,False
4801,Monday,Evening,Pastry,1,5.58,False
4802,Monday,Afternoon,Sandwich,1,11.18,False
4803,Saturday,Evening,Sandwich,1,8.74,True
4804,Tuesday,Morning,Merchandise,1,26.49,True
4805,Friday,Morning,Tea,5,19.6,True
4806,Thursday,Afternoon,Sandwich,4,31.44,True
4807,Monday,Morning,Coffee,1,3.67,False
4808,Sunday,Afternoon,Coffee,1,3.34,True
4809,Tuesday,Afternoon,Tea,3,10.5,True
4810,Friday,Evening,Sandwich,1,11.26,True
4811,Monday,Morning,Coffee,1,4.19,False
4812,Friday,Morning,Coffee,1,4.51,False
4813,Monday,Morning,Coffee,1,3.82,True
4814,Wednesday,Morning,Coffee,5,20.25,False
4815,Friday,Afternoon,Sandwich,2,16.06,False
4816,Saturday,Morning,Pastry,1,4.44,False
4817,Saturday,Morning,Coffee,2,7.26,True
4818,Friday,Morning,Coffee,1,3.92,False
4819,Saturday,Morning,Coffee,2,7.78,True
4820,Tuesday,Morning,Coffee,1,3.84,False
4821,Tuesday,Morning,Coffee,1,5.05,True
4822,Tuesday,Morning,Coffee,1,4.88,False
4823,Wednesday,Morning,Coffee,1,4.71,True
4824,Wednesday,Morning,Coffee,1,4.9,True
4825,Thursday,Morning,Tea,1,4.07,False
4826,Monday,Morning,Coffee,5,19.95,True
4827,Thursday,Morning,Coffee,3,11.82,True
4828,Monday,Afternoon,Coffee,1,4.12,True
4829,Tuesday,Afternoon,Merchandise,2,66.16,True
4830,Wednesday,Afternoon,Pastry,3,11.64,True
4831,Friday,Morning,Coffee,1,4.15,False
4832,Friday,Morning,Coffee,1,3.22,False
4833,Thursday,Afternoon,Sandwich,2,19.34,True
4834,Monday,Morning,Pastry,1,3.9,True
4835,Thursday,Afternoon,Sandwich,1,9.4,True
4836,Monday,Morning,Coffee,1,4.1,False
4837,Wednesday,Morning,Tea,1,3.36,False
4838,Wednesday,Afternoon,Sandwich,3,22.59,True
4839,Monday,Morning,Coffee,1,3.41,False
4840,Tuesday,Morning,Pastry,2,9.54,True
4841,Sunday,Morning,Coffee,2,7.44,True
4842,Sunday,Morning,Coffee,1,4.28,True
4843,Tuesday,Morning,Pastry,2,9.02,True
4844,Monday,Afternoon,Sandwich,1,9.26,True
4845,Monday,Afternoon,Coffee,1,4.17,True
4846,Wednesday,Afternoon,Tea,2,6.46,True
4847,Sunday,Morning,Pastry,1,4.74,True
4848,Monday,Evening,Coffee,2,7.58,True
4849,Friday,Afternoon,Coffee,1,5.27,False
4850,Monday,Morning,Coffee,2,6.86,True
4851,Sunday,Afternoon,Sandwich,1,9.07,True
4852,Wednesday,Afternoon,Sandwich,1,9.12,True
4853,Friday,Afternoon,Pastry,1,3.69,True
4854,Tuesday,Morning,Coffee,1,4.36,True
4855,Thursday,Morning,Coffee,1,3.79,False
4856,Tuesday,Afternoon,Coffee,1,2.81,True
4857,Monday,Morning,Pastry,1,4.92,True
4858,Saturday,Afternoon,Coffee,1,3.68,True
4859,Saturday,Afternoon,Tea,1,3.46,True
4860,Saturday,Afternoon,Sandwich,1,10.31,False
4861,Thursday,Morning,Coffee,3,11.46,True
4862,Friday,Afternoon,Pastry,3,12.84,True
4863,Monday,Morning,Coffee,1,5.23,False
4864,Tuesday,Afternoon,Sandwich,1,6.92,True
4865,Tuesday,Afternoon,Coffee,1,3.36,False
4866,Thursday,Morning,Coffee,1,3.45,False
4867,Tuesday,Afternoon,Pastry,1,5.57,True
4868,Monday,Morning,Sandwich,1,8.73,False
4869,Thursday,Morning,Coffee,1,4.12,True
4870,Friday,Morning,Sandwich,1,8.93,True
4871,Wednesday,Morning,Pastry,1,4.86,True
4872,Monday,Morning,Pastry,1,4.49,False
4873,Tuesday,Morning,Coffee,2,8.26,True
4874,Tuesday,Afternoon,Coffee,2,9.28,True
4875,Tuesday,Afternoon,Coffee,2,8.44,True
4876,Thursday,Afternoon,Tea,1,3.21,False
4877,Thursday,Morning,Sandwich,1,9.87,True
4878,Thursday,Evening,Coffee,1,5.21,True
4879,Wednesday,Afternoon,Pastry,1,4.84,True
4880,Friday,Morning,Coffee,1,4.08,True
4881,Tuesday,Afternoon,Sandwich,2,15.72,True
4882,Wednesday,Morning,Coffee,4,17.44,True
4883,Friday,Afternoon,Coffee,2,8.88,True
4884,Tuesday,Morning,Coffee,2,8.32,True
4885,Monday,Morning,Pastry,1,4.57,False
4886,Saturday,Afternoon,Coffee,2,10.84,False
4887,Tuesday,Morning,Coffee,3,13.29,True
4888,Thursday,Morning,Coffee,1,4.62,True
4889,Monday,Evening,Merchandise,1,35.77,True
4890,Thursday,Evening,Pastry,1,4.42,True
4891,Tuesday,Afternoon,Sandwich,1,10.26,True
4892,Monday,Morning,Tea,1,3.45,False
4893,Thursday,Morning,Coffee,3,11.91,True
4894,Tuesday,Afternoon,Pastry,1,4.78,False
4895,Wednesday,Morning,Coffee,1,3.74,True
4896,Monday,Morning,Coffee,1,4.11,True
4897,Monday,Morning,Coffee,1,4.04,False
4898,Tuesday,Morning,Coffee,1,4.48,True
4899,Monday,Morning,Coffee,2,7.38,True
4900,Saturday,Morning,Coffee,1,3.0,True
4901,Monday,Morning,Pastry,4,17.24,True
4902,Wednesday,Morning,Pastry,1,4.74,False
4903,Monday,Morning,Coffee,1,4.48,True
4904,Tuesday,Morning,Coffee,3,10.95,True
4905,Saturday,Afternoon,Sandwich,5,50.75,False
4906,Monday,Afternoon,Sandwich,1,10.86,True
4907,Sunday,Morning,Merchandise,2,88.48,True
4908,Tuesday,Morning,Coffee,1,3.6,False
4909,Friday,Morning,Coffee,1,3.66,True
4910,Thursday,Morning,Coffee,1,4.22,True
4911,Saturday,Morning,Tea,1,4.15,False
4912,Thursday,Morning,Coffee,1,4.01,True
4913,Wednesday,Afternoon,Coffee,1,3.92,False
4914,Tuesday,Afternoon,Coffee,1,3.32,True
4915,Monday,Morning,Tea,1,3.35,False
4916,Saturday,Morning,Coffee,1,3.64,False
4917,Tuesday,Afternoon,Sandwich,2,19.06,True
4918,Wednesday,Morning,Pastry,1,3.59,True
4919,Friday,Afternoon,Sandwich,1,9.11,True
4920,Tuesday,Morning,Coffee,4,14.0,True
4921,Sunday,Afternoon,Merchandise,1,47.14,False
4922,Friday,Evening,Tea,1,3.16,False
4923,Thursday,Evening,Coffee,1,3.71,False
4924,Saturday,Morning,Merchandise,1,38.13,False
4925,Monday,Morning,Coffee,1,3.77,False
4926,Tuesday,Morning,Coffee,2,10.36,False
4927,Wednesday,Evening,Tea,1,3.87,False
4928,Tuesday,Morning,Coffee,1,4.01,True
4929,Friday,Morning,Coffee,1,4.18,False
4930,Saturday,Morning,Coffee,1,2.82,False
4931,Wednesday,Morning,Coffee,2,9.24,True
4932,Tuesday,Morning,Pastry,2,9.62,False
4933,Sunday,Afternoon,Coffee,1,3.96,True
4934,Wednesday,Morning,Coffee,2,8.56,True
4935,Wednesday,Morning,Coffee,2,8.68,True
4936,Tuesday,Evening,Sandwich,1,9.0,True
4937,Saturday,Afternoon,Sandwich,4,39.84,True
4938,Thursday,Afternoon,Sandwich,2,21.52,True
4939,Friday,Morning,Coffee,1,4.23,False
4940,Friday,Afternoon,Coffee,1,3.87,False
4941,Tuesday,Morning,Coffee,2,8.3,False
4942,Wednesday,Morning,Coffee,1,4.69,True
4943,Friday,Morning,Coffee,2,8.78,True
4944,Wednesday,Morning,Sandwich,1,8.1,False
4945,Friday,Morning,Coffee,1,4.29,False
4946,Sunday,Evening,Merchandise,1,40.21,False
4947,Thursday,Morning,Coffee,1,4.58,True
4948,Friday,Morning,Pastry,1,4.52,True
4949,Friday,Morning,Coffee,2,7.64,False
4950,Friday,Morning,Pastry,1,3.68,False
4951,Wednesday,Afternoon,Coffee,1,3.65,True
4952,Monday,Morning,Pastry,1,5.22,True
4953,Wednesday,Afternoon,Coffee,1,4.1,True
4954,Thursday,Morning,Coffee,2,7.9,True
4955,Wednesday,Afternoon,Tea,2,8.04,True
4956,Friday,Afternoon,Tea,1,3.94,True
4957,Tuesday,Afternoon,Sandwich,1,8.62,False
4958,Thursday,Afternoon,Sandwich,1,10.94,False
4959,Tuesday,Afternoon,Sandwich,1,7.51,False
4960,Friday,Morning,Pastry,2,9.56,False
4961,Thursday,Morning,Coffee,1,4.17,True
4962,Tuesday,Afternoon,Sandwich,1,10.88,True
4963,Tuesday,Afternoon,Tea,1,3.65,True
4964,Friday,Morning,Pastry,4,17.4,False
4965,Wednesday,Morning,Coffee,5,19.6,False
4966,Tuesday,Afternoon,Sandwich,3,38.19,True
4967,Sunday,Morning,Coffee,2,8.08,True
4968,Thursday,Morning,Coffee,2,8.6,True
4969,Sunday,Morning,Coffee,2,5.98,True
4970,Wednesday,Afternoon,Coffee,2,7.18,True
4971,Wednesday,Evening,Tea,3,11.13,False
4972,Saturday,Morning,Coffee,1,3.19,True
4973,Wednesday,Morning,Pastry,1,4.83,False
4974,Thursday,Morning,Coffee,1,3.64,True
4975,Tuesday,Morning,Pastry,1,3.88,True
4976,Wednesday,Afternoon,Coffee,2,7.28,True
4977,Monday,Morning,Coffee,2,9.52,False
4978,Tuesday,Morning,Coffee,1,4.17,True
4979,Monday,Afternoon,Pastry,1,3.95,False
4980,Monday,Afternoon,Tea,4,15.24,True
4981,Sunday,Morning,Coffee,1,4.41,False
4982,Tuesday,Morning,Coffee,1,3.81,True
4983,Thursday,Evening,Pastry,2,10.16,True
4984,Friday,Morning,Coffee,1,4.5,True
4985,Thursday,Afternoon,Coffee,1,4.43,True
4986,Monday,Morning,Pastry,1,4.1,True
4987,Friday,Afternoon,Sandwich,1,8.09,True
4988,Thursday,Afternoon,Tea,1,2.82,False
4989,Friday,Afternoon,Sandwich,1,8.71,False
4990,Friday,Afternoon,Sandwich,1,9.06,True
4991,Sunday,Evening,Pastry,1,4.33,False
4992,Thursday,Afternoon,Coffee,2,7.96,False
4993,Tuesday,Morning,Pastry,1,5.54,False
4994,Thursday,Morning,Coffee,1,3.83,True
4995,Monday,Afternoon,Coffee,1,3.98,True
4996,Saturday,Afternoon,Coffee,1,3.09,True
4997,Monday,Morning,Pastry,1,5.84,True
4998,Tuesday,Morning,Pastry,1,3.71,True
4999,Friday,Afternoon,Sandwich,4,34.6,True
5000,Thursday,Morning,Sandwich,3,30.99,True
5001,Wednesday,Morning,Coffee,1,4.12,True
5002,Wednesday,Afternoon,Coffee,1,4.82,True
5003,Friday,Afternoon,Sandwich,1,10.36,False
5004,Tuesday,Morning,Sandwich,1,9.4,True
5005,Friday,Morning,Coffee,2,9.04,True
5006,Monday,Morning,Coffee,1,4.58,True
5007,Friday,Morning,Coffee,2,7.34,True
5008,Friday,Afternoon,Coffee,3,13.44,False
5009,Tuesday,Morning,Coffee,1,3.89,True
5010,Wednesday,Morning,Coffee,1,3.95,True
5011,Monday,Morning,Pastry,1,4.59,False
5012,Thursday,Morning,Coffee,1,3.81,True
5013,Wednesday,Evening,Pastry,3,12.72,True
5014,Thursday,Morning,Coffee,1,4.49,True
5015,Tuesday,Afternoon,Coffee,1,3.24,True
5016,Tuesday,Afternoon,Pastry,2,7.72,True
5017,Monday,Morning,Pastry,1,4.9,True
5018,Tuesday,Afternoon,Pastry,1,4.46,True
5019,Thursday,Morning,Pastry,1,5.09,True
5020,Friday,Afternoon,Sandwich,1,9.93,True
5021,Thursday,Morning,Coffee,1,3.33,False
5022,Wednesday,Afternoon,Coffee,1,4.03,False
5023,Sunday,Morning,Tea,1,3.71,True
5024,Thursday,Afternoon,Tea,1,3.59,False
5025,Saturday,Morning,Coffee,1,3.77,True
5026,Wednesday,Afternoon,Tea,4,13.56,True
5027,Tuesday,Morning,Coffee,1,3.72,True
5028,Monday,Afternoon,Sandwich,1,7.91,True
5029,Friday,Morning,Coffee,3,9.81,True
5030,Monday,Morning,Coffee,4,16.8,True
5031,Tuesday,Afternoon,Pastry,2,7.96,True
5032,Wednesday,Evening,Pastry,1,4.85,False
5033,Thursday,Morning,Tea,1,3.26,True
5034,Thursday,Evening,Sandwich,1,7.92,True
5035,Monday,Afternoon,Sandwich,2,18.02,False
5036,Wednesday,Afternoon,Pastry,1,5.76,True
5037,Thursday,Morning,Coffee,1,3.95,True
5038,Sunday,Morning,Coffee,1,4.32,False
5039,Friday,Afternoon,Sandwich,1,9.7,True
5040,Saturday,Morning,Pastry,1,3.66,True
5041,Friday,Morning,Sandwich,2,22.48,False
5042,Thursday,Morning,Tea,2,6.8,False
5043,Tuesday,Morning,Coffee,1,3.34,True
5044,Thursday,Afternoon,Coffee,2,7.48,True
5045,Thursday,Afternoon,Coffee,1,3.9,True
5046,Thursday,Afternoon,Coffee,1,4.37,True
5047,Wednesday,Morning,Coffee,1,3.66,False
5048,Wednesday,Morning,Coffee,1,5.31,True
5049,Tuesday,Morning,Coffee,1,3.53,False
5050,Wednesday,Morning,Tea,1,3.74,False
5051,Tuesday,Afternoon,Pastry,3,9.96,True
5052,Friday,Afternoon,Pastry,3,13.29,True
5053,Tuesday,Morning,Coffee,1,4.18,True
5054,Monday,Afternoon,Coffee,1,3.44,True
5055,Wednesday,Morning,Sandwich,1,11.3,False
5056,Thursday,Afternoon,Coffee,1,4.22,True
5057,Wednesday,Morning,Pastry,1,4.31,True
5058,Tuesday,Afternoon,Coffee,1,4.21,False
5059,Thursday,Morning,Coffee,1,3.7,True
5060,Tuesday,Morning,Coffee,1,4.63,False
5061,Saturday,Morning,Coffee,1,4.51,True
5062,Saturday,Morning,Coffee,2,8.38,True
5063,Wednesday,Morning,Pastry,2,9.74,True
5064,Tuesday,Morning,Coffee,1,3.26,False
5065,Friday,Morning,Coffee,1,4.73,True
5066,Monday,Afternoon,Coffee,3,11.85,False
5067,Wednesday,Morning,Coffee,1,4.51,True
5068,Tuesday,Afternoon,Sandwich,1,10.4,True
5069,Saturday,Morning,Pastry,1,5.11,True
5070,Monday,Evening,Pastry,1,3.87,False
5071,Thursday,Evening,Tea,1,3.13,True
5072,Friday,Morning,Coffee,1,5.12,True
5073,Wednesday,Afternoon,Sandwich,1,7.68,True
5074,Monday,Morning,Coffee,2,6.9,False
5075,Sunday,Evening,Sandwich,1,9.55,True
5076,Wednesday,Morning,Coffee,1,4.02,False
5077,Thursday,Morning,Sandwich,1,8.85,True
5078,Tuesday,Morning,Coffee,1,4.31,True
5079,Wednesday,Morning,Coffee,1,4.45,True
5080,Wednesday,Morning,Tea,1,3.49,True
5081,Monday,Afternoon,Sandwich,1,9.18,True
5082,Monday,Morning,Sandwich,1,9.47,False
5083,Friday,Morning,Pastry,2,8.4,True
5084,Tuesday,Morning,Pastry,2,6.96,True
5085,Tuesday,Morning,Coffee,1,4.15,True
5086,Wednesday,Morning,Pastry,1,4.96,True
5087,Friday,Afternoon,Sandwich,4,37.28,True
5088,Monday,Morning,Coffee,1,2.87,True
5089,Thursday,Afternoon,Sandwich,3,26.43,False
5090,Monday,Morning,Coffee,1,4.45,False
5091,Monday,Morning,Coffee,1,3.28,True
5092,Monday,Afternoon,Sandwich,1,10.34,True
5093,Friday,Morning,Coffee,2,7.56,True
5094,Monday,Morning,Coffee,1,3.99,True
5095,Monday,Afternoon,Tea,2,6.46,True
5096,Wednesday,Morning,Coffee,2,6.86,True
5097,Friday,Morning,Coffee,1,4.72,False
5098,Tuesday,Afternoon,Sandwich,1,10.48,True
5099,Wednesday,Afternoon,Sandwich,1,10.27,True
5100,Monday,Morning,Pastry,1,5.05,True
5101,Wednesday,Morning,Coffee,2,8.5,False
5102,Thursday,Morning,Pastry,1,5.07,True
5103,Thursday,Morning,Tea,1,3.23,True
5104,Tuesday,Afternoon,Coffee,1,4.69,True
5105,Tuesday,Afternoon,Sandwich,2,22.1,False
5106,Monday,Afternoon,Sandwich,1,9.96,True
5107,Wednesday,Morning,Coffee,5,19.3,False
5108,Monday,Morning,Coffee,2,6.78,True
5109,Friday,Afternoon,Sandwich,2,19.54,False
5110,Sunday,Morning,Coffee,1,4.84,False
5111,Sunday,Afternoon,Sandwich,1,8.11,False
5112,Friday,Afternoon,Tea,1,3.91,False
5113,Thursday,Evening,Tea,1,3.31,True
5114,Thursday,Morning,Tea,2,6.7,True
5115,Tuesday,Morning,Coffee,1,3.41,False
5116,Thursday,Afternoon,Sandwich,1,8.6,True
5117,Wednesday,Afternoon,Coffee,1,4.32,True
5118,Wednesday,Afternoon,Coffee,1,4.39,False
5119,Friday,Morning,Coffee,1,4.12,True
5120,Tuesday,Afternoon,Tea,1,3.3,True
5121,Tuesday,Afternoon,Coffee,1,3.45,True
5122,Saturday,Morning,Pastry,1,4.54,False
5123,Monday,Morning,Pastry,1,4.28,False
5124,Wednesday,Afternoon,Sandwich,1,9.75,True
5125,Saturday,Morning,Coffee,1,3.84,True
5126,Thursday,Morning,Pastry,2,8.64,False
5127,Thursday,Afternoon,Sandwich,2,19.38,True
5128,Tuesday,Morning,Coffee,1,4.18,True
5129,Tuesday,Afternoon,Coffee,1,4.61,False
5130,Friday,Morning,Coffee,1,3.83,True
5131,Thursday,Morning,Coffee,2,8.54,True
5132,Wednesday,Evening,Sandwich,2,23.32,True
5133,Monday,Evening,Pastry,1,4.84,False
5134,Monday,Morning,Tea,3,11.91,True
5135,Sunday,Afternoon,Coffee,1,3.69,True
5136,Wednesday,Morning,Coffee,1,3.64,False
5137,Thursday,Morning,Coffee,4,15.68,True
5138,Monday,Morning,Sandwich,1,9.44,True
5139,Thursday,Morning,Coffee,1,4.54,True
5140,Saturday,Afternoon,Sandwich,2,17.24,True
5141,Thursday,Afternoon,Coffee,1,3.96,True
5142,Monday,Evening,Pastry,2,10.28,False
5143,Thursday,Afternoon,Sandwich,1,9.76,True
5144,Friday,Morning,Pastry,1,4.49,False
5145,Wednesday,Afternoon,Coffee,1,4.12,False
5146,Saturday,Evening,Coffee,1,3.44,False
5147,Thursday,Afternoon,Coffee,2,6.86,True
5148,Saturday,Afternoon,Sandwich,2,15.18,False
5149,Thursday,Evening,Coffee,1,4.1,False
5150,Monday,Morning,Coffee,1,4.46,True
5151,Tuesday,Afternoon,Pastry,2,9.92,True
5152,Tuesday,Afternoon,Pastry,2,10.38,False
5153,Saturday,Evening,Sandwich,2,22.5,False
5154,Friday,Morning,Pastry,1,4.59,True
5155,Thursday,Morning,Coffee,1,3.97,False
5156,Tuesday,Afternoon,Sandwich,2,22.54,True
5157,Tuesday,Morning,Pastry,2,8.16,True
5158,Friday,Afternoon,Coffee,1,3.41,True
5159,Wednesday,Morning,Pastry,1,4.3,True
5160,Tuesday,Morning,Tea,1,3.32,True
5161,Thursday,Morning,Coffee,2,8.04,True
5162,Monday,Morning,Tea,2,6.32,True
5163,Tuesday,Morning,Coffee,2,8.36,True
5164,Wednesday,Morning,Coffee,1,3.72,False
5165,Monday,Morning,Pastry,1,5.24,True
5166,Sunday,Morning,Pastry,2,7.56,False
5167,Tuesday,Morning,Pastry,1,4.42,False
5168,Monday,Morning,Coffee,1,3.83,False
5169,Tuesday,Afternoon,Sandwich,1,9.78,True
5170,Friday,Afternoon,Coffee,3,13.38,False
5171,Wednesday,Morning,Coffee,1,4.13,True
5172,Thursday,Morning,Coffee,1,3.94,True
5173,Monday,Afternoon,Coffee,1,4.35,False
5174,Monday,Morning,Coffee,1,4.42,False
5175,Wednesday,Evening,Pastry,1,4.66,True
5176,Friday,Afternoon,Sandwich,1,9.97,True
5177,Saturday,Morning,Sandwich,2,20.56,True
5178,Monday,Morning,Pastry,1,3.51,True
5179,Wednesday,Morning,Coffee,1,3.82,True
5180,Saturday,Morning,Pastry,2,9.46,False
5181,Wednesday,Morning,Pastry,1,4.33,False
5182,Friday,Morning,Coffee,1,3.86,False
5183,Monday,Afternoon,Sandwich,1,9.95,True
5184,Saturday,Morning,Coffee,2,8.4,True
5185,Friday,Morning,Coffee,2,8.46,True
5186,Sunday,Afternoon,Pastry,1,4.02,True
5187,Thursday,Morning,Tea,1,2.93,True
5188,Wednesday,Morning,Pastry,2,9.96,True
5189,Saturday,Morning,Coffee,1,3.63,True
5190,Tuesday,Afternoon,Pastry,2,8.02,False
5191,Tuesday,Evening,Sandwich,1,8.42,True
5192,Thursday,Morning,Sandwich,1,10.88,False
5193,Friday,Morning,Coffee,1,4.11,True
5194,Saturday,Morning,Coffee,1,4.17,True
5195,Tuesday,Morning,Tea,1,3.78,True
5196,Friday,Morning,Coffee,1,3.98,True
5197,Friday,Afternoon,Coffee,1,4.51,True
5198,Monday,Evening,Tea,1,3.02,True
5199,Wednesday,Morning,Pastry,1,3.85,False
5200,Tuesday,Morning,Pastry,1,3.82,True
5201,Tuesday,Afternoon,Tea,2,7.34,False
5202,Sunday,Morning,Coffee,3,12.75,False
5203,Thursday,Morning,Coffee,1,3.76,True
5204,Thursday,Morning,Coffee,1,3.88,True
5205,Sunday,Morning,Coffee,1,4.63,True
5206,Wednesday,Morning,Coffee,1,3.65,True
5207,Friday,Afternoon,Tea,1,3.62,True
5208,Wednesday,Afternoon,Coffee,1,3.66,True
5209,Friday,Morning,Tea,2,7.88,True
5210,Tuesday,Morning,Tea,1,3.75,False
5211,Sunday,Evening,Tea,1,2.94,True
5212,Tuesday,Morning,Coffee,2,7.74,False
5213,Tuesday,Afternoon,Coffee,1,2.96,True
5214,Friday,Morning,Tea,1,3.86,True
5215,Wednesday,Morning,Coffee,1,5.02,True
5216,Thursday,Morning,Coffee,5,14.55,False
5217,Wednesday,Afternoon,Sandwich,1,7.79,False
5218,Friday,Morning,Pastry,1,4.6,False
5219,Tuesday,Morning,Coffee,2,7.98,True
5220,Monday,Morning,Coffee,1,3.79,True
5221,Tuesday,Afternoon,Sandwich,2,14.82,True
5222,Wednesday,Evening,Sandwich,1,9.89,True
5223,Monday,Evening,Tea,4,15.44,True
5224,Tuesday,Evening,Sandwich,2,25.84,True
5225,Wednesday,Morning,Coffee,1,4.65,False
5226,Monday,Morning,Sandwich,1,7.94,False
5227,Thursday,Morning,Coffee,3,11.97,True
5228,Saturday,Morning,Pastry,1,4.86,False
5229,Monday,Afternoon,Sandwich,1,8.67,True
5230,Thursday,Afternoon,Tea,2,7.62,True
5231,Thursday,Morning,Pastry,1,4.92,False
5232,Wednesday,Afternoon,Coffee,1,4.62,True
5233,Thursday,Evening,Coffee,1,4.4,False
5234,Wednesday,Morning,Coffee,1,4.14,True
5235,Wednesday,Morning,Pastry,1,4.12,False
5236,Monday,Morning,Coffee,1,3.35,False
5237,Thursday,Morning,Tea,2,7.18,True
5238,Thursday,Afternoon,Sandwich,1,9.02,False
5239,Monday,Morning,Coffee,1,3.85,False
5240,Wednesday,Morning,Coffee,2,9.12,True
5241,Sunday,Evening,Sandwich,1,11.14,True
5242,Wednesday,Morning,Sandwich,1,8.02,False
5243,Wednesday,Morning,Coffee,2,7.78,True
5244,Saturday,Evening,Tea,1,3.33,False
5245,Thursday,Morning,Coffee,1,4.16,True
5246,Thursday,Morning,Coffee,1,2.87,True
5247,Friday,Afternoon,Tea,1,2.92,False
5248,Friday,Morning,Coffee,2,7.88,True
5249,Wednesday,Afternoon,Coffee,1,4.39,True
5250,Wednesday,Morning,Coffee,1,4.04,True
5251,Wednesday,Morning,Pastry,2,9.8,False
5252,Sunday,Morning,Sandwich,1,9.74,True
5253,Thursday,Morning,Coffee,1,4.64,True
5254,Monday,Afternoon,Sandwich,1,11.28,False
5255,Friday,Afternoon,Coffee,1,3.62,True
5256,Wednesday,Evening,Sandwich,1,10.56,True
5257,Monday,Afternoon,Sandwich,1,10.11,True
5258,Thursday,Morning,Pastry,1,6.0,True
5259,Wednesday,Afternoon,Coffee,1,3.6,True
5260,Saturday,Afternoon,Pastry,1,4.43,True
5261,Tuesday,Afternoon,Pastry,3,11.64,True
5262,Friday,Afternoon,Coffee,1,3.51,True
5263,Thursday,Afternoon,Coffee,1,4.19,True
5264,Monday,Morning,Coffee,1,4.1,False
5265,Sunday,Afternoon,Sandwich,1,10.15,True
5266,Wednesday,Morning,Coffee,1,4.26,True
5267,Tuesday,Morning,Coffee,5,19.4,True
5268,Wednesday,Afternoon,Coffee,2,7.76,True
5269,Friday,Morning,Coffee,1,3.51,True
5270,Tuesday,Morning,Tea,1,3.22,True
5271,Tuesday,Morning,Coffee,1,3.97,True
5272,Monday,Afternoon,Tea,1,3.58,True
5273,Tuesday,Morning,Coffee,1,4.36,True
5274,Friday,Afternoon,Sandwich,1,10.23,True
5275,Wednesday,Morning,Coffee,1,4.78,False
5276,Tuesday,Morning,Sandwich,1,8.33,False
5277,Monday,Morning,Coffee,1,3.88,False
5278,Tuesday,Afternoon,Sandwich,3,25.32,True
5279,Saturday,Morning,Coffee,3,13.92,True
5280,Tuesday,Evening,Pastry,1,4.2,True
5281,Sunday,Evening,Pastry,1,5.19,False
5282,Wednesday,Afternoon,Coffee,1,4.73,True
5283,Monday,Evening,Tea,2,7.34,True
5284,Saturday,Morning,Coffee,3,12.45,True
5285,Wednesday,Morning,Coffee,2,8.04,True
5286,Thursday,Afternoon,Coffee,1,3.84,False
5287,Sunday,Afternoon,Sandwich,1,8.98,True
5288,Monday,Afternoon,Sandwich,1,9.32,True
5289,Monday,Afternoon,Coffee,1,4.91,True
5290,Friday,Evening,Tea,1,3.08,False
5291,Tuesday,Morning,Coffee,1,4.1,True
5292,Tuesday,Afternoon,Coffee,2,8.72,True
5293,Monday,Afternoon,Sandwich,2,18.32,False
5294,Monday,Afternoon,Sandwich,1,10.0,True
5295,Friday,Morning,Coffee,3,9.75,True
5296,Monday,Afternoon,Coffee,1,4.66,True
5297,Wednesday,Evening,Sandwich,3,32.58,True
5298,Thursday,Morning,Coffee,3,11.85,True
5299,Wednesday,Afternoon,Coffee,1,3.56,True
5300,Monday,Morning,Tea,1,3.82,True
5301,Friday,Evening,Pastry,1,3.81,False
5302,Monday,Morning,Coffee,2,7.0,False
5303,Friday,Morning,Pastry,1,4.47,True
5304,Saturday,Morning,Coffee,3,14.28,False
5305,Wednesday,Afternoon,Sandwich,1,10.27,False
5306,Wednesday,Morning,Coffee,1,3.68,True
5307,Wednesday,Afternoon,Sandwich,4,29.92,True
5308,Wednesday,Evening,Sandwich,1,9.55,False
5309,Saturday,Afternoon,Tea,1,3.6,True
5310,Saturday,Morning,Pastry,1,4.46,True
5311,Tuesday,Evening,Sandwich,1,11.67,True
5312,Thursday,Afternoon,Coffee,1,3.93,True
5313,Saturday,Morning,Pastry,1,3.13,False
5314,Sunday,Morning,Pastry,1,4.26,True
5315,Wednesday,Morning,Coffee,2,8.46,True
5316,Wednesday,Afternoon,Coffee,1,4.19,True
5317,Tuesday,Morning,Coffee,2,7.82,True
5318,Sunday,Morning,Coffee,1,3.83,True
5319,Monday,Afternoon,Coffee,1,3.0,True
5320,Thursday,Afternoon,Pastry,1,4.55,True
5321,Tuesday,Afternoon,Coffee,1,3.83,True
5322,Tuesday,Afternoon,Coffee,1,4.12,True
5323,Wednesday,Morning,Coffee,1,4.25,True
5324,Sunday,Afternoon,Tea,4,16.0,True
5325,Monday,Morning,Coffee,1,3.52,True
5326,Thursday,Afternoon,Sandwich,1,7.95,True
5327,Monday,Afternoon,Coffee,1,3.71,False
5328,Monday,Morning,Coffee,2,7.26,True
5329,Wednesday,Evening,Coffee,1,3.59,True
5330,Wednesday,Morning,Coffee,2,9.44,True
5331,Tuesday,Morning,Coffee,1,4.07,True
5332,Tuesday,Evening,Sandwich,1,11.87,False
5333,Monday,Afternoon,Coffee,1,4.0,True
5334,Tuesday,Afternoon,Sandwich,2,16.18,False
5335,Sunday,Morning,Coffee,1,3.6,True
5336,Sunday,Afternoon,Tea,1,3.91,False
5337,Tuesday,Morning,Pastry,1,3.82,False
5338,Thursday,Morning,Pastry,1,4.83,False
5339,Saturday,Morning,Tea,1,3.36,True
5340,Monday,Morning,Pastry,1,3.94,False
5341,Friday,Afternoon,Tea,1,4.05,True
5342,Sunday,Morning,Pastry,5,20.75,True
5343,Monday,Morning,Coffee,1,3.59,True
5344,Monday,Morning,Pastry,1,4.45,True
5345,Sunday,Afternoon,Coffee,1,3.75,True
5346,Wednesday,Afternoon,Coffee,2,10.22,False
5347,Monday,Morning,Tea,1,3.92,False
5348,Tuesday,Afternoon,Coffee,1,3.7,True
5349,Wednesday,Morning,Coffee,1,3.76,True
5350,Thursday,Afternoon,Coffee,1,2.99,True
5351,Friday,Morning,Tea,1,3.55,True
5352,Sunday,Morning,Pastry,1,4.05,True
5353,Tuesday,Afternoon,Sandwich,1,9.61,False
5354,Wednesday,Evening,Sandwich,2,14.28,False
5355,Wednesday,Morning,Coffee,2,7.98,True
5356,Wednesday,Afternoon,Coffee,1,4.85,False
5357,Monday,Afternoon,Coffee,1,4.03,False
5358,Sunday,Evening,Pastry,3,12.12,True
5359,Friday,Morning,Coffee,2,7.98,True
5360,Wednesday,Morning,Coffee,1,3.97,True
5361,Thursday,Afternoon,Tea,1,4.38,True
5362,Tuesday,Morning,Tea,3,10.11,True
5363,Thursday,Morning,Coffee,1,3.4,True
5364,Thursday,Morning,Pastry,2,9.02,True
5365,Wednesday,Afternoon,Sandwich,1,9.73,False
5366,Sunday,Morning,Pastry,1,4.84,False
5367,Thursday,Afternoon,Merchandise,1,44.31,True
5368,Wednesday,Morning,Coffee,1,4.98,True
5369,Friday,Morning,Tea,1,3.26,True
5370,Monday,Morning,Pastry,2,8.18,True
5371,Wednesday,Morning,Coffee,1,3.07,False
5372,Tuesday,Afternoon,Sandwich,2,20.58,True
5373,Wednesday,Afternoon,Tea,1,3.15,False
5374,Friday,Morning,Coffee,1,4.45,True
5375,Wednesday,Morning,Coffee,1,3.75,True
5376,Friday,Afternoon,Merchandise,3,187.83,True
5377,Thursday,Afternoon,Sandwich,1,7.78,False
5378,Tuesday,Afternoon,Sandwich,1,10.73,True
5379,Friday,Afternoon,Sandwich,5,52.9,False
5380,Tuesday,Morning,Coffee,1,4.26,False
5381,Tuesday,Afternoon,Coffee,2,6.88,True
5382,Wednesday,Morning,Pastry,2,9.64,True
5383,Tuesday,Morning,Coffee,1,4.06,True
5384,Monday,Afternoon,Coffee,1,3.08,False
5385,Thursday,Evening,Pastry,4,21.72,True
5386,Wednesday,Afternoon,Tea,1,3.36,True
5387,Wednesday,Morning,Tea,1,4.09,False
5388,Sunday,Morning,Coffee,1,3.97,True
5389,Thursday,Morning,Tea,1,3.89,True
5390,Friday,Afternoon,Sandwich,2,16.94,True
5391,Monday,Morning,Coffee,3,12.33,True
5392,Thursday,Afternoon,Coffee,3,12.21,True
5393,Friday,Morning,Coffee,3,11.52,True
5394,Thursday,Afternoon,Sandwich,1,8.46,True
5395,Thursday,Evening,Tea,2,4.54,True
5396,Wednesday,Morning,Coffee,1,3.58,False
5397,Monday,Morning,Tea,1,3.78,True
5398,Wednesday,Afternoon,Tea,2,5.88,True
5399,Wednesday,Morning,Sandwich,1,8.07,True
5400,Friday,Afternoon,Sandwich,3,23.34,True
5401,Tuesday,Afternoon,Pastry,1,4.63,True
5402,Sunday,Morning,Tea,2,6.28,True
5403,Sunday,Afternoon,Coffee,1,4.61,False
5404,Tuesday,Morning,Tea,1,3.79,True
5405,Tuesday,Evening,Sandwich,1,9.74,True
5406,Saturday,Morning,Coffee,1,4.15,True
5407,Sunday,Afternoon,Coffee,1,3.62,True
5408,Wednesday,Morning,Pastry,3,12.12,True
5409,Tuesday,Morning,Coffee,1,4.36,False
5410,Wednesday,Morning,Tea,1,3.87,True
5411,Thursday,Afternoon,Coffee,1,4.35,True
5412,Tuesday,Afternoon,Tea,1,3.31,False
5413,Friday,Afternoon,Sandwich,1,9.03,False
5414,Monday,Morning,Coffee,1,3.53,False
5415,Monday,Afternoon,Sandwich,1,10.42,True
5416,Wednesday,Afternoon,Coffee,2,6.04,True
5417,Tuesday,Morning,Coffee,1,2.9,False
5418,Tuesday,Morning,Pastry,1,3.3,False
5419,Wednesday,Morning,Coffee,1,2.93,True
5420,Tuesday,Morning,Pastry,1,5.31,False
5421,Tuesday,Morning,Pastry,2,9.94,True
5422,Tuesday,Afternoon,Sandwich,1,8.06,True
5423,Sunday,Morning,Pastry,1,4.44,False
5424,Wednesday,Afternoon,Coffee,1,4.73,False
5425,Wednesday,Evening,Sandwich,3,30.3,False
5426,Thursday,Afternoon,Coffee,1,5.06,True
5427,Sunday,Afternoon,Coffee,1,3.94,True
5428,Tuesday,Morning,Coffee,1,3.67,True
5429,Thursday,Afternoon,Coffee,1,3.46,False
5430,Thursday,Morning,Tea,1,3.51,True
5431,Thursday,Afternoon,Tea,5,19.35,False
5432,Monday,Evening,Coffee,1,4.05,False
5433,Thursday,Afternoon,Tea,2,6.72,True
5434,Monday,Afternoon,Tea,1,4.0,False
5435,Thursday,Morning,Pastry,1,4.82,False
5436,Friday,Morning,Coffee,4,15.76,False
5437,Tuesday,Afternoon,Coffee,1,3.62,True
5438,Friday,Morning,Coffee,1,3.87,False
5439,Monday,Afternoon,Coffee,3,12.72,True
5440,Friday,Morning,Coffee,3,10.83,True
5441,Wednesday,Afternoon,Tea,2,6.02,False
5442,Tuesday,Morning,Coffee,2,7.52,True
5443,Monday,Morning,Coffee,1,3.98,True
5444,Sunday,Afternoon,Tea,1,4.05,True
5445,Monday,Morning,Sandwich,2,16.22,True
5446,Tuesday,Morning,Coffee,4,16.44,False
5447,Tuesday,Morning,Pastry,1,4.33,False
5448,Thursday,Morning,Pastry,1,4.36,True
5449,Thursday,Morning,Coffee,1,4.77,True
5450,Monday,Morning,Merchandise,1,35.92,False
5451,Tuesday,Afternoon,Sandwich,1,8.4,True
5452,Tuesday,Morning,Tea,2,7.72,True
5453,Tuesday,Evening,Tea,1,3.83,True
5454,Wednesday,Morning,Coffee,1,3.5,True
5455,Thursday,Morning,Coffee,1,3.4,True
5456,Tuesday,Morning,Coffee,1,4.21,True
5457,Wednesday,Afternoon,Sandwich,1,9.46,True
5458,Wednesday,Morning,Pastry,1,4.22,True
5459,Sunday,Afternoon,Coffee,1,4.53,False
5460,Sunday,Morning,Pastry,1,4.14,False
5461,Friday,Morning,Pastry,1,4.75,False
5462,Tuesday,Afternoon,Coffee,1,4.59,True
5463,Monday,Morning,Coffee,4,15.32,False
5464,Tuesday,Morning,Coffee,2,6.18,False
5465,Tuesday,Afternoon,Sandwich,2,18.04,False
5466,Wednesday,Afternoon,Sandwich,1,9.73,True
5467,Friday,Afternoon,Coffee,1,4.5,True
5468,Friday,Afternoon,Pastry,1,4.19,False
5469,Friday,Afternoon,Sandwich,2,23.14,True
5470,Tuesday,Afternoon,Sandwich,1,7.94,True
5471,Thursday,Morning,Coffee,2,8.16,True
5472,Tuesday,Afternoon,Pastry,1,4.36,True
5473,Monday,Afternoon,Sandwich,1,11.12,True
5474,Thursday,Morning,Coffee,1,3.26,False
5475,Monday,Morning,Coffee,2,8.42,False
5476,Wednesday,Morning,Pastry,1,4.35,True
5477,Tuesday,Afternoon,Coffee,1,4.76,False
5478,Thursday,Morning,Pastry,3,12.0,True
5479,Friday,Evening,Tea,1,3.67,True
5480,Tuesday,Morning,Coffee,1,3.58,True
5481,Friday,Afternoon,Coffee,1,4.09,True
5482,Tuesday,Morning,Coffee,1,3.82,True
5483,Wednesday,Afternoon,Coffee,1,3.81,False
5484,Friday,Afternoon,Sandwich,2,14.24,False
5485,Thursday,Afternoon,Coffee,1,4.21,True
5486,Sunday,Afternoon,Sandwich,2,16.4,True
5487,Tuesday,Afternoon,Pastry,1,3.83,True
5488,Thursday,Morning,Coffee,1,3.22,False
5489,Thursday,Morning,Coffee,4,13.88,True
5490,Saturday,Afternoon,Sandwich,1,10.1,True
5491,Monday,Morning,Coffee,2,8.46,True
5492,Friday,Morning,Coffee,2,8.66,True
5493,Thursday,Afternoon,Sandwich,1,8.27,False
5494,Tuesday,Morning,Coffee,1,4.11,True
5495,Wednesday,Morning,Coffee,1,3.69,False
5496,Tuesday,Afternoon,Pastry,3,15.21,False
5497,Thursday,Morning,Tea,1,3.67,False
5498,Saturday,Morning,Coffee,1,3.67,False
5499,Thursday,Morning,Pastry,1,5.12,False
5500,Thursday,Afternoon,Sandwich,1,10.11,True
5501,Wednesday,Evening,Pastry,1,3.67,False
5502,Monday,Afternoon,Tea,1,2.83,False
5503,Tuesday,Morning,Sandwich,5,39.4,True
5504,Wednesday,Evening,Tea,1,4.16,True
5505,Tuesday,Afternoon,Pastry,1,3.89,True
5506,Tuesday,Afternoon,Coffee,1,4.94,True
5507,Wednesday,Afternoon,Sandwich,2,16.44,True
5508,Tuesday,Morning,Coffee,1,3.41,True
5509,Tuesday,Morning,Coffee,1,4.44,False
5510,Wednesday,Morning,Pastry,1,5.06,True
5511,Monday,Morning,Coffee,1,4.28,False
5512,Saturday,Afternoon,Coffee,1,4.34,False
5513,Friday,Afternoon,Sandwich,1,8.54,True
5514,Thursday,Afternoon,Sandwich,1,10.5,True
5515,Monday,Morning,Coffee,1,4.12,True
5516,Friday,Morning,Coffee,2,7.64,False
5517,Friday,Morning,Sandwich,1,9.61,False
5518,Friday,Morning,Coffee,3,13.59,False
5519,Monday,Morning,Coffee,1,4.2,False
5520,Thursday,Afternoon,Sandwich,2,13.82,True
5521,Friday,Morning,Coffee,1,4.45,True
5522,Thursday,Evening,Tea,1,3.83,True
5523,Thursday,Morning,Coffee,2,7.62,True
5524,Wednesday,Afternoon,Tea,1,3.55,True
5525,Wednesday,Morning,Pastry,1,4.57,False
5526,Monday,Morning,Coffee,2,6.02,True
5527,Thursday,Afternoon,Coffee,2,7.6,True
5528,Monday,Afternoon,Sandwich,1,9.06,False
5529,Wednesday,Morning,Coffee,1,3.92,False
5530,Tuesday,Morning,Tea,1,3.29,True
5531,Thursday,Morning,Coffee,3,12.99,False
5532,Monday,Afternoon,Sandwich,1,8.53,True
5533,Thursday,Evening,Tea,2,7.72,False
5534,Friday,Morning,Coffee,1,4.31,False
5535,Monday,Morning,Coffee,1,4.68,True
5536,Monday,Evening,Pastry,1,5.54,False
5537,Monday,Morning,Tea,1,4.2,False
5538,Saturday,Afternoon,Sandwich,1,8.08,True
5539,Wednesday,Morning,Coffee,1,4.17,False
5540,Wednesday,Afternoon,Pastry,1,4.07,False
5541,Monday,Morning,Tea,1,4.81,False
5542,Thursday,Morning,Tea,1,3.75,False
5543,Friday,Morning,Tea,1,4.07,True
5544,Friday,Afternoon,Pastry,2,9.52,True
5545,Thursday,Afternoon,Coffee,1,2.68,True
5546,Monday,Afternoon,Coffee,1,3.61,True
5547,Monday,Afternoon,Coffee,4,14.64,False
5548,Monday,Morning,Pastry,1,4.27,True
5549,Tuesday,Morning,Pastry,3,14.16,True
5550,Monday,Afternoon,Pastry,1,4.8,True
5551,Tuesday,Morning,Coffee,1,2.69,True
5552,Wednesday,Morning,Coffee,1,3.88,True
5553,Sunday,Morning,Pastry,1,4.21,True
5554,Thursday,Morning,Pastry,1,5.33,True
5555,Friday,Morning,Coffee,1,4.3,False
5556,Thursday,Afternoon,Sandwich,2,18.56,True
5557,Monday,Evening,Tea,1,3.59,False
5558,Friday,Afternoon,Coffee,1,3.16,True
5559,Tuesday,Evening,Sandwich,1,10.29,True
5560,Thursday,Evening,Pastry,2,8.52,True
5561,Tuesday,Morning,Pastry,1,4.02,False
5562,Sunday,Morning,Coffee,1,4.66,False
5563,Tuesday,Afternoon,Coffee,2,8.28,True
5564,Tuesday,Morning,Coffee,4,14.68,True
5565,Saturday,Morning,Coffee,1,3.7,True
5566,Monday,Morning,Coffee,3,12.54,False
5567,Thursday,Morning,Coffee,1,4.14,False
5568,Friday,Morning,Coffee,3,12.03,True
5569,Friday,Morning,Coffee,1,3.4,True
5570,Sunday,Morning,Pastry,2,7.74,True
5571,Sunday,Afternoon,Sandwich,2,17.2,False
5572,Monday,Afternoon,Sandwich,1,9.26,True
5573,Friday,Afternoon,Coffee,1,3.98,True
5574,Thursday,Morning,Coffee,1,3.92,True
5575,Thursday,Morning,Coffee,1,3.94,True
5576,Monday,Afternoon,Coffee,1,4.94,False
5577,Thursday,Morning,Coffee,3,13.26,True
5578,Sunday,Afternoon,Coffee,1,4.59,True
5579,Saturday,Afternoon,Sandwich,1,10.06,False
5580,Wednesday,Afternoon,Merchandise,1,35.83,True
5581,Monday,Evening,Coffee,1,4.2,True
5582,Wednesday,Morning,Pastry,1,4.64,False
5583,Friday,Morning,Coffee,1,4.4,False
5584,Thursday,Afternoon,Sandwich,2,16.66,True
5585,Wednesday,Morning,Tea,2,7.58,True
5586,Monday,Morning,Pastry,2,9.2,False
5587,Wednesday,Morning,Coffee,2,6.2,True
5588,Wednesday,Morning,Coffee,1,4.04,False
5589,Saturday,Morning,Coffee,2,6.7,True
5590,Thursday,Morning,Coffee,1,3.73,True
5591,Tuesday,Afternoon,Sandwich,1,9.31,False
5592,Wednesday,Afternoon,Sandwich,1,7.69,True
5593,Monday,Afternoon,Sandwich,1,9.44,True
5594,Sunday,Afternoon,Pastry,1,4.54,True
5595,Wednesday,Morning,Pastry,1,4.95,True
5596,Wednesday,Morning,Coffee,1,3.77,True
5597,Tuesday,Morning,Coffee,1,4.14,True
5598,Thursday,Afternoon,Sandwich,2,18.78,True
5599,Thursday,Afternoon,Coffee,1,3.79,True
5600,Thursday,Morning,Coffee,3,9.48,True
5601,Tuesday,Morning,Coffee,1,3.94,False
5602,Tuesday,Evening,Pastry,1,4.95,True
5603,Monday,Afternoon,Sandwich,1,8.38,True
5604,Thursday,Afternoon,Coffee,3,11.67,True
5605,Monday,Morning,Pastry,1,4.46,True
5606,Thursday,Morning,Pastry,1,5.16,True
5607,Friday,Afternoon,Sandwich,1,9.54,True
5608,Saturday,Afternoon,Pastry,1,4.67,True
5609,Wednesday,Afternoon,Sandwich,1,9.49,True
5610,Wednesday,Afternoon,Sandwich,2,17.82,False
5611,Monday,Afternoon,Coffee,1,3.43,True
5612,Thursday,Afternoon,Coffee,1,3.86,False
5613,Friday,Morning,Coffee,1,4.2,True
5614,Tuesday,Morning,Coffee,1,4.06,True
5615,Wednesday,Afternoon,Coffee,3,14.22,True
5616,Friday,Morning,Coffee,2,8.94,True
5617,Saturday,Morning,Coffee,1,4.62,True
5618,Tuesday,Afternoon,Coffee,1,2.98,False
5619,Thursday,Evening,Tea,3,12.39,True
5620,Tuesday,Morning,Pastry,1,4.66,True
5621,Monday,Morning,Pastry,1,4.75,False
5622,Saturday,Afternoon,Pastry,3,15.12,True
5623,Friday,Afternoon,Tea,1,3.51,True
5624,Friday,Afternoon,Tea,1,3.07,True
5625,Monday,Morning,Coffee,1,4.72,True
5626,Friday,Morning,Coffee,3,10.86,False
5627,Wednesday,Afternoon,Sandwich,1,8.32,True
5628,Tuesday,Afternoon,Tea,1,3.41,False
5629,Thursday,Afternoon,Sandwich,2,18.08,True
5630,Monday,Morning,Pastry,2,9.0,True
5631,Friday,Morning,Coffee,1,3.95,True
5632,Thursday,Morning,Coffee,1,4.67,True
5633,Tuesday,Evening,Tea,1,3.68,True
5634,Tuesday,Afternoon,Tea,1,3.16,True
5635,Tuesday,Morning,Coffee,1,3.64,True
5636,Monday,Morning,Sandwich,2,18.06,True
5637,Thursday,Afternoon,Sandwich,1,9.04,False
5638,Friday,Morning,Pastry,1,4.19,True
5639,Monday,Afternoon,Coffee,1,3.45,False
5640,Monday,Afternoon,Coffee,1,4.15,False
5641,Thursday,Morning,Coffee,2,7.54,True
5642,Friday,Morning,Coffee,2,7.04,True
5643,Tuesday,Afternoon,Tea,1,3.69,True
5644,Tuesday,Morning,Tea,1,3.84,True
5645,Thursday,Morning,Coffee,1,3.88,True
5646,Tuesday,Evening,Sandwich,1,11.64,True
5647,Monday,Afternoon,Sandwich,1,12.16,True
5648,Friday,Afternoon,Coffee,1,4.25,True
5649,Thursday,Morning,Pastry,1,4.22,True
5650,Thursday,Morning,Coffee,1,4.13,True
5651,Friday,Morning,Coffee,1,3.39,True
5652,Thursday,Morning,Pastry,1,3.98,True
5653,Tuesday,Afternoon,Coffee,1,3.16,False
5654,Tuesday,Morning,Pastry,2,8.24,True
5655,Monday,Afternoon,Sandwich,1,8.02,False
5656,Monday,Morning,Pastry,3,14.61,True
5657,Thursday,Morning,Merchandise,1,28.81,True
5658,Friday,Evening,Pastry,1,4.67,True
5659,Sunday,Morning,Coffee,1,4.37,True
5660,Thursday,Morning,Coffee,1,4.59,False
5661,Tuesday,Morning,Coffee,2,7.64,False
5662,Monday,Morning,Coffee,1,4.16,False
5663,Friday,Morning,Pastry,1,4.71,True
5664,Thursday,Morning,Coffee,1,4.64,True
5665,Thursday,Afternoon,Sandwich,1,10.44,True
5666,Friday,Afternoon,Sandwich,1,11.06,False
5667,Thursday,Morning,Coffee,1,3.17,True
5668,Friday,Morning,Coffee,1,3.67,False
5669,Monday,Afternoon,Tea,2,7.82,True
5670,Friday,Morning,Coffee,1,4.29,False
5671,Friday,Afternoon,Pastry,1,4.42,True
5672,Tuesday,Afternoon,Coffee,1,3.76,True
5673,Thursday,Morning,Tea,2,7.64,True
5674,Tuesday,Afternoon,Tea,2,5.42,False
5675,Sunday,Evening,Sandwich,1,10.45,False
5676,Monday,Afternoon,Sandwich,1,9.61,False
5677,Thursday,Morning,Coffee,1,3.76,True
5678,Monday,Afternoon,Coffee,1,4.25,True
5679,Thursday,Evening,Sandwich,1,9.04,False
5680,Monday,Morning,Sandwich,1,9.53,True
5681,Tuesday,Afternoon,Tea,2,6.96,True
5682,Wednesday,Morning,Coffee,1,4.37,False
5683,Saturday,Morning,Coffee,1,4.08,True
5684,Tuesday,Afternoon,Coffee,1,3.05,True
5685,Monday,Afternoon,Coffee,2,6.6,True
5686,Friday,Afternoon,Tea,1,3.07,True
5687,Wednesday,Evening,Pastry,1,4.77,True
5688,Saturday,Morning,Coffee,1,4.28,True
5689,Monday,Morning,Coffee,1,4.84,True
5690,Thursday,Evening,Tea,1,3.09,False
5691,Tuesday,Morning,Pastry,1,5.29,False
5692,Monday,Afternoon,Tea,1,2.72,False
5693,Thursday,Morning,Sandwich,1,9.52,True
5694,Thursday,Morning,Coffee,1,4.12,True
5695,Friday,Morning,Coffee,1,4.12,True
5696,Tuesday,Morning,Coffee,1,3.85,False
5697,Wednesday,Afternoon,Sandwich,1,9.64,True
5698,Wednesday,Afternoon,Pastry,2,7.52,True
5699,Sunday,Afternoon,Sandwich,2,21.08,True
5700,Tuesday,Morning,Pastry,4,18.6,True
5701,Tuesday,Morning,Pastry,1,4.72,True
5702,Tuesday,Morning,Coffee,1,3.86,False
5703,Thursday,Morning,Pastry,1,4.3,True
5704,Tuesday,Morning,Coffee,1,4.26,False
5705,Saturday,Morning,Coffee,1,4.79,True
5706,Tuesday,Morning,Coffee,1,3.3,True
5707,Saturday,Morning,Tea,1,2.92,False
5708,Monday,Morning,Coffee,1,4.13,True
5709,Thursday,Afternoon,Tea,3,10.11,True
5710,Saturday,Morning,Coffee,1,4.06,True
5711,Monday,Morning,Coffee,1,3.99,True
5712,Sunday,Evening,Coffee,1,4.31,True
5713,Wednesday,Morning,Coffee,2,7.72,True
5714,Sunday,Afternoon,Coffee,2,6.8,False
5715,Thursday,Morning,Coffee,1,3.61,True
5716,Tuesday,Afternoon,Sandwich,1,9.31,True
5717,Tuesday,Morning,Coffee,2,6.74,False
5718,Tuesday,Afternoon,Tea,1,3.49,True
5719,Monday,Morning,Coffee,4,16.12,True
5720,Monday,Afternoon,Sandwich,1,9.07,True
5721,Monday,Morning,Coffee,1,4.1,False
5722,Wednesday,Morning,Coffee,2,6.38,False
5723,Friday,Afternoon,Coffee,1,3.52,True
5724,Monday,Morning,Merchandise,1,26.34,True
5725,Monday,Evening,Pastry,1,5.03,False
5726,Thursday,Morning,Coffee,2,10.3,True
5727,Tuesday,Morning,Coffee,1,3.56,False
5728,Monday,Afternoon,Coffee,1,3.88,False
5729,Monday,Morning,Coffee,1,3.65,True
5730,Saturday,Morning,Pastry,2,9.26,False
5731,Friday,Afternoon,Tea,1,3.26,True
5732,Tuesday,Afternoon,Sandwich,1,9.84,False
5733,Thursday,Evening,Tea,1,3.77,True
5734,Wednesday,Morning,Coffee,2,6.78,True
5735,Thursday,Morning,Coffee,2,8.28,False
5736,Thursday,Morning,Coffee,1,3.1,True
5737,Thursday,Morning,Tea,2,6.8,False
5738,Tuesday,Afternoon,Coffee,1,3.84,False
5739,Monday,Morning,Tea,1,3.41,True
5740,Wednesday,Morning,Pastry,2,8.62,True
5741,Saturday,Morning,Coffee,1,3.75,False
5742,Thursday,Afternoon,Sandwich,1,9.18,True
5743,Friday,Evening,Coffee,3,12.36,True
5744,Sunday,Afternoon,Coffee,1,4.13,True
5745,Monday,Morning,Tea,1,3.55,False
5746,Thursday,Afternoon,Pastry,2,8.32,False
5747,Thursday,Afternoon,Coffee,1,4.54,True
5748,Sunday,Morning,Pastry,1,5.42,False
5749,Sunday,Morning,Sandwich,1,7.95,False
5750,Thursday,Morning,Coffee,1,4.08,True
5751,Tuesday,Morning,Pastry,1,4.22,True
5752,Friday,Afternoon,Pastry,1,5.06,True
5753,Monday,Morning,Pastry,1,4.49,True
5754,Friday,Morning,Coffee,2,8.06,True
5755,Saturday,Evening,Sandwich,1,10.09,True
5756,Wednesday,Afternoon,Coffee,1,3.85,False
5757,Thursday,Afternoon,Sandwich,2,23.02,True
5758,Wednesday,Morning,Tea,2,7.4,False
5759,Wednesday,Morning,Coffee,1,4.47,True
5760,Tuesday,Morning,Coffee,1,3.89,True
5761,Friday,Morning,Pastry,1,4.43,True
5762,Saturday,Morning,Tea,1,3.82,False
5763,Sunday,Afternoon,Tea,1,3.78,True
5764,Monday,Morning,Coffee,1,3.38,True
5765,Saturday,Morning,Pastry,1,4.58,False
5766,Friday,Morning,Coffee,4,16.96,True
5767,Tuesday,Afternoon,Coffee,2,7.86,False
5768,Monday,Afternoon,Sandwich,1,9.95,True
5769,Tuesday,Afternoon,Tea,1,3.46,False
5770,Saturday,Morning,Coffee,2,5.76,True
5771,Thursday,Morning,Coffee,2,6.68,True
5772,Friday,Morning,Pastry,4,20.32,True
5773,Tuesday,Morning,Coffee,1,3.88,True
5774,Thursday,Afternoon,Sandwich,1,9.73,False
5775,Monday,Evening,Sandwich,3,28.5,True
5776,Wednesday,Afternoon,Coffee,1,3.59,False
5777,Thursday,Evening,Sandwich,2,17.88,True
5778,Monday,Afternoon,Tea,1,3.63,False
5779,Friday,Morning,Tea,2,7.34,True
5780,Tuesday,Evening,Tea,1,4.38,True
5781,Thursday,Morning,Tea,1,3.31,True
5782,Wednesday,Afternoon,Coffee,1,4.84,False
5783,Thursday,Morning,Coffee,3,10.71,True
5784,Monday,Morning,Pastry,1,4.79,True
5785,Monday,Afternoon,Coffee,1,4.09,False
5786,Saturday,Morning,Pastry,1,4.42,True
5787,Tuesday,Morning,Coffee,2,8.0,True
5788,Friday,Morning,Coffee,1,3.69,False
5789,Sunday,Morning,Pastry,1,5.04,True
5790,Tuesday,Evening,Tea,1,3.16,False
5791,Tuesday,Afternoon,Sandwich,1,9.88,True
5792,Thursday,Morning,Coffee,1,4.38,True
5793,Sunday,Morning,Coffee,1,4.69,False
5794,Saturday,Afternoon,Sandwich,2,21.34,False
5795,Wednesday,Morning,Coffee,1,4.29,True
5796,Friday,Morning,Coffee,1,3.68,True
5797,Monday,Morning,Pastry,2,8.06,True
5798,Sunday,Afternoon,Coffee,3,10.29,False
5799,Sunday,Morning,Coffee,2,6.76,False
5800,Monday,Morning,Pastry,1,4.5,True
5801,Tuesday,Morning,Pastry,1,4.06,False
5802,Monday,Morning,Coffee,1,4.6,True
5803,Tuesday,Afternoon,Pastry,1,4.15,True
5804,Friday,Morning,Tea,1,3.54,True
5805,Wednesday,Morning,Coffee,2,7.74,True
5806,Monday,Morning,Coffee,1,3.3,False
5807,Tuesday,Morning,Merchandise,1,49.63,True
5808,Sunday,Afternoon,Coffee,1,4.35,False
5809,Thursday,Afternoon,Pastry,1,4.99,False
5810,Wednesday,Morning,Pastry,1,4.86,True
5811,Monday,Morning,Tea,1,3.2,False
5812,Sunday,Morning,Pastry,1,4.06,True
5813,Friday,Afternoon,Coffee,1,4.23,False
5814,Tuesday,Afternoon,Coffee,2,9.54,False
5815,Monday,Morning,Pastry,1,4.73,False
5816,Monday,Afternoon,Tea,2,7.78,False
5817,Monday,Afternoon,Sandwich,1,8.87,True
5818,Thursday,Evening,Coffee,2,9.1,True
5819,Saturday,Morning,Pastry,1,4.25,False
5820,Wednesday,Morning,Coffee,2,8.24,True
5821,Friday,Morning,Coffee,1,3.82,False
5822,Wednesday,Afternoon,Tea,1,3.86,False
5823,Thursday,Afternoon,Sandwich,1,10.58,True
5824,Friday,Afternoon,Coffee,1,3.26,True
5825,Monday,Morning,Tea,1,4.03,True
5826,Wednesday,Morning,Coffee,3,15.57,True
5827,Thursday,Morning,Coffee,1,3.82,True
5828,Monday,Afternoon,Sandwich,1,9.35,False
5829,Wednesday,Morning,Coffee,1,4.62,True
5830,Wednesday,Morning,Coffee,1,4.03,True
5831,Sunday,Afternoon,Tea,1,3.5,True
5832,Wednesday,Morning,Tea,1,4.26,True
5833,Friday,Morning,Pastry,2,7.38,False
5834,Wednesday,Morning,Coffee,1,3.61,True
5835,Friday,Afternoon,Tea,3,11.01,True
5836,Thursday,Afternoon,Coffee,1,3.19,False
5837,Saturday,Evening,Sandwich,3,27.15,True
5838,Wednesday,Morning,Coffee,1,3.81,True
5839,Thursday,Evening,Sandwich,2,21.3,False
5840,Thursday,Afternoon,Coffee,1,4.35,True
5841,Wednesday,Afternoon,Sandwich,1,7.48,True
5842,Monday,Evening,Pastry,1,4.08,False
5843,Monday,Morning,Pastry,1,4.09,True
5844,Monday,Morning,Coffee,1,3.89,True
5845,Saturday,Morning,Coffee,1,3.45,False
5846,Tuesday,Afternoon,Sandwich,1,10.04,False
5847,Tuesday,Afternoon,Sandwich,2,17.34,True
5848,Friday,Afternoon,Coffee,5,21.45,True
5849,Tuesday,Morning,Sandwich,1,9.5,True
5850,Wednesday,Morning,Coffee,1,3.51,False
5851,Monday,Morning,Coffee,1,4.69,False
5852,Sunday,Afternoon,Tea,2,8.14,True
5853,Friday,Morning,Coffee,3,12.45,True
5854,Friday,Evening,Sandwich,4,36.84,True
5855,Wednesday,Morning,Coffee,3,10.41,False
5856,Friday,Morning,Coffee,2,9.08,True
5857,Monday,Afternoon,Pastry,5,24.95,True
5858,Monday,Morning,Coffee,1,3.59,True
5859,Monday,Morning,Pastry,3,12.27,True
5860,Thursday,Morning,Pastry,2,9.54,True
5861,Wednesday,Morning,Coffee,1,3.41,True
5862,Wednesday,Evening,Coffee,1,3.69,True
5863,Monday,Afternoon,Sandwich,1,8.25,False
5864,Wednesday,Morning,Coffee,2,7.0,True
5865,Thursday,Afternoon,Coffee,1,3.64,False
5866,Wednesday,Morning,Coffee,1,4.45,False
5867,Friday,Afternoon,Coffee,2,6.24,True
5868,Tuesday,Evening,Sandwich,1,10.02,True
5869,Friday,Afternoon,Pastry,2,9.3,False
5870,Thursday,Morning,Sandwich,2,21.32,True
5871,Tuesday,Morning,Coffee,4,16.52,False
5872,Tuesday,Morning,Coffee,1,3.81,True
5873,Thursday,Afternoon,Sandwich,3,25.56,True
5874,Friday,Morning,Pastry,1,5.09,True
5875,Wednesday,Morning,Pastry,1,4.8,True
5876,Tuesday,Evening,Coffee,1,3.75,False
5877,Friday,Morning,Pastry,1,5.05,True
5878,Thursday,Morning,Coffee,5,18.9,True
5879,Wednesday,Morning,Coffee,1,4.0,True
5880,Wednesday,Morning,Tea,3,9.78,True
5881,Tuesday,Morning,Tea,1,3.71,True
5882,Thursday,Morning,Pastry,1,3.9,True
5883,Tuesday,Morning,Tea,1,3.38,True
5884,Sunday,Morning,Coffee,1,3.67,True
5885,Wednesday,Afternoon,Tea,4,14.44,False
5886,Wednesday,Morning,Tea,2,7.32,True
5887,Thursday,Afternoon,Coffee,1,3.45,True
5888,Saturday,Morning,Coffee,2,8.4,True
5889,Friday,Morning,Coffee,1,3.26,False
5890,Wednesday,Evening,Tea,1,4.38,True
5891,Thursday,Morning,Sandwich,1,8.89,False
5892,Thursday,Morning,Coffee,1,4.52,False
5893,Wednesday,Afternoon,Pastry,4,18.48,False
5894,Tuesday,Afternoon,Sandwich,1,9.79,False
5895,Wednesday,Morning,Coffee,1,3.42,False
5896,Tuesday,Morning,Pastry,1,5.01,True
5897,Saturday,Afternoon,Tea,1,3.52,False
5898,Tuesday,Afternoon,Sandwich,1,10.06,True
5899,Sunday,Morning,Coffee,1,3.95,True
5900,Wednesday,Morning,Coffee,2,8.14,False
5901,Thursday,Morning,Coffee,1,3.56,True
5902,Thursday,Morning,Coffee,1,3.92,True
5903,Monday,Morning,Pastry,1,4.25,False
5904,Wednesday,Morning,Coffee,1,3.65,True
5905,Monday,Morning,Tea,2,7.1,True
5906,Thursday,Morning,Coffee,1,4.18,True
5907,Wednesday,Evening,Sandwich,1,9.8,False
5908,Friday,Morning,Pastry,1,4.44,False
5909,Tuesday,Morning,Coffee,4,16.84,False
5910,Monday,Morning,Coffee,2,8.24,True
5911,Wednesday,Evening,Pastry,1,4.56,True
5912,Saturday,Afternoon,Coffee,1,4.08,False
5913,Thursday,Afternoon,Coffee,1,4.59,False
5914,Wednesday,Morning,Tea,2,6.04,True
5915,Wednesday,Afternoon,Merchandise,1,32.13,True
5916,Monday,Morning,Pastry,1,4.7,True
5917,Sunday,Morning,Coffee,1,3.21,False
5918,Thursday,Afternoon,Pastry,1,5.33,False
5919,Tuesday,Afternoon,Merchandise,1,37.81,True
5920,Thursday,Afternoon,Pastry,1,5.07,True
5921,Monday,Afternoon,Tea,1,3.95,True
5922,Sunday,Evening,Sandwich,1,9.99,False
5923,Monday,Morning,Coffee,1,2.88,False
5924,Thursday,Morning,Coffee,1,4.07,True
5925,Tuesday,Morning,Tea,1,3.58,True
5926,Thursday,Afternoon,Coffee,3,10.38,True
5927,Friday,Morning,Coffee,1,3.11,True
5928,Thursday,Afternoon,Tea,1,3.68,False
5929,Thursday,Morning,Coffee,2,6.76,True
5930,Saturday,Morning,Merchandise,1,71.3,False
5931,Monday,Morning,Coffee,1,4.13,True
5932,Tuesday,Morning,Coffee,1,4.68,True
5933,Tuesday,Afternoon,Coffee,1,4.02,False
5934,Sunday,Morning,Tea,1,3.8,False
5935,Wednesday,Morning,Pastry,1,4.53,False
5936,Friday,Morning,Coffee,2,9.0,False
5937,Thursday,Morning,Coffee,2,5.96,True
5938,Tuesday,Morning,Tea,1,3.86,True
5939,Tuesday,Morning,Coffee,2,8.66,False
5940,Tuesday,Afternoon,Coffee,1,3.92,True
5941,Wednesday,Morning,Coffee,1,3.8,True
5942,Tuesday,Morning,Coffee,1,3.85,False
5943,Monday,Afternoon,Merchandise,1,38.14,False
5944,Saturday,Morning,Pastry,1,5.23,False
5945,Sunday,Morning,Pastry,1,4.18,True
5946,Tuesday,Morning,Pastry,1,3.48,False
5947,Tuesday,Morning,Pastry,2,11.98,False
5948,Monday,Afternoon,Sandwich,1,10.31,False
5949,Thursday,Morning,Coffee,1,3.8,True
5950,Friday,Afternoon,Tea,1,3.98,True
5951,Monday,Evening,Sandwich,1,10.62,False
5952,Monday,Morning,Coffee,2,8.5,False
5953,Friday,Morning,Coffee,4,15.04,True
5954,Thursday,Morning,Coffee,2,8.66,True
5955,Monday,Morning,Coffee,2,9.08,False
5956,Thursday,Afternoon,Coffee,1,3.14,False
5957,Tuesday,Afternoon,Coffee,1,4.11,True
5958,Wednesday,Morning,Coffee,1,4.15,True
5959,Friday,Morning,Pastry,4,18.64,False
5960,Friday,Morning,Pastry,1,4.53,True
5961,Wednesday,Afternoon,Sandwich,1,10.92,True
5962,Sunday,Afternoon,Sandwich,1,9.25,True
5963,Wednesday,Afternoon,Tea,1,3.5,True
5964,Friday,Morning,Coffee,1,4.16,False
5965,Wednesday,Afternoon,Coffee,2,7.82,False
5966,Saturday,Morning,Pastry,1,3.67,False
5967,Saturday,Morning,Coffee,2,8.22,False
5968,Monday,Morning,Pastry,3,13.92,True
5969,Saturday,Morning,Coffee,2,7.64,True
5970,Friday,Afternoon,Sandwich,3,28.02,True
5971,Friday,Afternoon,Tea,1,2.23,False
5972,Tuesday,Morning,Pastry,4,20.92,True
5973,Friday,Evening,Tea,1,3.86,True
5974,Friday,Morning,Coffee,2,6.66,True
5975,Tuesday,Afternoon,Pastry,1,4.09,False
5976,Sunday,Afternoon,Merchandise,1,56.44,False
5977,Monday,Morning,Coffee,1,3.42,True
5978,Monday,Afternoon,Sandwich,1,10.07,False
5979,Wednesday,Morning,Pastry,3,12.6,False
5980,Thursday,Morning,Pastry,2,9.5,True
5981,Thursday,Afternoon,Tea,1,3.52,True
5982,Monday,Afternoon,Tea,1,3.39,True
5983,Sunday,Afternoon,Coffee,2,8.38,False
5984,Monday,Afternoon,Sandwich,1,8.91,True
5985,Monday,Morning,Sandwich,2,14.72,True
5986,Monday,Morning,Pastry,1,3.94,True
5987,Thursday,Evening,Tea,1,3.08,False
5988,Saturday,Morning,Coffee,4,12.8,False
5989,Thursday,Afternoon,Merchandise,1,39.16,True
5990,Friday,Morning,Coffee,1,3.91,True
5991,Monday,Afternoon,Sandwich,3,29.76,False
5992,Thursday,Morning,Coffee,3,12.78,False
5993,Wednesday,Evening,Tea,5,19.0,False
5994,Wednesday,Afternoon,Sandwich,1,9.99,False
5995,Monday,Evening,Coffee,1,3.51,False
5996,Thursday,Morning,Coffee,1,4.29,True
5997,Wednesday,Afternoon,Sandwich,1,9.77,True
5998,Friday,Afternoon,Sandwich,2,24.26,True
5999,Wednesday,Afternoon,Sandwich,1,9.51,False
6000,Monday,Evening,Sandwich,1,9.96,True
6001,Thursday,Morning,Coffee,3,11.85,True
6002,Monday,Morning,Coffee,3,12.06,True
6003,Saturday,Morning,Coffee,1,3.99,False
6004,Thursday,Morning,Coffee,1,3.78,True
6005,Monday,Evening,Tea,2,7.14,True
6006,Sunday,Morning,Pastry,1,4.87,True
6007,Wednesday,Morning,Coffee,2,7.58,True
6008,Monday,Morning,Tea,2,7.66,False
6009,Thursday,Morning,Coffee,1,4.36,False
6010,Tuesday,Morning,Coffee,1,3.56,True
6011,Friday,Morning,Coffee,1,3.52,True
6012,Friday,Morning,Pastry,1,4.77,False
6013,Sunday,Morning,Coffee,1,3.71,True
6014,Wednesday,Evening,Pastry,2,7.74,True
6015,Wednesday,Morning,Tea,3,12.57,True
6016,Friday,Morning,Coffee,1,3.52,False
6017,Monday,Evening,Pastry,4,14.36,False
6018,Thursday,Afternoon,Sandwich,1,8.56,True
6019,Thursday,Evening,Pastry,2,9.28,False
6020,Monday,Evening,Coffee,1,4.04,False
6021,Wednesday,Morning,Tea,1,4.25,False
6022,Friday,Afternoon,Pastry,1,4.04,True
6023,Friday,Morning,Coffee,1,4.12,True
6024,Monday,Morning,Coffee,1,4.56,True
6025,Monday,Afternoon,Coffee,2,7.34,False
6026,Tuesday,Morning,Coffee,1,4.35,True
6027,Saturday,Afternoon,Coffee,4,12.32,True
6028,Monday,Afternoon,Tea,1,4.2,True
6029,Thursday,Morning,Coffee,1,4.5,True
6030,Monday,Afternoon,Sandwich,1,8.68,True
6031,Thursday,Morning,Tea,5,19.15,True
6032,Tuesday,Morning,Pastry,1,5.29,True
6033,Friday,Afternoon,Pastry,1,3.73,True
6034,Tuesday,Morning,Coffee,3,11.1,True
6035,Thursday,Afternoon,Tea,1,4.04,True
6036,Tuesday,Morning,Pastry,1,4.54,False
6037,Thursday,Morning,Coffee,1,4.22,True
6038,Saturday,Afternoon,Coffee,1,4.04,True
6039,Monday,Afternoon,Coffee,1,4.45,False
6040,Friday,Morning,Coffee,3,12.78,True
6041,Thursday,Morning,Coffee,3,12.15,False
6042,Monday,Afternoon,Coffee,1,2.95,True
6043,Wednesday,Morning,Coffee,1,4.32,False
6044,Monday,Afternoon,Sandwich,1,10.38,True
6045,Thursday,Morning,Coffee,1,3.38,True
6046,Friday,Afternoon,Sandwich,1,8.09,True
6047,Monday,Evening,Pastry,1,4.81,True
6048,Wednesday,Morning,Coffee,1,4.1,True
6049,Friday,Afternoon,Coffee,1,3.01,True
6050,Saturday,Afternoon,Pastry,2,8.02,True
6051,Wednesday,Afternoon,Coffee,2,8.32,False
6052,Sunday,Morning,Coffee,1,4.34,True
6053,Wednesday,Afternoon,Pastry,2,8.3,True
6054,Wednesday,Afternoon,Coffee,1,3.93,True
6055,Friday,Afternoon,Coffee,1,3.56,False
6056,Wednesday,Afternoon,Coffee,2,9.32,True
6057,Wednesday,Morning,Coffee,2,8.18,True
6058,Wednesday,Evening,Tea,1,3.23,True
6059,Friday,Morning,Sandwich,1,8.11,False
6060,Friday,Morning,Coffee,3,10.11,False
6061,Wednesday,Morning,Coffee,1,4.91,True
6062,Tuesday,Morning,Tea,1,3.43,True
6063,Wednesday,Morning,Tea,2,6.68,False
6064,Thursday,Morning,Pastry,1,4.37,True
6065,Tuesday,Morning,Pastry,1,4.12,True
6066,Friday,Afternoon,Sandwich,3,28.11,True
6067,Wednesday,Morning,Sandwich,1,9.54,True
6068,Tuesday,Morning,Coffee,1,4.01,True
6069,Monday,Morning,Tea,1,2.99,False
6070,Tuesday,Morning,Pastry,1,5.04,True
6071,Sunday,Morning,Tea,1,3.28,True
6072,Tuesday,Afternoon,Sandwich,1,8.71,True
6073,Monday,Evening,Coffee,1,3.65,True
6074,Wednesday,Afternoon,Tea,1,3.08,True
6075,Tuesday,Afternoon,Sandwich,1,9.82,False
6076,Monday,Morning,Coffee,1,4.45,False
6077,Tuesday,Morning,Pastry,1,4.07,True
6078,Thursday,Morning,Coffee,1,3.08,False
6079,Thursday,Afternoon,Sandwich,1,8.27,True
6080,Tuesday,Morning,Pastry,1,4.23,True
6081,Wednesday,Afternoon,Tea,2,6.02,True
6082,Sunday,Morning,Coffee,2,7.4,True
6083,Wednesday,Morning,Coffee,1,3.72,False
6084,Tuesday,Evening,Sandwich,1,9.48,True
6085,Tuesday,Afternoon,Sandwich,1,7.75,False
6086,Wednesday,Afternoon,Coffee,1,4.29,True
6087,Friday,Afternoon,Coffee,1,4.83,False
6088,Tuesday,Afternoon,Sandwich,1,11.21,False
6089,Thursday,Afternoon,Sandwich,1,8.8,True
6090,Monday,Evening,Coffee,4,17.32,True
6091,Wednesday,Morning,Coffee,1,4.28,False
6092,Friday,Afternoon,Sandwich,2,18.9,True
6093,Tuesday,Afternoon,Pastry,1,4.61,True
6094,Thursday,Morning,Sandwich,1,10.32,True
6095,Tuesday,Afternoon,Tea,1,3.85,True
6096,Friday,Evening,Pastry,3,12.03,True
6097,Monday,Morning,Coffee,1,4.37,False
6098,Friday,Morning,Pastry,1,5.5,True
6099,Tuesday,Morning,Coffee,1,4.44,True
6100,Saturday,Afternoon,Coffee,2,9.54,True
6101,Tuesday,Afternoon,Coffee,1,2.71,True
6102,Friday,Morning,Pastry,1,4.86,False
6103,Tuesday,Morning,Coffee,5,20.65,True
6104,Saturday,Morning,Coffee,1,4.51,True
6105,Monday,Afternoon,Pastry,1,3.82,True
6106,Monday,Morning,Coffee,1,3.75,False
6107,Wednesday,Morning,Coffee,2,8.9,False
6108,Monday,Afternoon,Coffee,1,3.47,True
6109,Tuesday,Morning,Tea,1,3.6,False
6110,Sunday,Morning,Pastry,2,8.98,True
6111,Sunday,Morning,Pastry,1,4.38,True
6112,Wednesday,Morning,Pastry,3,14.52,True
6113,Saturday,Morning,Coffee,1,3.44,False
6114,Thursday,Evening,Sandwich,1,8.56,False
6115,Tuesday,Afternoon,Coffee,1,3.93,True
6116,Thursday,Afternoon,Coffee,2,6.8,False
6117,Thursday,Evening,Coffee,1,4.62,True
6118,Sunday,Morning,Coffee,1,3.6,True
6119,Tuesday,Morning,Coffee,1,4.39,False
6120,Thursday,Morning,Coffee,3,10.68,False
6121,Monday,Afternoon,Sandwich,1,10.35,True
6122,Monday,Afternoon,Tea,1,2.86,False
6123,Monday,Morning,Coffee,4,18.8,False
6124,Sunday,Morning,Coffee,2,9.14,True
6125,Friday,Morning,Coffee,1,3.72,True
6126,Friday,Morning,Coffee,3,10.77,True
6127,Wednesday,Afternoon,Coffee,1,4.23,False
6128,Tuesday,Morning,Coffee,1,3.24,True
6129,Monday,Evening,Pastry,1,4.52,True
6130,Tuesday,Morning,Pastry,1,4.02,True
6131,Wednesday,Afternoon,Coffee,3,11.61,True
6132,Friday,Evening,Tea,2,6.48,False
6133,Wednesday,Evening,Sandwich,1,8.54,False
6134,Monday,Morning,Coffee,2,9.7,True
6135,Monday,Morning,Coffee,1,4.39,True
6136,Monday,Morning,Coffee,1,3.26,True
6137,Wednesday,Morning,Tea,3,9.45,False
6138,Saturday,Afternoon,Pastry,2,10.02,False
6139,Thursday,Evening,Sandwich,1,10.66,False
6140,Friday,Morning,Coffee,1,3.31,True
6141,Wednesday,Morning,Coffee,1,4.35,True
6142,Wednesday,Morning,Coffee,1,4.13,False
6143,Monday,Afternoon,Sandwich,1,7.17,False
6144,Saturday,Evening,Sandwich,1,9.02,False
6145,Friday,Morning,Coffee,1,3.93,True
6146,Monday,Morning,Coffee,2,8.04,True
6147,Wednesday,Afternoon,Coffee,1,3.34,True
6148,Wednesday,Afternoon,Coffee,1,3.62,True
6149,Thursday,Morning,Coffee,3,11.07,True
6150,Sunday,Afternoon,Pastry,1,4.18,True
6151,Thursday,Evening,Merchandise,2,60.98,False
6152,Thursday,Afternoon,Tea,1,3.45,True
6153,Monday,Afternoon,Coffee,1,4.15,True
6154,Monday,Morning,Coffee,1,4.89,False
6155,Tuesday,Afternoon,Coffee,1,4.44,True
6156,Monday,Morning,Coffee,1,4.66,True
6157,Friday,Morning,Pastry,1,4.21,False
6158,Friday,Morning,Coffee,1,3.5,True
6159,Monday,Morning,Merchandise,1,44.99,True
6160,Friday,Morning,Coffee,1,3.99,False
6161,Monday,Morning,Coffee,4,17.48,True
6162,Tuesday,Afternoon,Tea,2,6.3,False
6163,Tuesday,Afternoon,Sandwich,2,20.56,False
6164,Wednesday,Morning,Coffee,1,3.91,True
6165,Tuesday,Morning,Coffee,1,3.77,True
6166,Wednesday,Afternoon,Coffee,1,3.82,True
6167,Wednesday,Morning,Pastry,2,9.58,True
6168,Sunday,Evening,Tea,1,3.81,True
6169,Monday,Morning,Coffee,1,3.82,True
6170,Monday,Afternoon,Tea,1,3.64,False
6171,Monday,Morning,Coffee,1,4.17,True
6172,Thursday,Afternoon,Coffee,1,4.37,True
6173,Monday,Afternoon,Coffee,4,17.96,False
6174,Friday,Evening,Pastry,2,11.18,False
6175,Wednesday,Evening,Tea,1,3.31,True
6176,Wednesday,Morning,Pastry,1,5.38,False
6177,Thursday,Afternoon,Sandwich,1,9.64,True
6178,Monday,Morning,Coffee,1,3.45,False
6179,Tuesday,Afternoon,Pastry,2,8.22,True
6180,Tuesday,Morning,Pastry,1,4.78,True
6181,Thursday,Afternoon,Sandwich,2,20.74,True
6182,Tuesday,Evening,Pastry,1,3.89,True
6183,Monday,Morning,Pastry,1,4.04,True
6184,Sunday,Morning,Coffee,1,3.73,True
6185,Monday,Morning,Pastry,2,7.96,True
6186,Friday,Afternoon,Coffee,1,3.06,False
6187,Friday,Morning,Coffee,4,11.56,False
6188,Tuesday,Evening,Tea,2,6.7,True
6189,Monday,Afternoon,Sandwich,2,19.6,False
6190,Monday,Afternoon,Tea,2,7.52,False
6191,Thursday,Afternoon,Sandwich,1,7.87,True
6192,Thursday,Morning,Pastry,1,3.69,True
6193,Friday,Evening,Sandwich,1,8.87,False
6194,Saturday,Afternoon,Sandwich,1,9.5,True
6195,Thursday,Evening,Coffee,2,9.0,True
6196,Monday,Morning,Pastry,1,4.93,True
6197,Tuesday,Afternoon,Sandwich,1,9.06,True
6198,Friday,Morning,Tea,2,7.28,False
6199,Tuesday,Afternoon,Sandwich,1,8.49,False
6200,Monday,Afternoon,Coffee,1,4.04,True
6201,Thursday,Afternoon,Coffee,1,3.97,False
6202,Wednesday,Afternoon,Pastry,2,10.68,True
6203,Saturday,Morning,Pastry,1,4.8,True
6204,Thursday,Evening,Tea,3,9.57,True
6205,Monday,Evening,Pastry,1,4.04,True
6206,Sunday,Morning,Coffee,2,7.66,True
6207,Tuesday,Evening,Pastry,1,3.56,False
6208,Tuesday,Morning,Pastry,1,4.36,True
6209,Wednesday,Afternoon,Coffee,1,3.93,False
6210,Monday,Morning,Tea,1,3.69,True
6211,Wednesday,Evening,Sandwich,1,10.23,True
6212,Monday,Morning,Coffee,1,4.05,False
6213,Wednesday,Morning,Coffee,1,3.19,True
6214,Tuesday,Morning,Coffee,2,6.78,True
6215,Friday,Morning,Pastry,1,4.14,True
6216,Friday,Afternoon,Coffee,4,17.32,True
6217,Monday,Morning,Coffee,2,8.62,True
6218,Wednesday,Afternoon,Coffee,1,3.88,False
6219,Wednesday,Evening,Tea,1,4.44,True
6220,Monday,Afternoon,Sandwich,1,11.37,True
6221,Friday,Afternoon,Sandwich,2,21.98,False
6222,Thursday,Morning,Coffee,2,8.7,False
6223,Tuesday,Morning,Tea,1,3.68,True
6224,Wednesday,Morning,Pastry,1,4.73,False
6225,Monday,Morning,Coffee,1,3.1,False
6226,Thursday,Evening,Coffee,2,6.94,True
6227,Monday,Morning,Pastry,2,8.74,True
6228,Sunday,Evening,Pastry,2,9.16,True
6229,Friday,Morning,Tea,1,3.45,False
6230,Wednesday,Afternoon,Coffee,1,4.14,True
6231,Thursday,Morning,Pastry,4,12.96,True
6232,Saturday,Morning,Coffee,3,12.75,False
6233,Thursday,Afternoon,Sandwich,1,9.57,False
6234,Monday,Morning,Sandwich,1,9.28,True
6235,Wednesday,Afternoon,Sandwich,1,10.61,False
6236,Friday,Afternoon,Sandwich,2,16.5,False
6237,Thursday,Morning,Coffee,1,3.88,False
6238,Thursday,Evening,Sandwich,1,9.84,False
6239,Friday,Morning,Coffee,1,3.57,False
6240,Saturday,Afternoon,Sandwich,1,7.1,False
6241,Saturday,Morning,Coffee,1,3.42,False
6242,Monday,Afternoon,Sandwich,1,9.42,False
6243,Thursday,Morning,Coffee,2,7.76,False
6244,Friday,Morning,Pastry,1,4.49,True
6245,Friday,Morning,Coffee,1,3.67,True
6246,Thursday,Morning,Coffee,1,3.34,True
6247,Monday,Morning,Pastry,1,4.58,True
6248,Friday,Afternoon,Sandwich,1,9.3,False
6249,Friday,Afternoon,Coffee,1,4.32,True
6250,Monday,Morning,Coffee,1,3.63,False
6251,Wednesday,Morning,Coffee,3,8.97,False
6252,Monday,Morning,Tea,2,4.92,True
6253,Tuesday,Morning,Sandwich,1,9.02,True
6254,Monday,Morning,Tea,3,10.65,True
6255,Wednesday,Morning,Coffee,2,7.76,True
6256,Thursday,Evening,Tea,3,9.81,True
6257,Thursday,Afternoon,Sandwich,1,7.59,True
6258,Thursday,Morning,Coffee,2,6.12,False
6259,Friday,Morning,Coffee,1,4.18,True
6260,Tuesday,Afternoon,Tea,2,6.82,True
6261,Monday,Morning,Pastry,1,4.28,True
6262,Friday,Afternoon,Sandwich,1,7.65,False
6263,Monday,Evening,Tea,1,3.11,True
6264,Sunday,Afternoon,Sandwich,2,19.1,True
6265,Friday,Morning,Coffee,2,8.28,True
6266,Wednesday,Afternoon,Coffee,1,3.92,False
6267,Sunday,Evening,Tea,1,4.05,False
6268,Monday,Afternoon,Pastry,2,8.3,True
6269,Tuesday,Afternoon,Coffee,1,4.64,False
6270,Thursday,Morning,Pastry,1,4.63,True
6271,Tuesday,Morning,Coffee,2,8.1,False
6272,Saturday,Afternoon,Coffee,2,8.94,True
6273,Monday,Evening,Tea,1,3.25,True
6274,Thursday,Afternoon,Coffee,1,3.84,True
6275,Thursday,Afternoon,Tea,2,6.02,False
6276,Thursday,Morning,Coffee,2,8.94,True
6277,Tuesday,Morning,Pastry,1,4.7,False
6278,Wednesday,Morning,Sandwich,1,10.82,True
6279,Friday,Morning,Pastry,1,4.62,True
6280,Tuesday,Afternoon,Coffee,3,13.65,True
6281,Friday,Morning,Pastry,1,4.05,False
6282,Thursday,Afternoon,Tea,1,3.89,True
6283,Friday,Afternoon,Tea,1,3.34,True
6284,Thursday,Morning,Coffee,1,4.0,False
6285,Tuesday,Morning,Coffee,1,4.36,True
6286,Thursday,Afternoon,Sandwich,1,12.29,True
6287,Friday,Evening,Tea,1,3.83,True
6288,Wednesday,Afternoon,Pastry,1,5.05,False
6289,Sunday,Morning,Coffee,1,3.73,False
6290,Wednesday,Morning,Pastry,2,9.18,False
6291,Monday,Morning,Pastry,1,4.44,False
6292,Wednesday,Morning,Coffee,2,9.4,False
6293,Sunday,Afternoon,Sandwich,1,9.32,True
6294,Tuesday,Afternoon,Sandwich,1,11.09,True
6295,Friday,Morning,Coffee,1,3.35,False
6296,Saturday,Morning,Tea,3,12.18,False
6297,Tuesday,Morning,Coffee,1,3.57,True
6298,Monday,Evening,Coffee,1,4.43,True
6299,Friday,Morning,Tea,1,3.15,False
6300,Tuesday,Afternoon,Tea,1,3.75,True
6301,Friday,Morning,Coffee,1,3.52,False
6302,Wednesday,Afternoon,Sandwich,3,32.22,True
6303,Wednesday,Morning,Coffee,1,4.42,True
6304,Friday,Morning,Coffee,1,3.7,True
6305,Wednesday,Afternoon,Coffee,4,17.16,False
6306,Wednesday,Afternoon,Coffee,1,4.47,True
6307,Wednesday,Morning,Coffee,1,3.54,False
6308,Wednesday,Morning,Sandwich,1,8.26,True
6309,Wednesday,Morning,Coffee,1,3.46,True
6310,Friday,Morning,Tea,1,3.01,True
6311,Wednesday,Afternoon,Coffee,1,3.46,False
6312,Wednesday,Evening,Pastry,2,10.1,True
6313,Thursday,Morning,Sandwich,1,10.17,True
6314,Tuesday,Morning,Coffee,3,9.45,True
6315,Tuesday,Morning,Pastry,1,4.19,False
6316,Saturday,Morning,Merchandise,1,26.26,False
6317,Friday,Morning,Coffee,1,4.43,True
6318,Thursday,Afternoon,Coffee,1,3.78,False
6319,Thursday,Morning,Tea,1,2.88,False
6320,Monday,Afternoon,Sandwich,1,9.7,False
6321,Thursday,Afternoon,Coffee,2,8.6,True
6322,Wednesday,Evening,Tea,3,9.36,True
6323,Thursday,Evening,Tea,1,3.39,False
6324,Tuesday,Afternoon,Coffee,2,7.1,True
6325,Monday,Evening,Sandwich,2,21.98,True
6326,Tuesday,Morning,Coffee,1,3.78,True
6327,Sunday,Morning,Coffee,1,3.64,False
6328,Wednesday,Morning,Tea,5,17.4,False
6329,Wednesday,Afternoon,Coffee,1,3.9,True
6330,Monday,Evening,Tea,4,15.12,False
6331,Monday,Morning,Coffee,1,4.61,True
6332,Thursday,Afternoon,Tea,1,3.99,False
6333,Wednesday,Afternoon,Coffee,1,3.81,True
6334,Wednesday,Evening,Coffee,4,16.6,True
6335,Tuesday,Afternoon,Pastry,1,5.39,False
6336,Friday,Evening,Sandwich,1,11.33,True
6337,Monday,Morning,Pastry,1,3.97,True
6338,Tuesday,Morning,Coffee,1,4.3,True
6339,Wednesday,Morning,Coffee,1,4.21,False
6340,Tuesday,Morning,Pastry,1,5.06,True
6341,Tuesday,Morning,Coffee,1,4.62,False
6342,Thursday,Afternoon,Sandwich,1,8.25,True
6343,Thursday,Afternoon,Sandwich,1,8.67,True
6344,Friday,Afternoon,Coffee,1,4.45,False
6345,Wednesday,Morning,Coffee,1,4.07,False
6346,Monday,Morning,Coffee,1,2.89,True
6347,Tuesday,Morning,Coffee,2,6.34,True
6348,Sunday,Morning,Pastry,1,4.9,False
6349,Thursday,Afternoon,Sandwich,1,10.51,True
6350,Thursday,Morning,Coffee,1,3.33,False
6351,Monday,Morning,Coffee,1,4.55,True
6352,Wednesday,Afternoon,Pastry,1,4.38,True
6353,Monday,Morning,Coffee,1,3.49,True
6354,Thursday,Evening,Pastry,2,8.32,True
6355,Saturday,Morning,Pastry,2,7.54,True
6356,Sunday,Evening,Coffee,1,3.69,False
6357,Thursday,Morning,Coffee,1,3.07,True
6358,Wednesday,Afternoon,Coffee,2,7.92,False
6359,Sunday,Morning,Coffee,1,4.29,False
6360,Thursday,Afternoon,Coffee,1,3.33,False
6361,Monday,Morning,Coffee,1,4.01,True
6362,Wednesday,Morning,Coffee,1,3.6,True
6363,Tuesday,Afternoon,Sandwich,2,20.6,True
6364,Wednesday,Morning,Coffee,1,2.84,False
6365,Wednesday,Morning,Coffee,1,4.36,False
6366,Thursday,Morning,Pastry,2,6.82,True
6367,Tuesday,Afternoon,Sandwich,1,9.25,False
6368,Monday,Morning,Coffee,1,3.65,True
6369,Wednesday,Morning,Coffee,1,3.82,True
6370,Friday,Morning,Pastry,1,3.58,True
6371,Thursday,Afternoon,Coffee,1,4.83,True
6372,Tuesday,Afternoon,Coffee,1,3.36,True
6373,Saturday,Morning,Coffee,4,13.6,True
6374,Saturday,Morning,Coffee,2,9.8,False
6375,Tuesday,Morning,Coffee,1,4.16,False
6376,Monday,Morning,Coffee,2,6.74,True
6377,Friday,Morning,Pastry,1,4.42,True
6378,Friday,Morning,Pastry,1,4.36,True
6379,Sunday,Morning,Sandwich,1,7.47,True
6380,Saturday,Evening,Coffee,1,3.62,True
6381,Thursday,Morning,Coffee,1,3.99,True
6382,Wednesday,Afternoon,Sandwich,1,11.02,True
6383,Monday,Morning,Coffee,2,7.82,True
6384,Tuesday,Morning,Coffee,1,3.94,False
6385,Wednesday,Afternoon,Coffee,1,3.59,True
6386,Thursday,Morning,Coffee,1,4.55,True
6387,Thursday,Morning,Coffee,1,4.45,False
6388,Friday,Afternoon,Coffee,1,4.39,False
6389,Tuesday,Morning,Sandwich,1,9.63,False
6390,Thursday,Morning,Coffee,1,3.2,True
6391,Monday,Morning,Sandwich,1,10.8,False
6392,Wednesday,Morning,Pastry,1,4.53,False
6393,Friday,Afternoon,Tea,4,13.52,False
6394,Thursday,Morning,Pastry,1,4.77,True
6395,Sunday,Morning,Tea,2,7.18,True
6396,Tuesday,Morning,Coffee,2,6.94,False
6397,Wednesday,Morning,Coffee,1,3.84,False
6398,Tuesday,Evening,Pastry,1,3.36,True
6399,Wednesday,Morning,Tea,1,3.53,True
6400,Friday,Evening,Pastry,1,5.3,True
6401,Thursday,Afternoon,Tea,1,2.78,True
6402,Saturday,Afternoon,Tea,1,3.55,True
6403,Tuesday,Morning,Coffee,1,4.33,False
6404,Saturday,Morning,Coffee,1,4.41,True
6405,Monday,Afternoon,Pastry,1,4.05,True
6406,Saturday,Afternoon,Sandwich,3,24.54,False
6407,Tuesday,Morning,Tea,1,3.27,True
6408,Tuesday,Morning,Pastry,1,5.21,True
6409,Wednesday,Morning,Coffee,2,6.3,True
6410,Sunday,Evening,Pastry,2,7.54,False
6411,Monday,Morning,Coffee,1,3.77,False
6412,Tuesday,Afternoon,Coffee,1,3.51,False
6413,Friday,Afternoon,Merchandise,1,34.67,True
6414,Wednesday,Afternoon,Coffee,1,4.71,True
6415,Tuesday,Afternoon,Tea,1,3.02,True
6416,Wednesday,Morning,Coffee,1,3.93,False
6417,Wednesday,Evening,Coffee,1,4.0,True
6418,Saturday,Afternoon,Sandwich,3,27.3,False
6419,Friday,Afternoon,Tea,1,2.87,True
6420,Wednesday,Morning,Pastry,1,4.12,True
6421,Sunday,Afternoon,Coffee,4,14.72,True
6422,Wednesday,Morning,Coffee,1,4.32,True
6423,Monday,Morning,Coffee,1,4.21,False
6424,Tuesday,Afternoon,Sandwich,1,7.64,True
6425,Wednesday,Morning,Pastry,4,17.08,False
6426,Monday,Afternoon,Tea,1,3.3,True
6427,Sunday,Morning,Coffee,1,4.98,True
6428,Friday,Afternoon,Sandwich,2,19.7,True
6429,Tuesday,Morning,Coffee,1,3.46,False
6430,Thursday,Afternoon,Tea,2,6.38,True
6431,Friday,Morning,Coffee,5,19.05,False
6432,Sunday,Afternoon,Coffee,1,4.18,True
6433,Saturday,Afternoon,Coffee,1,4.24,False
6434,Wednesday,Morning,Coffee,2,8.2,True
6435,Friday,Morning,Pastry,1,4.37,True
6436,Thursday,Afternoon,Sandwich,2,18.68,False
6437,Thursday,Afternoon,Sandwich,1,9.35,True
6438,Monday,Afternoon,Pastry,1,3.43,True
6439,Monday,Afternoon,Pastry,1,4.46,True
6440,Wednesday,Morning,Pastry,1,4.15,False
6441,Tuesday,Morning,Pastry,1,3.51,True
6442,Monday,Morning,Coffee,1,5.21,True
6443,Friday,Morning,Coffee,1,4.16,True
6444,Monday,Afternoon,Sandwich,1,9.52,True
6445,Thursday,Morning,Sandwich,2,18.1,False
6446,Wednesday,Evening,Merchandise,2,87.88,True
6447,Sunday,Afternoon,Sandwich,1,8.11,True
6448,Wednesday,Afternoon,Coffee,1,3.84,True
6449,Monday,Evening,Coffee,1,3.52,False
6450,Thursday,Morning,Pastry,1,4.93,True
6451,Friday,Afternoon,Tea,1,3.17,False
6452,Sunday,Morning,Coffee,2,9.1,False
6453,Wednesday,Morning,Pastry,1,4.44,True
6454,Tuesday,Afternoon,Coffee,2,8.78,True
6455,Saturday,Morning,Pastry,2,9.48,True
6456,Tuesday,Evening,Pastry,1,5.14,False
6457,Thursday,Afternoon,Coffee,1,3.53,False
6458,Wednesday,Afternoon,Coffee,1,4.45,False
6459,Monday,Morning,Coffee,1,3.07,True
6460,Tuesday,Afternoon,Sandwich,1,9.55,False
6461,Tuesday,Morning,Coffee,1,3.73,True
6462,Thursday,Afternoon,Coffee,1,3.3,False
6463,Sunday,Morning,Sandwich,1,8.43,True
6464,Tuesday,Afternoon,Coffee,1,3.68,True
6465,Friday,Morning,Coffee,1,3.9,True
6466,Monday,Morning,Coffee,1,3.74,True
6467,Wednesday,Morning,Coffee,1,4.04,True
6468,Monday,Morning,Merchandise,1,28.26,True
6469,Saturday,Afternoon,Coffee,2,7.52,True
6470,Friday,Morning,Coffee,2,7.72,True
6471,Thursday,Morning,Pastry,1,4.61,True
6472,Friday,Afternoon,Sandwich,1,10.52,True
6473,Thursday,Morning,Coffee,2,8.86,False
6474,Sunday,Morning,Pastry,1,4.64,True
6475,Thursday,Afternoon,Sandwich,1,10.02,True
6476,Saturday,Morning,Coffee,2,8.32,True
6477,Wednesday,Morning,Tea,1,3.37,False
6478,Monday,Morning,Pastry,1,5.04,True
6479,Wednesday,Morning,Coffee,5,17.7,True
6480,Monday,Morning,Pastry,1,3.27,False
6481,Thursday,Morning,Sandwich,3,24.75,True
6482,Wednesday,Afternoon,Sandwich,1,11.18,True
6483,Thursday,Morning,Coffee,1,3.85,True
6484,Monday,Morning,Coffee,1,4.14,True
6485,Tuesday,Morning,Coffee,2,7.72,True
6486,Wednesday,Afternoon,Coffee,1,4.28,True
6487,Sunday,Evening,Merchandise,1,35.81,False
6488,Wednesday,Morning,Coffee,2,7.94,True
6489,Wednesday,Evening,Tea,1,3.75,True
6490,Thursday,Morning,Pastry,1,4.22,True
6491,Thursday,Morning,Coffee,1,4.19,True
6492,Tuesday,Morning,Coffee,1,3.91,True
6493,Wednesday,Morning,Coffee,2,7.9,False
6494,Tuesday,Morning,Coffee,1,3.59,True
6495,Sunday,Morning,Pastry,1,4.37,True
6496,Monday,Morning,Tea,1,3.28,False
6497,Wednesday,Morning,Coffee,1,4.56,True
6498,Monday,Morning,Coffee,1,3.16,False
6499,Tuesday,Morning,Pastry,1,5.03,True
6500,Friday,Afternoon,Sandwich,4,29.64,True
6501,Tuesday,Morning,Coffee,2,8.54,True
6502,Monday,Afternoon,Sandwich,1,8.49,True
6503,Wednesday,Afternoon,Tea,1,3.73,True
6504,Monday,Morning,Coffee,1,3.94,False
6505,Monday,Morning,Pastry,1,3.64,True
6506,Friday,Morning,Coffee,1,4.68,False
6507,Friday,Afternoon,Pastry,1,4.97,True
6508,Saturday,Morning,Coffee,1,4.25,False
6509,Friday,Morning,Coffee,1,3.68,True
6510,Thursday,Morning,Tea,3,11.46,True
6511,Monday,Afternoon,Coffee,1,3.36,True
6512,Friday,Morning,Coffee,1,2.89,False
6513,Friday,Afternoon,Coffee,1,3.22,True
6514,Friday,Morning,Tea,1,3.13,True
6515,Wednesday,Afternoon,Coffee,5,18.1,True
6516,Tuesday,Morning,Pastry,1,4.24,True
6517,Friday,Morning,Tea,3,10.02,True
6518,Friday,Evening,Merchandise,1,29.51,True
6519,Sunday,Afternoon,Sandwich,1,6.96,True
6520,Monday,Morning,Coffee,1,4.1,False
6521,Tuesday,Morning,Coffee,2,7.74,True
6522,Tuesday,Afternoon,Sandwich,1,8.66,True
6523,Friday,Afternoon,Sandwich,4,44.72,False
6524,Tuesday,Morning,Coffee,1,3.88,True
6525,Monday,Afternoon,Coffee,1,4.03,True
6526,Sunday,Afternoon,Pastry,1,4.98,False
6527,Monday,Morning,Pastry,1,3.61,True
6528,Friday,Afternoon,Sandwich,1,9.47,True
6529,Wednesday,Morning,Coffee,2,8.8,False
6530,Friday,Evening,Tea,1,3.46,False
6531,Thursday,Afternoon,Coffee,1,3.35,True
6532,Saturday,Afternoon,Tea,1,3.31,False
6533,Saturday,Morning,Pastry,1,4.61,True
6534,Monday,Morning,Pastry,1,3.24,True
6535,Monday,Morning,Coffee,1,3.32,False
6536,Tuesday,Afternoon,Coffee,2,9.98,False
6537,Thursday,Afternoon,Tea,1,3.69,True
6538,Saturday,Morning,Pastry,2,10.78,True
6539,Wednesday,Afternoon,Coffee,1,4.43,False
6540,Thursday,Afternoon,Coffee,1,4.2,True
6541,Tuesday,Morning,Pastry,1,4.31,True
6542,Friday,Morning,Pastry,2,9.46,False
6543,Sunday,Afternoon,Sandwich,2,22.48,True
6544,Tuesday,Morning,Coffee,1,4.41,True
6545,Wednesday,Afternoon,Pastry,1,4.6,True
6546,Monday,Morning,Coffee,1,3.91,True
6547,Thursday,Evening,Sandwich,2,20.2,True
6548,Wednesday,Morning,Pastry,2,8.36,True
6549,Monday,Morning,Pastry,1,4.8,True
6550,Wednesday,Morning,Coffee,1,3.65,False
6551,Tuesday,Morning,Pastry,2,8.58,False
6552,Wednesday,Morning,Coffee,1,3.49,False
6553,Thursday,Morning,Coffee,1,3.78,False
6554,Monday,Evening,Coffee,1,3.66,True
6555,Friday,Evening,Pastry,1,5.52,False
6556,Thursday,Morning,Coffee,4,14.2,True
6557,Wednesday,Afternoon,Sandwich,3,29.88,True
6558,Monday,Morning,Pastry,1,3.93,False
6559,Friday,Afternoon,Coffee,1,4.02,True
6560,Sunday,Afternoon,Sandwich,2,19.7,True
6561,Tuesday,Morning,Coffee,1,3.07,False
6562,Tuesday,Afternoon,Tea,1,2.94,True
6563,Tuesday,Afternoon,Sandwich,1,8.35,False
6564,Thursday,Morning,Pastry,1,3.72,False
6565,Monday,Evening,Tea,1,3.53,False
6566,Tuesday,Evening,Sandwich,1,9.79,True
6567,Thursday,Morning,Pastry,1,3.86,True
6568,Thursday,Afternoon,Tea,2,7.1,False
6569,Wednesday,Evening,Pastry,3,12.75,True
6570,Wednesday,Morning,Pastry,2,8.88,True
6571,Thursday,Morning,Coffee,1,3.69,True
6572,Monday,Morning,Pastry,1,4.79,True
6573,Monday,Afternoon,Sandwich,2,22.92,True
6574,Saturday,Afternoon,Coffee,3,13.17,False
6575,Monday,Morning,Sandwich,1,11.17,True
6576,Thursday,Evening,Coffee,1,3.3,True
6577,Saturday,Afternoon,Sandwich,1,8.69,True
6578,Tuesday,Afternoon,Coffee,1,4.28,True
6579,Wednesday,Morning,Pastry,1,5.4,True
6580,Thursday,Morning,Coffee,3,12.99,True
6581,Saturday,Afternoon,Sandwich,1,8.27,False
6582,Sunday,Morning,Coffee,1,3.78,False
6583,Friday,Afternoon,Coffee,3,12.51,True
6584,Monday,Afternoon,Coffee,1,3.92,False
6585,Thursday,Morning,Pastry,2,8.04,True
6586,Wednesday,Afternoon,Coffee,1,3.85,False
6587,Wednesday,Morning,Tea,3,10.47,False
6588,Monday,Morning,Pastry,1,3.85,True
6589,Tuesday,Morning,Pastry,4,20.36,True
6590,Friday,Morning,Coffee,1,3.78,True
6591,Wednesday,Morning,Pastry,1,4.46,True
6592,Tuesday,Afternoon,Coffee,1,4.52,True
6593,Wednesday,Afternoon,Sandwich,1,9.35,True
6594,Friday,Morning,Pastry,1,5.09,True
6595,Friday,Afternoon,Coffee,4,13.96,True
6596,Tuesday,Morning,Coffee,1,4.22,False
6597,Monday,Morning,Coffee,1,4.42,True
6598,Tuesday,Afternoon,Tea,1,3.17,True
6599,Saturday,Afternoon,Sandwich,2,18.58,True
6600,Thursday,Afternoon,Tea,1,3.44,True
6601,Wednesday,Morning,Pastry,4,18.52,True
6602,Thursday,Afternoon,Tea,1,3.69,False
6603,Wednesday,Afternoon,Sandwich,1,8.41,True
6604,Friday,Evening,Sandwich,1,9.43,True
6605,Wednesday,Morning,Pastry,2,10.9,True
6606,Monday,Afternoon,Coffee,1,4.53,False
6607,Monday,Afternoon,Pastry,2,9.96,True
6608,Wednesday,Evening,Coffee,1,3.9,False
6609,Saturday,Morning,Coffee,1,5.06,False
6610,Tuesday,Morning,Tea,3,11.73,False
6611,Friday,Morning,Pastry,1,4.52,True
6612,Friday,Morning,Coffee,1,4.11,True
6613,Tuesday,Morning,Coffee,2,7.54,False
6614,Monday,Morning,Coffee,1,4.2,True
6615,Monday,Afternoon,Coffee,1,4.3,False
6616,Friday,Morning,Coffee,1,4.35,True
6617,Tuesday,Morning,Pastry,4,17.56,True
6618,Wednesday,Morning,Coffee,2,6.52,False
6619,Wednesday,Morning,Pastry,1,4.65,False
6620,Friday,Evening,Pastry,1,4.92,True
6621,Monday,Afternoon,Sandwich,1,8.33,True
6622,Wednesday,Afternoon,Coffee,2,7.9,True
6623,Wednesday,Morning,Pastry,1,5.3,True
6624,Thursday,Evening,Coffee,2,6.8,True
6625,Friday,Morning,Coffee,1,3.86,True
6626,Monday,Afternoon,Coffee,1,4.74,False
6627,Friday,Morning,Pastry,1,4.59,True
6628,Thursday,Afternoon,Sandwich,1,8.87,False
6629,Thursday,Afternoon,Coffee,2,8.0,True
6630,Thursday,Morning,Coffee,2,8.82,True
6631,Wednesday,Morning,Coffee,1,3.9,True
6632,Monday,Afternoon,Coffee,1,4.3,True
6633,Thursday,Morning,Tea,2,7.18,False
6634,Wednesday,Morning,Tea,1,3.63,False
6635,Thursday,Morning,Pastry,1,4.9,True
6636,Tuesday,Morning,Sandwich,1,9.15,True
6637,Saturday,Afternoon,Sandwich,2,16.74,True
6638,Thursday,Morning,Coffee,1,4.24,True
6639,Monday,Morning,Coffee,2,7.86,True
6640,Wednesday,Afternoon,Pastry,2,8.46,False
6641,Friday,Afternoon,Tea,2,7.42,True
6642,Friday,Morning,Tea,4,16.04,True
6643,Wednesday,Afternoon,Sandwich,2,18.62,False
6644,Saturday,Morning,Pastry,1,4.51,True
6645,Tuesday,Morning,Coffee,1,3.41,True
6646,Wednesday,Evening,Tea,1,3.41,False
6647,Saturday,Evening,Sandwich,1,9.77,True
6648,Saturday,Morning,Pastry,1,4.49,True
6649,Thursday,Morning,Coffee,1,3.82,True
6650,Friday,Morning,Pastry,1,4.94,False
6651,Monday,Morning,Tea,1,3.52,True
6652,Friday,Morning,Coffee,2,10.58,True
6653,Tuesday,Morning,Coffee,2,8.2,True
6654,Monday,Evening,Sandwich,3,18.6,True
6655,Tuesday,Afternoon,Sandwich,1,8.17,False
6656,Wednesday,Morning,Coffee,1,4.27,True
6657,Tuesday,Afternoon,Sandwich,1,8.73,True
6658,Tuesday,Morning,Pastry,1,4.15,True
6659,Monday,Morning,Pastry,1,3.76,False
6660,Tuesday,Morning,Coffee,1,3.76,True
6661,Thursday,Afternoon,Merchandise,1,37.13,True
6662,Wednesday,Morning,Coffee,2,8.38,False
6663,Tuesday,Afternoon,Sandwich,2,16.56,False
6664,Friday,Afternoon,Sandwich,1,10.47,False
6665,Saturday,Morning,Coffee,1,3.4,True
6666,Friday,Morning,Coffee,1,4.22,True
6667,Tuesday,Afternoon,Sandwich,1,9.9,True
6668,Friday,Evening,Pastry,3,11.82,True
6669,Monday,Afternoon,Tea,2,6.16,True
6670,Monday,Morning,Coffee,1,4.19,True
6671,Tuesday,Afternoon,Coffee,1,3.72,True
6672,Friday,Morning,Coffee,1,3.9,False
6673,Tuesday,Evening,Merchandise,1,43.32,False
6674,Monday,Afternoon,Sandwich,3,30.21,True
6675,Monday,Afternoon,Sandwich,2,16.8,True
6676,Friday,Morning,Coffee,1,3.97,True
6677,Thursday,Afternoon,Sandwich,1,8.38,True
6678,Tuesday,Morning,Coffee,2,8.86,False
6679,Thursday,Morning,Pastry,1,5.42,False
6680,Wednesday,Morning,Coffee,1,3.58,False
6681,Thursday,Evening,Coffee,1,3.98,False
6682,Tuesday,Afternoon,Pastry,1,5.05,True
6683,Friday,Morning,Coffee,1,4.01,False
6684,Tuesday,Afternoon,Sandwich,1,10.17,False
6685,Thursday,Morning,Tea,1,3.52,True
6686,Monday,Morning,Pastry,1,3.87,False
6687,Wednesday,Morning,Merchandise,1,36.32,False
6688,Tuesday,Afternoon,Tea,2,7.9,False
6689,Thursday,Morning,Coffee,1,4.16,True
6690,Monday,Morning,Pastry,2,10.94,True
6691,Friday,Afternoon,Pastry,1,3.44,False
6692,Tuesday,Morning,Coffee,1,4.19,True
6693,Thursday,Afternoon,Sandwich,2,17.44,False
6694,Friday,Morning,Coffee,1,3.56,False
6695,Thursday,Afternoon,Coffee,1,4.67,False
6696,Friday,Afternoon,Coffee,1,3.87,True
6697,Thursday,Afternoon,Coffee,1,3.82,True
6698,Tuesday,Morning,Coffee,2,8.34,False
6699,Friday,Afternoon,Coffee,1,2.92,True
6700,Tuesday,Morning,Coffee,1,4.68,False
6701,Thursday,Afternoon,Coffee,1,4.95,False
6702,Friday,Morning,Coffee,1,4.46,True
6703,Wednesday,Morning,Tea,2,7.32,True
6704,Tuesday,Afternoon,Coffee,1,3.89,False
6705,Wednesday,Afternoon,Coffee,1,3.46,True
6706,Friday,Morning,Coffee,1,4.6,True
6707,Saturday,Evening,Tea,1,3.87,False
6708,Thursday,Evening,Tea,1,3.68,True
6709,Thursday,Afternoon,Tea,1,3.63,False
6710,Saturday,Morning,Tea,1,3.62,True
6711,Monday,Afternoon,Sandwich,2,17.74,True
6712,Tuesday,Morning,Pastry,2,12.0,True
6713,Thursday,Morning,Coffee,1,3.86,True
6714,Friday,Evening,Tea,1,3.33,False
6715,Friday,Evening,Tea,1,3.95,True
6716,Wednesday,Evening,Sandwich,1,9.46,True
6717,Monday,Morning,Coffee,2,7.98,False
6718,Wednesday,Morning,Coffee,4,18.84,False
6719,Tuesday,Morning,Coffee,1,4.34,False
6720,Tuesday,Morning,Tea,1,3.79,True
6721,Friday,Morning,Pastry,1,3.65,True
6722,Monday,Morning,Pastry,1,4.74,True
6723,Friday,Afternoon,Coffee,1,3.5,True
6724,Wednesday,Afternoon,Coffee,1,3.77,True
6725,Thursday,Afternoon,Sandwich,1,9.71,True
6726,Monday,Afternoon,Pastry,1,4.48,False
6727,Tuesday,Morning,Coffee,1,4.33,False
6728,Monday,Morning,Pastry,1,4.96,True
6729,Sunday,Afternoon,Sandwich,2,21.02,False
6730,Friday,Morning,Sandwich,2,15.78,True
6731,Wednesday,Afternoon,Pastry,5,29.6,False
6732,Tuesday,Morning,Coffee,1,3.99,False
6733,Saturday,Morning,Coffee,1,4.61,True
6734,Tuesday,Afternoon,Sandwich,1,6.48,True
6735,Monday,Afternoon,Sandwich,2,18.36,True
6736,Thursday,Evening,Pastry,1,3.62,False
6737,Sunday,Morning,Sandwich,1,8.47,True
6738,Monday,Morning,Tea,1,3.52,True
6739,Tuesday,Afternoon,Tea,4,13.48,True
6740,Saturday,Morning,Tea,2,8.06,True
6741,Monday,Morning,Tea,1,4.21,False
6742,Monday,Evening,Coffee,2,7.04,False
6743,Thursday,Afternoon,Tea,1,3.3,True
6744,Friday,Evening,Sandwich,1,8.26,True
6745,Wednesday,Morning,Coffee,2,9.16,True
6746,Sunday,Morning,Pastry,1,4.6,False
6747,Thursday,Afternoon,Tea,1,3.51,True
6748,Monday,Morning,Sandwich,2,19.74,False
6749,Sunday,Afternoon,Coffee,1,3.84,True
6750,Wednesday,Morning,Coffee,4,14.28,True
6751,Tuesday,Afternoon,Tea,1,3.52,False
6752,Thursday,Afternoon,Pastry,1,4.34,True
6753,Tuesday,Morning,Coffee,1,4.17,False
6754,Monday,Morning,Coffee,2,6.36,True
6755,Monday,Afternoon,Sandwich,1,9.72,False
6756,Wednesday,Afternoon,Tea,1,3.22,False
6757,Friday,Morning,Tea,1,3.56,False
6758,Thursday,Afternoon,Sandwich,2,21.18,True
6759,Sunday,Morning,Pastry,1,4.17,True
6760,Tuesday,Morning,Coffee,1,4.6,True
6761,Tuesday,Morning,Coffee,1,3.13,False
6762,Monday,Evening,Tea,1,4.12,True
6763,Monday,Morning,Pastry,1,5.24,True
6764,Tuesday,Morning,Pastry,1,3.97,False
6765,Friday,Afternoon,Coffee,2,7.12,True
6766,Saturday,Morning,Coffee,1,3.25,True
6767,Sunday,Morning,Coffee,1,4.46,True
6768,Tuesday,Morning,Coffee,1,3.83,False
6769,Saturday,Afternoon,Pastry,3,12.78,True
6770,Tuesday,Afternoon,Sandwich,1,8.15,False
6771,Monday,Afternoon,Coffee,2,9.82,True
6772,Saturday,Afternoon,Sandwich,2,16.66,False
6773,Thursday,Afternoon,Sandwich,1,9.53,True
6774,Monday,Afternoon,Sandwich,1,9.76,True
6775,Wednesday,Morning,Coffee,1,3.8,False
6776,Tuesday,Morning,Coffee,2,7.4,True
6777,Friday,Afternoon,Pastry,2,8.56,True
6778,Wednesday,Evening,Sandwich,2,20.36,True
6779,Sunday,Morning,Coffee,1,3.83,True
6780,Monday,Morning,Coffee,1,4.81,True
6781,Tuesday,Morning,Coffee,1,3.61,True
6782,Wednesday,Morning,Coffee,1,4.38,True
6783,Wednesday,Morning,Pastry,1,3.45,True
6784,Tuesday,Morning,Coffee,1,3.61,True
6785,Friday,Morning,Coffee,1,3.59,False
6786,Saturday,Afternoon,Coffee,1,3.45,False
6787,Saturday,Morning,Coffee,1,4.14,True
6788,Friday,Afternoon,Sandwich,2,18.74,True
6789,Friday,Afternoon,Coffee,1,2.86,True
6790,Thursday,Evening,Tea,2,8.6,False
6791,Friday,Afternoon,Sandwich,1,9.71,True
6792,Tuesday,Morning,Tea,1,3.5,True
6793,Wednesday,Evening,Coffee,1,4.66,True
6794,Tuesday,Afternoon,Pastry,1,5.09,False
6795,Wednesday,Morning,Coffee,1,3.85,True
6796,Tuesday,Morning,Coffee,2,6.04,True
6797,Sunday,Morning,Coffee,1,4.28,True
6798,Tuesday,Morning,Coffee,1,3.52,False
6799,Monday,Morning,Merchandise,1,52.32,True
6800,Wednesday,Evening,Coffee,1,3.61,True
6801,Monday,Morning,Pastry,1,4.23,True
6802,Monday,Afternoon,Sandwich,1,7.89,True
6803,Tuesday,Afternoon,Merchandise,1,25.69,True
6804,Wednesday,Afternoon,Tea,1,3.46,False
6805,Wednesday,Afternoon,Sandwich,1,9.26,True
6806,Friday,Evening,Merchandise,1,30.83,False
6807,Friday,Morning,Coffee,1,5.03,False
6808,Wednesday,Evening,Tea,1,3.74,True
6809,Tuesday,Afternoon,Coffee,2,8.02,False
6810,Tuesday,Morning,Tea,1,2.4,False
6811,Friday,Afternoon,Pastry,1,5.0,True
6812,Monday,Afternoon,Coffee,1,5.5,True
6813,Monday,Evening,Sandwich,2,18.54,True
6814,Friday,Morning,Coffee,3,10.77,False
6815,Wednesday,Afternoon,Sandwich,1,9.7,False
6816,Monday,Morning,Coffee,1,3.28,False
6817,Tuesday,Morning,Tea,1,3.68,True
6818,Saturday,Morning,Coffee,1,4.75,False
6819,Friday,Morning,Coffee,1,3.66,True
6820,Thursday,Afternoon,Sandwich,1,8.73,True
6821,Wednesday,Morning,Coffee,1,3.96,False
6822,Wednesday,Morning,Coffee,1,3.75,False
6823,Sunday,Morning,Pastry,2,7.18,True
6824,Sunday,Morning,Coffee,1,3.81,True
6825,Tuesday,Morning,Pastry,1,4.15,True
6826,Friday,Morning,Coffee,1,4.68,False
6827,Tuesday,Afternoon,Coffee,3,13.74,False
6828,Tuesday,Morning,Coffee,1,4.7,False
6829,Thursday,Morning,Merchandise,1,44.99,True
6830,Wednesday,Morning,Coffee,2,8.2,True
6831,Saturday,Afternoon,Sandwich,1,8.45,True
6832,Monday,Morning,Merchandise,1,53.98,True
6833,Wednesday,Afternoon,Tea,1,3.64,False
6834,Saturday,Afternoon,Sandwich,2,16.0,True
6835,Saturday,Afternoon,Sandwich,3,25.2,True
6836,Monday,Morning,Coffee,2,6.74,True
6837,Wednesday,Afternoon,Coffee,4,11.88,True
6838,Thursday,Afternoon,Tea,1,3.66,True
6839,Monday,Morning,Pastry,3,11.28,True
6840,Sunday,Afternoon,Sandwich,1,8.59,False
6841,Saturday,Evening,Tea,3,10.56,True
6842,Monday,Afternoon,Coffee,1,3.91,True
6843,Monday,Afternoon,Sandwich,2,17.28,False
6844,Monday,Afternoon,Coffee,1,4.76,False
6845,Saturday,Afternoon,Sandwich,1,7.67,True
6846,Tuesday,Afternoon,Coffee,1,3.26,True
6847,Wednesday,Afternoon,Sandwich,1,10.05,False
6848,Wednesday,Afternoon,Sandwich,1,8.75,True
6849,Thursday,Morning,Coffee,4,14.68,False
6850,Monday,Morning,Coffee,1,3.46,False
6851,Tuesday,Afternoon,Tea,3,10.92,True
6852,Saturday,Morning,Coffee,5,20.55,True
6853,Saturday,Afternoon,Tea,1,3.55,True
6854,Friday,Evening,Pastry,1,4.15,True
6855,Monday,Afternoon,Coffee,1,3.62,True
6856,Tuesday,Evening,Tea,1,3.43,True
6857,Thursday,Afternoon,Sandwich,1,10.66,False
6858,Tuesday,Morning,Tea,1,4.13,False
6859,Saturday,Afternoon,Coffee,1,4.56,True
6860,Thursday,Morning,Tea,1,3.7,False
6861,Monday,Morning,Pastry,1,5.09,True
6862,Saturday,Morning,Coffee,1,3.41,True
6863,Sunday,Morning,Coffee,2,7.28,True
6864,Monday,Morning,Coffee,1,4.26,False
6865,Wednesday,Morning,Pastry,1,4.43,False
6866,Tuesday,Afternoon,Sandwich,1,9.91,False
6867,Wednesday,Afternoon,Sandwich,2,21.36,True
6868,Monday,Morning,Coffee,1,4.41,True
6869,Thursday,Morning,Coffee,1,3.45,True
6870,Sunday,Afternoon,Sandwich,1,9.51,True
6871,Wednesday,Afternoon,Tea,3,9.39,True
6872,Monday,Evening,Coffee,3,10.83,True
6873,Thursday,Morning,Coffee,1,3.14,True
6874,Tuesday,Afternoon,Sandwich,2,19.32,True
6875,Friday,Morning,Coffee,1,3.11,True
6876,Wednesday,Afternoon,Pastry,1,4.74,False
6877,Tuesday,Morning,Tea,1,4.04,True
6878,Tuesday,Morning,Tea,1,3.71,False
6879,Friday,Morning,Tea,2,7.04,True
6880,Tuesday,Morning,Tea,3,12.33,True
6881,Friday,Morning,Coffee,1,4.16,True
6882,Tuesday,Afternoon,Coffee,1,3.57,True
6883,Tuesday,Afternoon,Sandwich,1,9.65,False
6884,Wednesday,Afternoon,Coffee,1,4.98,True
6885,Sunday,Morning,Tea,3,9.18,False
6886,Saturday,Morning,Tea,2,5.9,False
6887,Tuesday,Evening,Tea,1,3.75,False
6888,Tuesday,Afternoon,Pastry,1,4.37,False
6889,Monday,Morning,Coffee,2,7.46,False
6890,Wednesday,Morning,Coffee,1,3.37,True
6891,Wednesday,Afternoon,Tea,4,10.88,False
6892,Saturday,Morning,Pastry,1,3.63,True
6893,Saturday,Morning,Coffee,1,4.81,True
6894,Wednesday,Afternoon,Sandwich,1,9.49,True
6895,Wednesday,Afternoon,Coffee,1,3.02,True
6896,Saturday,Afternoon,Coffee,1,4.59,True
6897,Friday,Morning,Coffee,1,4.62,False
6898,Monday,Morning,Pastry,2,10.48,True
6899,Tuesday,Evening,Tea,1,3.33,True
6900,Wednesday,Afternoon,Coffee,1,3.87,True
6901,Tuesday,Morning,Pastry,2,9.16,False
6902,Tuesday,Morning,Coffee,2,9.4,True
6903,Monday,Morning,Coffee,1,3.72,True
6904,Thursday,Morning,Coffee,2,7.24,True
6905,Tuesday,Afternoon,Coffee,4,17.4,True
6906,Monday,Evening,Pastry,1,5.23,False
6907,Tuesday,Morning,Coffee,1,3.97,False
6908,Friday,Morning,Coffee,1,4.34,False
6909,Friday,Afternoon,Sandwich,1,9.63,True
6910,Wednesday,Morning,Pastry,1,4.35,True
6911,Wednesday,Evening,Sandwich,1,8.5,False
6912,Sunday,Afternoon,Sandwich,3,24.36,True
6913,Tuesday,Evening,Pastry,1,4.13,True
6914,Tuesday,Morning,Tea,1,3.11,False
6915,Tuesday,Morning,Coffee,2,8.28,True
6916,Monday,Morning,Pastry,1,5.23,True
6917,Wednesday,Morning,Coffee,1,4.1,True
6918,Saturday,Morning,Coffee,1,3.54,True
6919,Thursday,Evening,Sandwich,1,10.53,False
6920,Wednesday,Afternoon,Sandwich,4,39.44,True
6921,Saturday,Afternoon,Sandwich,1,10.09,True
6922,Monday,Morning,Coffee,2,7.48,False
6923,Tuesday,Afternoon,Coffee,1,4.57,False
6924,Thursday,Afternoon,Coffee,2,9.12,False
6925,Thursday,Morning,Coffee,1,3.91,False
6926,Monday,Evening,Coffee,1,4.36,True
6927,Wednesday,Morning,Coffee,4,18.2,False
6928,Thursday,Morning,Coffee,1,3.77,False
6929,Thursday,Morning,Coffee,1,3.96,False
6930,Thursday,Afternoon,Sandwich,1,9.6,True
6931,Tuesday,Afternoon,Sandwich,1,8.18,True
6932,Monday,Morning,Coffee,2,8.44,True
6933,Wednesday,Morning,Coffee,2,9.02,False
6934,Monday,Morning,Coffee,1,3.93,True
6935,Sunday,Morning,Coffee,3,12.51,False
6936,Wednesday,Morning,Pastry,1,5.34,True
6937,Tuesday,Morning,Pastry,1,4.26,True
6938,Friday,Morning,Pastry,1,4.72,False
6939,Wednesday,Afternoon,Tea,1,3.27,True
6940,Tuesday,Morning,Pastry,1,4.14,True
6941,Friday,Afternoon,Coffee,1,4.17,False
6942,Friday,Morning,Coffee,4,16.48,False
6943,Thursday,Morning,Coffee,1,4.28,True
6944,Monday,Morning,Pastry,1,4.55,False
6945,Thursday,Morning,Coffee,1,4.23,True
6946,Friday,Morning,Coffee,1,4.83,True
6947,Monday,Afternoon,Sandwich,1,10.77,True
6948,Tuesday,Evening,Coffee,1,4.17,True
6949,Saturday,Morning,Coffee,1,4.25,True
6950,Monday,Morning,Coffee,1,3.85,True
6951,Friday,Evening,Coffee,2,7.84,True
6952,Wednesday,Morning,Tea,4,14.8,True
6953,Wednesday,Afternoon,Pastry,1,4.55,True
6954,Monday,Evening,Tea,1,3.82,True
6955,Friday,Evening,Tea,1,4.01,True
6956,Tuesday,Morning,Pastry,2,8.88,True
6957,Thursday,Morning,Coffee,1,3.0,True
6958,Thursday,Morning,Tea,1,4.31,True
6959,Thursday,Afternoon,Tea,1,3.24,True
6960,Sunday,Evening,Tea,2,7.16,False
6961,Wednesday,Afternoon,Sandwich,1,10.37,True
6962,Wednesday,Afternoon,Pastry,1,5.35,True
6963,Sunday,Afternoon,Coffee,1,4.9,True
6964,Thursday,Afternoon,Tea,1,3.35,True
6965,Tuesday,Afternoon,Coffee,2,9.18,True
6966,Monday,Afternoon,Coffee,2,8.2,False
6967,Friday,Morning,Pastry,2,12.3,True
6968,Wednesday,Morning,Pastry,1,5.16,True
6969,Thursday,Afternoon,Coffee,1,3.91,True
6970,Wednesday,Morning,Coffee,1,3.6,True
6971,Tuesday,Morning,Pastry,1,2.92,True
6972,Thursday,Afternoon,Coffee,2,8.68,True
6973,Monday,Afternoon,Pastry,1,5.11,False
6974,Wednesday,Evening,Pastry,1,4.95,False
6975,Thursday,Morning,Tea,5,12.8,False
6976,Wednesday,Afternoon,Sandwich,4,31.96,True
6977,Friday,Morning,Pastry,1,4.79,True
6978,Friday,Evening,Merchandise,1,64.05,True
6979,Friday,Morning,Coffee,1,3.97,False
6980,Monday,Afternoon,Sandwich,3,32.43,True
6981,Tuesday,Afternoon,Coffee,1,3.48,True
6982,Wednesday,Morning,Coffee,5,20.5,True
6983,Saturday,Evening,Coffee,1,3.86,True
6984,Friday,Afternoon,Sandwich,1,10.93,False
6985,Friday,Morning,Coffee,1,3.73,True
6986,Tuesday,Morning,Pastry,1,5.51,True
6987,Wednesday,Morning,Tea,3,10.14,False
6988,Wednesday,Morning,Coffee,1,3.47,False
6989,Monday,Afternoon,Sandwich,1,8.26,False
6990,Monday,Evening,Sandwich,1,8.75,True
6991,Sunday,Morning,Tea,2,7.3,True
6992,Tuesday,Morning,Coffee,1,3.7,True
6993,Tuesday,Morning,Pastry,2,8.02,True
6994,Monday,Morning,Pastry,1,5.03,False
6995,Saturday,Morning,Coffee,1,2.39,False
6996,Thursday,Morning,Coffee,1,3.79,True
6997,Thursday,Morning,Coffee,1,3.33,True
6998,Saturday,Afternoon,Sandwich,1,8.46,False
6999,Tuesday,Afternoon,Coffee,5,20.6,True
7000,Thursday,Morning,Coffee,1,3.9,True
7001,Monday,Afternoon,Sandwich,1,9.15,False
7002,Tuesday,Afternoon,Coffee,1,4.59,True
7003,Friday,Afternoon,Sandwich,1,9.48,False
7004,Friday,Morning,Coffee,2,9.8,False
7005,Tuesday,Afternoon,Pastry,2,9.86,False
7006,Wednesday,Afternoon,Coffee,1,3.52,True
7007,Wednesday,Morning,Pastry,1,5.66,False
7008,Monday,Morning,Pastry,1,4.67,True
7009,Tuesday,Evening,Sandwich,1,11.75,True
7010,Tuesday,Afternoon,Sandwich,1,9.18,True
7011,Tuesday,Evening,Coffee,2,8.28,True
7012,Friday,Afternoon,Coffee,1,4.22,False
7013,Tuesday,Afternoon,Tea,1,3.43,False
7014,Tuesday,Morning,Tea,1,4.01,True
7015,Wednesday,Morning,Pastry,1,5.66,True
7016,Friday,Evening,Tea,1,2.58,True
7017,Tuesday,Morning,Pastry,1,4.99,True
7018,Monday,Morning,Sandwich,2,16.86,True
7019,Tuesday,Afternoon,Coffee,1,2.7,True
7020,Friday,Afternoon,Sandwich,1,10.12,False
7021,Thursday,Morning,Coffee,2,8.52,True
7022,Friday,Morning,Pastry,2,9.82,True
7023,Sunday,Morning,Coffee,1,4.19,False
7024,Friday,Morning,Coffee,1,4.44,True
7025,Thursday,Afternoon,Coffee,2,7.4,False
7026,Wednesday,Morning,Sandwich,1,9.82,False
7027,Monday,Afternoon,Sandwich,1,10.34,True
7028,Sunday,Afternoon,Coffee,1,4.68,True
7029,Wednesday,Afternoon,Merchandise,4,142.12,True
7030,Monday,Morning,Tea,1,3.41,True
7031,Thursday,Morning,Pastry,1,4.47,False
7032,Tuesday,Morning,Coffee,1,3.4,True
7033,Thursday,Morning,Coffee,2,8.76,True
7034,Thursday,Afternoon,Sandwich,1,7.75,False
7035,Wednesday,Morning,Coffee,2,8.4,True
7036,Friday,Afternoon,Tea,1,3.53,False
7037,Tuesday,Morning,Coffee,1,3.22,True
7038,Wednesday,Morning,Coffee,2,6.5,True
7039,Wednesday,Evening,Tea,1,3.16,True
7040,Thursday,Afternoon,Sandwich,3,27.27,False
7041,Friday,Morning,Coffee,2,9.48,False
7042,Wednesday,Morning,Coffee,3,11.82,True
7043,Thursday,Morning,Coffee,2,8.54,True
7044,Monday,Afternoon,Sandwich,2,22.04,False
7045,Saturday,Morning,Pastry,1,5.14,False
7046,Wednesday,Afternoon,Sandwich,1,9.49,False
7047,Friday,Afternoon,Coffee,1,3.65,False
7048,Monday,Evening,Tea,1,3.7,False
7049,Tuesday,Morning,Pastry,2,8.18,True
7050,Wednesday,Morning,Pastry,1,5.59,True
7051,Saturday,Afternoon,Sandwich,1,10.54,True
7052,Wednesday,Morning,Coffee,2,8.2,False
7053,Saturday,Morning,Coffee,3,12.78,False
7054,Wednesday,Morning,Coffee,2,8.18,True
7055,Wednesday,Morning,Pastry,2,8.56,True
7056,Monday,Morning,Coffee,1,4.25,True
7057,Friday,Morning,Coffee,2,7.76,False
7058,Tuesday,Evening,Tea,1,4.27,True
7059,Saturday,Afternoon,Tea,4,12.88,False
7060,Saturday,Morning,Coffee,1,4.25,True
7061,Sunday,Morning,Coffee,2,7.22,False
7062,Wednesday,Afternoon,Sandwich,1,8.55,True
7063,Thursday,Afternoon,Tea,1,2.79,True
7064,Friday,Morning,Coffee,2,8.42,True
7065,Monday,Afternoon,Coffee,2,7.46,True
7066,Thursday,Afternoon,Tea,2,7.86,True
7067,Monday,Morning,Tea,1,3.67,True
7068,Wednesday,Evening,Tea,1,3.56,False
7069,Monday,Afternoon,Sandwich,1,7.81,True
7070,Tuesday,Afternoon,Pastry,1,4.85,True
7071,Wednesday,Morning,Pastry,1,4.1,False
7072,Wednesday,Afternoon,Tea,2,5.86,True
7073,Thursday,Afternoon,Tea,1,3.67,False
7074,Monday,Morning,Tea,2,6.0,False
7075,Wednesday,Afternoon,Coffee,1,2.95,False
7076,Tuesday,Morning,Coffee,1,4.65,True
7077,Thursday,Morning,Tea,1,3.28,False
7078,Thursday,Morning,Coffee,2,6.26,False
7079,Thursday,Afternoon,Tea,2,6.22,True
7080,Friday,Evening,Pastry,1,4.07,True
7081,Tuesday,Morning,Sandwich,1,10.87,True
7082,Friday,Afternoon,Sandwich,1,7.5,True
7083,Wednesday,Morning,Coffee,2,6.66,True
7084,Wednesday,Evening,Pastry,2,10.18,True
7085,Thursday,Afternoon,Coffee,1,3.78,True
7086,Monday,Afternoon,Coffee,1,4.11,True
7087,Thursday,Afternoon,Sandwich,1,8.91,True
7088,Thursday,Morning,Coffee,1,5.01,True
7089,Tuesday,Morning,Coffee,1,3.36,False
7090,Monday,Evening,Sandwich,1,9.84,True
7091,Monday,Morning,Pastry,1,5.4,False
7092,Saturday,Afternoon,Sandwich,1,9.05,True
7093,Thursday,Evening,Sandwich,1,8.6,True
7094,Monday,Morning,Pastry,1,4.96,False
7095,Tuesday,Afternoon,Coffee,1,4.5,True
7096,Thursday,Evening,Pastry,1,4.02,True
7097,Friday,Afternoon,Tea,1,4.08,True
7098,Monday,Morning,Coffee,1,4.03,True
7099,Tuesday,Morning,Pastry,2,9.62,False
7100,Saturday,Morning,Coffee,3,14.22,True
7101,Monday,Afternoon,Coffee,1,4.38,False
7102,Tuesday,Afternoon,Coffee,1,4.0,True
7103,Sunday,Afternoon,Coffee,2,7.32,True
7104,Thursday,Morning,Pastry,3,18.39,False
7105,Tuesday,Morning,Tea,1,3.18,True
7106,Monday,Afternoon,Pastry,1,4.69,True
7107,Monday,Afternoon,Pastry,2,9.62,True
7108,Tuesday,Evening,Pastry,1,4.83,True
7109,Saturday,Afternoon,Sandwich,3,36.15,False
7110,Wednesday,Afternoon,Pastry,1,4.53,True
7111,Friday,Afternoon,Sandwich,2,18.78,True
7112,Saturday,Afternoon,Sandwich,1,11.36,False
7113,Wednesday,Morning,Merchandise,1,33.77,True
7114,Tuesday,Evening,Pastry,4,20.12,False
7115,Wednesday,Afternoon,Sandwich,1,9.73,True
7116,Saturday,Morning,Coffee,1,4.46,False
7117,Friday,Morning,Pastry,2,9.88,True
7118,Monday,Morning,Pastry,1,4.26,False
7119,Thursday,Morning,Pastry,1,3.39,True
7120,Thursday,Morning,Pastry,1,3.5,True
7121,Saturday,Morning,Coffee,1,3.08,True
7122,Monday,Morning,Coffee,2,7.9,True
7123,Wednesday,Morning,Coffee,2,5.64,True
7124,Saturday,Afternoon,Sandwich,1,9.31,True
7125,Wednesday,Morning,Coffee,1,4.07,False
7126,Wednesday,Afternoon,Tea,1,3.84,True
7127,Monday,Morning,Coffee,2,8.5,False
7128,Tuesday,Morning,Tea,2,7.72,True
7129,Tuesday,Morning,Pastry,3,14.25,True
7130,Sunday,Afternoon,Sandwich,4,36.44,True
7131,Tuesday,Afternoon,Sandwich,1,9.37,True
7132,Wednesday,Morning,Coffee,1,3.57,True
7133,Thursday,Afternoon,Sandwich,1,9.77,False
7134,Monday,Morning,Coffee,1,3.21,False
7135,Wednesday,Evening,Tea,1,3.93,True
7136,Friday,Evening,Sandwich,2,16.7,True
7137,Friday,Afternoon,Sandwich,1,9.68,True
7138,Thursday,Afternoon,Sandwich,1,9.89,True
7139,Thursday,Afternoon,Tea,1,3.97,True
7140,Monday,Afternoon,Tea,2,5.66,False
7141,Sunday,Afternoon,Pastry,1,4.3,False
7142,Monday,Evening,Coffee,1,4.27,False
7143,Friday,Afternoon,Tea,1,4.2,True
7144,Tuesday,Afternoon,Tea,2,6.96,True
7145,Saturday,Afternoon,Pastry,1,4.14,True
7146,Thursday,Afternoon,Sandwich,3,35.79,True
7147,Friday,Afternoon,Sandwich,1,10.46,False
7148,Tuesday,Morning,Tea,4,16.2,False
7149,Wednesday,Morning,Pastry,2,7.54,True
7150,Thursday,Morning,Coffee,1,4.26,True
7151,Friday,Morning,Tea,1,3.07,True
7152,Monday,Morning,Coffee,1,3.35,False
7153,Sunday,Evening,Coffee,2,8.58,True
7154,Saturday,Afternoon,Pastry,1,4.89,True
7155,Tuesday,Afternoon,Tea,1,3.31,True
7156,Friday,Morning,Pastry,1,5.36,False
7157,Wednesday,Afternoon,Pastry,2,8.56,False
7158,Wednesday,Afternoon,Sandwich,1,9.18,True
7159,Tuesday,Afternoon,Sandwich,1,9.46,True
7160,Thursday,Morning,Coffee,1,3.88,True
7161,Friday,Morning,Coffee,1,4.64,True
7162,Wednesday,Afternoon,Sandwich,1,8.25,True
7163,Thursday,Afternoon,Coffee,2,7.24,False
7164,Thursday,Evening,Tea,1,3.02,True
7165,Thursday,Afternoon,Sandwich,1,11.76,True
7166,Monday,Evening,Merchandise,1,32.08,True
7167,Friday,Afternoon,Sandwich,5,42.9,True
7168,Wednesday,Evening,Pastry,1,4.33,True
7169,Tuesday,Afternoon,Tea,4,15.36,True
7170,Tuesday,Morning,Coffee,1,4.33,True
7171,Wednesday,Morning,Coffee,1,3.71,True
7172,Saturday,Morning,Coffee,2,7.6,False
7173,Wednesday,Morning,Coffee,1,3.27,False
7174,Friday,Morning,Pastry,2,9.16,True
7175,Monday,Morning,Pastry,2,10.54,True
7176,Wednesday,Afternoon,Sandwich,1,8.8,True
7177,Sunday,Morning,Pastry,1,4.88,True
7178,Friday,Morning,Coffee,1,3.71,True
7179,Tuesday,Afternoon,Coffee,2,6.9,True
7180,Wednesday,Afternoon,Sandwich,1,10.32,True
7181,Tuesday,Evening,Merchandise,1,79.96,False
7182,Wednesday,Afternoon,Pastry,1,4.83,True
7183,Friday,Morning,Coffee,3,11.37,False
7184,Friday,Morning,Pastry,1,4.29,True
7185,Tuesday,Morning,Coffee,1,4.95,False
7186,Saturday,Morning,Coffee,1,4.15,True
7187,Thursday,Morning,Coffee,2,7.24,True
7188,Wednesday,Evening,Sandwich,1,9.43,False
7189,Wednesday,Morning,Coffee,1,4.11,True
7190,Thursday,Morning,Pastry,1,4.78,True
7191,Thursday,Morning,Coffee,1,4.76,True
7192,Wednesday,Afternoon,Tea,1,4.01,True
7193,Wednesday,Morning,Pastry,1,4.62,False
7194,Monday,Morning,Coffee,1,3.98,True
7195,Friday,Morning,Coffee,1,4.2,False
7196,Thursday,Morning,Coffee,1,3.7,True
7197,Monday,Morning,Pastry,1,5.09,True
7198,Friday,Morning,Coffee,2,7.8,True
7199,Saturday,Morning,Coffee,1,4.25,True
7200,Sunday,Afternoon,Sandwich,1,11.56,True
7201,Wednesday,Afternoon,Tea,1,3.72,False
7202,Monday,Afternoon,Coffee,1,4.12,True
7203,Wednesday,Morning,Pastry,2,8.38,False
7204,Monday,Morning,Coffee,1,3.96,False
7205,Saturday,Morning,Coffee,1,3.43,True
7206,Tuesday,Morning,Tea,2,7.42,False
7207,Tuesday,Morning,Pastry,2,6.44,False
7208,Wednesday,Morning,Coffee,2,8.96,True
7209,Wednesday,Afternoon,Pastry,1,4.94,True
7210,Friday,Afternoon,Sandwich,1,9.62,True
7211,Wednesday,Afternoon,Coffee,3,11.19,False
7212,Monday,Morning,Coffee,3,11.97,True
7213,Tuesday,Afternoon,Tea,1,2.79,True
7214,Wednesday,Morning,Pastry,2,9.98,True
7215,Monday,Afternoon,Coffee,1,3.92,True
7216,Thursday,Morning,Pastry,1,5.41,True
7217,Thursday,Morning,Tea,1,3.66,True
7218,Thursday,Afternoon,Coffee,1,4.12,True
7219,Saturday,Afternoon,Pastry,1,4.74,True
7220,Saturday,Morning,Sandwich,1,8.33,True
7221,Sunday,Morning,Coffee,1,3.77,True
7222,Tuesday,Morning,Coffee,1,4.07,False
7223,Monday,Evening,Pastry,1,4.32,True
7224,Tuesday,Afternoon,Coffee,2,7.42,True
7225,Saturday,Evening,Coffee,1,3.86,True
7226,Sunday,Morning,Coffee,2,8.04,False
7227,Friday,Afternoon,Coffee,1,5.16,True
7228,Monday,Afternoon,Coffee,2,7.68,True
7229,Sunday,Morning,Pastry,1,4.09,False
7230,Wednesday,Morning,Merchandise,2,67.22,True
7231,Monday,Afternoon,Coffee,1,4.75,True
7232,Wednesday,Afternoon,Tea,1,4.13,True
7233,Monday,Afternoon,Coffee,1,4.97,True
7234,Thursday,Afternoon,Coffee,4,16.12,True
7235,Tuesday,Afternoon,Coffee,2,8.64,True
7236,Wednesday,Afternoon,Tea,1,3.08,False
7237,Thursday,Morning,Pastry,1,4.29,True
7238,Friday,Morning,Coffee,2,6.88,True
7239,Thursday,Afternoon,Tea,4,14.76,True
7240,Wednesday,Evening,Tea,1,3.52,True
7241,Friday,Morning,Coffee,3,12.33,True
7242,Saturday,Morning,Pastry,1,3.99,False
7243,Monday,Morning,Coffee,3,13.29,False
7244,Wednesday,Morning,Sandwich,2,13.22,True
7245,Tuesday,Morning,Coffee,1,3.87,True
7246,Monday,Afternoon,Sandwich,1,9.37,True
7247,Thursday,Morning,Merchandise,1,22.31,False
7248,Friday,Afternoon,Coffee,1,4.19,False
7249,Monday,Afternoon,Tea,3,10.29,False
7250,Friday,Evening,Sandwich,2,20.34,True
7251,Friday,Morning,Coffee,1,5.0,False
7252,Saturday,Afternoon,Sandwich,3,29.67,True
7253,Tuesday,Morning,Coffee,1,4.49,True
7254,Saturday,Morning,Coffee,2,9.38,True
7255,Tuesday,Afternoon,Coffee,2,8.5,False
7256,Thursday,Afternoon,Sandwich,3,25.38,False
7257,Monday,Morning,Coffee,1,3.18,False
7258,Monday,Evening,Coffee,1,4.19,False
7259,Friday,Afternoon,Pastry,1,4.26,True
7260,Wednesday,Afternoon,Coffee,1,4.64,False
7261,Tuesday,Afternoon,Tea,1,3.31,True
7262,Tuesday,Morning,Coffee,2,7.98,True
7263,Thursday,Afternoon,Sandwich,1,8.11,True
7264,Monday,Morning,Tea,1,3.36,False
7265,Friday,Afternoon,Tea,1,3.12,False
7266,Monday,Morning,Coffee,1,3.57,True
7267,Tuesday,Morning,Coffee,1,3.97,True
7268,Wednesday,Afternoon,Sandwich,1,8.77,True
7269,Wednesday,Morning,Coffee,1,5.31,True
7270,Tuesday,Morning,Coffee,1,4.42,True
7271,Tuesday,Morning,Coffee,1,4.54,True
7272,Sunday,Afternoon,Sandwich,1,9.37,True
7273,Thursday,Morning,Sandwich,2,19.26,True
7274,Monday,Morning,Coffee,2,7.58,True
7275,Wednesday,Morning,Coffee,1,5.31,True
7276,Saturday,Morning,Coffee,1,3.95,True
7277,Tuesday,Morning,Coffee,3,11.1,False
7278,Monday,Afternoon,Tea,1,3.2,True
7279,Friday,Morning,Pastry,1,4.7,False
7280,Thursday,Morning,Coffee,1,4.71,True
7281,Thursday,Morning,Pastry,2,10.3,True
7282,Monday,Morning,Coffee,3,10.86,False
7283,Monday,Morning,Pastry,1,4.03,True
7284,Thursday,Afternoon,Pastry,1,5.25,True
7285,Tuesday,Morning,Coffee,1,5.05,False
7286,Wednesday,Morning,Pastry,4,17.64,True
7287,Thursday,Afternoon,Coffee,2,9.2,True
7288,Tuesday,Morning,Coffee,1,3.27,True
7289,Sunday,Afternoon,Sandwich,2,16.98,True
7290,Friday,Morning,Coffee,1,3.5,True
7291,Friday,Morning,Coffee,1,4.21,True
7292,Monday,Afternoon,Sandwich,1,9.29,True
7293,Monday,Morning,Sandwich,1,9.79,False
7294,Wednesday,Afternoon,Sandwich,1,10.96,False
7295,Monday,Afternoon,Coffee,2,7.34,True
7296,Sunday,Afternoon,Sandwich,1,9.61,True
7297,Monday,Afternoon,Sandwich,1,7.89,False
7298,Wednesday,Afternoon,Sandwich,1,10.9,True
7299,Wednesday,Afternoon,Sandwich,1,10.82,True
7300,Thursday,Afternoon,Coffee,1,4.18,True
7301,Monday,Morning,Coffee,1,4.06,False
7302,Wednesday,Morning,Tea,1,3.3,True
7303,Tuesday,Morning,Sandwich,1,7.83,False
7304,Saturday,Morning,Coffee,1,4.15,False
7305,Monday,Afternoon,Sandwich,1,10.41,True
7306,Saturday,Morning,Pastry,1,5.71,False
7307,Friday,Morning,Pastry,1,4.26,True
7308,Tuesday,Afternoon,Sandwich,1,9.82,True
7309,Friday,Morning,Pastry,2,10.34,True
7310,Monday,Morning,Pastry,2,10.38,False
7311,Sunday,Afternoon,Sandwich,3,26.25,False
7312,Wednesday,Afternoon,Coffee,1,3.86,True
7313,Tuesday,Afternoon,Coffee,1,3.74,True
7314,Wednesday,Morning,Coffee,2,7.1,True
7315,Monday,Morning,Coffee,1,4.74,True
7316,Sunday,Afternoon,Coffee,1,4.03,False
7317,Monday,Morning,Pastry,2,8.92,False
7318,Thursday,Afternoon,Sandwich,1,9.8,False
7319,Wednesday,Afternoon,Coffee,1,4.03,False
7320,Sunday,Morning,Pastry,2,8.74,True
7321,Tuesday,Morning,Coffee,2,7.24,True
7322,Wednesday,Morning,Coffee,2,9.56,True
7323,Wednesday,Afternoon,Sandwich,1,8.82,True
7324,Thursday,Morning,Coffee,2,7.06,False
7325,Monday,Morning,Tea,2,6.94,True
7326,Tuesday,Afternoon,Coffee,2,10.16,False
7327,Tuesday,Morning,Coffee,2,7.18,False
7328,Friday,Morning,Pastry,1,4.93,False
7329,Tuesday,Afternoon,Coffee,1,3.88,True
7330,Thursday,Morning,Sandwich,2,19.58,True
7331,Tuesday,Afternoon,Coffee,1,4.46,True
7332,Friday,Afternoon,Pastry,1,3.47,False
7333,Sunday,Morning,Pastry,2,7.92,False
7334,Wednesday,Evening,Sandwich,1,10.59,True
7335,Tuesday,Morning,Coffee,1,4.05,True
7336,Tuesday,Evening,Coffee,1,4.11,False
7337,Monday,Morning,Pastry,1,4.93,True
7338,Tuesday,Morning,Coffee,1,3.56,False
7339,Thursday,Morning,Coffee,2,9.06,True
7340,Wednesday,Morning,Pastry,1,4.99,False
7341,Sunday,Afternoon,Pastry,1,4.64,True
7342,Wednesday,Afternoon,Coffee,5,21.15,True
7343,Thursday,Afternoon,Tea,1,3.97,True
7344,Wednesday,Morning,Pastry,1,4.14,False
7345,Wednesday,Morning,Tea,3,11.28,True
7346,Tuesday,Afternoon,Sandwich,1,11.59,False
7347,Wednesday,Morning,Coffee,2,8.64,True
7348,Wednesday,Afternoon,Coffee,4,15.56,False
7349,Thursday,Afternoon,Coffee,2,10.32,True
7350,Sunday,Morning,Coffee,1,4.12,True
7351,Tuesday,Afternoon,Coffee,1,4.7,True
7352,Monday,Afternoon,Pastry,1,4.25,True
7353,Wednesday,Afternoon,Sandwich,2,21.56,True
7354,Thursday,Morning,Pastry,2,8.34,True
7355,Monday,Morning,Coffee,2,8.32,False
7356,Friday,Morning,Pastry,1,4.14,True
7357,Sunday,Morning,Tea,1,4.26,True
7358,Sunday,Morning,Coffee,1,3.89,True
7359,Tuesday,Afternoon,Coffee,1,3.45,True
7360,Saturday,Afternoon,Sandwich,2,19.22,True
7361,Thursday,Afternoon,Tea,1,3.71,False
7362,Wednesday,Morning,Coffee,1,3.99,True
7363,Thursday,Evening,Coffee,2,7.18,False
7364,Friday,Morning,Coffee,1,4.52,True
7365,Wednesday,Afternoon,Sandwich,3,33.03,True
7366,Wednesday,Evening,Sandwich,1,7.52,False
7367,Wednesday,Afternoon,Pastry,3,11.91,True
7368,Thursday,Evening,Sandwich,1,9.31,True
7369,Tuesday,Afternoon,Sandwich,1,8.86,True
7370,Saturday,Morning,Pastry,1,4.82,False
7371,Thursday,Morning,Coffee,2,9.84,True
7372,Thursday,Morning,Coffee,1,3.81,False
7373,Monday,Morning,Coffee,1,4.79,True
7374,Thursday,Afternoon,Tea,4,11.64,True
7375,Monday,Morning,Coffee,1,4.23,True
7376,Monday,Afternoon,Coffee,2,7.4,True
7377,Wednesday,Morning,Coffee,1,4.24,True
7378,Wednesday,Morning,Coffee,1,3.12,False
7379,Thursday,Evening,Sandwich,1,7.96,False
7380,Monday,Morning,Coffee,1,4.24,True
7381,Wednesday,Afternoon,Sandwich,1,8.74,False
7382,Monday,Afternoon,Sandwich,1,9.11,False
7383,Sunday,Morning,Coffee,1,4.92,True
7384,Thursday,Morning,Coffee,1,4.07,True
7385,Thursday,Morning,Pastry,1,5.04,True
7386,Tuesday,Afternoon,Coffee,1,3.62,True
7387,Monday,Afternoon,Sandwich,1,7.89,False
7388,Sunday,Morning,Tea,3,10.41,True
7389,Tuesday,Afternoon,Tea,1,2.9,True
7390,Wednesday,Morning,Coffee,1,3.65,False
7391,Thursday,Afternoon,Tea,1,3.6,True
7392,Monday,Afternoon,Sandwich,2,18.74,True
7393,Friday,Afternoon,Sandwich,1,9.9,True
7394,Wednesday,Afternoon,Sandwich,1,10.22,True
7395,Tuesday,Morning,Coffee,2,6.8,False
7396,Monday,Evening,Tea,1,3.12,True
7397,Monday,Morning,Coffee,1,2.91,False
7398,Saturday,Afternoon,Sandwich,3,27.18,False
7399,Thursday,Morning,Coffee,1,4.37,True
7400,Tuesday,Evening,Tea,1,4.1,True
7401,Monday,Afternoon,Sandwich,1,9.73,True
7402,Thursday,Afternoon,Pastry,1,5.32,True
7403,Thursday,Morning,Coffee,1,4.19,False
7404,Wednesday,Afternoon,Coffee,1,4.05,True
7405,Wednesday,Afternoon,Tea,1,3.26,True
7406,Tuesday,Afternoon,Sandwich,1,6.64,False
7407,Thursday,Morning,Coffee,3,13.83,True
7408,Sunday,Morning,Coffee,2,7.94,True
7409,Monday,Morning,Coffee,1,4.69,True
7410,Thursday,Morning,Coffee,1,3.53,True
7411,Wednesday,Morning,Coffee,1,5.21,True
7412,Wednesday,Morning,Coffee,1,3.88,True
7413,Tuesday,Morning,Tea,4,12.88,False
7414,Friday,Morning,Coffee,4,15.56,True
7415,Wednesday,Morning,Pastry,1,4.6,True
7416,Thursday,Evening,Coffee,1,3.97,True
7417,Tuesday,Morning,Pastry,3,12.57,True
7418,Tuesday,Morning,Coffee,2,6.2,False
7419,Monday,Morning,Coffee,1,3.6,True
7420,Thursday,Afternoon,Sandwich,1,10.79,True
7421,Tuesday,Evening,Coffee,1,3.56,True
7422,Thursday,Morning,Coffee,3,9.42,True
7423,Wednesday,Morning,Coffee,1,3.47,True
7424,Wednesday,Evening,Pastry,2,8.9,True
7425,Wednesday,Morning,Coffee,1,3.62,False
7426,Wednesday,Morning,Coffee,3,11.58,True
7427,Monday,Morning,Tea,1,3.18,True
7428,Tuesday,Morning,Tea,1,3.9,False
7429,Thursday,Evening,Sandwich,1,10.09,True
7430,Thursday,Morning,Coffee,1,5.11,True
7431,Tuesday,Evening,Tea,1,3.35,True
7432,Wednesday,Evening,Pastry,1,4.33,True
7433,Tuesday,Afternoon,Coffee,1,4.59,True
7434,Tuesday,Morning,Tea,1,3.66,True
7435,Monday,Morning,Coffee,1,3.53,True
7436,Saturday,Morning,Coffee,1,4.28,True
7437,Tuesday,Morning,Pastry,1,4.74,True
7438,Tuesday,Afternoon,Sandwich,1,7.35,False
7439,Tuesday,Morning,Tea,1,3.24,True
7440,Monday,Evening,Sandwich,1,9.73,True
7441,Thursday,Morning,Pastry,1,5.37,True
7442,Monday,Afternoon,Pastry,1,4.92,False
7443,Monday,Afternoon,Sandwich,1,8.82,False
7444,Thursday,Morning,Tea,1,3.22,False
7445,Tuesday,Morning,Tea,1,3.82,False
7446,Thursday,Morning,Coffee,1,2.79,False
7447,Thursday,Morning,Pastry,2,8.04,False
7448,Tuesday,Morning,Coffee,1,4.7,False
7449,Thursday,Morning,Coffee,1,4.15,True
7450,Monday,Morning,Coffee,1,3.62,False
7451,Wednesday,Evening,Coffee,2,6.8,True
7452,Wednesday,Morning,Coffee,1,4.42,True
7453,Tuesday,Morning,Pastry,2,9.1,True
7454,Thursday,Morning,Tea,2,6.82,False
7455,Saturday,Morning,Coffee,2,8.38,True
7456,Sunday,Morning,Pastry,2,9.2,True
7457,Thursday,Evening,Pastry,1,4.55,True
7458,Wednesday,Morning,Coffee,1,3.34,False
7459,Tuesday,Morning,Coffee,3,10.47,True
7460,Tuesday,Morning,Pastry,3,14.85,False
7461,Wednesday,Morning,Coffee,1,4.28,False
7462,Wednesday,Morning,Coffee,1,4.19,False
7463,Saturday,Afternoon,Coffee,2,7.42,True
7464,Wednesday,Morning,Pastry,1,4.96,False
7465,Wednesday,Morning,Tea,1,3.35,True
7466,Wednesday,Afternoon,Coffee,1,4.65,True
7467,Friday,Morning,Coffee,1,3.63,True
7468,Thursday,Morning,Tea,1,3.29,True
7469,Thursday,Evening,Pastry,2,8.82,True
7470,Tuesday,Morning,Coffee,1,4.42,True
7471,Friday,Afternoon,Sandwich,3,28.38,True
7472,Monday,Morning,Sandwich,3,28.65,False
7473,Saturday,Morning,Coffee,2,7.6,True
7474,Wednesday,Morning,Coffee,4,16.52,True
7475,Wednesday,Morning,Coffee,1,3.96,True
7476,Wednesday,Morning,Pastry,1,4.03,True
7477,Thursday,Morning,Coffee,2,8.12,True
7478,Monday,Afternoon,Coffee,1,4.08,True
7479,Saturday,Afternoon,Sandwich,1,12.32,True
7480,Wednesday,Morning,Pastry,1,4.13,True
7481,Tuesday,Afternoon,Coffee,1,3.58,True
7482,Monday,Afternoon,Coffee,2,8.28,True
7483,Wednesday,Afternoon,Coffee,1,3.5,True
7484,Wednesday,Morning,Tea,2,6.14,False
7485,Wednesday,Afternoon,Sandwich,1,7.78,False
7486,Thursday,Morning,Coffee,1,3.61,True
7487,Wednesday,Morning,Coffee,1,3.63,True
7488,Sunday,Morning,Pastry,2,7.46,False
7489,Thursday,Afternoon,Pastry,1,4.35,False
7490,Friday,Evening,Pastry,5,15.4,True
7491,Monday,Evening,Pastry,2,9.6,True
7492,Wednesday,Morning,Pastry,1,4.17,True
7493,Tuesday,Evening,Tea,4,13.36,False
7494,Thursday,Morning,Coffee,1,4.29,True
7495,Friday,Morning,Coffee,1,4.19,True
7496,Monday,Morning,Pastry,1,4.12,False
7497,Monday,Morning,Coffee,1,4.23,False
7498,Friday,Afternoon,Coffee,1,4.77,True
7499,Tuesday,Morning,Sandwich,1,8.29,True
7500,Thursday,Evening,Sandwich,2,20.8,False
7501,Thursday,Morning,Sandwich,1,8.16,True
7502,Friday,Morning,Coffee,1,4.59,False
7503,Monday,Evening,Sandwich,1,8.65,True
7504,Monday,Morning,Coffee,1,3.62,False
7505,Thursday,Afternoon,Coffee,1,4.57,True
7506,Sunday,Afternoon,Tea,1,3.79,True
7507,Wednesday,Morning,Coffee,2,7.32,True
7508,Tuesday,Afternoon,Coffee,1,4.06,False
7509,Thursday,Morning,Coffee,1,3.65,True
7510,Saturday,Afternoon,Sandwich,1,7.59,True
7511,Friday,Morning,Coffee,1,4.09,True
7512,Sunday,Morning,Coffee,2,7.64,False
7513,Monday,Morning,Coffee,4,14.12,True
7514,Monday,Morning,Pastry,2,10.56,True
7515,Thursday,Afternoon,Coffee,1,3.54,True
7516,Friday,Evening,Tea,1,3.56,True
7517,Tuesday,Afternoon,Coffee,1,4.54,True
7518,Tuesday,Morning,Pastry,1,4.35,True
7519,Friday,Evening,Coffee,1,3.63,False
7520,Monday,Morning,Coffee,1,4.15,False
7521,Wednesday,Afternoon,Tea,1,3.68,True
7522,Wednesday,Afternoon,Sandwich,1,10.55,True
7523,Thursday,Morning,Coffee,1,4.94,False
7524,Friday,Afternoon,Sandwich,2,17.9,True
7525,Tuesday,Morning,Coffee,1,4.1,False
7526,Thursday,Afternoon,Sandwich,1,7.98,True
7527,Thursday,Afternoon,Pastry,1,4.9,True
7528,Thursday,Evening,Pastry,1,4.61,True
7529,Thursday,Afternoon,Tea,1,3.43,True
7530,Tuesday,Morning,Coffee,1,3.69,False
7531,Monday,Afternoon,Coffee,1,3.83,False
7532,Monday,Morning,Tea,1,3.59,False
7533,Tuesday,Morning,Sandwich,1,8.34,False
7534,Wednesday,Evening,Tea,2,6.76,True
7535,Friday,Evening,Sandwich,1,9.52,True
7536,Thursday,Afternoon,Coffee,1,3.23,False
7537,Friday,Morning,Pastry,1,3.87,True
7538,Tuesday,Afternoon,Tea,1,3.24,False
7539,Wednesday,Evening,Tea,1,4.13,False
7540,Wednesday,Morning,Coffee,1,3.58,True
7541,Tuesday,Morning,Pastry,2,8.94,True
7542,Monday,Afternoon,Sandwich,1,8.25,False
7543,Thursday,Afternoon,Tea,1,3.19,True
7544,Sunday,Evening,Pastry,1,3.64,True
7545,Monday,Morning,Coffee,1,4.34,True
7546,Monday,Afternoon,Coffee,4,13.36,False
7547,Friday,Afternoon,Coffee,1,4.45,False
7548,Tuesday,Morning,Coffee,1,4.23,True
7549,Friday,Afternoon,Pastry,4,17.8,False
7550,Thursday,Morning,Pastry,2,10.12,True
7551,Sunday,Morning,Pastry,1,6.36,False
7552,Wednesday,Morning,Coffee,1,4.24,True
7553,Thursday,Morning,Pastry,2,7.66,True
7554,Wednesday,Afternoon,Coffee,2,9.48,False
7555,Thursday,Evening,Sandwich,1,9.72,True
7556,Wednesday,Morning,Coffee,1,5.06,True
7557,Tuesday,Morning,Pastry,1,4.2,True
7558,Wednesday,Morning,Coffee,1,4.64,True
7559,Wednesday,Afternoon,Tea,1,3.5,True
7560,Friday,Evening,Pastry,1,6.09,False
7561,Friday,Afternoon,Coffee,1,3.86,True
7562,Thursday,Afternoon,Coffee,1,5.5,True
7563,Monday,Afternoon,Sandwich,1,10.03,False
7564,Friday,Morning,Pastry,1,5.01,True
7565,Wednesday,Afternoon,Tea,2,8.36,False
7566,Saturday,Afternoon,Coffee,2,7.22,True
7567,Saturday,Afternoon,Pastry,4,20.32,True
7568,Monday,Afternoon,Sandwich,1,9.15,True
7569,Friday,Afternoon,Tea,1,3.56,False
7570,Monday,Afternoon,Sandwich,2,19.2,False
7571,Wednesday,Evening,Pastry,2,9.68,True
7572,Thursday,Evening,Coffee,2,8.54,True
7573,Monday,Afternoon,Coffee,1,3.71,False
7574,Friday,Morning,Coffee,1,4.06,False
7575,Monday,Morning,Tea,2,5.14,False
7576,Monday,Afternoon,Coffee,2,9.0,True
7577,Thursday,Morning,Sandwich,2,23.06,True
7578,Thursday,Morning,Coffee,1,4.1,True
7579,Saturday,Morning,Coffee,1,3.2,True
7580,Thursday,Afternoon,Coffee,1,4.37,True
7581,Thursday,Morning,Pastry,2,8.08,True
7582,Wednesday,Morning,Pastry,2,9.22,True
7583,Monday,Morning,Coffee,1,4.34,True
7584,Monday,Afternoon,Sandwich,1,10.16,True
7585,Wednesday,Morning,Coffee,1,4.54,False
7586,Thursday,Morning,Tea,1,3.56,True
7587,Wednesday,Afternoon,Sandwich,1,9.71,True
7588,Friday,Afternoon,Sandwich,2,20.76,True
7589,Wednesday,Morning,Pastry,2,8.92,True
7590,Monday,Afternoon,Sandwich,1,8.67,True
7591,Tuesday,Morning,Merchandise,1,40.18,True
7592,Friday,Afternoon,Coffee,1,3.44,True
7593,Friday,Morning,Coffee,1,3.96,True
7594,Saturday,Morning,Tea,4,11.8,True
7595,Monday,Afternoon,Sandwich,2,17.66,False
7596,Sunday,Afternoon,Pastry,1,4.19,True
7597,Tuesday,Morning,Coffee,1,3.51,True
7598,Monday,Morning,Pastry,1,5.16,True
7599,Sunday,Afternoon,Sandwich,1,10.72,False
7600,Tuesday,Afternoon,Tea,1,4.03,True
7601,Thursday,Morning,Coffee,1,3.91,True
7602,Monday,Afternoon,Coffee,2,7.56,True
7603,Thursday,Morning,Coffee,1,4.4,False
7604,Saturday,Morning,Tea,4,14.2,False
7605,Tuesday,Morning,Pastry,1,4.57,False
7606,Thursday,Morning,Coffee,2,5.46,True
7607,Tuesday,Morning,Coffee,2,8.76,False
7608,Thursday,Morning,Tea,1,3.75,False
7609,Tuesday,Morning,Coffee,1,4.0,True
7610,Tuesday,Morning,Coffee,2,8.82,True
7611,Tuesday,Morning,Pastry,1,4.86,True
7612,Monday,Morning,Pastry,1,4.08,False
7613,Saturday,Afternoon,Tea,3,10.23,True
7614,Wednesday,Morning,Pastry,1,3.9,True
7615,Tuesday,Afternoon,Coffee,1,4.73,True
7616,Wednesday,Morning,Coffee,1,4.49,True
7617,Tuesday,Morning,Coffee,1,3.59,True
7618,Friday,Afternoon,Tea,1,3.75,False
7619,Sunday,Evening,Coffee,1,4.14,True
7620,Wednesday,Morning,Coffee,2,7.32,True
7621,Friday,Morning,Tea,1,3.55,True
7622,Thursday,Afternoon,Sandwich,1,10.53,False
7623,Monday,Evening,Coffee,1,4.47,False
7624,Thursday,Evening,Tea,2,8.86,True
7625,Wednesday,Morning,Coffee,1,4.05,True
7626,Thursday,Morning,Coffee,4,15.52,True
7627,Saturday,Afternoon,Tea,1,3.72,True
7628,Wednesday,Afternoon,Sandwich,1,9.28,True
7629,Saturday,Afternoon,Coffee,1,3.71,True
7630,Friday,Afternoon,Coffee,1,3.54,True
7631,Wednesday,Afternoon,Coffee,1,2.29,False
7632,Thursday,Morning,Coffee,2,8.74,True
7633,Tuesday,Morning,Sandwich,2,15.06,True
7634,Sunday,Afternoon,Tea,1,3.15,True
7635,Thursday,Morning,Coffee,1,4.15,True
7636,Monday,Morning,Pastry,2,8.62,True
7637,Tuesday,Morning,Coffee,1,5.07,False
7638,Thursday,Morning,Coffee,1,3.25,False
7639,Monday,Morning,Pastry,1,5.84,True
7640,Monday,Afternoon,Sandwich,1,11.16,True
7641,Wednesday,Morning,Coffee,1,4.45,True
7642,Tuesday,Morning,Coffee,1,4.72,False
7643,Wednesday,Morning,Pastry,1,4.74,True
7644,Tuesday,Morning,Coffee,2,6.3,True
7645,Monday,Evening,Coffee,1,4.26,True
7646,Thursday,Afternoon,Coffee,1,3.26,True
7647,Wednesday,Morning,Coffee,1,3.74,True
7648,Tuesday,Afternoon,Coffee,3,11.88,False
7649,Tuesday,Morning,Coffee,1,3.54,True
7650,Thursday,Evening,Sandwich,1,10.64,True
7651,Monday,Morning,Coffee,1,3.89,True
7652,Monday,Morning,Coffee,1,4.2,False
7653,Monday,Afternoon,Tea,1,3.5,False
7654,Friday,Afternoon,Sandwich,1,9.65,True
7655,Friday,Morning,Coffee,1,3.56,True
7656,Friday,Afternoon,Coffee,4,13.64,True
7657,Thursday,Morning,Coffee,1,3.92,False
7658,Thursday,Evening,Coffee,2,7.04,False
7659,Wednesday,Morning,Pastry,1,5.34,True
7660,Thursday,Evening,Pastry,1,3.67,True
7661,Monday,Morning,Coffee,4,20.68,True
7662,Thursday,Morning,Pastry,2,9.36,False
7663,Friday,Evening,Tea,1,3.53,False
7664,Wednesday,Evening,Coffee,1,3.73,True
7665,Tuesday,Afternoon,Coffee,5,21.65,False
7666,Tuesday,Morning,Tea,1,3.42,True
7667,Thursday,Morning,Coffee,1,4.15,True
7668,Thursday,Morning,Coffee,1,4.42,False
7669,Saturday,Morning,Coffee,1,4.33,True
7670,Tuesday,Afternoon,Coffee,1,4.62,False
7671,Friday,Morning,Tea,2,7.44,False
7672,Thursday,Afternoon,Sandwich,1,8.36,True
7673,Saturday,Afternoon,Sandwich,3,21.0,True
7674,Wednesday,Morning,Tea,1,3.58,False
7675,Wednesday,Afternoon,Sandwich,1,9.77,True
7676,Thursday,Afternoon,Coffee,1,4.96,False
7677,Friday,Afternoon,Coffee,4,15.76,True
7678,Sunday,Morning,Coffee,1,4.19,False
7679,Monday,Afternoon,Tea,1,3.81,False
7680,Monday,Morning,Coffee,3,12.78,False
7681,Saturday,Morning,Coffee,3,13.26,False
7682,Wednesday,Afternoon,Coffee,1,3.59,True
7683,Thursday,Afternoon,Pastry,3,11.73,True
7684,Wednesday,Morning,Pastry,2,8.66,False
7685,Monday,Afternoon,Tea,1,2.63,True
7686,Friday,Evening,Coffee,1,3.98,False
7687,Friday,Morning,Pastry,1,4.1,True
7688,Tuesday,Afternoon,Coffee,1,4.16,True
7689,Tuesday,Afternoon,Coffee,2,7.74,False
7690,Friday,Afternoon,Coffee,1,3.49,False
7691,Monday,Morning,Pastry,2,10.58,True
7692,Saturday,Morning,Pastry,2,9.1,True
7693,Tuesday,Evening,Pastry,1,5.02,True
7694,Thursday,Morning,Coffee,3,12.27,True
7695,Saturday,Morning,Coffee,2,8.46,True
7696,Thursday,Afternoon,Coffee,1,3.32,True
7697,Wednesday,Morning,Pastry,2,10.54,False
7698,Thursday,Afternoon,Sandwich,3,31.65,False
7699,Tuesday,Afternoon,Coffee,1,3.99,True
7700,Tuesday,Afternoon,Sandwich,4,39.4,True
7701,Sunday,Afternoon,Tea,1,3.9,True
7702,Friday,Morning,Sandwich,1,9.05,True
7703,Thursday,Morning,Pastry,2,7.1,True
7704,Tuesday,Afternoon,Coffee,2,7.64,True
7705,Monday,Morning,Pastry,2,9.18,True
7706,Monday,Evening,Tea,1,3.49,True
7707,Thursday,Afternoon,Coffee,1,4.66,True
7708,Friday,Morning,Tea,1,3.12,True
7709,Wednesday,Afternoon,Pastry,1,4.0,False
7710,Friday,Morning,Coffee,1,3.47,False
7711,Monday,Morning,Tea,2,7.34,True
7712,Wednesday,Afternoon,Sandwich,1,7.67,True
7713,Tuesday,Afternoon,Coffee,1,4.37,True
7714,Wednesday,Morning,Coffee,1,3.53,True
7715,Monday,Morning,Coffee,1,3.61,False
7716,Sunday,Morning,Coffee,1,4.89,True
7717,Tuesday,Morning,Pastry,1,5.24,True
7718,Saturday,Morning,Coffee,1,4.06,True
7719,Wednesday,Morning,Coffee,1,3.34,True
7720,Sunday,Afternoon,Coffee,1,5.01,False
7721,Thursday,Evening,Pastry,1,4.38,False
7722,Saturday,Morning,Tea,1,3.6,False
7723,Monday,Morning,Coffee,1,4.46,False
7724,Friday,Afternoon,Coffee,3,9.06,True
7725,Saturday,Afternoon,Sandwich,1,8.73,True
7726,Monday,Evening,Coffee,2,7.94,False
7727,Monday,Morning,Coffee,2,8.14,False
7728,Wednesday,Morning,Coffee,1,3.35,True
7729,Saturday,Morning,Coffee,1,4.16,True
7730,Thursday,Afternoon,Tea,4,14.04,True
7731,Wednesday,Morning,Coffee,1,4.83,False
7732,Monday,Afternoon,Coffee,1,4.5,True
7733,Monday,Morning,Pastry,1,4.34,False
7734,Friday,Morning,Coffee,1,3.9,True
7735,Monday,Afternoon,Sandwich,2,21.44,False
7736,Thursday,Morning,Tea,3,10.83,True
7737,Saturday,Afternoon,Coffee,1,3.31,True
7738,Tuesday,Morning,Coffee,1,5.05,True
7739,Thursday,Morning,Coffee,1,3.51,True
7740,Monday,Morning,Coffee,5,26.2,True
7741,Thursday,Morning,Pastry,1,4.76,True
7742,Monday,Morning,Coffee,2,7.36,False
7743,Friday,Afternoon,Sandwich,1,6.66,False
7744,Tuesday,Afternoon,Sandwich,2,20.86,True
7745,Wednesday,Morning,Coffee,1,3.22,True
7746,Thursday,Morning,Coffee,3,12.54,True
7747,Monday,Evening,Coffee,1,4.97,True
7748,Friday,Morning,Pastry,2,7.64,False
7749,Tuesday,Morning,Pastry,1,4.94,True
7750,Thursday,Morning,Coffee,1,3.59,True
7751,Monday,Afternoon,Coffee,1,4.57,True
7752,Thursday,Morning,Coffee,1,4.03,True
7753,Monday,Afternoon,Sandwich,1,9.48,True
7754,Wednesday,Morning,Pastry,1,5.22,True
7755,Tuesday,Morning,Coffee,1,4.31,True
7756,Friday,Morning,Coffee,1,3.6,True
7757,Tuesday,Afternoon,Coffee,1,4.89,False
7758,Saturday,Afternoon,Coffee,1,3.23,True
7759,Saturday,Morning,Pastry,1,4.67,False
7760,Tuesday,Morning,Coffee,1,3.59,True
7761,Thursday,Afternoon,Sandwich,1,7.72,True
7762,Monday,Afternoon,Tea,1,3.05,True
7763,Wednesday,Morning,Coffee,2,7.96,True
7764,Thursday,Afternoon,Coffee,1,4.17,True
7765,Thursday,Morning,Pastry,1,5.14,True
7766,Thursday,Morning,Tea,1,4.09,True
7767,Tuesday,Morning,Coffee,4,16.56,True
7768,Wednesday,Afternoon,Coffee,1,3.78,True
7769,Monday,Morning,Coffee,2,9.04,True
7770,Thursday,Afternoon,Coffee,1,3.69,True
7771,Wednesday,Afternoon,Sandwich,1,7.59,False
7772,Thursday,Afternoon,Pastry,1,5.06,False
7773,Tuesday,Morning,Coffee,1,4.66,False
7774,Tuesday,Morning,Pastry,1,4.01,True
7775,Tuesday,Evening,Pastry,1,5.68,True
7776,Monday,Afternoon,Tea,3,11.19,False
7777,Tuesday,Afternoon,Coffee,1,4.22,True
7778,Friday,Morning,Pastry,1,4.19,False
7779,Saturday,Morning,Coffee,2,9.02,True
7780,Wednesday,Afternoon,Coffee,2,6.48,True
7781,Wednesday,Morning,Tea,1,3.36,False
7782,Monday,Afternoon,Tea,2,6.42,True
7783,Saturday,Morning,Pastry,1,3.71,True
7784,Monday,Morning,Pastry,1,5.02,False
7785,Sunday,Morning,Tea,1,3.64,True
7786,Wednesday,Morning,Pastry,1,4.98,True
7787,Tuesday,Morning,Coffee,1,3.86,False
7788,Saturday,Afternoon,Pastry,1,5.09,True
7789,Monday,Morning,Pastry,1,4.55,True
7790,Thursday,Morning,Coffee,1,3.76,True
7791,Thursday,Afternoon,Pastry,2,8.24,True
7792,Tuesday,Morning,Pastry,1,3.31,True
7793,Wednesday,Morning,Coffee,1,4.58,True
7794,Thursday,Afternoon,Coffee,2,9.06,True
7795,Friday,Evening,Pastry,2,12.52,True
7796,Monday,Morning,Pastry,2,8.6,True
7797,Saturday,Morning,Pastry,1,4.1,True
7798,Monday,Afternoon,Sandwich,1,7.46,True
7799,Tuesday,Morning,Pastry,1,5.08,True
7800,Tuesday,Afternoon,Sandwich,1,10.38,True
7801,Monday,Evening,Coffee,1,4.78,True
7802,Monday,Evening,Sandwich,1,8.4,True
7803,Sunday,Morning,Coffee,4,17.44,True
7804,Tuesday,Morning,Coffee,1,3.74,True
7805,Monday,Evening,Tea,1,4.04,True
7806,Monday,Morning,Coffee,1,4.27,False
7807,Thursday,Morning,Coffee,2,6.44,True
7808,Friday,Afternoon,Coffee,1,3.93,False
7809,Tuesday,Morning,Coffee,1,3.03,False
7810,Monday,Morning,Coffee,4,13.68,False
7811,Tuesday,Afternoon,Tea,2,6.12,True
7812,Monday,Morning,Pastry,2,8.24,False
7813,Monday,Morning,Pastry,3,13.02,False
7814,Wednesday,Morning,Pastry,1,4.6,False
7815,Tuesday,Afternoon,Tea,2,7.1,True
7816,Wednesday,Morning,Pastry,1,4.49,True
7817,Tuesday,Morning,Coffee,1,4.17,True
7818,Sunday,Afternoon,Coffee,1,3.38,True
7819,Saturday,Afternoon,Sandwich,1,9.59,True
7820,Thursday,Morning,Tea,1,4.07,True
7821,Tuesday,Afternoon,Sandwich,1,9.3,True
7822,Wednesday,Morning,Tea,1,3.7,False
7823,Wednesday,Afternoon,Coffee,1,4.2,True
7824,Friday,Morning,Pastry,1,5.02,True
7825,Wednesday,Morning,Tea,1,3.61,False
7826,Friday,Afternoon,Sandwich,1,10.51,True
7827,Sunday,Morning,Pastry,1,4.8,False
7828,Tuesday,Morning,Coffee,1,4.33,True
7829,Thursday,Morning,Coffee,1,4.22,False
7830,Monday,Afternoon,Coffee,1,3.5,False
7831,Tuesday,Morning,Coffee,2,6.82,False
7832,Wednesday,Morning,Coffee,1,3.82,True
7833,Tuesday,Morning,Coffee,1,4.78,False
7834,Saturday,Morning,Pastry,1,4.4,True
7835,Monday,Morning,Pastry,3,14.07,True
7836,Wednesday,Morning,Pastry,1,3.32,False
7837,Thursday,Morning,Coffee,1,4.1,True
7838,Thursday,Morning,Coffee,2,8.08,True
7839,Wednesday,Afternoon,Sandwich,1,6.29,False
7840,Friday,Afternoon,Coffee,1,4.15,True
7841,Thursday,Afternoon,Sandwich,1,7.52,False
7842,Wednesday,Morning,Pastry,4,16.24,False
7843,Monday,Evening,Tea,2,7.8,True
7844,Wednesday,Morning,Pastry,1,4.59,True
7845,Friday,Evening,Coffee,1,3.78,True
7846,Thursday,Morning,Tea,1,3.29,True
7847,Friday,Morning,Coffee,1,3.79,True
7848,Wednesday,Morning,Coffee,1,4.08,True
7849,Monday,Morning,Pastry,1,3.78,False
7850,Monday,Afternoon,Sandwich,1,10.85,False
7851,Tuesday,Afternoon,Sandwich,2,16.24,True
7852,Thursday,Evening,Tea,1,2.81,True
7853,Friday,Afternoon,Sandwich,1,10.69,True
7854,Tuesday,Morning,Pastry,2,8.48,True
7855,Wednesday,Morning,Sandwich,1,9.58,True
7856,Wednesday,Evening,Sandwich,2,20.58,False
7857,Wednesday,Afternoon,Sandwich,1,8.64,True
7858,Tuesday,Afternoon,Sandwich,2,19.32,True
7859,Monday,Morning,Coffee,3,12.96,True
7860,Tuesday,Morning,Coffee,1,4.82,True
7861,Monday,Evening,Coffee,1,3.74,True
7862,Tuesday,Morning,Pastry,1,4.22,False
7863,Monday,Morning,Pastry,1,4.84,True
7864,Thursday,Morning,Tea,1,3.58,True
7865,Tuesday,Afternoon,Tea,1,3.45,True
7866,Sunday,Morning,Coffee,2,9.6,False
7867,Tuesday,Morning,Coffee,2,6.32,True
7868,Tuesday,Morning,Coffee,3,9.87,True
7869,Tuesday,Morning,Coffee,1,3.16,True
7870,Monday,Morning,Pastry,1,5.22,True
7871,Friday,Morning,Coffee,2,8.52,False
7872,Monday,Evening,Pastry,1,3.68,True
7873,Sunday,Evening,Tea,1,3.45,False
7874,Saturday,Morning,Merchandise,1,34.81,False
7875,Wednesday,Afternoon,Sandwich,1,6.85,True
7876,Thursday,Afternoon,Tea,1,3.58,False
7877,Thursday,Morning,Merchandise,1,26.15,False
7878,Wednesday,Morning,Coffee,1,4.35,True
7879,Thursday,Morning,Coffee,1,3.43,False
7880,Monday,Morning,Coffee,2,8.22,True
7881,Monday,Morning,Coffee,1,4.65,True
7882,Wednesday,Afternoon,Sandwich,1,10.67,True
7883,Thursday,Morning,Pastry,1,4.8,False
7884,Saturday,Afternoon,Sandwich,1,9.4,True
7885,Monday,Morning,Coffee,1,3.25,False
7886,Friday,Morning,Coffee,1,3.78,True
7887,Tuesday,Morning,Coffee,1,3.89,False
7888,Wednesday,Morning,Coffee,1,3.85,False
7889,Tuesday,Afternoon,Coffee,1,3.23,False
7890,Wednesday,Afternoon,Tea,2,7.34,True
7891,Monday,Morning,Pastry,1,3.79,True
7892,Wednesday,Afternoon,Sandwich,1,11.36,False
7893,Friday,Evening,Coffee,3,12.21,False
7894,Wednesday,Afternoon,Coffee,1,4.49,True
7895,Wednesday,Morning,Coffee,1,4.48,True
7896,Friday,Afternoon,Coffee,1,5.04,True
7897,Thursday,Morning,Coffee,1,4.09,False
7898,Wednesday,Afternoon,Coffee,1,3.8,False
7899,Tuesday,Morning,Tea,1,3.35,False
7900,Saturday,Morning,Pastry,1,5.4,True
7901,Thursday,Morning,Coffee,3,10.02,True
7902,Tuesday,Morning,Pastry,1,3.97,True
7903,Tuesday,Evening,Coffee,1,4.12,False
7904,Friday,Morning,Pastry,1,4.41,False
7905,Monday,Morning,Coffee,1,4.48,True
7906,Sunday,Evening,Coffee,1,3.33,True
7907,Monday,Morning,Coffee,3,11.91,True
7908,Friday,Morning,Coffee,1,3.91,False
7909,Wednesday,Afternoon,Pastry,5,19.3,True
7910,Wednesday,Morning,Sandwich,1,10.55,False
7911,Saturday,Morning,Pastry,1,4.44,True
7912,Wednesday,Morning,Coffee,1,3.93,True
7913,Wednesday,Afternoon,Pastry,1,4.01,False
7914,Monday,Evening,Pastry,1,4.28,False
7915,Monday,Morning,Pastry,1,3.89,True
7916,Tuesday,Morning,Pastry,1,5.02,True
7917,Thursday,Morning,Coffee,1,4.52,False
7918,Monday,Afternoon,Sandwich,2,23.04,True
7919,Monday,Morning,Pastry,1,4.76,False
7920,Wednesday,Afternoon,Coffee,1,3.83,True
7921,Thursday,Morning,Coffee,1,3.77,False
7922,Thursday,Evening,Pastry,1,4.79,True
7923,Monday,Afternoon,Sandwich,2,19.48,True
7924,Monday,Afternoon,Tea,1,3.43,False
7925,Sunday,Morning,Sandwich,3,27.57,True
7926,Tuesday,Afternoon,Coffee,2,9.18,True
7927,Friday,Morning,Coffee,1,3.78,True
7928,Friday,Morning,Coffee,1,4.67,True
7929,Friday,Morning,Pastry,2,9.22,True
7930,Monday,Afternoon,Coffee,2,7.64,True
7931,Friday,Afternoon,Tea,1,3.19,True
7932,Friday,Morning,Coffee,3,11.76,True
7933,Thursday,Afternoon,Pastry,3,14.4,False
7934,Tuesday,Morning,Pastry,1,4.27,True
7935,Tuesday,Afternoon,Coffee,2,8.86,True
7936,Monday,Afternoon,Sandwich,1,8.99,True
7937,Wednesday,Afternoon,Sandwich,1,9.35,True
7938,Thursday,Morning,Coffee,1,3.36,False
7939,Tuesday,Evening,Sandwich,1,10.17,True
7940,Wednesday,Afternoon,Coffee,2,7.74,True
7941,Wednesday,Afternoon,Coffee,1,4.79,True
7942,Thursday,Morning,Tea,1,3.78,True
7943,Saturday,Afternoon,Sandwich,2,19.2,False
7944,Monday,Afternoon,Tea,1,3.99,False
7945,Wednesday,Morning,Coffee,1,4.2,True
7946,Monday,Morning,Pastry,1,5.1,True
7947,Thursday,Morning,Pastry,1,3.98,True
7948,Friday,Afternoon,Coffee,2,8.46,False
7949,Saturday,Morning,Coffee,1,4.25,True
7950,Tuesday,Morning,Coffee,1,3.23,True
7951,Sunday,Afternoon,Coffee,1,4.75,False
7952,Monday,Morning,Coffee,1,3.42,True
7953,Thursday,Morning,Coffee,1,3.35,True
7954,Monday,Morning,Coffee,1,2.58,False
7955,Saturday,Afternoon,Sandwich,1,10.07,False
7956,Wednesday,Afternoon,Coffee,1,3.18,True
7957,Thursday,Morning,Coffee,1,3.74,True
7958,Friday,Evening,Tea,1,3.84,False
7959,Monday,Morning,Coffee,1,4.1,True
7960,Monday,Evening,Tea,2,6.5,False
7961,Saturday,Morning,Tea,1,2.86,False
7962,Tuesday,Morning,Coffee,1,3.95,True
7963,Monday,Morning,Coffee,2,8.86,True
7964,Wednesday,Morning,Coffee,3,13.05,True
7965,Thursday,Morning,Coffee,1,4.89,True
7966,Monday,Afternoon,Coffee,1,3.67,False
7967,Tuesday,Afternoon,Pastry,1,3.71,False
7968,Monday,Morning,Coffee,3,12.45,True
7969,Wednesday,Morning,Tea,1,3.58,False
7970,Saturday,Morning,Sandwich,3,28.47,False
7971,Sunday,Morning,Coffee,1,3.63,True
7972,Thursday,Afternoon,Sandwich,1,6.32,True
7973,Monday,Morning,Pastry,2,7.8,True
7974,Saturday,Afternoon,Sandwich,2,20.34,False
7975,Wednesday,Morning,Coffee,2,8.28,True
7976,Monday,Morning,Pastry,2,10.16,True
7977,Saturday,Morning,Pastry,2,9.42,False
7978,Friday,Morning,Coffee,1,4.37,False
7979,Friday,Morning,Coffee,1,4.38,False
7980,Thursday,Afternoon,Sandwich,1,9.52,True
7981,Tuesday,Morning,Tea,1,3.51,False
7982,Tuesday,Morning,Coffee,1,2.55,True
7983,Thursday,Afternoon,Sandwich,1,8.71,False
7984,Tuesday,Morning,Coffee,1,3.69,True
7985,Wednesday,Afternoon,Coffee,1,3.95,False
7986,Friday,Morning,Coffee,3,10.59,False
7987,Friday,Morning,Coffee,1,4.47,True
7988,Wednesday,Afternoon,Sandwich,1,8.44,False
7989,Friday,Afternoon,Tea,1,3.94,False
7990,Friday,Morning,Pastry,1,3.92,True
7991,Thursday,Morning,Coffee,1,3.7,True
7992,Tuesday,Afternoon,Pastry,1,4.09,False
7993,Tuesday,Morning,Coffee,1,3.75,False
7994,Tuesday,Morning,Coffee,2,9.18,False
7995,Monday,Afternoon,Sandwich,2,18.22,True
7996,Tuesday,Afternoon,Coffee,1,3.85,False
7997,Tuesday,Afternoon,Sandwich,1,8.61,True
7998,Wednesday,Afternoon,Coffee,1,3.87,True
7999,Saturday,Afternoon,Coffee,2,8.22,False
8000,Monday,Afternoon,Coffee,1,3.89,True
8001,Friday,Afternoon,Sandwich,1,9.32,True
8002,Thursday,Morning,Coffee,1,4.51,False
8003,Monday,Morning,Tea,1,3.61,True
8004,Saturday,Afternoon,Sandwich,1,8.12,True
8005,Thursday,Afternoon,Coffee,1,3.96,True
8006,Wednesday,Morning,Coffee,2,7.46,True
8007,Friday,Morning,Coffee,1,4.26,False
8008,Tuesday,Evening,Sandwich,1,9.62,False
8009,Thursday,Afternoon,Coffee,2,9.14,True
8010,Monday,Morning,Coffee,2,7.26,True
8011,Friday,Afternoon,Tea,1,3.42,False
8012,Wednesday,Evening,Pastry,1,3.86,True
8013,Thursday,Afternoon,Sandwich,1,9.45,True
8014,Tuesday,Afternoon,Sandwich,1,7.66,True
8015,Thursday,Morning,Pastry,1,4.69,True
8016,Friday,Afternoon,Coffee,2,7.94,False
8017,Wednesday,Morning,Coffee,1,4.08,False
8018,Thursday,Afternoon,Sandwich,1,10.45,True
8019,Wednesday,Morning,Pastry,1,4.63,True
8020,Saturday,Morning,Coffee,1,3.36,True
8021,Wednesday,Morning,Coffee,1,3.72,True
8022,Friday,Morning,Pastry,1,4.45,True
8023,Friday,Afternoon,Tea,1,3.37,True
8024,Wednesday,Evening,Tea,1,3.42,False
8025,Tuesday,Afternoon,Sandwich,1,11.45,False
8026,Wednesday,Afternoon,Sandwich,1,9.62,True
8027,Friday,Morning,Coffee,1,4.19,True
8028,Tuesday,Afternoon,Coffee,1,3.0,False
8029,Wednesday,Afternoon,Tea,1,3.8,True
8030,Friday,Afternoon,Sandwich,2,25.84,True
8031,Tuesday,Morning,Merchandise,2,108.72,True
8032,Thursday,Afternoon,Sandwich,2,17.94,True
8033,Tuesday,Afternoon,Tea,1,4.41,True
8034,Monday,Morning,Coffee,1,4.01,False
8035,Friday,Afternoon,Sandwich,1,9.87,True
8036,Monday,Evening,Tea,2,6.78,True
8037,Tuesday,Morning,Tea,2,6.76,True
8038,Friday,Afternoon,Sandwich,2,13.6,True
8039,Tuesday,Afternoon,Tea,1,3.81,True
8040,Sunday,Afternoon,Sandwich,2,18.28,False
8041,Sunday,Morning,Coffee,2,7.82,True
8042,Tuesday,Afternoon,Sandwich,1,9.83,False
8043,Monday,Morning,Coffee,1,3.79,False
8044,Thursday,Morning,Pastry,1,4.66,False
8045,Wednesday,Afternoon,Sandwich,1,10.94,True
8046,Monday,Afternoon,Coffee,1,4.2,True
8047,Thursday,Afternoon,Coffee,2,7.84,True
8048,Monday,Morning,Coffee,2,7.88,True
8049,Saturday,Morning,Coffee,3,12.3,True
8050,Monday,Evening,Sandwich,1,8.5,False
8051,Monday,Morning,Coffee,1,4.1,False
8052,Monday,Afternoon,Tea,1,3.77,True
8053,Sunday,Afternoon,Coffee,1,4.04,False
8054,Thursday,Afternoon,Pastry,1,4.25,True
8055,Friday,Morning,Pastry,2,8.66,True
8056,Wednesday,Afternoon,Coffee,1,4.33,True
8057,Tuesday,Afternoon,Sandwich,1,8.18,True
8058,Tuesday,Morning,Pastry,1,4.01,True
8059,Wednesday,Morning,Coffee,3,9.6,True
8060,Thursday,Morning,Pastry,1,4.52,True
8061,Thursday,Morning,Coffee,1,4.43,True
8062,Tuesday,Afternoon,Coffee,3,14.01,True
8063,Sunday,Afternoon,Pastry,1,5.43,True
8064,Monday,Evening,Tea,1,3.22,True
8065,Sunday,Afternoon,Sandwich,1,9.8,True
8066,Monday,Afternoon,Coffee,1,3.8,True
8067,Wednesday,Morning,Coffee,1,4.82,True
8068,Tuesday,Afternoon,Pastry,2,10.56,True
8069,Wednesday,Afternoon,Pastry,1,4.6,True
8070,Thursday,Evening,Sandwich,1,8.76,False
8071,Wednesday,Afternoon,Coffee,1,2.28,True
8072,Wednesday,Evening,Sandwich,1,7.78,True
8073,Friday,Afternoon,Sandwich,1,7.28,True
8074,Thursday,Afternoon,Tea,1,2.92,True
8075,Friday,Morning,Pastry,1,5.63,False
8076,Tuesday,Afternoon,Pastry,1,3.72,True
8077,Thursday,Afternoon,Coffee,1,3.47,True
8078,Thursday,Morning,Coffee,1,3.54,True
8079,Wednesday,Morning,Coffee,1,5.3,True
8080,Wednesday,Afternoon,Merchandise,1,34.47,False
8081,Tuesday,Morning,Coffee,2,9.0,True
8082,Monday,Morning,Tea,1,3.57,True
8083,Tuesday,Afternoon,Coffee,2,6.02,True
8084,Monday,Evening,Pastry,1,5.42,True
8085,Thursday,Afternoon,Coffee,3,12.6,True
8086,Thursday,Morning,Pastry,1,4.43,False
8087,Sunday,Morning,Coffee,3,14.64,True
8088,Friday,Morning,Pastry,1,4.29,True
8089,Monday,Morning,Pastry,2,8.82,True
8090,Saturday,Morning,Tea,3,10.08,False
8091,Friday,Evening,Coffee,1,4.54,True
8092,Wednesday,Afternoon,Coffee,2,8.82,True
8093,Thursday,Morning,Pastry,1,4.67,True
8094,Sunday,Morning,Coffee,1,3.47,True
8095,Wednesday,Morning,Coffee,1,3.81,False
8096,Saturday,Morning,Coffee,1,3.47,True
8097,Monday,Morning,Coffee,1,4.58,True
8098,Tuesday,Evening,Tea,4,11.48,False
8099,Wednesday,Morning,Coffee,2,9.6,True
8100,Thursday,Morning,Coffee,2,9.28,False
8101,Friday,Morning,Coffee,1,3.54,True
8102,Sunday,Afternoon,Pastry,1,4.25,True
8103,Wednesday,Morning,Coffee,1,3.64,True
8104,Monday,Morning,Pastry,1,4.76,False
8105,Friday,Morning,Coffee,1,4.71,True
8106,Thursday,Afternoon,Sandwich,1,10.92,True
8107,Tuesday,Morning,Coffee,2,7.56,True
8108,Wednesday,Morning,Coffee,1,4.63,True
8109,Friday,Morning,Coffee,1,4.59,True
8110,Friday,Morning,Coffee,1,3.91,True
8111,Wednesday,Morning,Pastry,1,4.49,True
8112,Tuesday,Morning,Coffee,1,4.77,True
8113,Sunday,Morning,Tea,1,3.92,True
8114,Thursday,Morning,Pastry,1,5.23,True
8115,Wednesday,Morning,Coffee,3,15.87,True
8116,Tuesday,Morning,Coffee,1,4.27,True
8117,Friday,Morning,Coffee,2,8.32,True
8118,Tuesday,Evening,Sandwich,1,11.13,True
8119,Monday,Afternoon,Sandwich,1,11.89,True
8120,Wednesday,Afternoon,Sandwich,2,17.54,False
8121,Tuesday,Afternoon,Tea,1,3.42,True
8122,Thursday,Evening,Sandwich,1,8.28,True
8123,Monday,Afternoon,Sandwich,1,9.91,False
8124,Thursday,Afternoon,Coffee,2,8.88,True
8125,Tuesday,Morning,Coffee,1,3.53,True
8126,Monday,Morning,Coffee,1,4.57,False
8127,Monday,Afternoon,Coffee,1,3.77,True
8128,Saturday,Evening,Sandwich,1,8.86,False
8129,Friday,Morning,Coffee,2,9.12,True
8130,Tuesday,Afternoon,Pastry,2,8.24,False
8131,Friday,Morning,Coffee,1,3.3,True
8132,Thursday,Morning,Coffee,1,4.37,False
8133,Sunday,Morning,Coffee,3,11.79,True
8134,Wednesday,Morning,Merchandise,1,51.56,True
8135,Thursday,Morning,Coffee,2,8.84,False
8136,Monday,Afternoon,Coffee,1,3.13,True
8137,Wednesday,Afternoon,Sandwich,1,11.08,False
8138,Sunday,Afternoon,Coffee,2,9.9,True
8139,Wednesday,Morning,Coffee,1,4.52,False
8140,Tuesday,Afternoon,Coffee,2,9.08,True
8141,Monday,Morning,Coffee,1,3.88,False
8142,Thursday,Morning,Coffee,1,3.76,True
8143,Thursday,Afternoon,Tea,2,7.16,True
8144,Wednesday,Morning,Coffee,1,4.46,True
8145,Sunday,Morning,Pastry,2,10.08,False
8146,Monday,Morning,Coffee,5,18.9,False
8147,Tuesday,Afternoon,Sandwich,3,26.55,False
8148,Saturday,Morning,Coffee,2,6.5,True
8149,Tuesday,Afternoon,Coffee,1,4.32,True
8150,Tuesday,Afternoon,Sandwich,1,9.03,True
8151,Wednesday,Afternoon,Coffee,2,7.7,True
8152,Friday,Afternoon,Tea,1,4.19,True
8153,Monday,Morning,Coffee,1,4.3,True
8154,Sunday,Morning,Pastry,1,4.69,True
8155,Friday,Morning,Coffee,1,4.42,True
8156,Tuesday,Morning,Coffee,3,14.13,True
8157,Thursday,Afternoon,Coffee,1,3.19,True
8158,Wednesday,Morning,Pastry,1,4.16,False
8159,Wednesday,Morning,Coffee,1,3.88,False
8160,Friday,Afternoon,Coffee,2,7.02,False
8161,Sunday,Afternoon,Tea,3,10.17,True
8162,Monday,Afternoon,Sandwich,1,7.64,False
8163,Wednesday,Afternoon,Coffee,2,8.92,True
8164,Wednesday,Afternoon,Coffee,1,3.74,False
8165,Wednesday,Afternoon,Sandwich,1,9.74,False
8166,Wednesday,Morning,Coffee,2,8.06,True
8167,Monday,Evening,Pastry,1,4.83,False
8168,Thursday,Afternoon,Sandwich,1,6.55,True
8169,Wednesday,Morning,Pastry,1,4.77,True
8170,Tuesday,Morning,Coffee,1,3.86,True
8171,Friday,Afternoon,Coffee,1,4.2,True
8172,Friday,Evening,Coffee,1,3.41,False
8173,Wednesday,Morning,Pastry,1,4.75,False
8174,Tuesday,Morning,Sandwich,1,11.06,True
8175,Thursday,Afternoon,Coffee,1,4.09,False
8176,Tuesday,Evening,Pastry,1,4.07,False
8177,Tuesday,Morning,Pastry,3,12.3,True
8178,Friday,Morning,Coffee,1,4.29,True
8179,Monday,Afternoon,Coffee,4,17.12,False
8180,Monday,Morning,Coffee,1,4.18,True
8181,Monday,Afternoon,Tea,2,6.96,False
8182,Monday,Morning,Pastry,1,4.62,False
8183,Monday,Morning,Pastry,2,8.92,True
8184,Sunday,Morning,Coffee,1,3.81,True
8185,Tuesday,Morning,Coffee,1,4.38,True
8186,Monday,Morning,Coffee,1,4.16,True
8187,Tuesday,Morning,Pastry,1,5.27,False
8188,Saturday,Afternoon,Sandwich,2,21.68,True
8189,Wednesday,Morning,Coffee,3,12.42,True
8190,Wednesday,Evening,Pastry,1,4.86,True
8191,Saturday,Morning,Coffee,3,10.56,True
8192,Wednesday,Afternoon,Tea,1,3.47,True
8193,Tuesday,Morning,Merchandise,2,77.68,True
8194,Tuesday,Morning,Coffee,3,9.63,True
8195,Wednesday,Afternoon,Pastry,1,4.76,True
8196,Tuesday,Afternoon,Coffee,1,3.52,False
8197,Thursday,Afternoon,Pastry,1,3.99,False
8198,Tuesday,Afternoon,Pastry,1,4.18,True
8199,Thursday,Afternoon,Pastry,2,8.96,True
8200,Monday,Morning,Pastry,1,3.7,True
8201,Tuesday,Afternoon,Tea,4,15.36,True
8202,Wednesday,Afternoon,Pastry,1,4.61,True
8203,Saturday,Evening,Coffee,1,4.96,True
8204,Wednesday,Afternoon,Sandwich,1,9.86,True
8205,Thursday,Morning,Coffee,3,12.87,True
8206,Tuesday,Morning,Pastry,1,3.99,True
8207,Monday,Afternoon,Coffee,4,13.64,True
8208,Monday,Afternoon,Coffee,1,4.31,True
8209,Tuesday,Afternoon,Coffee,1,3.45,True
8210,Monday,Afternoon,Merchandise,1,42.69,False
8211,Monday,Morning,Coffee,2,9.7,True
8212,Friday,Morning,Coffee,1,4.47,False
8213,Monday,Morning,Coffee,1,4.29,True
8214,Thursday,Afternoon,Coffee,1,4.13,True
8215,Wednesday,Afternoon,Coffee,1,3.81,False
8216,Wednesday,Morning,Coffee,1,3.94,True
8217,Thursday,Afternoon,Coffee,2,7.44,True
8218,Tuesday,Morning,Coffee,1,3.34,True
8219,Tuesday,Morning,Coffee,2,8.04,True
8220,Friday,Afternoon,Tea,1,3.94,True
8221,Saturday,Morning,Coffee,1,3.36,False
8222,Tuesday,Afternoon,Coffee,1,4.7,True
8223,Monday,Afternoon,Tea,1,3.99,False
8224,Saturday,Afternoon,Coffee,2,8.4,False
8225,Tuesday,Morning,Coffee,2,8.4,False
8226,Thursday,Morning,Tea,1,3.43,True
8227,Tuesday,Afternoon,Pastry,3,13.59,True
8228,Monday,Afternoon,Sandwich,1,8.94,True
8229,Thursday,Afternoon,Coffee,2,8.04,False
8230,Wednesday,Morning,Coffee,1,4.07,True
8231,Tuesday,Morning,Coffee,1,4.94,False
8232,Wednesday,Afternoon,Pastry,1,4.84,True
8233,Friday,Afternoon,Tea,1,3.42,False
8234,Thursday,Morning,Coffee,4,15.8,True
8235,Monday,Morning,Pastry,1,4.07,True
8236,Thursday,Afternoon,Coffee,1,3.73,False
8237,Thursday,Morning,Sandwich,1,10.59,False
8238,Friday,Morning,Coffee,1,3.75,False
8239,Thursday,Morning,Pastry,1,4.13,True
8240,Monday,Morning,Coffee,1,3.7,False
8241,Thursday,Afternoon,Sandwich,1,8.62,False
8242,Thursday,Morning,Coffee,1,4.56,False
8243,Monday,Morning,Coffee,1,4.07,False
8244,Wednesday,Morning,Coffee,1,3.86,False
8245,Tuesday,Morning,Merchandise,2,70.76,True
8246,Thursday,Afternoon,Merchandise,2,74.78,False
8247,Tuesday,Morning,Coffee,2,7.26,True
8248,Thursday,Afternoon,Sandwich,4,31.32,False
8249,Saturday,Morning,Coffee,2,9.34,True
8250,Friday,Morning,Coffee,1,4.49,True
8251,Saturday,Morning,Coffee,1,4.19,True
8252,Sunday,Morning,Sandwich,3,31.8,False
8253,Monday,Afternoon,Tea,1,4.27,False
8254,Thursday,Morning,Coffee,1,3.73,True
8255,Wednesday,Afternoon,Coffee,1,3.44,True
8256,Friday,Morning,Coffee,5,21.65,False
8257,Tuesday,Morning,Coffee,2,6.54,True
8258,Sunday,Morning,Coffee,1,4.02,False
8259,Thursday,Afternoon,Tea,3,10.14,False
8260,Friday,Morning,Coffee,4,17.36,True
8261,Monday,Morning,Coffee,1,3.76,False
8262,Tuesday,Morning,Coffee,2,9.2,True
8263,Friday,Morning,Pastry,2,8.1,True
8264,Monday,Evening,Coffee,1,4.35,True
8265,Friday,Morning,Pastry,1,4.1,False
8266,Monday,Afternoon,Coffee,1,4.27,False
8267,Thursday,Afternoon,Tea,1,3.09,False
8268,Wednesday,Morning,Coffee,3,11.97,True
8269,Thursday,Morning,Tea,1,4.03,True
8270,Thursday,Afternoon,Sandwich,1,9.64,True
8271,Tuesday,Morning,Coffee,3,13.77,True
8272,Monday,Morning,Coffee,4,15.96,False
8273,Monday,Afternoon,Sandwich,1,8.89,True
8274,Thursday,Afternoon,Coffee,3,12.27,True
8275,Wednesday,Afternoon,Sandwich,1,10.24,True
8276,Friday,Afternoon,Coffee,1,3.05,True
8277,Wednesday,Morning,Tea,2,7.42,True
8278,Wednesday,Morning,Coffee,2,7.06,False
8279,Wednesday,Morning,Coffee,2,6.82,False
8280,Monday,Afternoon,Sandwich,1,10.15,False
8281,Tuesday,Evening,Tea,1,4.04,True
8282,Sunday,Morning,Coffee,3,12.33,True
8283,Saturday,Morning,Coffee,1,3.32,True
8284,Tuesday,Morning,Coffee,1,3.66,False
8285,Thursday,Afternoon,Coffee,2,7.58,False
8286,Friday,Afternoon,Sandwich,1,9.74,False
8287,Wednesday,Morning,Tea,1,3.47,True
8288,Monday,Evening,Coffee,1,4.25,False
8289,Monday,Afternoon,Sandwich,2,21.4,True
8290,Wednesday,Morning,Coffee,4,16.68,False
8291,Sunday,Evening,Pastry,1,5.04,True
8292,Thursday,Morning,Coffee,1,3.87,False
8293,Monday,Morning,Pastry,1,6.48,True
8294,Tuesday,Morning,Pastry,2,9.66,False
8295,Friday,Afternoon,Pastry,1,4.91,True
8296,Friday,Afternoon,Coffee,2,9.76,False
8297,Thursday,Morning,Coffee,1,4.04,True
8298,Thursday,Evening,Tea,1,3.24,False
8299,Monday,Morning,Coffee,2,9.3,False
8300,Friday,Afternoon,Coffee,1,4.68,False
8301,Friday,Afternoon,Sandwich,2,19.36,False
8302,Tuesday,Morning,Pastry,1,5.56,True
8303,Thursday,Morning,Coffee,1,3.96,False
8304,Tuesday,Afternoon,Coffee,1,4.47,True
8305,Monday,Morning,Pastry,1,5.41,True
8306,Tuesday,Afternoon,Sandwich,1,9.62,False
8307,Monday,Morning,Coffee,2,8.46,False
8308,Tuesday,Afternoon,Coffee,1,4.51,False
8309,Wednesday,Morning,Tea,2,6.7,True
8310,Wednesday,Morning,Pastry,1,4.01,False
8311,Wednesday,Morning,Coffee,1,4.67,True
8312,Tuesday,Afternoon,Pastry,1,4.68,True
8313,Monday,Morning,Coffee,2,7.5,False
8314,Thursday,Morning,Coffee,1,4.05,False
8315,Wednesday,Evening,Sandwich,1,10.11,False
8316,Tuesday,Afternoon,Tea,1,2.87,True
8317,Friday,Morning,Tea,1,3.79,True
8318,Friday,Evening,Pastry,1,4.75,True
8319,Friday,Afternoon,Coffee,1,4.83,True
8320,Wednesday,Morning,Tea,1,3.41,False
8321,Monday,Morning,Pastry,1,5.33,False
8322,Thursday,Afternoon,Sandwich,2,18.9,True
8323,Tuesday,Afternoon,Tea,2,7.12,False
8324,Wednesday,Morning,Coffee,1,4.14,True
8325,Monday,Morning,Sandwich,1,12.01,True
8326,Friday,Morning,Tea,1,3.0,False
8327,Monday,Afternoon,Sandwich,2,20.18,False
8328,Saturday,Morning,Coffee,1,4.02,True
8329,Friday,Morning,Coffee,1,3.99,False
8330,Wednesday,Afternoon,Coffee,3,12.87,True
8331,Friday,Afternoon,Sandwich,4,43.32,True
8332,Thursday,Morning,Pastry,2,9.64,True
8333,Friday,Morning,Coffee,5,23.1,True
8334,Wednesday,Morning,Coffee,2,7.74,False
8335,Friday,Morning,Coffee,2,7.96,True
8336,Wednesday,Evening,Pastry,1,3.9,True
8337,Sunday,Afternoon,Pastry,3,17.07,True
8338,Wednesday,Morning,Tea,2,6.86,True
8339,Wednesday,Morning,Coffee,1,3.85,False
8340,Friday,Morning,Coffee,1,4.3,True
8341,Friday,Afternoon,Coffee,1,4.55,True
8342,Thursday,Morning,Tea,3,9.66,False
8343,Monday,Afternoon,Tea,1,3.97,True
8344,Wednesday,Afternoon,Sandwich,1,9.14,True
8345,Sunday,Morning,Tea,1,4.07,True
8346,Friday,Afternoon,Tea,4,13.12,False
8347,Friday,Afternoon,Coffee,1,4.37,True
8348,Monday,Afternoon,Sandwich,1,9.55,True
8349,Wednesday,Evening,Coffee,1,3.44,True
8350,Thursday,Morning,Coffee,1,3.29,True
8351,Friday,Morning,Pastry,1,4.05,False
8352,Monday,Afternoon,Sandwich,1,10.69,True
8353,Friday,Afternoon,Pastry,1,3.33,True
8354,Thursday,Evening,Tea,1,3.63,True
8355,Tuesday,Morning,Pastry,1,4.65,True
8356,Tuesday,Afternoon,Coffee,1,3.16,True
8357,Tuesday,Morning,Coffee,3,10.8,True
8358,Wednesday,Morning,Coffee,1,3.6,True
8359,Monday,Morning,Coffee,1,4.03,False
8360,Monday,Morning,Sandwich,1,11.26,True
8361,Friday,Morning,Tea,1,3.93,False
8362,Monday,Afternoon,Sandwich,1,9.07,False
8363,Tuesday,Morning,Sandwich,1,8.5,False
8364,Wednesday,Morning,Coffee,2,6.44,False
8365,Wednesday,Morning,Coffee,1,3.81,False
8366,Friday,Morning,Coffee,1,3.55,False
8367,Wednesday,Evening,Pastry,3,13.44,True
8368,Friday,Morning,Coffee,1,4.0,True
8369,Thursday,Morning,Coffee,2,7.52,True
8370,Monday,Afternoon,Tea,1,3.32,True
8371,Monday,Afternoon,Coffee,1,3.65,True
8372,Wednesday,Afternoon,Coffee,1,3.74,False
8373,Wednesday,Afternoon,Coffee,1,4.72,False
8374,Friday,Evening,Tea,3,11.13,True
8375,Thursday,Morning,Coffee,1,4.27,True
8376,Wednesday,Evening,Tea,1,3.9,True
8377,Monday,Afternoon,Sandwich,1,10.61,True
8378,Tuesday,Afternoon,Sandwich,1,11.21,True
8379,Thursday,Afternoon,Pastry,2,9.7,False
8380,Wednesday,Afternoon,Merchandise,1,37.26,False
8381,Wednesday,Morning,Merchandise,2,59.9,True
8382,Monday,Morning,Coffee,2,7.18,True
8383,Thursday,Evening,Tea,1,3.85,False
8384,Friday,Morning,Sandwich,1,9.37,False
8385,Tuesday,Morning,Tea,1,2.96,True
8386,Wednesday,Afternoon,Coffee,1,2.95,False
8387,Sunday,Morning,Tea,1,4.36,True
8388,Tuesday,Morning,Coffee,4,14.04,True
8389,Thursday,Afternoon,Coffee,1,3.66,False
8390,Monday,Afternoon,Coffee,1,4.61,False
8391,Thursday,Morning,Coffee,1,3.4,True
8392,Monday,Evening,Coffee,1,4.27,True
8393,Sunday,Morning,Pastry,1,5.59,True
8394,Thursday,Morning,Coffee,1,5.06,True
8395,Friday,Morning,Coffee,1,3.78,True
8396,Thursday,Afternoon,Coffee,1,3.99,True
8397,Thursday,Morning,Coffee,1,3.8,False
8398,Wednesday,Morning,Merchandise,3,104.73,True
8399,Friday,Afternoon,Coffee,1,4.65,True
8400,Sunday,Morning,Coffee,2,6.6,True
8401,Wednesday,Afternoon,Tea,1,3.76,False
8402,Saturday,Afternoon,Pastry,2,8.76,False
8403,Thursday,Evening,Tea,1,4.05,False
8404,Wednesday,Afternoon,Coffee,2,9.32,False
8405,Wednesday,Morning,Coffee,2,7.6,True
8406,Tuesday,Morning,Coffee,2,7.88,True
8407,Monday,Afternoon,Sandwich,2,21.14,False
8408,Tuesday,Afternoon,Coffee,1,4.49,False
8409,Wednesday,Morning,Coffee,1,2.76,True
8410,Wednesday,Afternoon,Sandwich,1,10.57,True
8411,Wednesday,Morning,Pastry,1,5.49,True
8412,Sunday,Evening,Coffee,1,4.13,True
8413,Tuesday,Evening,Merchandise,1,47.3,False
8414,Wednesday,Evening,Pastry,1,5.27,True
8415,Monday,Afternoon,Coffee,1,4.11,True
8416,Monday,Evening,Tea,1,3.83,True
8417,Friday,Morning,Coffee,1,4.01,False
8418,Thursday,Afternoon,Coffee,1,3.97,True
8419,Friday,Afternoon,Coffee,1,3.67,True
8420,Monday,Evening,Pastry,4,18.4,True
8421,Thursday,Afternoon,Sandwich,2,23.52,False
8422,Tuesday,Morning,Coffee,1,3.55,True
8423,Tuesday,Afternoon,Coffee,1,4.31,True
8424,Monday,Afternoon,Tea,1,3.63,True
8425,Monday,Morning,Tea,1,4.09,False
8426,Tuesday,Morning,Pastry,1,5.5,True
8427,Monday,Afternoon,Coffee,3,10.62,True
8428,Sunday,Morning,Coffee,3,11.13,False
8429,Tuesday,Morning,Coffee,2,7.48,False
8430,Monday,Morning,Pastry,1,4.21,True
8431,Tuesday,Evening,Coffee,1,3.8,True
8432,Thursday,Afternoon,Coffee,1,4.17,True
8433,Monday,Morning,Coffee,1,3.57,False
8434,Friday,Afternoon,Sandwich,1,8.65,False
8435,Sunday,Afternoon,Pastry,1,4.03,True
8436,Tuesday,Morning,Sandwich,2,20.18,False
8437,Wednesday,Morning,Coffee,2,7.94,True
8438,Monday,Afternoon,Tea,1,3.4,True
8439,Thursday,Morning,Coffee,2,7.16,True
8440,Wednesday,Afternoon,Sandwich,1,7.58,False
8441,Tuesday,Morning,Pastry,1,5.48,False
8442,Tuesday,Morning,Pastry,1,4.33,False
8443,Thursday,Evening,Pastry,1,6.13,True
8444,Wednesday,Morning,Tea,1,3.81,False
8445,Monday,Afternoon,Sandwich,1,11.7,True
8446,Thursday,Morning,Coffee,5,22.5,False
8447,Thursday,Morning,Pastry,1,4.6,True
8448,Friday,Morning,Pastry,3,12.42,True
8449,Monday,Morning,Coffee,1,3.51,True
8450,Friday,Morning,Pastry,1,5.17,True
8451,Thursday,Morning,Coffee,1,4.13,False
8452,Monday,Afternoon,Coffee,1,4.31,True
8453,Thursday,Afternoon,Pastry,1,4.99,True
8454,Wednesday,Morning,Coffee,1,4.18,True
8455,Sunday,Afternoon,Tea,2,6.62,False
8456,Monday,Morning,Pastry,1,5.11,False
8457,Thursday,Morning,Coffee,1,3.9,True
8458,Wednesday,Afternoon,Coffee,1,4.05,True
8459,Sunday,Morning,Tea,2,7.58,False
8460,Tuesday,Morning,Coffee,1,3.97,True
8461,Sunday,Morning,Coffee,1,3.09,True
8462,Saturday,Afternoon,Tea,1,3.92,True
8463,Tuesday,Afternoon,Coffee,1,4.63,True
8464,Friday,Morning,Coffee,3,9.24,True
8465,Sunday,Morning,Pastry,1,3.87,True
8466,Tuesday,Afternoon,Coffee,2,10.02,False
8467,Wednesday,Afternoon,Tea,1,3.59,False
8468,Wednesday,Morning,Sandwich,1,9.5,False
8469,Tuesday,Morning,Pastry,4,16.96,True
8470,Monday,Morning,Coffee,1,3.48,True
8471,Tuesday,Morning,Coffee,2,7.8,True
8472,Tuesday,Afternoon,Sandwich,1,10.67,False
8473,Wednesday,Morning,Tea,1,3.49,False
8474,Monday,Morning,Pastry,1,4.87,True
8475,Saturday,Evening,Tea,3,12.63,True
8476,Thursday,Afternoon,Coffee,2,7.42,True
8477,Monday,Afternoon,Tea,1,3.62,True
8478,Thursday,Morning,Tea,1,3.9,True
8479,Thursday,Afternoon,Sandwich,1,8.38,True
8480,Sunday,Afternoon,Coffee,1,4.09,True
8481,Monday,Morning,Coffee,1,4.94,True
8482,Tuesday,Evening,Merchandise,1,31.94,False
8483,Saturday,Afternoon,Coffee,2,9.06,True
8484,Saturday,Afternoon,Coffee,2,7.86,True
8485,Friday,Morning,Pastry,2,11.16,True
8486,Friday,Morning,Coffee,3,9.54,True
8487,Monday,Morning,Coffee,1,4.03,False
8488,Wednesday,Morning,Coffee,2,6.52,True
8489,Tuesday,Afternoon,Pastry,1,4.08,True
8490,Tuesday,Morning,Coffee,3,10.95,True
8491,Friday,Afternoon,Sandwich,1,9.18,True
8492,Monday,Morning,Coffee,1,3.41,False
8493,Wednesday,Morning,Tea,2,6.94,True
8494,Saturday,Afternoon,Coffee,3,12.69,True
8495,Tuesday,Morning,Coffee,2,6.46,True
8496,Sunday,Afternoon,Sandwich,2,17.48,True
8497,Sunday,Evening,Tea,1,4.52,True
8498,Thursday,Morning,Coffee,2,8.32,True
8499,Monday,Morning,Coffee,2,6.18,False
8500,Tuesday,Morning,Coffee,2,6.6,True
8501,Wednesday,Afternoon,Pastry,1,4.64,False
8502,Tuesday,Morning,Tea,1,3.54,True
8503,Tuesday,Afternoon,Coffee,1,3.71,True
8504,Sunday,Morning,Pastry,1,5.82,False
8505,Monday,Afternoon,Coffee,4,21.24,False
8506,Friday,Afternoon,Coffee,1,3.87,True
8507,Monday,Morning,Coffee,1,4.44,True
8508,Thursday,Morning,Coffee,5,22.3,True
8509,Saturday,Morning,Coffee,1,4.53,True
8510,Tuesday,Morning,Pastry,1,4.12,False
8511,Tuesday,Morning,Coffee,1,4.97,True
8512,Thursday,Morning,Coffee,1,3.97,False
8513,Thursday,Evening,Merchandise,1,39.8,True
8514,Thursday,Evening,Tea,2,7.0,True
8515,Tuesday,Afternoon,Coffee,1,3.93,True
8516,Tuesday,Morning,Coffee,1,4.14,False
8517,Sunday,Afternoon,Coffee,1,3.41,True
8518,Saturday,Morning,Coffee,1,3.01,False
8519,Wednesday,Morning,Coffee,1,3.89,True
8520,Friday,Morning,Coffee,1,3.56,True
8521,Wednesday,Morning,Tea,2,7.44,True
8522,Wednesday,Morning,Pastry,1,4.76,False
8523,Monday,Morning,Pastry,1,4.51,True
8524,Wednesday,Evening,Tea,1,4.09,True
8525,Wednesday,Morning,Coffee,1,4.0,True
8526,Monday,Evening,Pastry,1,3.63,True
8527,Wednesday,Morning,Coffee,1,3.89,True
8528,Friday,Morning,Coffee,3,13.77,False
8529,Thursday,Morning,Coffee,1,3.06,False
8530,Thursday,Afternoon,Coffee,1,3.95,True
8531,Saturday,Morning,Pastry,2,9.7,False
8532,Monday,Morning,Coffee,1,5.33,False
8533,Thursday,Morning,Sandwich,1,10.95,True
8534,Friday,Morning,Pastry,1,4.58,True
8535,Thursday,Afternoon,Coffee,3,12.78,False
8536,Tuesday,Morning,Coffee,3,9.15,True
8537,Monday,Morning,Coffee,1,3.48,True
8538,Saturday,Afternoon,Sandwich,1,10.28,False
8539,Wednesday,Morning,Coffee,1,4.08,True
8540,Saturday,Afternoon,Tea,1,3.62,True
8541,Thursday,Afternoon,Tea,1,3.51,False
8542,Thursday,Evening,Tea,1,3.5,True
8543,Friday,Morning,Pastry,2,9.12,False
8544,Thursday,Afternoon,Coffee,1,3.47,True
8545,Wednesday,Morning,Coffee,1,3.89,True
8546,Wednesday,Afternoon,Coffee,2,6.76,True
8547,Friday,Morning,Pastry,2,8.26,False
8548,Wednesday,Morning,Coffee,1,4.6,False
8549,Wednesday,Afternoon,Sandwich,3,27.84,False
8550,Monday,Morning,Pastry,1,4.86,True
8551,Saturday,Afternoon,Sandwich,1,9.64,True
8552,Monday,Afternoon,Pastry,1,4.27,True
8553,Thursday,Morning,Coffee,1,3.5,True
8554,Wednesday,Morning,Coffee,1,3.8,True
8555,Wednesday,Morning,Coffee,1,4.09,True
8556,Thursday,Evening,Tea,1,3.73,True
8557,Monday,Morning,Coffee,1,4.06,True
8558,Thursday,Afternoon,Tea,1,3.76,True
8559,Friday,Afternoon,Sandwich,1,7.68,True
8560,Friday,Evening,Coffee,1,4.43,True
8561,Monday,Afternoon,Coffee,1,3.44,True
8562,Saturday,Afternoon,Sandwich,1,10.68,True
8563,Thursday,Morning,Coffee,5,21.25,True
8564,Saturday,Morning,Tea,2,5.5,True
8565,Wednesday,Morning,Coffee,1,4.37,True
8566,Thursday,Afternoon,Merchandise,1,48.03,True
8567,Saturday,Afternoon,Sandwich,1,11.01,False
8568,Saturday,Afternoon,Tea,1,3.19,True
8569,Wednesday,Afternoon,Sandwich,1,9.72,True
8570,Tuesday,Morning,Coffee,1,4.35,True
8571,Wednesday,Morning,Coffee,1,4.37,True
8572,Wednesday,Morning,Pastry,1,4.75,True
8573,Tuesday,Morning,Tea,1,3.33,True
8574,Tuesday,Afternoon,Tea,1,3.9,True
8575,Friday,Morning,Coffee,3,13.5,False
8576,Monday,Afternoon,Sandwich,1,9.31,False
8577,Thursday,Afternoon,Coffee,1,3.61,True
8578,Monday,Morning,Pastry,1,4.06,True
8579,Tuesday,Morning,Tea,1,4.05,True
8580,Monday,Morning,Coffee,1,4.48,True
8581,Tuesday,Morning,Coffee,1,3.99,False
8582,Friday,Afternoon,Coffee,1,3.9,False
8583,Saturday,Morning,Pastry,2,6.88,True
8584,Tuesday,Afternoon,Sandwich,1,9.4,False
8585,Wednesday,Afternoon,Pastry,1,3.79,True
8586,Wednesday,Morning,Coffee,3,12.24,True
8587,Saturday,Afternoon,Sandwich,1,10.92,True
8588,Friday,Afternoon,Tea,1,3.11,True
8589,Wednesday,Afternoon,Sandwich,1,9.79,True
8590,Thursday,Morning,Coffee,1,4.5,True
8591,Friday,Morning,Pastry,1,4.63,False
8592,Monday,Morning,Pastry,1,4.19,False
8593,Wednesday,Morning,Coffee,1,4.01,True
8594,Saturday,Afternoon,Sandwich,1,10.65,False
8595,Friday,Afternoon,Tea,1,3.61,True
8596,Thursday,Evening,Coffee,2,8.0,True
8597,Wednesday,Morning,Coffee,2,9.16,True
8598,Tuesday,Morning,Tea,1,3.71,True
8599,Wednesday,Afternoon,Sandwich,4,32.24,False
8600,Thursday,Morning,Pastry,1,4.88,True
8601,Wednesday,Morning,Tea,2,7.76,True
8602,Thursday,Morning,Coffee,1,3.38,True
8603,Friday,Morning,Coffee,2,5.74,True
8604,Monday,Afternoon,Coffee,3,10.44,True
8605,Wednesday,Morning,Pastry,1,4.44,True
8606,Wednesday,Afternoon,Sandwich,1,10.71,True
8607,Thursday,Afternoon,Coffee,2,7.1,True
8608,Tuesday,Morning,Pastry,1,4.83,True
8609,Thursday,Evening,Pastry,1,2.76,False
8610,Saturday,Morning,Coffee,1,4.09,True
8611,Wednesday,Evening,Pastry,1,4.26,False
8612,Saturday,Morning,Pastry,1,5.76,True
8613,Sunday,Afternoon,Coffee,1,3.05,True
8614,Monday,Morning,Pastry,1,4.49,True
8615,Tuesday,Afternoon,Coffee,3,9.15,True
8616,Sunday,Afternoon,Coffee,1,3.73,False
8617,Sunday,Morning,Coffee,1,3.15,True
8618,Monday,Evening,Sandwich,1,12.26,True
8619,Monday,Morning,Coffee,2,7.64,True
8620,Monday,Morning,Pastry,1,4.37,True
8621,Sunday,Afternoon,Pastry,2,8.94,True
8622,Monday,Afternoon,Tea,1,3.05,False
8623,Wednesday,Morning,Pastry,1,5.13,True
8624,Friday,Morning,Coffee,1,4.32,True
8625,Monday,Evening,Sandwich,1,10.6,False
8626,Thursday,Afternoon,Coffee,2,6.78,False
8627,Tuesday,Morning,Tea,1,3.95,True
8628,Friday,Morning,Pastry,1,5.11,True
8629,Tuesday,Evening,Sandwich,2,18.44,False
8630,Thursday,Afternoon,Coffee,1,4.45,False
8631,Thursday,Evening,Pastry,1,4.66,True
8632,Tuesday,Morning,Coffee,3,9.6,True
8633,Monday,Afternoon,Tea,1,3.43,False
8634,Wednesday,Afternoon,Coffee,2,7.52,True
8635,Tuesday,Morning,Coffee,2,8.08,False
8636,Friday,Afternoon,Sandwich,1,10.73,True
8637,Friday,Afternoon,Sandwich,1,7.53,False
8638,Wednesday,Morning,Coffee,1,3.78,True
8639,Thursday,Afternoon,Sandwich,1,8.51,True
8640,Thursday,Afternoon,Coffee,2,7.22,True
8641,Friday,Afternoon,Sandwich,1,8.51,True
8642,Wednesday,Afternoon,Sandwich,1,9.58,False
8643,Tuesday,Morning,Pastry,1,4.81,False
8644,Tuesday,Morning,Coffee,1,4.17,True
8645,Wednesday,Afternoon,Sandwich,1,9.72,True
8646,Wednesday,Morning,Coffee,2,8.62,True
8647,Wednesday,Morning,Pastry,1,5.93,True
8648,Monday,Morning,Coffee,2,8.14,True
8649,Thursday,Morning,Pastry,1,5.11,True
8650,Tuesday,Afternoon,Coffee,1,4.48,True
8651,Tuesday,Morning,Coffee,1,4.89,False
8652,Wednesday,Morning,Coffee,4,17.12,True
8653,Tuesday,Evening,Pastry,1,3.99,True
8654,Thursday,Afternoon,Sandwich,3,29.61,False
8655,Wednesday,Afternoon,Sandwich,2,19.6,True
8656,Wednesday,Afternoon,Sandwich,2,20.96,True
8657,Wednesday,Afternoon,Coffee,1,3.56,True
8658,Tuesday,Afternoon,Sandwich,1,11.02,True
8659,Monday,Afternoon,Coffee,1,4.0,True
8660,Saturday,Evening,Pastry,1,5.0,True
8661,Wednesday,Morning,Pastry,3,14.07,True
8662,Wednesday,Evening,Coffee,2,8.12,True
8663,Monday,Morning,Pastry,2,9.28,False
8664,Wednesday,Morning,Pastry,1,4.9,True
8665,Thursday,Morning,Coffee,1,4.98,True
8666,Thursday,Morning,Coffee,1,2.99,True
8667,Thursday,Afternoon,Tea,1,3.72,False
8668,Monday,Evening,Merchandise,2,71.06,False
8669,Tuesday,Evening,Tea,2,6.86,True
8670,Friday,Evening,Pastry,1,3.08,False
8671,Sunday,Morning,Coffee,1,4.29,True
8672,Monday,Evening,Tea,1,3.45,True
8673,Wednesday,Morning,Pastry,1,4.0,True
8674,Tuesday,Afternoon,Coffee,1,4.02,True
8675,Monday,Morning,Sandwich,1,9.15,False
8676,Tuesday,Morning,Coffee,1,3.13,False
8677,Monday,Evening,Pastry,2,9.1,True
8678,Thursday,Evening,Coffee,1,4.29,True
8679,Wednesday,Afternoon,Sandwich,2,17.68,True
8680,Monday,Afternoon,Coffee,1,4.13,False
8681,Monday,Morning,Coffee,3,12.15,False
8682,Friday,Afternoon,Tea,5,19.6,True
8683,Monday,Afternoon,Tea,1,3.46,False
8684,Thursday,Morning,Tea,1,3.82,True
8685,Tuesday,Morning,Tea,1,3.37,True
8686,Thursday,Morning,Coffee,1,4.98,False
8687,Tuesday,Afternoon,Tea,1,3.33,True
8688,Monday,Morning,Pastry,1,4.09,True
8689,Tuesday,Morning,Coffee,2,7.9,True
8690,Tuesday,Morning,Coffee,1,3.64,True
8691,Wednesday,Afternoon,Coffee,1,3.38,True
8692,Thursday,Afternoon,Coffee,1,4.36,True
8693,Tuesday,Afternoon,Coffee,3,7.41,True
8694,Monday,Morning,Coffee,1,3.64,True
8695,Wednesday,Morning,Coffee,1,3.33,True
8696,Thursday,Morning,Coffee,3,12.21,False
8697,Sunday,Afternoon,Sandwich,1,6.87,True
8698,Thursday,Morning,Merchandise,1,41.41,True
8699,Wednesday,Morning,Sandwich,1,10.29,False
8700,Thursday,Afternoon,Sandwich,1,7.54,True
8701,Saturday,Morning,Coffee,1,4.1,False
8702,Friday,Afternoon,Coffee,2,8.52,True
8703,Tuesday,Morning,Pastry,1,5.06,False
8704,Tuesday,Afternoon,Coffee,1,3.27,True
8705,Tuesday,Morning,Coffee,1,3.2,False
8706,Wednesday,Morning,Coffee,1,4.75,True
8707,Friday,Morning,Coffee,1,3.59,False
8708,Wednesday,Afternoon,Sandwich,3,26.61,False
8709,Monday,Evening,Sandwich,3,30.78,False
8710,Friday,Morning,Pastry,1,3.8,True
8711,Friday,Afternoon,Sandwich,1,9.18,True
8712,Tuesday,Afternoon,Coffee,1,4.45,True
8713,Thursday,Evening,Sandwich,3,23.37,True
8714,Wednesday,Afternoon,Tea,1,3.3,False
8715,Saturday,Morning,Tea,1,3.05,True
8716,Friday,Afternoon,Coffee,2,7.22,False
8717,Wednesday,Morning,Pastry,1,5.21,True
8718,Thursday,Morning,Sandwich,1,11.19,True
8719,Saturday,Morning,Coffee,1,4.13,True
8720,Wednesday,Evening,Coffee,1,4.27,True
8721,Tuesday,Evening,Coffee,2,8.5,True
8722,Friday,Afternoon,Tea,1,3.23,True
8723,Tuesday,Evening,Tea,1,3.6,True
8724,Wednesday,Afternoon,Sandwich,1,7.95,False
8725,Friday,Morning,Coffee,2,7.04,True
8726,Friday,Morning,Coffee,2,7.92,False
8727,Wednesday,Morning,Pastry,1,3.86,False
8728,Tuesday,Morning,Coffee,1,3.36,True
8729,Tuesday,Morning,Coffee,1,3.64,False
8730,Tuesday,Morning,Pastry,1,5.19,False
8731,Monday,Afternoon,Sandwich,1,11.37,True
8732,Friday,Afternoon,Coffee,1,3.98,True
8733,Tuesday,Afternoon,Coffee,4,17.16,False
8734,Wednesday,Evening,Tea,1,3.27,True
8735,Wednesday,Morning,Coffee,1,2.97,False
8736,Sunday,Afternoon,Coffee,2,7.1,True
8737,Wednesday,Morning,Tea,1,3.38,True
8738,Monday,Morning,Pastry,1,4.58,True
8739,Monday,Evening,Coffee,1,3.95,True
8740,Thursday,Morning,Coffee,1,3.86,False
8741,Thursday,Morning,Coffee,3,11.13,True
8742,Wednesday,Morning,Coffee,1,4.17,True
8743,Wednesday,Afternoon,Sandwich,1,7.86,True
8744,Monday,Evening,Sandwich,3,31.38,True
8745,Wednesday,Morning,Coffee,1,3.71,False
8746,Wednesday,Afternoon,Coffee,1,5.03,True
8747,Monday,Morning,Tea,1,3.37,False
8748,Monday,Morning,Coffee,4,15.04,True
8749,Monday,Morning,Coffee,1,3.72,True
8750,Monday,Afternoon,Coffee,1,3.76,False
8751,Thursday,Morning,Coffee,1,4.3,True
8752,Tuesday,Afternoon,Coffee,4,15.92,True
8753,Tuesday,Morning,Merchandise,2,95.8,True
8754,Monday,Morning,Coffee,1,4.23,True
8755,Sunday,Afternoon,Coffee,2,8.04,True
8756,Friday,Morning,Tea,2,7.3,True
8757,Tuesday,Morning,Coffee,1,4.6,False
8758,Tuesday,Morning,Coffee,1,4.33,False
8759,Tuesday,Afternoon,Tea,1,3.61,True
8760,Wednesday,Afternoon,Tea,1,3.67,True
8761,Monday,Morning,Pastry,2,7.62,False
8762,Thursday,Morning,Coffee,1,5.29,True
8763,Wednesday,Morning,Pastry,1,4.82,True
8764,Saturday,Morning,Pastry,1,4.88,True
8765,Monday,Afternoon,Coffee,2,7.98,True
8766,Friday,Afternoon,Coffee,1,2.85,True
8767,Friday,Afternoon,Coffee,1,3.87,False
8768,Monday,Morning,Coffee,2,8.08,True
8769,Wednesday,Afternoon,Pastry,2,8.02,False
8770,Monday,Afternoon,Coffee,3,10.74,True
8771,Tuesday,Afternoon,Sandwich,1,9.09,False
8772,Tuesday,Afternoon,Coffee,1,4.39,True
8773,Thursday,Afternoon,Coffee,2,9.26,False
8774,Wednesday,Afternoon,Coffee,1,4.09,False
8775,Sunday,Morning,Coffee,1,3.72,True
8776,Monday,Afternoon,Sandwich,1,9.07,True
8777,Sunday,Morning,Tea,2,7.08,True
8778,Tuesday,Afternoon,Coffee,1,4.11,False
8779,Friday,Afternoon,Sandwich,1,10.02,False
8780,Tuesday,Afternoon,Sandwich,1,8.97,True
8781,Monday,Morning,Pastry,1,4.82,True
8782,Friday,Morning,Pastry,3,14.31,True
8783,Tuesday,Morning,Tea,1,3.34,True
8784,Thursday,Afternoon,Pastry,1,3.47,True
8785,Thursday,Afternoon,Tea,1,3.15,True
8786,Wednesday,Afternoon,Coffee,1,4.78,True
8787,Wednesday,Morning,Coffee,3,9.45,False
8788,Friday,Evening,Sandwich,5,55.4,True
8789,Monday,Evening,Pastry,1,3.46,True
8790,Thursday,Morning,Pastry,1,4.04,True
8791,Saturday,Afternoon,Tea,1,3.35,False
8792,Monday,Afternoon,Sandwich,1,11.64,False
8793,Monday,Afternoon,Sandwich,1,9.53,True
8794,Thursday,Evening,Pastry,1,4.37,False
8795,Wednesday,Morning,Tea,2,6.26,False
8796,Wednesday,Afternoon,Coffee,2,8.52,False
8797,Monday,Afternoon,Coffee,1,3.74,False
8798,Wednesday,Afternoon,Sandwich,2,18.46,True
8799,Monday,Afternoon,Coffee,2,7.64,True
8800,Wednesday,Evening,Tea,1,3.79,False
8801,Friday,Morning,Coffee,3,13.14,False
8802,Tuesday,Afternoon,Tea,2,6.28,True
8803,Wednesday,Morning,Pastry,1,4.12,True
8804,Sunday,Morning,Pastry,3,12.18,True
8805,Thursday,Morning,Pastry,1,4.61,True
8806,Friday,Afternoon,Tea,1,3.86,True
8807,Wednesday,Evening,Pastry,1,4.62,True
8808,Friday,Morning,Pastry,2,6.38,False
8809,Monday,Morning,Merchandise,1,44.37,False
8810,Monday,Afternoon,Sandwich,1,7.88,False
8811,Tuesday,Afternoon,Sandwich,1,8.64,True
8812,Wednesday,Evening,Coffee,1,4.1,False
8813,Friday,Morning,Coffee,1,3.96,True
8814,Tuesday,Morning,Pastry,1,5.02,True
8815,Thursday,Morning,Pastry,1,4.13,False
8816,Thursday,Morning,Pastry,2,7.84,True
8817,Thursday,Morning,Coffee,1,3.84,True
8818,Tuesday,Morning,Tea,2,7.78,False
8819,Thursday,Morning,Coffee,1,4.31,False
8820,Tuesday,Morning,Coffee,1,4.04,False
8821,Monday,Evening,Tea,2,8.06,True
8822,Sunday,Morning,Pastry,1,5.19,True
8823,Monday,Morning,Coffee,2,8.78,True
8824,Monday,Afternoon,Pastry,1,3.79,True
8825,Saturday,Afternoon,Tea,1,3.81,False
8826,Tuesday,Afternoon,Sandwich,1,9.26,False
8827,Thursday,Afternoon,Pastry,1,4.26,False
8828,Tuesday,Afternoon,Sandwich,1,8.68,True
8829,Wednesday,Afternoon,Coffee,1,3.91,False
8830,Tuesday,Afternoon,Coffee,1,3.69,False
8831,Tuesday,Afternoon,Sandwich,1,9.7,True
8832,Wednesday,Morning,Coffee,1,3.91,True
8833,Friday,Morning,Coffee,1,4.11,False
8834,Wednesday,Afternoon,Pastry,1,4.83,True
8835,Sunday,Morning,Tea,1,3.38,False
8836,Monday,Evening,Coffee,2,7.26,True
8837,Wednesday,Morning,Coffee,1,3.0,True
8838,Thursday,Morning,Pastry,1,4.96,False
8839,Saturday,Evening,Pastry,1,4.55,False
8840,Monday,Morning,Coffee,1,3.91,False
8841,Thursday,Evening,Tea,1,3.97,False
8842,Friday,Evening,Pastry,1,3.73,False
8843,Tuesday,Afternoon,Coffee,1,4.03,False
8844,Saturday,Afternoon,Sandwich,1,8.34,True
8845,Monday,Afternoon,Sandwich,1,10.29,False
8846,Friday,Afternoon,Tea,1,2.61,True
8847,Saturday,Afternoon,Sandwich,1,10.46,True
8848,Thursday,Afternoon,Tea,1,3.81,False
8849,Wednesday,Evening,Tea,1,3.13,False
8850,Monday,Afternoon,Sandwich,1,9.58,False
8851,Saturday,Evening,Pastry,1,3.96,True
8852,Wednesday,Morning,Coffee,1,4.21,True
8853,Monday,Morning,Coffee,1,4.41,True
8854,Thursday,Morning,Coffee,2,7.0,True
8855,Wednesday,Morning,Coffee,1,3.35,True
8856,Monday,Afternoon,Sandwich,1,10.82,False
8857,Tuesday,Morning,Tea,1,4.28,True
8858,Monday,Evening,Tea,1,3.7,True
8859,Thursday,Morning,Coffee,1,4.28,False
8860,Thursday,Morning,Coffee,1,3.83,False
8861,Wednesday,Morning,Coffee,1,4.09,True
8862,Friday,Afternoon,Coffee,1,4.18,True
8863,Friday,Morning,Coffee,1,3.91,True
8864,Thursday,Morning,Coffee,1,4.67,False
8865,Monday,Afternoon,Pastry,3,13.83,False
8866,Thursday,Morning,Pastry,2,9.36,True
8867,Wednesday,Morning,Coffee,4,15.68,False
8868,Thursday,Afternoon,Sandwich,1,9.43,True
8869,Thursday,Morning,Pastry,2,10.46,True
8870,Tuesday,Morning,Sandwich,2,19.36,False
8871,Saturday,Morning,Pastry,3,13.8,False
8872,Monday,Morning,Tea,1,3.57,False
8873,Thursday,Afternoon,Pastry,2,8.56,False
8874,Monday,Morning,Coffee,1,3.3,False
8875,Saturday,Afternoon,Sandwich,1,11.39,True
8876,Monday,Evening,Pastry,1,5.14,True
8877,Monday,Morning,Coffee,3,13.86,False
8878,Tuesday,Evening,Pastry,1,3.86,True
8879,Wednesday,Morning,Coffee,1,4.72,True
8880,Tuesday,Morning,Coffee,3,14.94,True
8881,Thursday,Morning,Coffee,1,4.52,False
8882,Wednesday,Morning,Pastry,2,10.98,True
8883,Monday,Afternoon,Sandwich,2,20.92,True
8884,Tuesday,Morning,Pastry,1,3.99,False
8885,Friday,Afternoon,Sandwich,1,10.11,True
8886,Thursday,Afternoon,Coffee,1,3.49,True
8887,Friday,Morning,Pastry,5,20.7,False
8888,Thursday,Afternoon,Coffee,2,8.32,True
8889,Tuesday,Evening,Sandwich,1,9.72,False
8890,Monday,Morning,Coffee,1,4.23,True
8891,Tuesday,Morning,Coffee,1,3.1,True
8892,Friday,Morning,Pastry,2,8.82,False
8893,Sunday,Morning,Tea,1,3.72,True
8894,Wednesday,Morning,Coffee,1,4.37,True
8895,Monday,Morning,Tea,2,7.66,False
8896,Monday,Afternoon,Pastry,1,4.65,True
8897,Tuesday,Afternoon,Coffee,1,3.81,True
8898,Thursday,Afternoon,Sandwich,2,20.2,False
8899,Monday,Morning,Coffee,1,3.85,True
8900,Sunday,Morning,Tea,1,3.86,True
8901,Wednesday,Morning,Coffee,1,4.21,True
8902,Saturday,Morning,Coffee,1,3.97,True
8903,Friday,Evening,Tea,1,3.19,True
8904,Friday,Morning,Coffee,2,9.12,True
8905,Thursday,Morning,Coffee,1,4.28,True
8906,Thursday,Morning,Tea,1,4.34,True
8907,Thursday,Afternoon,Sandwich,1,10.13,True
8908,Thursday,Afternoon,Sandwich,1,10.23,True
8909,Thursday,Morning,Pastry,1,3.62,False
8910,Sunday,Morning,Coffee,1,4.16,True
8911,Friday,Morning,Coffee,1,3.84,False
8912,Friday,Afternoon,Coffee,1,4.41,True
8913,Saturday,Evening,Tea,1,3.63,False
8914,Tuesday,Afternoon,Sandwich,2,21.36,False
8915,Monday,Afternoon,Tea,1,4.35,False
8916,Wednesday,Morning,Coffee,1,3.6,True
8917,Wednesday,Morning,Coffee,1,4.47,False
8918,Friday,Afternoon,Coffee,1,4.34,False
8919,Wednesday,Morning,Coffee,1,4.99,True
8920,Thursday,Evening,Pastry,1,4.92,True
8921,Wednesday,Morning,Coffee,1,4.3,True
8922,Monday,Morning,Tea,1,3.84,True
8923,Thursday,Afternoon,Pastry,1,5.05,True
8924,Friday,Morning,Pastry,1,5.37,True
8925,Monday,Morning,Pastry,1,4.01,True
8926,Thursday,Morning,Pastry,2,8.52,True
8927,Thursday,Afternoon,Tea,1,4.19,False
8928,Monday,Morning,Coffee,1,3.02,True
8929,Monday,Morning,Pastry,1,4.45,True
8930,Sunday,Afternoon,Coffee,1,4.07,False
8931,Wednesday,Morning,Coffee,3,11.73,True
8932,Tuesday,Evening,Tea,2,8.26,True
8933,Monday,Morning,Tea,1,3.69,True
8934,Thursday,Afternoon,Coffee,1,3.81,True
8935,Thursday,Morning,Pastry,4,16.48,False
8936,Thursday,Afternoon,Pastry,2,9.34,True
8937,Monday,Afternoon,Tea,1,3.97,True
8938,Saturday,Evening,Tea,1,3.56,True
8939,Wednesday,Morning,Coffee,1,3.93,False
8940,Tuesday,Morning,Coffee,2,7.3,False
8941,Wednesday,Afternoon,Coffee,2,8.38,True
8942,Wednesday,Morning,Coffee,1,4.16,True
8943,Friday,Morning,Pastry,1,4.07,True
8944,Saturday,Evening,Pastry,3,15.36,False
8945,Tuesday,Morning,Coffee,2,9.7,True
8946,Friday,Evening,Pastry,1,4.53,False
8947,Friday,Morning,Coffee,1,4.15,False
8948,Saturday,Afternoon,Coffee,1,3.45,False
8949,Tuesday,Afternoon,Coffee,1,4.37,False
8950,Thursday,Morning,Pastry,1,4.78,True
8951,Tuesday,Evening,Pastry,1,4.3,True
8952,Friday,Morning,Tea,3,9.6,True
8953,Monday,Afternoon,Tea,2,8.48,True
8954,Thursday,Afternoon,Sandwich,1,9.96,True
8955,Tuesday,Morning,Coffee,2,7.08,True
8956,Tuesday,Evening,Coffee,1,4.43,True
8957,Thursday,Morning,Pastry,1,4.64,False
8958,Friday,Afternoon,Coffee,2,8.06,True
8959,Thursday,Morning,Coffee,1,4.49,True
8960,Friday,Afternoon,Coffee,2,5.38,True
8961,Tuesday,Afternoon,Sandwich,1,7.33,False
8962,Wednesday,Morning,Pastry,1,5.33,False
8963,Wednesday,Afternoon,Sandwich,1,9.35,True
8964,Monday,Morning,Pastry,1,4.24,True
8965,Thursday,Morning,Coffee,1,3.33,True
8966,Thursday,Morning,Coffee,3,12.3,False
8967,Thursday,Morning,Tea,1,3.63,True
8968,Friday,Morning,Sandwich,1,11.23,False
8969,Thursday,Morning,Coffee,1,4.19,False
8970,Monday,Morning,Sandwich,2,18.28,False
8971,Monday,Morning,Coffee,1,4.2,False
8972,Thursday,Morning,Pastry,1,5.17,False
8973,Tuesday,Afternoon,Sandwich,2,21.14,True
8974,Monday,Afternoon,Sandwich,3,30.75,True
8975,Wednesday,Morning,Coffee,2,8.28,True
8976,Thursday,Afternoon,Coffee,1,3.71,True
8977,Tuesday,Afternoon,Coffee,1,3.48,False
8978,Friday,Afternoon,Pastry,2,7.58,False
8979,Thursday,Morning,Tea,3,10.98,True
8980,Tuesday,Morning,Pastry,5,24.0,True
8981,Friday,Afternoon,Tea,1,3.94,True
8982,Thursday,Afternoon,Coffee,2,8.56,True
8983,Thursday,Morning,Coffee,1,4.53,True
8984,Thursday,Morning,Coffee,1,3.93,True
8985,Monday,Afternoon,Sandwich,1,10.43,True
8986,Thursday,Afternoon,Sandwich,4,33.2,True
8987,Wednesday,Afternoon,Merchandise,1,34.49,False
8988,Sunday,Morning,Coffee,1,3.08,False
8989,Friday,Morning,Coffee,3,12.06,True
8990,Thursday,Morning,Coffee,1,4.61,True
8991,Tuesday,Morning,Coffee,1,4.04,True
8992,Tuesday,Morning,Sandwich,2,20.74,True
8993,Tuesday,Afternoon,Coffee,2,8.28,True
8994,Wednesday,Morning,Coffee,1,3.71,True
8995,Tuesday,Afternoon,Sandwich,3,27.84,True
8996,Wednesday,Morning,Tea,1,3.97,True
8997,Monday,Morning,Coffee,3,13.08,True
8998,Sunday,Morning,Pastry,2,8.26,True
8999,Monday,Morning,Coffee,1,3.31,False
9000,Saturday,Afternoon,Sandwich,2,19.5,True
9001,Saturday,Morning,Coffee,1,3.71,True
9002,Wednesday,Morning,Coffee,1,3.91,True
9003,Friday,Morning,Coffee,3,9.81,True
9004,Wednesday,Morning,Coffee,1,4.52,True
9005,Thursday,Afternoon,Pastry,1,4.44,True
9006,Tuesday,Morning,Tea,1,3.52,True
9007,Tuesday,Afternoon,Tea,1,3.17,False
9008,Thursday,Afternoon,Sandwich,2,18.34,True
9009,Wednesday,Morning,Coffee,3,12.18,True
9010,Thursday,Morning,Coffee,1,3.69,True
9011,Tuesday,Afternoon,Sandwich,1,9.24,False
9012,Wednesday,Afternoon,Sandwich,1,11.16,True
9013,Monday,Morning,Coffee,1,3.12,True
9014,Monday,Morning,Coffee,1,4.09,True
9015,Tuesday,Morning,Tea,1,3.19,True
9016,Monday,Morning,Coffee,1,4.67,True
9017,Monday,Morning,Coffee,1,3.91,False
9018,Friday,Morning,Coffee,3,10.44,False
9019,Monday,Morning,Coffee,2,7.78,True
9020,Thursday,Morning,Coffee,2,8.34,False
9021,Tuesday,Morning,Pastry,1,6.17,False
9022,Saturday,Afternoon,Coffee,2,5.9,True
9023,Wednesday,Afternoon,Coffee,3,10.2,True
9024,Tuesday,Evening,Sandwich,3,33.21,False
9025,Wednesday,Morning,Pastry,1,3.59,False
9026,Wednesday,Afternoon,Coffee,1,4.0,True
9027,Thursday,Morning,Pastry,1,4.21,False
9028,Monday,Afternoon,Sandwich,1,8.73,True
9029,Sunday,Morning,Coffee,5,19.55,True
9030,Wednesday,Morning,Coffee,1,3.83,True
9031,Tuesday,Evening,Sandwich,1,10.77,True
9032,Thursday,Afternoon,Coffee,1,4.66,True
9033,Wednesday,Evening,Tea,1,3.67,True
9034,Friday,Morning,Tea,3,10.23,True
9035,Wednesday,Morning,Coffee,1,4.13,True
9036,Thursday,Morning,Tea,1,3.82,True
9037,Monday,Afternoon,Pastry,1,5.1,True
9038,Friday,Afternoon,Coffee,1,4.19,True
9039,Friday,Evening,Tea,2,8.22,True
9040,Tuesday,Morning,Coffee,2,7.38,True
9041,Monday,Afternoon,Sandwich,1,10.87,True
9042,Tuesday,Morning,Tea,3,11.34,False
9043,Sunday,Morning,Coffee,1,3.69,True
9044,Tuesday,Morning,Sandwich,1,9.78,True
9045,Wednesday,Morning,Coffee,3,12.45,False
9046,Monday,Morning,Coffee,1,3.93,True
9047,Wednesday,Morning,Coffee,1,3.92,False
9048,Thursday,Morning,Coffee,1,3.24,True
9049,Sunday,Morning,Tea,2,6.44,True
9050,Wednesday,Morning,Coffee,4,15.52,True
9051,Friday,Morning,Coffee,1,3.71,False
9052,Thursday,Morning,Coffee,1,3.57,True
9053,Monday,Evening,Pastry,1,5.14,True
9054,Tuesday,Evening,Sandwich,2,18.76,True
9055,Thursday,Morning,Pastry,1,5.8,False
9056,Sunday,Evening,Coffee,2,8.22,True
9057,Friday,Afternoon,Pastry,2,10.24,True
9058,Tuesday,Morning,Coffee,1,3.9,True
9059,Tuesday,Morning,Coffee,1,3.67,True
9060,Tuesday,Evening,Sandwich,1,9.82,True
9061,Saturday,Afternoon,Tea,1,4.02,False
9062,Friday,Afternoon,Coffee,1,3.96,True
9063,Friday,Afternoon,Tea,1,3.68,True
9064,Wednesday,Morning,Coffee,1,4.13,False
9065,Wednesday,Morning,Coffee,1,3.95,False
9066,Wednesday,Morning,Coffee,2,7.96,False
9067,Tuesday,Morning,Coffee,2,7.0,True
9068,Wednesday,Morning,Pastry,5,22.45,True
9069,Monday,Morning,Coffee,1,4.33,True
9070,Monday,Morning,Pastry,1,4.68,False
9071,Saturday,Morning,Pastry,1,4.61,False
9072,Friday,Morning,Tea,1,3.79,True
9073,Wednesday,Morning,Coffee,1,4.1,False
9074,Wednesday,Morning,Coffee,1,4.01,True
9075,Wednesday,Morning,Tea,1,3.79,True
9076,Friday,Afternoon,Tea,1,3.55,False
9077,Friday,Evening,Coffee,1,3.88,True
9078,Friday,Morning,Coffee,1,4.23,True
9079,Friday,Morning,Pastry,1,4.48,False
9080,Tuesday,Afternoon,Sandwich,2,18.32,True
9081,Tuesday,Morning,Coffee,1,4.08,True
9082,Wednesday,Afternoon,Pastry,1,4.6,False
9083,Tuesday,Morning,Pastry,1,3.84,True
9084,Friday,Afternoon,Coffee,1,4.17,True
9085,Tuesday,Evening,Coffee,2,9.84,False
9086,Monday,Afternoon,Coffee,1,3.51,True
9087,Wednesday,Morning,Pastry,2,8.4,True
9088,Sunday,Afternoon,Coffee,1,5.39,True
9089,Tuesday,Afternoon,Coffee,1,3.59,False
9090,Thursday,Afternoon,Tea,3,12.03,False
9091,Wednesday,Morning,Pastry,2,8.72,True
9092,Monday,Afternoon,Sandwich,1,9.57,True
9093,Wednesday,Morning,Coffee,2,7.86,False
9094,Thursday,Morning,Pastry,1,4.76,False
9095,Wednesday,Afternoon,Coffee,1,3.21,True
9096,Saturday,Morning,Coffee,1,4.09,True
9097,Tuesday,Afternoon,Sandwich,3,27.06,True
9098,Monday,Afternoon,Pastry,1,3.38,False
9099,Saturday,Morning,Coffee,2,9.12,False
9100,Wednesday,Afternoon,Tea,1,2.66,True
9101,Thursday,Evening,Sandwich,1,12.08,True
9102,Friday,Morning,Pastry,2,9.74,True
9103,Tuesday,Afternoon,Sandwich,1,7.87,False
9104,Thursday,Morning,Coffee,1,4.67,True
9105,Monday,Morning,Pastry,1,4.05,False
9106,Tuesday,Morning,Coffee,2,7.3,False
9107,Monday,Morning,Tea,1,2.78,False
9108,Friday,Morning,Pastry,1,3.98,True
9109,Tuesday,Evening,Tea,1,3.2,True
9110,Thursday,Afternoon,Coffee,3,13.23,False
9111,Sunday,Morning,Coffee,1,4.58,True
9112,Wednesday,Morning,Tea,2,6.0,True
9113,Thursday,Morning,Coffee,2,8.28,True
9114,Wednesday,Morning,Coffee,1,3.08,True
9115,Tuesday,Morning,Coffee,1,4.14,False
9116,Wednesday,Morning,Coffee,1,5.08,True
9117,Thursday,Morning,Pastry,1,3.43,False
9118,Sunday,Morning,Coffee,1,3.49,True
9119,Saturday,Afternoon,Coffee,2,8.72,True
9120,Friday,Afternoon,Sandwich,1,10.51,False
9121,Saturday,Morning,Pastry,1,3.94,False
9122,Wednesday,Morning,Coffee,1,4.74,True
9123,Thursday,Morning,Coffee,1,3.59,True
9124,Saturday,Evening,Sandwich,1,11.51,True
9125,Wednesday,Afternoon,Tea,2,7.38,True
9126,Sunday,Afternoon,Sandwich,1,11.03,False
9127,Wednesday,Evening,Tea,1,3.65,True
9128,Thursday,Morning,Coffee,2,8.66,True
9129,Thursday,Evening,Tea,1,3.78,True
9130,Sunday,Morning,Coffee,2,9.14,True
9131,Tuesday,Morning,Pastry,1,4.48,True
9132,Friday,Afternoon,Sandwich,2,16.84,True
9133,Wednesday,Morning,Sandwich,1,9.41,True
9134,Tuesday,Afternoon,Sandwich,1,8.7,False
9135,Friday,Morning,Pastry,1,4.14,True
9136,Thursday,Afternoon,Sandwich,1,11.49,True
9137,Thursday,Morning,Pastry,2,9.74,False
9138,Tuesday,Morning,Coffee,1,4.29,True
9139,Wednesday,Evening,Tea,1,3.93,False
9140,Thursday,Afternoon,Sandwich,1,10.24,True
9141,Wednesday,Evening,Sandwich,1,11.74,True
9142,Tuesday,Afternoon,Sandwich,1,6.99,True
9143,Sunday,Afternoon,Sandwich,1,8.3,False
9144,Wednesday,Afternoon,Tea,1,3.22,True
9145,Friday,Morning,Pastry,1,3.67,True
9146,Wednesday,Morning,Sandwich,3,28.92,False
9147,Tuesday,Morning,Coffee,1,4.08,False
9148,Wednesday,Afternoon,Sandwich,1,11.87,False
9149,Wednesday,Morning,Coffee,1,4.45,True
9150,Thursday,Evening,Pastry,2,8.4,False
9151,Thursday,Morning,Pastry,1,4.8,True
9152,Wednesday,Afternoon,Tea,1,2.77,True
9153,Monday,Morning,Coffee,1,4.07,True
9154,Wednesday,Morning,Coffee,1,4.04,False
9155,Monday,Evening,Coffee,1,3.55,True
9156,Monday,Morning,Coffee,2,7.8,False
9157,Saturday,Morning,Coffee,1,3.65,True
9158,Thursday,Morning,Pastry,1,3.94,True
9159,Thursday,Morning,Coffee,2,8.68,True
9160,Wednesday,Morning,Coffee,1,4.52,True
9161,Saturday,Afternoon,Sandwich,1,10.11,True
9162,Thursday,Morning,Pastry,1,4.24,True
9163,Friday,Afternoon,Sandwich,4,34.8,False
9164,Wednesday,Morning,Coffee,1,3.8,False
9165,Sunday,Afternoon,Coffee,1,3.89,True
9166,Friday,Afternoon,Tea,1,3.15,True
9167,Friday,Morning,Coffee,1,4.53,True
9168,Monday,Morning,Pastry,1,4.38,True
9169,Tuesday,Morning,Coffee,2,8.76,True
9170,Tuesday,Afternoon,Sandwich,1,7.82,False
9171,Tuesday,Afternoon,Tea,2,6.44,False
9172,Friday,Evening,Tea,1,3.84,True
9173,Monday,Morning,Coffee,3,13.32,False
9174,Monday,Morning,Pastry,4,15.12,True
9175,Tuesday,Morning,Coffee,1,4.15,True
9176,Tuesday,Morning,Coffee,1,4.16,False
9177,Tuesday,Morning,Coffee,2,7.3,True
9178,Friday,Morning,Coffee,1,4.18,True
9179,Thursday,Afternoon,Sandwich,1,7.6,False
9180,Monday,Morning,Coffee,4,14.16,False
9181,Wednesday,Afternoon,Coffee,1,4.3,True
9182,Wednesday,Morning,Pastry,1,4.52,True
9183,Monday,Evening,Pastry,2,9.1,False
9184,Thursday,Evening,Coffee,1,3.91,True
9185,Thursday,Evening,Coffee,1,4.27,True
9186,Friday,Afternoon,Coffee,1,4.29,False
9187,Friday,Afternoon,Tea,1,3.82,True
9188,Monday,Afternoon,Sandwich,3,28.95,False
9189,Sunday,Morning,Tea,3,10.02,True
9190,Friday,Afternoon,Coffee,1,3.72,False
9191,Saturday,Afternoon,Sandwich,2,16.46,False
9192,Monday,Evening,Tea,1,3.34,False
9193,Saturday,Morning,Coffee,1,3.7,True
9194,Friday,Morning,Pastry,1,5.46,True
9195,Friday,Afternoon,Coffee,1,3.48,True
9196,Monday,Evening,Coffee,1,4.52,False
9197,Friday,Morning,Pastry,1,4.34,True
9198,Sunday,Morning,Coffee,1,3.9,True
9199,Thursday,Morning,Coffee,1,4.2,True
9200,Thursday,Morning,Pastry,4,14.6,True
9201,Sunday,Morning,Tea,4,12.72,False
9202,Wednesday,Morning,Pastry,2,7.52,False
9203,Thursday,Afternoon,Coffee,1,3.81,True
9204,Wednesday,Morning,Coffee,1,3.55,False
9205,Saturday,Morning,Coffee,1,4.66,False
9206,Monday,Afternoon,Pastry,1,4.15,True
9207,Wednesday,Evening,Tea,1,2.55,True
9208,Thursday,Evening,Pastry,1,4.3,False
9209,Friday,Morning,Coffee,1,4.4,True
9210,Thursday,Evening,Coffee,2,9.64,False
9211,Saturday,Morning,Coffee,1,3.89,True
9212,Sunday,Afternoon,Sandwich,1,8.88,False
9213,Monday,Afternoon,Sandwich,1,9.48,False
9214,Wednesday,Morning,Merchandise,1,39.72,False
9215,Monday,Morning,Coffee,1,3.44,True
9216,Tuesday,Morning,Coffee,1,3.88,False
9217,Wednesday,Afternoon,Coffee,2,7.96,True
9218,Saturday,Morning,Tea,1,3.52,False
9219,Friday,Afternoon,Coffee,1,3.93,False
9220,Monday,Morning,Coffee,1,3.53,True
9221,Monday,Morning,Coffee,1,4.17,False
9222,Thursday,Evening,Tea,1,3.48,True
9223,Wednesday,Afternoon,Coffee,1,3.98,False
9224,Tuesday,Evening,Coffee,1,3.46,False
9225,Saturday,Morning,Coffee,2,8.64,True
9226,Saturday,Morning,Coffee,1,3.53,True
9227,Wednesday,Morning,Coffee,1,4.81,True
9228,Saturday,Morning,Pastry,1,3.79,True
9229,Wednesday,Morning,Coffee,1,4.38,True
9230,Friday,Afternoon,Sandwich,1,7.21,True
9231,Wednesday,Morning,Coffee,1,2.87,True
9232,Monday,Morning,Coffee,2,7.44,True
9233,Saturday,Morning,Coffee,1,2.87,False
9234,Wednesday,Afternoon,Sandwich,1,10.38,True
9235,Friday,Afternoon,Pastry,1,4.49,True
9236,Wednesday,Morning,Coffee,2,9.4,True
9237,Monday,Morning,Coffee,1,3.92,False
9238,Monday,Morning,Coffee,1,4.12,True
9239,Wednesday,Evening,Tea,1,3.39,False
9240,Thursday,Evening,Coffee,1,3.56,True
9241,Tuesday,Afternoon,Pastry,1,4.26,True
9242,Thursday,Morning,Coffee,1,3.4,True
9243,Thursday,Morning,Pastry,1,4.73,True
9244,Thursday,Afternoon,Pastry,2,8.64,True
9245,Wednesday,Evening,Coffee,1,3.95,True
9246,Saturday,Evening,Sandwich,1,12.89,True
9247,Wednesday,Afternoon,Sandwich,1,9.02,False
9248,Wednesday,Morning,Coffee,1,4.16,True
9249,Tuesday,Evening,Coffee,1,3.97,True
9250,Tuesday,Afternoon,Sandwich,2,21.78,True
9251,Monday,Afternoon,Tea,1,3.6,False
9252,Thursday,Morning,Pastry,2,8.68,True
9253,Tuesday,Morning,Coffee,1,5.15,True
9254,Tuesday,Morning,Coffee,2,7.14,False
9255,Friday,Morning,Pastry,1,4.38,True
9256,Tuesday,Morning,Sandwich,1,10.6,True
9257,Tuesday,Afternoon,Coffee,1,3.59,False
9258,Monday,Morning,Pastry,1,4.96,True
9259,Friday,Morning,Coffee,1,3.76,False
9260,Monday,Morning,Pastry,1,5.1,True
9261,Wednesday,Morning,Pastry,4,20.36,True
9262,Wednesday,Evening,Coffee,2,7.9,True
9263,Thursday,Morning,Coffee,2,7.0,True
9264,Thursday,Morning,Coffee,1,3.8,False
9265,Friday,Evening,Coffee,2,7.98,True
9266,Monday,Afternoon,Coffee,1,4.44,True
9267,Tuesday,Morning,Pastry,1,4.69,True
9268,Tuesday,Afternoon,Coffee,1,4.27,False
9269,Monday,Afternoon,Tea,1,3.64,False
9270,Tuesday,Afternoon,Sandwich,1,10.52,True
9271,Tuesday,Morning,Coffee,1,3.9,True
9272,Wednesday,Evening,Tea,1,3.57,True
9273,Thursday,Morning,Coffee,2,8.02,False
9274,Wednesday,Morning,Coffee,3,11.34,True
9275,Thursday,Morning,Coffee,1,4.51,True
9276,Tuesday,Morning,Pastry,1,5.09,True
9277,Tuesday,Evening,Tea,2,7.96,False
9278,Thursday,Afternoon,Sandwich,1,8.58,True
9279,Monday,Morning,Tea,3,10.92,True
9280,Monday,Morning,Tea,2,7.88,True
9281,Wednesday,Morning,Coffee,1,4.75,True
9282,Sunday,Evening,Tea,1,2.9,False
9283,Friday,Afternoon,Sandwich,4,38.0,False
9284,Monday,Afternoon,Coffee,3,11.73,False
9285,Friday,Afternoon,Coffee,1,4.8,True
9286,Friday,Afternoon,Sandwich,1,6.85,False
9287,Thursday,Afternoon,Sandwich,1,8.24,True
9288,Friday,Morning,Coffee,1,4.72,True
9289,Wednesday,Afternoon,Sandwich,3,26.82,False
9290,Tuesday,Afternoon,Pastry,2,7.44,True
9291,Wednesday,Afternoon,Coffee,1,4.76,True
9292,Thursday,Evening,Pastry,1,3.64,True
9293,Wednesday,Afternoon,Sandwich,2,21.46,True
9294,Thursday,Afternoon,Merchandise,1,24.21,False
9295,Sunday,Evening,Coffee,1,3.28,True
9296,Saturday,Morning,Tea,1,3.58,False
9297,Saturday,Morning,Coffee,1,3.58,False
9298,Friday,Afternoon,Coffee,2,8.28,False
9299,Sunday,Morning,Tea,2,8.44,False
9300,Monday,Afternoon,Coffee,1,3.92,True
9301,Tuesday,Afternoon,Tea,1,4.15,True
9302,Wednesday,Afternoon,Coffee,1,4.16,True
9303,Friday,Evening,Tea,1,3.88,True
9304,Wednesday,Morning,Coffee,2,5.64,True
9305,Friday,Afternoon,Tea,1,3.75,False
9306,Monday,Afternoon,Pastry,3,14.37,True
9307,Tuesday,Morning,Coffee,1,3.82,False
9308,Friday,Morning,Tea,1,4.26,False
9309,Monday,Afternoon,Sandwich,1,8.91,False
9310,Tuesday,Afternoon,Coffee,1,3.2,False
9311,Tuesday,Afternoon,Pastry,1,4.97,True
9312,Tuesday,Morning,Tea,1,2.93,False
9313,Thursday,Morning,Coffee,1,4.04,True
9314,Wednesday,Morning,Coffee,4,18.68,False
9315,Thursday,Morning,Tea,1,3.7,False
9316,Monday,Evening,Coffee,1,3.88,True
9317,Friday,Morning,Coffee,1,3.82,False
9318,Wednesday,Evening,Pastry,1,5.26,True
9319,Thursday,Evening,Coffee,1,3.39,True
9320,Friday,Evening,Pastry,1,4.97,True
9321,Tuesday,Morning,Tea,1,4.38,False
9322,Saturday,Evening,Sandwich,1,10.15,False
9323,Thursday,Morning,Coffee,1,3.88,True
9324,Wednesday,Morning,Merchandise,1,33.54,True
9325,Tuesday,Morning,Tea,2,6.62,True
9326,Sunday,Evening,Tea,2,6.48,True
9327,Friday,Morning,Coffee,2,8.12,True
9328,Tuesday,Morning,Coffee,1,4.34,False
9329,Tuesday,Morning,Pastry,4,21.88,True
9330,Friday,Morning,Coffee,3,9.06,False
9331,Thursday,Morning,Tea,2,5.04,True
9332,Friday,Afternoon,Tea,1,4.15,True
9333,Wednesday,Afternoon,Tea,1,3.52,True
9334,Thursday,Evening,Tea,2,7.08,True
9335,Wednesday,Afternoon,Sandwich,2,20.2,True
9336,Tuesday,Evening,Tea,1,3.43,True
9337,Thursday,Morning,Coffee,1,4.99,True
9338,Sunday,Afternoon,Tea,1,3.7,False
9339,Tuesday,Afternoon,Sandwich,1,8.96,True
9340,Wednesday,Morning,Pastry,2,8.58,True
9341,Thursday,Afternoon,Coffee,1,3.93,True
9342,Thursday,Afternoon,Sandwich,1,8.57,True
9343,Friday,Afternoon,Coffee,2,9.68,True
9344,Friday,Afternoon,Coffee,1,4.06,True
9345,Monday,Morning,Coffee,1,3.41,True
9346,Sunday,Afternoon,Coffee,2,8.4,True
9347,Friday,Morning,Coffee,1,4.72,True
9348,Friday,Afternoon,Sandwich,1,10.77,True
9349,Thursday,Afternoon,Sandwich,2,17.18,True
9350,Friday,Evening,Pastry,2,7.66,False
9351,Monday,Morning,Tea,2,8.14,True
9352,Tuesday,Morning,Pastry,1,3.53,True
9353,Saturday,Morning,Coffee,1,4.19,True
9354,Tuesday,Morning,Tea,2,6.54,False
9355,Monday,Afternoon,Pastry,1,5.29,True
9356,Friday,Afternoon,Sandwich,1,8.23,True
9357,Friday,Afternoon,Coffee,1,3.6,False
9358,Monday,Afternoon,Coffee,1,4.31,True
9359,Friday,Morning,Tea,1,3.82,False
9360,Thursday,Morning,Pastry,1,5.32,True
9361,Wednesday,Morning,Coffee,1,4.24,True
9362,Friday,Afternoon,Pastry,5,23.55,True
9363,Wednesday,Afternoon,Coffee,1,4.52,False
9364,Tuesday,Afternoon,Sandwich,1,7.86,True
9365,Tuesday,Morning,Coffee,1,3.56,True
9366,Wednesday,Morning,Coffee,1,3.36,True
9367,Wednesday,Evening,Coffee,3,7.98,True
9368,Friday,Morning,Coffee,2,8.84,True
9369,Friday,Afternoon,Coffee,2,9.42,False
9370,Thursday,Morning,Pastry,2,9.66,True
9371,Friday,Morning,Pastry,3,14.19,True
9372,Tuesday,Afternoon,Coffee,1,4.04,False
9373,Monday,Morning,Tea,1,3.52,False
9374,Saturday,Afternoon,Coffee,1,4.85,False
9375,Monday,Afternoon,Tea,1,4.12,False
9376,Tuesday,Morning,Coffee,1,3.71,True
9377,Thursday,Afternoon,Coffee,1,4.55,True
9378,Wednesday,Afternoon,Sandwich,1,10.98,True
9379,Saturday,Morning,Coffee,1,4.33,True
9380,Tuesday,Afternoon,Sandwich,1,9.97,True
9381,Monday,Afternoon,Sandwich,1,9.92,False
9382,Tuesday,Morning,Pastry,2,7.22,True
9383,Thursday,Evening,Sandwich,1,7.62,True
9384,Wednesday,Morning,Pastry,4,19.88,False
9385,Wednesday,Afternoon,Pastry,2,7.68,False
9386,Saturday,Afternoon,Tea,1,2.94,False
9387,Saturday,Morning,Coffee,1,2.96,True
9388,Tuesday,Morning,Pastry,1,4.21,False
9389,Wednesday,Morning,Coffee,2,8.38,True
9390,Thursday,Morning,Pastry,1,4.77,False
9391,Sunday,Afternoon,Coffee,1,4.43,True
9392,Sunday,Afternoon,Coffee,1,3.8,True
9393,Tuesday,Morning,Coffee,1,4.05,True
9394,Friday,Afternoon,Sandwich,3,31.53,False
9395,Wednesday,Evening,Coffee,1,4.23,True
9396,Monday,Afternoon,Tea,1,3.27,False
9397,Monday,Afternoon,Tea,1,3.62,True
9398,Wednesday,Afternoon,Coffee,2,6.02,True
9399,Wednesday,Morning,Coffee,2,8.0,True
9400,Monday,Morning,Coffee,1,3.69,True
9401,Thursday,Afternoon,Coffee,1,4.76,False
9402,Tuesday,Morning,Coffee,1,3.51,True
9403,Thursday,Afternoon,Sandwich,1,9.64,False
9404,Tuesday,Afternoon,Sandwich,3,26.97,True
9405,Monday,Afternoon,Pastry,1,4.17,True
9406,Wednesday,Morning,Coffee,1,4.19,False
9407,Tuesday,Morning,Coffee,1,3.79,False
9408,Wednesday,Morning,Merchandise,1,65.7,False
9409,Tuesday,Morning,Coffee,1,3.01,True
9410,Wednesday,Morning,Coffee,1,4.32,True
9411,Monday,Afternoon,Coffee,1,3.96,True
9412,Thursday,Morning,Coffee,2,7.94,True
9413,Friday,Morning,Coffee,1,4.15,True
9414,Monday,Morning,Pastry,1,5.1,True
9415,Wednesday,Morning,Coffee,1,4.13,True
9416,Monday,Morning,Coffee,1,4.5,True
9417,Thursday,Morning,Coffee,1,4.02,True
9418,Tuesday,Evening,Sandwich,1,8.26,True
9419,Wednesday,Morning,Coffee,1,3.96,False
9420,Wednesday,Afternoon,Coffee,1,4.58,False
9421,Saturday,Evening,Pastry,1,4.25,False
9422,Thursday,Morning,Pastry,1,3.85,True
9423,Thursday,Afternoon,Coffee,2,8.62,True
9424,Wednesday,Morning,Coffee,1,4.17,True
9425,Sunday,Morning,Coffee,1,3.61,False
9426,Friday,Morning,Pastry,1,4.36,True
9427,Tuesday,Morning,Coffee,1,3.91,True
9428,Friday,Morning,Coffee,2,8.0,True
9429,Wednesday,Morning,Coffee,1,4.32,True
9430,Friday,Afternoon,Coffee,1,3.8,False
9431,Friday,Evening,Coffee,1,4.35,True
9432,Tuesday,Morning,Sandwich,1,8.86,True
9433,Thursday,Morning,Coffee,1,4.83,True
9434,Tuesday,Morning,Pastry,1,5.51,True
9435,Tuesday,Morning,Coffee,1,3.57,False
9436,Tuesday,Afternoon,Sandwich,1,8.03,True
9437,Friday,Morning,Tea,4,15.56,True
9438,Tuesday,Morning,Coffee,1,4.13,True
9439,Monday,Afternoon,Pastry,1,4.83,False
9440,Thursday,Afternoon,Coffee,1,3.67,False
9441,Monday,Morning,Coffee,2,7.86,False
9442,Monday,Afternoon,Tea,1,3.36,True
9443,Tuesday,Morning,Coffee,2,8.3,True
9444,Wednesday,Morning,Tea,1,3.0,True
9445,Wednesday,Morning,Pastry,1,4.44,False
9446,Monday,Morning,Coffee,2,6.74,True
9447,Sunday,Evening,Sandwich,2,17.76,True
9448,Thursday,Morning,Pastry,1,4.44,True
9449,Tuesday,Morning,Coffee,1,4.25,True
9450,Tuesday,Morning,Coffee,1,4.3,True
9451,Wednesday,Morning,Coffee,1,4.38,False
9452,Thursday,Afternoon,Pastry,3,10.83,True
9453,Monday,Morning,Coffee,1,4.63,True
9454,Tuesday,Morning,Coffee,1,3.68,True
9455,Friday,Afternoon,Sandwich,1,8.81,True
9456,Tuesday,Morning,Tea,1,3.61,True
9457,Wednesday,Morning,Coffee,1,3.83,False
9458,Saturday,Morning,Pastry,1,4.72,True
9459,Thursday,Morning,Tea,1,3.72,True
9460,Tuesday,Morning,Coffee,2,7.24,False
9461,Thursday,Morning,Tea,1,3.43,True
9462,Monday,Afternoon,Coffee,1,3.92,True
9463,Friday,Afternoon,Tea,1,3.88,False
9464,Wednesday,Afternoon,Coffee,1,3.77,True
9465,Friday,Afternoon,Coffee,1,3.75,False
9466,Sunday,Morning,Coffee,4,13.96,True
9467,Saturday,Afternoon,Coffee,2,7.1,False
9468,Saturday,Morning,Tea,2,5.92,True
9469,Wednesday,Morning,Tea,1,3.22,False
9470,Wednesday,Morning,Coffee,2,9.6,False
9471,Wednesday,Morning,Coffee,1,4.35,True
9472,Thursday,Evening,Sandwich,1,11.03,False
9473,Saturday,Morning,Coffee,1,3.52,True
9474,Tuesday,Morning,Coffee,1,3.03,True
9475,Saturday,Morning,Coffee,1,4.16,True
9476,Friday,Morning,Pastry,1,5.61,True
9477,Sunday,Morning,Pastry,1,4.21,False
9478,Saturday,Morning,Pastry,1,4.56,True
9479,Tuesday,Morning,Coffee,1,3.22,False
9480,Monday,Afternoon,Sandwich,3,28.59,False
9481,Monday,Morning,Coffee,2,7.88,False
9482,Tuesday,Morning,Coffee,1,2.95,False
9483,Thursday,Afternoon,Pastry,1,3.88,False
9484,Friday,Evening,Pastry,1,3.83,True
9485,Saturday,Morning,Coffee,1,3.21,True
9486,Thursday,Morning,Coffee,4,14.56,False
9487,Monday,Evening,Sandwich,1,10.11,False
9488,Tuesday,Morning,Pastry,2,8.24,True
9489,Monday,Morning,Tea,2,7.92,False
9490,Wednesday,Morning,Coffee,1,3.82,False
9491,Wednesday,Evening,Sandwich,3,29.67,True
9492,Monday,Evening,Sandwich,1,10.1,False
9493,Tuesday,Afternoon,Pastry,1,5.42,False
9494,Monday,Morning,Coffee,2,7.28,True
9495,Thursday,Morning,Coffee,1,4.22,False
9496,Wednesday,Morning,Coffee,1,3.53,False
9497,Wednesday,Afternoon,Coffee,1,4.86,False
9498,Wednesday,Evening,Tea,2,6.16,False
9499,Sunday,Morning,Coffee,1,4.19,True
9500,Tuesday,Afternoon,Coffee,3,14.34,False
9501,Wednesday,Morning,Pastry,1,3.78,True
9502,Friday,Morning,Coffee,1,4.3,True
9503,Thursday,Afternoon,Tea,1,3.1,True
9504,Saturday,Morning,Pastry,1,5.9,False
9505,Wednesday,Morning,Coffee,1,3.05,True
9506,Wednesday,Morning,Coffee,2,6.48,False
9507,Monday,Afternoon,Tea,1,3.05,False
9508,Thursday,Afternoon,Sandwich,2,16.38,True
9509,Tuesday,Evening,Merchandise,1,41.06,False
9510,Monday,Afternoon,Sandwich,1,11.66,True
9511,Thursday,Morning,Pastry,1,5.19,False
9512,Wednesday,Morning,Coffee,1,4.12,True
9513,Monday,Evening,Sandwich,1,9.51,False
9514,Thursday,Afternoon,Sandwich,1,8.77,True
9515,Thursday,Afternoon,Pastry,2,9.46,True
9516,Tuesday,Afternoon,Sandwich,1,9.25,True
9517,Wednesday,Afternoon,Pastry,1,4.61,True
9518,Friday,Morning,Coffee,2,7.26,True
9519,Wednesday,Morning,Pastry,3,11.34,True
9520,Wednesday,Afternoon,Pastry,3,13.56,False
9521,Tuesday,Afternoon,Pastry,2,9.0,False
9522,Thursday,Afternoon,Sandwich,1,8.78,False
9523,Saturday,Morning,Pastry,3,12.12,True
9524,Thursday,Morning,Pastry,2,9.68,True
9525,Monday,Afternoon,Coffee,3,12.69,True
9526,Wednesday,Afternoon,Tea,1,4.25,True
9527,Saturday,Afternoon,Merchandise,3,165.18,False
9528,Monday,Morning,Coffee,1,3.4,False
9529,Sunday,Evening,Sandwich,1,9.27,True
9530,Sunday,Afternoon,Sandwich,1,7.86,False
9531,Monday,Afternoon,Sandwich,2,14.58,True
9532,Saturday,Morning,Coffee,1,5.1,True
9533,Wednesday,Morning,Coffee,4,18.96,True
9534,Friday,Afternoon,Sandwich,1,8.74,True
9535,Wednesday,Morning,Coffee,1,4.62,False
9536,Wednesday,Morning,Pastry,1,5.34,True
9537,Thursday,Morning,Pastry,1,3.35,True
9538,Friday,Afternoon,Coffee,1,4.43,True
9539,Monday,Morning,Pastry,1,4.21,True
9540,Thursday,Morning,Coffee,1,4.19,True
9541,Tuesday,Evening,Tea,1,4.7,True
9542,Tuesday,Afternoon,Tea,1,4.13,True
9543,Tuesday,Morning,Pastry,2,8.84,True
9544,Wednesday,Morning,Coffee,1,4.71,True
9545,Tuesday,Evening,Tea,1,2.73,True
9546,Monday,Morning,Coffee,1,4.25,True
9547,Monday,Afternoon,Coffee,2,8.52,True
9548,Monday,Morning,Coffee,1,4.35,True
9549,Wednesday,Afternoon,Coffee,1,3.75,False
9550,Sunday,Afternoon,Sandwich,1,9.96,True
9551,Monday,Afternoon,Coffee,4,17.72,True
9552,Sunday,Morning,Coffee,1,2.84,False
9553,Friday,Afternoon,Coffee,1,3.84,True
9554,Thursday,Morning,Sandwich,1,8.42,False
9555,Thursday,Evening,Tea,4,15.04,True
9556,Friday,Morning,Pastry,1,5.33,False
9557,Monday,Afternoon,Sandwich,1,8.77,True
9558,Wednesday,Morning,Pastry,1,3.85,True
9559,Thursday,Afternoon,Sandwich,4,38.56,True
9560,Thursday,Morning,Coffee,2,6.84,False
9561,Friday,Morning,Tea,1,3.41,False
9562,Monday,Morning,Coffee,1,3.83,True
9563,Thursday,Morning,Pastry,1,4.85,False
9564,Wednesday,Morning,Sandwich,1,9.88,True
9565,Wednesday,Morning,Pastry,1,4.6,True
9566,Tuesday,Afternoon,Coffee,2,9.64,True
9567,Thursday,Morning,Coffee,1,4.13,True
9568,Saturday,Afternoon,Tea,1,3.33,False
9569,Wednesday,Morning,Coffee,3,11.55,True
9570,Friday,Afternoon,Coffee,1,3.62,False
9571,Wednesday,Morning,Coffee,2,6.98,False
9572,Monday,Evening,Merchandise,1,25.03,True
9573,Monday,Afternoon,Pastry,3,15.54,False
9574,Monday,Morning,Tea,2,6.42,False
9575,Wednesday,Afternoon,Tea,2,7.26,False
9576,Tuesday,Morning,Tea,1,3.38,True
9577,Thursday,Afternoon,Sandwich,1,9.46,False
9578,Friday,Morning,Coffee,3,13.74,True
9579,Monday,Morning,Coffee,1,4.09,True
9580,Tuesday,Morning,Coffee,2,7.08,True
9581,Tuesday,Afternoon,Merchandise,1,30.15,False
9582,Thursday,Morning,Coffee,1,4.43,True
9583,Monday,Afternoon,Pastry,1,4.79,True
9584,Monday,Morning,Coffee,1,4.46,False
9585,Sunday,Morning,Coffee,5,19.4,True
9586,Friday,Afternoon,Sandwich,2,15.64,True
9587,Tuesday,Afternoon,Coffee,1,4.25,True
9588,Wednesday,Evening,Tea,2,7.2,True
9589,Tuesday,Afternoon,Tea,1,3.61,True
9590,Friday,Afternoon,Sandwich,2,15.68,True
9591,Wednesday,Afternoon,Coffee,2,7.36,True
9592,Monday,Morning,Pastry,1,3.94,False
9593,Friday,Morning,Coffee,1,4.2,True
9594,Wednesday,Morning,Pastry,1,4.76,True
9595,Tuesday,Morning,Merchandise,4,138.6,True
9596,Wednesday,Morning,Coffee,1,4.48,False
9597,Wednesday,Evening,Coffee,2,9.5,True
9598,Tuesday,Morning,Coffee,2,8.36,True
9599,Tuesday,Afternoon,Sandwich,1,10.31,True
9600,Wednesday,Afternoon,Coffee,2,7.46,False
9601,Monday,Morning,Coffee,1,3.64,False
9602,Friday,Morning,Coffee,1,4.5,True
9603,Monday,Morning,Coffee,2,7.12,False
9604,Monday,Afternoon,Coffee,1,4.35,True
9605,Thursday,Evening,Sandwich,1,11.56,True
9606,Friday,Morning,Pastry,1,4.89,True
9607,Friday,Afternoon,Tea,1,3.47,False
9608,Wednesday,Morning,Tea,3,8.88,False
9609,Tuesday,Afternoon,Sandwich,3,29.1,True
9610,Friday,Afternoon,Sandwich,1,10.71,True
9611,Thursday,Morning,Coffee,1,3.91,True
9612,Tuesday,Morning,Coffee,2,9.02,True
9613,Saturday,Morning,Tea,1,3.65,True
9614,Monday,Morning,Pastry,1,4.67,False
9615,Sunday,Afternoon,Coffee,2,7.68,True
9616,Friday,Morning,Coffee,2,6.54,False
9617,Thursday,Afternoon,Coffee,1,3.79,True
9618,Saturday,Morning,Coffee,2,7.56,True
9619,Friday,Afternoon,Tea,1,3.73,False
9620,Tuesday,Afternoon,Pastry,1,4.49,False
9621,Wednesday,Afternoon,Tea,1,3.93,True
9622,Monday,Morning,Pastry,1,4.67,True
9623,Wednesday,Morning,Coffee,1,3.75,True
9624,Friday,Afternoon,Pastry,2,8.02,True
9625,Wednesday,Morning,Coffee,3,11.1,False
9626,Tuesday,Morning,Coffee,1,4.08,False
9627,Thursday,Morning,Coffee,3,11.43,False
9628,Saturday,Afternoon,Sandwich,1,8.21,True
9629,Monday,Afternoon,Coffee,1,4.5,False
9630,Wednesday,Afternoon,Sandwich,1,9.68,True
9631,Monday,Morning,Pastry,1,4.66,True
9632,Thursday,Morning,Tea,1,3.17,True
9633,Monday,Evening,Sandwich,3,24.75,True
9634,Thursday,Morning,Tea,1,3.44,True
9635,Tuesday,Morning,Coffee,1,2.99,False
9636,Tuesday,Afternoon,Sandwich,2,20.88,True
9637,Saturday,Morning,Coffee,1,3.65,True
9638,Monday,Morning,Coffee,1,3.87,False
9639,Wednesday,Morning,Coffee,1,4.21,True
9640,Monday,Morning,Tea,1,3.41,False
9641,Wednesday,Morning,Coffee,2,6.84,True
9642,Wednesday,Afternoon,Sandwich,1,11.31,False
9643,Tuesday,Morning,Coffee,1,3.23,False
9644,Monday,Morning,Pastry,1,3.16,False
9645,Wednesday,Afternoon,Coffee,1,4.44,False
9646,Thursday,Evening,Tea,1,2.92,False
9647,Friday,Morning,Coffee,1,4.63,True
9648,Wednesday,Afternoon,Coffee,1,4.19,True
9649,Thursday,Afternoon,Tea,1,3.61,True
9650,Tuesday,Morning,Pastry,1,4.16,False
9651,Tuesday,Morning,Coffee,3,10.77,False
9652,Monday,Morning,Tea,3,10.05,False
9653,Tuesday,Afternoon,Tea,1,3.15,False
9654,Tuesday,Morning,Coffee,1,4.6,True
9655,Wednesday,Morning,Coffee,1,3.63,False
9656,Thursday,Afternoon,Coffee,1,4.25,True
9657,Sunday,Morning,Pastry,1,5.1,True
9658,Tuesday,Afternoon,Sandwich,1,8.44,False
9659,Thursday,Afternoon,Tea,2,7.3,True
9660,Friday,Morning,Tea,1,3.14,True
9661,Thursday,Evening,Coffee,3,11.73,False
9662,Tuesday,Morning,Pastry,1,4.22,False
9663,Tuesday,Morning,Pastry,1,4.08,True
9664,Monday,Morning,Pastry,3,13.77,True
9665,Tuesday,Afternoon,Coffee,1,3.39,False
9666,Friday,Afternoon,Coffee,3,13.38,False
9667,Monday,Morning,Coffee,1,3.46,True
9668,Tuesday,Morning,Sandwich,4,31.92,False
9669,Thursday,Morning,Pastry,4,17.4,True
9670,Friday,Afternoon,Tea,1,3.35,True
9671,Wednesday,Afternoon,Sandwich,2,19.86,False
9672,Thursday,Afternoon,Sandwich,1,9.6,True
9673,Wednesday,Afternoon,Coffee,1,3.19,True
9674,Monday,Afternoon,Sandwich,1,10.68,True
9675,Wednesday,Morning,Coffee,1,3.86,True
9676,Thursday,Morning,Coffee,1,4.12,False
9677,Sunday,Afternoon,Coffee,1,5.1,True
9678,Monday,Morning,Coffee,2,9.28,True
9679,Wednesday,Morning,Pastry,1,4.63,False
9680,Tuesday,Evening,Pastry,4,14.72,True
9681,Wednesday,Afternoon,Coffee,1,3.32,False
9682,Monday,Morning,Coffee,1,4.58,True
9683,Tuesday,Afternoon,Pastry,2,8.52,True
9684,Friday,Evening,Pastry,2,8.8,False
9685,Thursday,Morning,Coffee,2,6.86,True
9686,Wednesday,Morning,Coffee,1,4.22,False
9687,Tuesday,Morning,Pastry,1,5.18,False
9688,Tuesday,Morning,Pastry,1,5.41,True
9689,Wednesday,Afternoon,Pastry,1,4.23,True
9690,Friday,Morning,Pastry,1,4.89,False
9691,Sunday,Morning,Pastry,1,4.44,True
9692,Wednesday,Morning,Tea,1,3.85,True
9693,Wednesday,Morning,Tea,2,7.0,False
9694,Friday,Morning,Pastry,2,8.02,False
9695,Wednesday,Afternoon,Coffee,1,4.66,True
9696,Thursday,Morning,Coffee,1,4.05,True
9697,Tuesday,Afternoon,Sandwich,1,9.08,True
9698,Friday,Afternoon,Coffee,1,4.09,False
9699,Wednesday,Morning,Pastry,2,8.12,False
9700,Friday,Afternoon,Sandwich,1,10.0,False
9701,Friday,Afternoon,Tea,2,6.84,True
9702,Tuesday,Morning,Tea,1,3.18,False
9703,Thursday,Morning,Coffee,3,15.57,False
9704,Friday,Afternoon,Sandwich,1,8.29,False
9705,Tuesday,Evening,Tea,2,7.28,False
9706,Monday,Morning,Pastry,1,4.53,False
9707,Monday,Morning,Coffee,1,3.49,False
9708,Wednesday,Morning,Tea,1,3.37,False
9709,Tuesday,Morning,Merchandise,1,25.26,True
9710,Thursday,Afternoon,Coffee,1,5.03,False
9711,Tuesday,Morning,Pastry,3,13.02,False
9712,Friday,Morning,Coffee,1,3.91,True
9713,Tuesday,Morning,Pastry,1,5.67,True
9714,Tuesday,Morning,Coffee,2,7.18,False
9715,Wednesday,Morning,Pastry,1,5.28,True
9716,Wednesday,Morning,Pastry,1,4.86,True
9717,Tuesday,Morning,Coffee,5,15.05,True
9718,Tuesday,Afternoon,Coffee,1,3.81,True
9719,Monday,Evening,Pastry,1,4.76,False
9720,Thursday,Morning,Coffee,2,8.04,False
9721,Friday,Morning,Coffee,1,4.02,True
9722,Wednesday,Morning,Coffee,2,7.4,True
9723,Thursday,Morning,Coffee,1,3.64,True
9724,Friday,Morning,Coffee,1,3.85,True
9725,Monday,Morning,Pastry,1,5.68,True
9726,Sunday,Afternoon,Sandwich,4,33.64,False
9727,Friday,Morning,Pastry,2,8.42,False
9728,Tuesday,Morning,Coffee,1,4.01,False
9729,Tuesday,Afternoon,Coffee,1,3.27,False
9730,Monday,Afternoon,Pastry,1,4.76,False
9731,Monday,Morning,Merchandise,1,25.55,True
9732,Friday,Morning,Coffee,2,6.92,False
9733,Wednesday,Morning,Coffee,4,13.72,False
9734,Friday,Morning,Coffee,2,6.36,True
9735,Friday,Morning,Tea,1,4.01,False
9736,Thursday,Morning,Tea,1,3.71,True
9737,Thursday,Morning,Coffee,1,4.46,False
9738,Monday,Afternoon,Tea,1,3.83,True
9739,Tuesday,Afternoon,Sandwich,1,9.3,True
9740,Thursday,Morning,Coffee,2,7.98,True
9741,Monday,Morning,Tea,1,3.91,False
9742,Monday,Morning,Pastry,1,5.48,False
9743,Friday,Morning,Tea,1,3.0,True
9744,Thursday,Morning,Tea,4,18.04,False
9745,Tuesday,Afternoon,Sandwich,2,15.84,True
9746,Thursday,Afternoon,Sandwich,1,8.95,True
9747,Friday,Afternoon,Tea,2,7.06,True
9748,Tuesday,Afternoon,Coffee,1,4.08,True
9749,Monday,Evening,Sandwich,1,11.86,True
9750,Saturday,Afternoon,Coffee,1,4.51,False
9751,Tuesday,Evening,Sandwich,1,10.0,True
9752,Monday,Morning,Coffee,1,4.52,True
9753,Wednesday,Morning,Pastry,1,4.71,True
9754,Friday,Afternoon,Pastry,1,4.09,True
9755,Tuesday,Evening,Sandwich,1,10.08,True
9756,Tuesday,Morning,Coffee,1,4.03,True
9757,Tuesday,Morning,Merchandise,2,56.36,True
9758,Sunday,Morning,Coffee,1,4.63,False
9759,Tuesday,Afternoon,Coffee,1,3.97,True
9760,Thursday,Morning,Coffee,1,3.44,False
9761,Saturday,Afternoon,Sandwich,1,8.34,True
9762,Monday,Evening,Tea,1,3.71,False
9763,Sunday,Afternoon,Sandwich,1,10.76,False
9764,Sunday,Morning,Tea,1,3.69,True
9765,Saturday,Morning,Pastry,2,9.58,False
9766,Tuesday,Morning,Tea,1,3.18,True
9767,Thursday,Morning,Coffee,2,8.1,True
9768,Friday,Morning,Pastry,2,8.6,True
9769,Sunday,Afternoon,Sandwich,1,9.27,True
9770,Tuesday,Morning,Coffee,1,3.94,True
9771,Friday,Afternoon,Coffee,1,3.67,False
9772,Tuesday,Evening,Coffee,1,4.38,True
9773,Monday,Morning,Coffee,1,3.5,False
9774,Wednesday,Evening,Tea,1,2.98,False
9775,Friday,Afternoon,Sandwich,1,8.56,True
9776,Wednesday,Morning,Sandwich,1,10.56,True
9777,Wednesday,Morning,Coffee,1,4.17,False
9778,Sunday,Morning,Pastry,1,3.43,False
9779,Wednesday,Morning,Coffee,1,4.3,False
9780,Thursday,Afternoon,Coffee,2,7.96,True
9781,Wednesday,Morning,Tea,1,3.33,False
9782,Wednesday,Afternoon,Sandwich,1,9.21,True
9783,Thursday,Morning,Coffee,1,3.33,False
9784,Saturday,Morning,Coffee,1,4.09,False
9785,Thursday,Afternoon,Coffee,1,3.37,True
9786,Friday,Afternoon,Coffee,1,3.82,True
9787,Monday,Morning,Tea,2,6.72,True
9788,Tuesday,Morning,Pastry,1,4.96,True
9789,Wednesday,Afternoon,Sandwich,1,9.55,True
9790,Monday,Afternoon,Tea,1,3.78,True
9791,Tuesday,Morning,Pastry,1,3.78,True
9792,Wednesday,Morning,Coffee,1,3.95,False
9793,Monday,Morning,Pastry,1,4.82,True
9794,Tuesday,Morning,Coffee,1,4.62,True
9795,Wednesday,Afternoon,Sandwich,1,8.13,True
9796,Thursday,Afternoon,Sandwich,1,8.49,True
9797,Saturday,Afternoon,Sandwich,1,10.11,True
9798,Thursday,Morning,Coffee,2,9.62,False
9799,Wednesday,Afternoon,Sandwich,2,19.68,False
9800,Saturday,Morning,Pastry,1,3.83,True
9801,Friday,Evening,Sandwich,1,8.19,False
9802,Tuesday,Morning,Coffee,1,4.07,True
9803,Monday,Morning,Coffee,4,16.72,False
9804,Thursday,Afternoon,Coffee,1,3.89,True
9805,Thursday,Morning,Coffee,1,3.46,True
9806,Friday,Afternoon,Sandwich,1,10.82,True
9807,Friday,Afternoon,Sandwich,1,9.08,False
9808,Thursday,Morning,Coffee,1,4.26,True
9809,Sunday,Afternoon,Sandwich,1,7.37,True
9810,Wednesday,Morning,Coffee,1,4.6,False
9811,Monday,Morning,Coffee,3,10.98,False
9812,Friday,Evening,Tea,4,16.16,False
9813,Tuesday,Afternoon,Sandwich,2,20.48,True
9814,Friday,Morning,Pastry,1,3.64,False
9815,Sunday,Morning,Coffee,2,8.24,True
9816,Thursday,Morning,Tea,2,8.32,False
9817,Thursday,Afternoon,Coffee,3,11.1,True
9818,Wednesday,Evening,Tea,1,4.16,False
9819,Wednesday,Morning,Coffee,1,4.19,False
9820,Tuesday,Afternoon,Coffee,1,4.67,True
9821,Thursday,Morning,Pastry,3,13.8,True
9822,Friday,Morning,Tea,1,3.45,False
9823,Thursday,Evening,Tea,1,4.23,True
9824,Tuesday,Morning,Coffee,1,4.36,False
9825,Wednesday,Morning,Coffee,1,3.88,False
9826,Friday,Afternoon,Coffee,3,12.63,True
9827,Wednesday,Morning,Coffee,1,3.72,True
9828,Wednesday,Morning,Coffee,1,4.05,False
9829,Friday,Evening,Sandwich,5,54.65,False
9830,Thursday,Afternoon,Tea,1,3.44,True
9831,Wednesday,Afternoon,Coffee,2,7.12,True
9832,Saturday,Morning,Pastry,1,3.92,True
9833,Monday,Morning,Coffee,1,4.04,False
9834,Sunday,Evening,Tea,1,3.18,True
9835,Monday,Morning,Coffee,1,3.28,False
9836,Monday,Morning,Coffee,1,3.4,True
9837,Saturday,Morning,Coffee,3,13.77,True
9838,Tuesday,Morning,Coffee,1,3.93,False
9839,Friday,Morning,Pastry,1,4.53,False
9840,Friday,Afternoon,Sandwich,2,16.68,False
9841,Friday,Evening,Pastry,1,4.15,True
9842,Sunday,Afternoon,Tea,1,3.25,True
9843,Tuesday,Afternoon,Pastry,1,4.33,False
9844,Thursday,Afternoon,Coffee,1,3.17,True
9845,Monday,Afternoon,Coffee,1,4.54,True
9846,Wednesday,Morning,Coffee,3,11.97,True
9847,Friday,Morning,Coffee,1,4.1,True
9848,Wednesday,Morning,Coffee,1,4.46,True
9849,Thursday,Morning,Coffee,1,4.42,True
9850,Wednesday,Morning,Coffee,1,3.71,True
9851,Thursday,Morning,Coffee,2,8.6,True
9852,Sunday,Morning,Coffee,1,4.3,True
9853,Monday,Morning,Coffee,2,8.32,True
9854,Thursday,Morning,Coffee,1,4.53,True
9855,Friday,Morning,Coffee,1,4.4,False
9856,Wednesday,Afternoon,Coffee,2,8.72,False
9857,Monday,Morning,Coffee,1,4.68,False
9858,Thursday,Afternoon,Coffee,1,4.01,False
9859,Tuesday,Evening,Sandwich,2,19.14,False
9860,Monday,Afternoon,Tea,1,3.83,True
9861,Friday,Afternoon,Coffee,1,3.91,True
9862,Wednesday,Evening,Coffee,1,4.24,True
9863,Saturday,Morning,Coffee,2,7.44,True
9864,Friday,Evening,Tea,1,2.59,True
9865,Thursday,Afternoon,Merchandise,3,126.24,False
9866,Monday,Afternoon,Sandwich,1,7.64,False
9867,Wednesday,Morning,Coffee,2,7.3,True
9868,Tuesday,Morning,Tea,1,3.83,False
9869,Saturday,Afternoon,Coffee,1,4.42,True
9870,Monday,Afternoon,Coffee,1,4.59,True
9871,Tuesday,Afternoon,Sandwich,1,7.08,True
9872,Wednesday,Morning,Coffee,1,4.15,True
9873,Tuesday,Morning,Coffee,1,3.87,True
9874,Tuesday,Morning,Tea,2,7.8,False
9875,Thursday,Morning,Coffee,1,4.74,True
9876,Monday,Morning,Sandwich,4,31.72,True
9877,Monday,Morning,Pastry,1,4.51,False
9878,Wednesday,Morning,Pastry,1,5.0,False
9879,Friday,Morning,Coffee,2,7.66,True
9880,Thursday,Morning,Coffee,3,14.61,True
9881,Wednesday,Evening,Sandwich,1,9.02,True
9882,Thursday,Afternoon,Merchandise,1,32.29,True
9883,Wednesday,Afternoon,Tea,1,3.07,False
9884,Saturday,Morning,Sandwich,1,9.68,True
9885,Monday,Afternoon,Coffee,2,4.98,True
9886,Thursday,Morning,Coffee,1,3.88,False
9887,Saturday,Evening,Coffee,1,4.63,False
9888,Friday,Afternoon,Tea,1,2.94,True
9889,Tuesday,Afternoon,Sandwich,1,7.56,True
9890,Tuesday,Afternoon,Coffee,1,4.56,False
9891,Thursday,Morning,Pastry,2,10.5,False
9892,Monday,Morning,Coffee,1,3.32,True
9893,Friday,Afternoon,Tea,1,4.19,False
9894,Thursday,Morning,Pastry,2,9.52,True
9895,Friday,Morning,Coffee,1,4.52,True
9896,Monday,Afternoon,Sandwich,2,17.1,False
9897,Thursday,Morning,Coffee,1,4.74,True
9898,Thursday,Afternoon,Coffee,1,3.87,True
9899,Friday,Evening,Pastry,1,4.31,True
9900,Monday,Morning,Pastry,3,14.37,True
9901,Monday,Morning,Coffee,4,15.2,True
9902,Wednesday,Morning,Tea,1,2.89,True
9903,Monday,Morning,Pastry,1,4.58,False
9904,Thursday,Morning,Coffee,1,3.84,False
9905,Saturday,Morning,Pastry,1,4.04,True
9906,Wednesday,Morning,Coffee,2,9.24,False
9907,Friday,Morning,Coffee,1,5.2,True
9908,Monday,Afternoon,Tea,1,3.13,True
9909,Monday,Afternoon,Coffee,1,4.1,False
9910,Monday,Afternoon,Coffee,1,3.8,True
9911,Tuesday,Morning,Coffee,2,10.28,True
9912,Saturday,Morning,Coffee,1,4.25,True
9913,Monday,Afternoon,Sandwich,1,10.61,False
9914,Thursday,Morning,Coffee,1,4.59,True
9915,Wednesday,Morning,Tea,1,3.55,True
9916,Saturday,Afternoon,Coffee,1,3.91,True
9917,Monday,Morning,Pastry,3,16.23,True
9918,Tuesday,Morning,Coffee,1,4.39,True
9919,Monday,Afternoon,Pastry,1,3.99,True
9920,Wednesday,Evening,Tea,2,6.42,True
9921,Tuesday,Morning,Coffee,1,3.81,True
9922,Friday,Morning,Coffee,1,4.58,False
9923,Thursday,Afternoon,Sandwich,1,11.27,True
9924,Thursday,Afternoon,Sandwich,1,12.08,True
9925,Wednesday,Morning,Pastry,1,4.07,True
9926,Monday,Afternoon,Coffee,1,4.07,True
9927,Wednesday,Evening,Tea,1,3.34,True
9928,Sunday,Morning,Pastry,1,4.39,False
9929,Friday,Evening,Tea,1,3.87,False
9930,Saturday,Evening,Sandwich,1,9.44,True
9931,Friday,Morning,Coffee,1,4.66,False
9932,Monday,Afternoon,Sandwich,3,26.64,False
9933,Tuesday,Morning,Pastry,3,14.82,False
9934,Monday,Afternoon,Sandwich,1,8.97,False
9935,Tuesday,Afternoon,Coffee,2,6.16,True
9936,Monday,Morning,Coffee,1,3.49,True
9937,Wednesday,Afternoon,Sandwich,2,19.3,False
9938,Thursday,Afternoon,Sandwich,1,11.81,True
9939,Saturday,Morning,Coffee,1,3.77,True
9940,Friday,Morning,Coffee,2,7.84,False
9941,Saturday,Morning,Pastry,2,9.58,False
9942,Monday,Afternoon,Pastry,1,4.14,True
9943,Monday,Evening,Sandwich,2,17.84,True
9944,Thursday,Afternoon,Sandwich,1,9.59,True
9945,Tuesday,Morning,Pastry,1,4.24,True
9946,Tuesday,Morning,Coffee,1,3.11,True
9947,Tuesday,Morning,Coffee,1,3.67,False
9948,Tuesday,Morning,Coffee,2,8.62,False
9949,Wednesday,Morning,Pastry,4,19.56,False
9950,Wednesday,Morning,Coffee,1,4.67,True
9951,Wednesday,Morning,Coffee,1,4.63,True
9952,Thursday,Evening,Tea,2,6.28,False
9953,Wednesday,Afternoon,Tea,1,3.2,False
9954,Tuesday,Afternoon,Sandwich,1,8.66,False
9955,Monday,Morning,Pastry,1,4.41,True
9956,Tuesday,Evening,Pastry,1,4.13,True
9957,Friday,Afternoon,Coffee,2,7.82,False
9958,Friday,Afternoon,Sandwich,1,8.45,True
9959,Thursday,Morning,Coffee,1,4.39,True
9960,Tuesday,Morning,Tea,2,6.24,False
9961,Thursday,Morning,Coffee,1,3.5,False
9962,Thursday,Morning,Coffee,1,4.26,True
9963,Wednesday,Afternoon,Coffee,1,4.36,True
9964,Thursday,Evening,Pastry,1,4.36,False
9965,Wednesday,Morning,Tea,2,7.7,True
9966,Thursday,Morning,Coffee,1,4.4,False
9967,Thursday,Afternoon,Coffee,2,9.9,False
9968,Monday,Morning,Pastry,1,4.94,False
9969,Friday,Afternoon,Coffee,1,4.85,True
9970,Monday,Afternoon,Coffee,1,4.03,True
9971,Monday,Morning,Coffee,2,9.4,True
9972,Sunday,Afternoon,Sandwich,1,11.2,True
9973,Sunday,Morning,Coffee,1,3.93,True
9974,Monday,Afternoon,Merchandise,1,29.24,True
9975,Wednesday,Afternoon,Tea,1,3.29,True
9976,Tuesday,Afternoon,Tea,1,3.67,True
9977,Wednesday,Morning,Coffee,1,3.43,True
9978,Friday,Morning,Tea,2,6.64,True
9979,Sunday,Morning,Coffee,4,18.4,True
9980,Thursday,Morning,Tea,1,3.77,False
9981,Tuesday,Afternoon,Coffee,1,2.82,True
9982,Thursday,Morning,Coffee,1,3.33,True
9983,Tuesday,Afternoon,Sandwich,1,12.09,True
9984,Saturday,Morning,Pastry,1,5.21,True
9985,Saturday,Morning,Coffee,1,3.71,True
9986,Thursday,Afternoon,Sandwich,2,15.42,True
9987,Tuesday,Morning,Tea,1,3.0,False
9988,Tuesday,Afternoon,Coffee,1,4.25,True
9989,Monday,Morning,Coffee,3,14.97,False
9990,Friday,Evening,Tea,4,17.08,False
9991,Wednesday,Afternoon,Tea,1,2.87,True
9992,Tuesday,Afternoon,Sandwich,1,9.15,True
9993,Wednesday,Morning,Coffee,1,3.57,True
9994,Friday,Morning,Coffee,1,4.07,False
9995,Monday,Evening,Tea,3,8.91,True
9996,Friday,Afternoon,Sandwich,2,17.7,True
9997,Saturday,Morning,Pastry,2,7.96,False
9998,Sunday,Morning,Coffee,1,4.26,True
9999,Wednesday,Morning,Coffee,1,3.74,True
10000,Tuesday,Morning,Coffee,1,3.81,True
