user_id,month,day,steps
1,1,1,3651.0
1,1,2,0.0
1,1,3,4911.0
1,1,4,
1,1,5,4099.0
1,1,6,2751.0
1,1,7,2807.0
1,1,8,719.0
1,1,9,4282.0
1,1,10,2904.0
1,1,11,2589.0
1,1,12,2702.0
1,1,13,3929.0
1,1,14,3454.0
1,1,15,2816.0
1,1,16,0.0
1,1,17,2731.0
1,1,18,3040.0
1,1,19,3318.0
1,1,20,
1,1,21,2274.0
1,1,22,2067.0
1,1,23,4424.0
1,1,24,3550.0
1,1,25,4213.0
1,1,26,0.0
1,1,27,3216.0
1,1,28,3031.0
1,1,29,2871.0
1,1,30,4389.0
1,2,1,3656.0
1,2,2,
1,2,3,2947.0
1,2,4,3914.0
1,2,5,4219.0
1,2,6,3125.0
1,2,7,0.0
1,2,8,2708.0
1,2,9,2853.0
1,2,10,3146.0
1,2,11,4144.0
1,2,12,4688.0
1,2,13,3693.0
1,2,14,2687.0
1,2,15,3296.0
1,2,16,4896.0
1,2,17,3419.0
1,2,18,3033.0
1,2,19,3112.0
1,2,20,3689.0
1,2,21,2523.0
1,2,22,2830.0
1,2,23,4247.0
1,2,24,3660.0
1,2,25,0.0
1,2,26,4704.0
1,2,27,3507.0
1,2,28,3075.0
1,2,29,2964.0
1,2,30,677.0
1,3,1,0.0
1,3,2,
1,3,3,0.0
1,3,4,3677.0
1,3,5,0.0
1,3,6,2389.0
1,3,7,4736.0
1,3,8,3313.0
1,3,9,0.0
1,3,10,0.0
1,3,11,
1,3,12,1658.0
1,3,13,3139.0
1,3,14,
1,3,15,3633.0
1,3,16,4099.0
1,3,17,2182.0
1,3,18,0.0
1,3,19,4734.0
1,3,20,1930.0
1,3,21,2341.0
1,3,22,
1,3,23,2765.0
1,3,24,3341.0
1,3,25,0.0
1,3,26,2966.0
1,3,27,0.0
1,3,28,3952.0
1,3,29,
1,3,30,0.0
2,1,1,9401.0
2,1,2,10314.0
2,1,3,11122.0
2,1,4,12297.0
2,1,5,8318.0
2,1,6,10949.0
2,1,7,10376.0
2,1,8,10975.0
2,1,9,9984.0
2,1,10,
2,1,11,10605.0
2,1,12,11624.0
2,1,13,10232.0
2,1,14,8783.0
2,1,15,10545.0
2,1,16,10721.0
2,1,17,10171.0
2,1,18,9513.0
2,1,19,9004.0
2,1,20,9681.0
2,1,21,10099.0
2,1,22,9771.0
2,1,23,11212.0
2,1,24,10384.0
2,1,25,8901.0
2,1,26,0.0
2,1,27,9634.0
2,1,28,10498.0
2,1,29,9306.0
2,1,30,10535.0
2,2,1,8832.0
2,2,2,9245.0
2,2,3,10388.0
2,2,4,11521.0
2,2,5,10816.0
2,2,6,9809.0
2,2,7,8799.0
2,2,8,11140.0
2,2,9,10063.0
2,2,10,10015.0
2,2,11,11195.0
2,2,12,9765.0
2,2,13,9990.0
2,2,14,9934.0
2,2,15,9923.0
2,2,16,0.0
2,2,17,8902.0
2,2,18,10444.0
2,2,19,0.0
2,2,20,0.0
2,2,21,8145.0
2,2,22,9822.0
2,2,23,8680.0
2,2,24,9028.0
2,2,25,0.0
2,2,26,9975.0
2,2,27,11122.0
2,2,28,10587.0
2,2,29,10806.0
2,2,30,9130.0
2,3,1,8986.0
2,3,2,11419.0
2,3,3,10076.0
2,3,4,8146.0
2,3,5,10135.0
2,3,6,11409.0
2,3,7,9027.0
2,3,8,8478.0
2,3,9,
2,3,10,10202.0
2,3,11,10533.0
2,3,12,6517.0
2,3,13,8734.0
2,3,14,11391.0
2,3,15,8328.0
2,3,16,0.0
2,3,17,9817.0
2,3,18,12106.0
2,3,19,9556.0
2,3,20,9819.0
2,3,21,7861.0
2,3,22,11039.0
2,3,23,10445.0
2,3,24,9829.0
2,3,25,9272.0
2,3,26,9966.0
2,3,27,9136.0
2,3,28,9403.0
2,3,29,10120.0
2,3,30,10339.0
3,1,1,5117.0
3,1,2,4039.0
3,1,3,4607.0
3,1,4,7380.0
3,1,5,5388.0
3,1,6,0.0
3,1,7,7133.0
3,1,8,5848.0
3,1,9,6151.0
3,1,10,5697.0
3,1,11,5009.0
3,1,12,7919.0
3,1,13,6985.0
3,1,14,6619.0
3,1,15,5815.0
3,1,16,0.0
3,1,17,4930.0
3,1,18,5518.0
3,1,19,0.0
3,1,20,0.0
3,1,21,6631.0
3,1,22,5394.0
3,1,23,6031.0
3,1,24,6981.0
3,1,25,5350.0
3,1,26,5163.0
3,1,27,0.0
3,1,28,7187.0
3,1,29,6685.0
3,1,30,0.0
3,2,1,5667.0
3,2,2,
3,2,3,6150.0
3,2,4,5000.0
3,2,5,5718.0
3,2,6,0.0
3,2,7,6229.0
3,2,8,0.0
3,2,9,6051.0
3,2,10,
3,2,11,5840.0
3,2,12,8103.0
3,2,13,6233.0
3,2,14,7028.0
3,2,15,7643.0
3,2,16,
3,2,17,0.0
3,2,18,5716.0
3,2,19,6803.0
3,2,20,0.0
3,2,21,0.0
3,2,22,6860.0
3,2,23,
3,2,24,4017.0
3,2,25,6169.0
3,2,26,7703.0
3,2,27,4929.0
3,2,28,6319.0
3,2,29,4507.0
3,2,30,7659.0
3,3,1,7007.0
3,3,2,5358.0
3,3,3,0.0
3,3,4,6168.0
3,3,5,5741.0
3,3,6,3375.0
3,3,7,0.0
3,3,8,
3,3,9,4926.0
3,3,10,7343.0
3,3,11,6140.0
3,3,12,5514.0
3,3,13,
3,3,14,4228.0
3,3,15,6539.0
3,3,16,4702.0
3,3,17,0.0
3,3,18,
3,3,19,7378.0
3,3,20,5943.0
3,3,21,7888.0
3,3,22,7582.0
3,3,23,0.0
3,3,24,
3,3,25,
3,3,26,7316.0
3,3,27,0.0
3,3,28,
3,3,29,
3,3,30,0.0
4,1,1,7202.0
4,1,2,6179.0
4,1,3,5830.0
4,1,4,7651.0
4,1,5,6302.0
4,1,6,7113.0
4,1,7,6310.0
4,1,8,6719.0
4,1,9,6193.0
4,1,10,0.0
4,1,11,0.0
4,1,12,6241.0
4,1,13,0.0
4,1,14,5802.0
4,1,15,5257.0
4,1,16,5331.0
4,1,17,6820.0
4,1,18,
4,1,19,5501.0
4,1,20,0.0
4,1,21,0.0
4,1,22,5757.0
4,1,23,6374.0
4,1,24,4033.0
4,1,25,
4,1,26,5617.0
4,1,27,6530.0
4,1,28,6204.0
4,1,29,6095.0
4,1,30,5786.0
4,2,1,5740.0
4,2,2,4801.0
4,2,3,7683.0
4,2,4,6893.0
4,2,5,6627.0
4,2,6,6188.0
4,2,7,5361.0
4,2,8,0.0
4,2,9,0.0
4,2,10,5670.0
4,2,11,0.0
4,2,12,5235.0
4,2,13,7372.0
4,2,14,6970.0
4,2,15,
4,2,16,7839.0
4,2,17,6855.0
4,2,18,0.0
4,2,19,0.0
4,2,20,7242.0
4,2,21,8226.0
4,2,22,4918.0
4,2,23,0.0
4,2,24,0.0
4,2,25,0.0
4,2,26,0.0
4,2,27,0.0
4,2,28,0.0
4,2,29,0.0
4,2,30,6879.0
4,3,1,
4,3,2,6587.0
4,3,3,
4,3,4,0.0
4,3,5,6266.0
4,3,6,5739.0
4,3,7,0.0
4,3,8,7072.0
4,3,9,8360.0
4,3,10,0.0
4,3,11,7936.0
4,3,12,0.0
4,3,13,0.0
4,3,14,0.0
4,3,15,5858.0
4,3,16,6010.0
4,3,17,0.0
4,3,18,6250.0
4,3,19,5105.0
4,3,20,
4,3,21,0.0
4,3,22,
4,3,23,
4,3,24,7323.0
4,3,25,0.0
4,3,26,5739.0
4,3,27,5593.0
4,3,28,0.0
4,3,29,0.0
4,3,30,8750.0
5,1,1,5343.0
5,1,2,0.0
5,1,3,6422.0
5,1,4,0.0
5,1,5,5509.0
5,1,6,4936.0
5,1,7,4935.0
5,1,8,3046.0
5,1,9,5615.0
5,1,10,5004.0
5,1,11,6555.0
5,1,12,6306.0
5,1,13,4411.0
5,1,14,5015.0
5,1,15,6077.0
5,1,16,4369.0
5,1,17,5541.0
5,1,18,4379.0
5,1,19,4854.0
5,1,20,6220.0
5,1,21,5336.0
5,1,22,4163.0
5,1,23,4437.0
5,1,24,
5,1,25,5733.0
5,1,26,5588.0
5,1,27,4984.0
5,1,28,4275.0
5,1,29,0.0
5,1,30,6218.0
5,2,1,6228.0
5,2,2,3622.0
5,2,3,5535.0
5,2,4,0.0
5,2,5,3475.0
5,2,6,6750.0
5,2,7,5534.0
5,2,8,4129.0
5,2,9,5363.0
5,2,10,5980.0
5,2,11,4464.0
5,2,12,5726.0
5,2,13,6847.0
5,2,14,4743.0
5,2,15,4264.0
5,2,16,5128.0
5,2,17,5310.0
5,2,18,6348.0
5,2,19,5096.0
5,2,20,4827.0
5,2,21,
5,2,22,6106.0
5,2,23,2933.0
5,2,24,6524.0
5,2,25,4436.0
5,2,26,0.0
5,2,27,5008.0
5,2,28,4981.0
5,2,29,5023.0
5,2,30,5950.0
5,3,1,4985.0
5,3,2,
5,3,3,4148.0
5,3,4,4577.0
5,3,5,5403.0
5,3,6,0.0
5,3,7,4680.0
5,3,8,
5,3,9,4707.0
5,3,10,6643.0
5,3,11,0.0
5,3,12,0.0
5,3,13,2595.0
5,3,14,0.0
5,3,15,0.0
5,3,16,5104.0
5,3,17,0.0
5,3,18,5782.0
5,3,19,0.0
5,3,20,
5,3,21,0.0
5,3,22,5165.0
5,3,23,0.0
5,3,24,0.0
5,3,25,5284.0
5,3,26,
5,3,27,
5,3,28,5755.0
5,3,29,0.0
5,3,30,
6,1,1,3654.0
6,1,2,3672.0
6,1,3,2762.0
6,1,4,2482.0
6,1,5,
6,1,6,0.0
6,1,7,1750.0
6,1,8,5184.0
6,1,9,2178.0
6,1,10,2603.0
6,1,11,4176.0
6,1,12,2007.0
6,1,13,1666.0
6,1,14,2875.0
6,1,15,4391.0
6,1,16,3389.0
6,1,17,5575.0
6,1,18,4092.0
6,1,19,0.0
6,1,20,3438.0
6,1,21,3767.0
6,1,22,3615.0
6,1,23,2441.0
6,1,24,4449.0
6,1,25,3892.0
6,1,26,
6,1,27,0.0
6,1,28,3676.0
6,1,29,4402.0
6,1,30,1579.0
6,2,1,2140.0
6,2,2,
6,2,3,0.0
6,2,4,3606.0
6,2,5,0.0
6,2,6,2664.0
6,2,7,0.0
6,2,8,2444.0
6,2,9,4473.0
6,2,10,3913.0
6,2,11,3604.0
6,2,12,0.0
6,2,13,
6,2,14,0.0
6,2,15,3414.0
6,2,16,2761.0
6,2,17,3067.0
6,2,18,
6,2,19,3662.0
6,2,20,2793.0
6,2,21,0.0
6,2,22,5232.0
6,2,23,2332.0
6,2,24,4349.0
6,2,25,2100.0
6,2,26,3193.0
6,2,27,4236.0
6,2,28,4038.0
6,2,29,2966.0
6,2,30,4053.0
6,3,1,0.0
6,3,2,3849.0
6,3,3,0.0
6,3,4,3627.0
6,3,5,3866.0
6,3,6,3206.0
6,3,7,4549.0
6,3,8,3339.0
6,3,9,0.0
6,3,10,3516.0
6,3,11,0.0
6,3,12,
6,3,13,
6,3,14,2957.0
6,3,15,0.0
6,3,16,3233.0
6,3,17,2980.0
6,3,18,4451.0
6,3,19,1934.0
6,3,20,3502.0
6,3,21,4485.0
6,3,22,2902.0
6,3,23,4829.0
6,3,24,2974.0
6,3,25,0.0
6,3,26,4873.0
6,3,27,0.0
6,3,28,
6,3,29,0.0
6,3,30,0.0
7,1,1,892.0
7,1,2,1933.0
7,1,3,1273.0
7,1,4,4409.0
7,1,5,1435.0
7,1,6,3266.0
7,1,7,3720.0
7,1,8,1581.0
7,1,9,1500.0
7,1,10,1603.0
7,1,11,1931.0
7,1,12,1726.0
7,1,13,925.0
7,1,14,2443.0
7,1,15,1722.0
7,1,16,4456.0
7,1,17,3037.0
7,1,18,0.0
7,1,19,1486.0
7,1,20,1711.0
7,1,21,2385.0
7,1,22,2433.0
7,1,23,1922.0
7,1,24,1301.0
7,1,25,2066.0
7,1,26,0.0
7,1,27,3894.0
7,1,28,0.0
7,1,29,1229.0
7,1,30,3423.0
7,2,1,967.0
7,2,2,0.0
7,2,3,2690.0
7,2,4,3208.0
7,2,5,2919.0
7,2,6,2606.0
7,2,7,3481.0
7,2,8,0.0
7,2,9,2748.0
7,2,10,1729.0
7,2,11,1265.0
7,2,12,0.0
7,2,13,2128.0
7,2,14,
7,2,15,0.0
7,2,16,3377.0
7,2,17,739.0
7,2,18,2845.0
7,2,19,1791.0
7,2,20,2318.0
7,2,21,2004.0
7,2,22,2378.0
7,2,23,1653.0
7,2,24,2293.0
7,2,25,2232.0
7,2,26,1399.0
7,2,27,1540.0
7,2,28,2476.0
7,2,29,
7,2,30,
7,3,1,0.0
7,3,2,2831.0
7,3,3,0.0
7,3,4,0.0
7,3,5,3179.0
7,3,6,0.0
7,3,7,2539.0
7,3,8,1597.0
7,3,9,0.0
7,3,10,
7,3,11,819.0
7,3,12,2971.0
7,3,13,0.0
7,3,14,0.0
7,3,15,3946.0
7,3,16,0.0
7,3,17,0.0
7,3,18,1029.0
7,3,19,0.0
7,3,20,1388.0
7,3,21,
7,3,22,1430.0
7,3,23,0.0
7,3,24,2604.0
7,3,25,0.0
7,3,26,2070.0
7,3,27,2669.0
7,3,28,2547.0
7,3,29,2296.0
7,3,30,2808.0
8,1,1,5786.0
8,1,2,4113.0
8,1,3,3304.0
8,1,4,3539.0
8,1,5,
8,1,6,0.0
8,1,7,2095.0
8,1,8,2401.0
8,1,9,4745.0
8,1,10,3018.0
8,1,11,3937.0
8,1,12,3981.0
8,1,13,2827.0
8,1,14,3764.0
8,1,15,4012.0
8,1,16,3738.0
8,1,17,
8,1,18,0.0
8,1,19,3303.0
8,1,20,0.0
8,1,21,4974.0
8,1,22,4608.0
8,1,23,4260.0
8,1,24,3186.0
8,1,25,
8,1,26,4045.0
8,1,27,3338.0
8,1,28,4880.0
8,1,29,4620.0
8,1,30,5302.0
8,2,1,4183.0
8,2,2,5721.0
8,2,3,
8,2,4,
8,2,5,0.0
8,2,6,0.0
8,2,7,4183.0
8,2,8,0.0
8,2,9,2953.0
8,2,10,3456.0
8,2,11,6950.0
8,2,12,3888.0
8,2,13,0.0
8,2,14,4023.0
8,2,15,0.0
8,2,16,4105.0
8,2,17,
8,2,18,
8,2,19,0.0
8,2,20,4384.0
8,2,21,4632.0
8,2,22,2759.0
8,2,23,2521.0
8,2,24,
8,2,25,2423.0
8,2,26,5987.0
8,2,27,2352.0
8,2,28,3412.0
8,2,29,4518.0
8,2,30,2731.0
8,3,1,4387.0
8,3,2,3299.0
8,3,3,0.0
8,3,4,0.0
8,3,5,4309.0
8,3,6,3693.0
8,3,7,0.0
8,3,8,4757.0
8,3,9,0.0
8,3,10,1136.0
8,3,11,0.0
8,3,12,0.0
8,3,13,4792.0
8,3,14,0.0
8,3,15,2739.0
8,3,16,
8,3,17,2429.0
8,3,18,
8,3,19,0.0
8,3,20,3713.0
8,3,21,0.0
8,3,22,2428.0
8,3,23,3557.0
8,3,24,3636.0
8,3,25,
8,3,26,3636.0
8,3,27,5199.0
8,3,28,3895.0
8,3,29,3682.0
8,3,30,
9,1,1,0.0
9,1,2,5438.0
9,1,3,4534.0
9,1,4,4980.0
9,1,5,0.0
9,1,6,5578.0
9,1,7,6485.0
9,1,8,5916.0
9,1,9,7657.0
9,1,10,0.0
9,1,11,
9,1,12,5429.0
9,1,13,6182.0
9,1,14,4516.0
9,1,15,0.0
9,1,16,6642.0
9,1,17,5405.0
9,1,18,5538.0
9,1,19,7572.0
9,1,20,5120.0
9,1,21,5637.0
9,1,22,4492.0
9,1,23,6237.0
9,1,24,4797.0
9,1,25,5866.0
9,1,26,6574.0
9,1,27,5317.0
9,1,28,6133.0
9,1,29,5925.0
9,1,30,6616.0
9,2,1,6139.0
9,2,2,6859.0
9,2,3,0.0
9,2,4,5308.0
9,2,5,
9,2,6,4291.0
9,2,7,3925.0
9,2,8,4016.0
9,2,9,5266.0
9,2,10,0.0
9,2,11,
9,2,12,6659.0
9,2,13,7103.0
9,2,14,5628.0
9,2,15,6695.0
9,2,16,
9,2,17,4180.0
9,2,18,3924.0
9,2,19,6953.0
9,2,20,6133.0
9,2,21,6328.0
9,2,22,0.0
9,2,23,5850.0
9,2,24,
9,2,25,4815.0
9,2,26,5288.0
9,2,27,0.0
9,2,28,0.0
9,2,29,5749.0
9,2,30,6961.0
9,3,1,4579.0
9,3,2,0.0
9,3,3,
9,3,4,0.0
9,3,5,6510.0
9,3,6,0.0
9,3,7,4968.0
9,3,8,5889.0
9,3,9,0.0
9,3,10,6967.0
9,3,11,5494.0
9,3,12,
9,3,13,5691.0
9,3,14,6112.0
9,3,15,4867.0
9,3,16,4906.0
9,3,17,0.0
9,3,18,5294.0
9,3,19,0.0
9,3,20,6320.0
9,3,21,0.0
9,3,22,7389.0
9,3,23,
9,3,24,4741.0
9,3,25,4381.0
9,3,26,5879.0
9,3,27,5384.0
9,3,28,
9,3,29,5439.0
9,3,30,4032.0
10,1,1,5716.0
10,1,2,0.0
10,1,3,5399.0
10,1,4,7079.0
10,1,5,4848.0
10,1,6,5970.0
10,1,7,7030.0
10,1,8,0.0
10,1,9,0.0
10,1,10,4819.0
10,1,11,4386.0
10,1,12,5435.0
10,1,13,0.0
10,1,14,4631.0
10,1,15,6432.0
10,1,16,5510.0
10,1,17,4229.0
10,1,18,4168.0
10,1,19,6096.0
10,1,20,7348.0
10,1,21,5498.0
10,1,22,4720.0
10,1,23,4410.0
10,1,24,6031.0
10,1,25,0.0
10,1,26,4666.0
10,1,27,6637.0
10,1,28,4309.0
10,1,29,5085.0
10,1,30,6614.0
10,2,1,5543.0
10,2,2,5593.0
10,2,3,0.0
10,2,4,5092.0
10,2,5,4331.0
10,2,6,4511.0
10,2,7,
10,2,8,3565.0
10,2,9,5909.0
10,2,10,5790.0
10,2,11,7894.0
10,2,12,5483.0
10,2,13,5302.0
10,2,14,5669.0
10,2,15,5723.0
10,2,16,5226.0
10,2,17,0.0
10,2,18,4645.0
10,2,19,5452.0
10,2,20,5572.0
10,2,21,0.0
10,2,22,5376.0
10,2,23,6219.0
10,2,24,5411.0
10,2,25,4089.0
10,2,26,0.0
10,2,27,5909.0
10,2,28,5455.0
10,2,29,2513.0
10,2,30,0.0
10,3,1,5694.0
10,3,2,0.0
10,3,3,4435.0
10,3,4,
10,3,5,5818.0
10,3,6,5550.0
10,3,7,5064.0
10,3,8,0.0
10,3,9,
10,3,10,
10,3,11,0.0
10,3,12,
10,3,13,5417.0
10,3,14,4672.0
10,3,15,3867.0
10,3,16,6314.0
10,3,17,4357.0
10,3,18,5192.0
10,3,19,0.0
10,3,20,0.0
10,3,21,0.0
10,3,22,0.0
10,3,23,6280.0
10,3,24,
10,3,25,0.0
10,3,26,6163.0
10,3,27,
10,3,28,0.0
10,3,29,5510.0
10,3,30,0.0
11,1,1,8306.0
11,1,2,8901.0
11,1,3,9518.0
11,1,4,8163.0
11,1,5,7878.0
11,1,6,7437.0
11,1,7,6950.0
11,1,8,6708.0
11,1,9,7652.0
11,1,10,9361.0
11,1,11,8999.0
11,1,12,7834.0
11,1,13,10479.0
11,1,14,7716.0
11,1,15,9623.0
11,1,16,9883.0
11,1,17,8782.0
11,1,18,7644.0
11,1,19,7956.0
11,1,20,8506.0
11,1,21,0.0
11,1,22,7519.0
11,1,23,9620.0
11,1,24,9002.0
11,1,25,9479.0
11,1,26,8604.0
11,1,27,7614.0
11,1,28,8929.0
11,1,29,9633.0
11,1,30,8603.0
11,2,1,7396.0
11,2,2,7738.0
11,2,3,8360.0
11,2,4,9777.0
11,2,5,10121.0
11,2,6,7468.0
11,2,7,8681.0
11,2,8,7727.0
11,2,9,7040.0
11,2,10,8901.0
11,2,11,8469.0
11,2,12,8532.0
11,2,13,8157.0
11,2,14,8626.0
11,2,15,8587.0
11,2,16,9159.0
11,2,17,7508.0
11,2,18,9210.0
11,2,19,9056.0
11,2,20,8648.0
11,2,21,8352.0
11,2,22,0.0
11,2,23,8721.0
11,2,24,7670.0
11,2,25,9560.0
11,2,26,8343.0
11,2,27,8562.0
11,2,28,10923.0
11,2,29,9075.0
11,2,30,8703.0
11,3,1,8183.0
11,3,2,
11,3,3,7097.0
11,3,4,9610.0
11,3,5,7899.0
11,3,6,9041.0
11,3,7,9768.0
11,3,8,8600.0
11,3,9,
11,3,10,9776.0
11,3,11,0.0
11,3,12,6872.0
11,3,13,7215.0
11,3,14,7504.0
11,3,15,6227.0
11,3,16,6623.0
11,3,17,9779.0
11,3,18,9488.0
11,3,19,7749.0
11,3,20,10536.0
11,3,21,0.0
11,3,22,8026.0
11,3,23,10383.0
11,3,24,9530.0
11,3,25,9100.0
11,3,26,7770.0
11,3,27,0.0
11,3,28,0.0
11,3,29,9018.0
11,3,30,9277.0
12,1,1,3093.0
12,1,2,3204.0
12,1,3,3165.0
12,1,4,2263.0
12,1,5,5141.0
12,1,6,3060.0
12,1,7,2328.0
12,1,8,5172.0
12,1,9,4830.0
12,1,10,3428.0
12,1,11,1519.0
12,1,12,2821.0
12,1,13,1692.0
12,1,14,3801.0
12,1,15,2754.0
12,1,16,3259.0
12,1,17,5059.0
12,1,18,2685.0
12,1,19,3756.0
12,1,20,0.0
12,1,21,3640.0
12,1,22,0.0
12,1,23,0.0
12,1,24,3408.0
12,1,25,3642.0
12,1,26,3066.0
12,1,27,2983.0
12,1,28,4855.0
12,1,29,0.0
12,1,30,863.0
12,2,1,4171.0
12,2,2,3354.0
12,2,3,3803.0
12,2,4,
12,2,5,4172.0
12,2,6,2368.0
12,2,7,0.0
12,2,8,3581.0
12,2,9,1930.0
12,2,10,1672.0
12,2,11,0.0
12,2,12,0.0
12,2,13,0.0
12,2,14,0.0
12,2,15,4452.0
12,2,16,2271.0
12,2,17,3349.0
12,2,18,3463.0
12,2,19,2920.0
12,2,20,
12,2,21,2021.0
12,2,22,3229.0
12,2,23,2839.0
12,2,24,5297.0
12,2,25,2576.0
12,2,26,3361.0
12,2,27,2640.0
12,2,28,3228.0
12,2,29,0.0
12,2,30,0.0
12,3,1,0.0
12,3,2,0.0
12,3,3,1841.0
12,3,4,3382.0
12,3,5,2926.0
12,3,6,3798.0
12,3,7,3226.0
12,3,8,2551.0
12,3,9,2314.0
12,3,10,3282.0
12,3,11,4596.0
12,3,12,2719.0
12,3,13,0.0
12,3,14,4206.0
12,3,15,2619.0
12,3,16,2840.0
12,3,17,4568.0
12,3,18,3772.0
12,3,19,2441.0
12,3,20,0.0
12,3,21,3021.0
12,3,22,3770.0
12,3,23,
12,3,24,0.0
12,3,25,0.0
12,3,26,2332.0
12,3,27,0.0
12,3,28,3711.0
12,3,29,
12,3,30,3311.0
13,1,1,6055.0
13,1,2,7546.0
13,1,3,8305.0
13,1,4,9707.0
13,1,5,7312.0
13,1,6,6765.0
13,1,7,7286.0
13,1,8,8435.0
13,1,9,8435.0
13,1,10,7000.0
13,1,11,8415.0
13,1,12,7095.0
13,1,13,7958.0
13,1,14,0.0
13,1,15,7665.0
13,1,16,0.0
13,1,17,8733.0
13,1,18,6796.0
13,1,19,8116.0
13,1,20,6686.0
13,1,21,6214.0
13,1,22,7442.0
13,1,23,6653.0
13,1,24,7319.0
13,1,25,7705.0
13,1,26,6643.0
13,1,27,7244.0
13,1,28,9057.0
13,1,29,7632.0
13,1,30,7297.0
13,2,1,7753.0
13,2,2,0.0
13,2,3,8228.0
13,2,4,6152.0
13,2,5,7268.0
13,2,6,7259.0
13,2,7,8218.0
13,2,8,6930.0
13,2,9,
13,2,10,6175.0
13,2,11,7827.0
13,2,12,0.0
13,2,13,6682.0
13,2,14,8006.0
13,2,15,0.0
13,2,16,6591.0
13,2,17,0.0
13,2,18,6207.0
13,2,19,0.0
13,2,20,
13,2,21,7210.0
13,2,22,5511.0
13,2,23,0.0
13,2,24,7897.0
13,2,25,
13,2,26,7546.0
13,2,27,8017.0
13,2,28,7852.0
13,2,29,
13,2,30,6468.0
13,3,1,7188.0
13,3,2,
13,3,3,8280.0
13,3,4,7383.0
13,3,5,7760.0
13,3,6,7771.0
13,3,7,0.0
13,3,8,0.0
13,3,9,0.0
13,3,10,9805.0
13,3,11,6980.0
13,3,12,8071.0
13,3,13,8758.0
13,3,14,0.0
13,3,15,7860.0
13,3,16,
13,3,17,0.0
13,3,18,7542.0
13,3,19,7261.0
13,3,20,9409.0
13,3,21,
13,3,22,0.0
13,3,23,0.0
13,3,24,7225.0
13,3,25,
13,3,26,
13,3,27,0.0
13,3,28,6898.0
13,3,29,0.0
13,3,30,5050.0
14,1,1,
14,1,2,
14,1,3,3666.0
14,1,4,
14,1,5,0.0
14,1,6,5442.0
14,1,7,6464.0
14,1,8,4963.0
14,1,9,0.0
14,1,10,5794.0
14,1,11,0.0
14,1,12,6199.0
14,1,13,5144.0
14,1,14,4415.0
14,1,15,3609.0
14,1,16,5390.0
14,1,17,5632.0
14,1,18,4640.0
14,1,19,5270.0
14,1,20,0.0
14,1,21,4415.0
14,1,22,5466.0
14,1,23,4235.0
14,1,24,4816.0
14,1,25,5635.0
14,1,26,4955.0
14,1,27,6299.0
14,1,28,
14,1,29,3389.0
14,1,30,6076.0
14,2,1,5410.0
14,2,2,0.0
14,2,3,5182.0
14,2,4,0.0
14,2,5,
14,2,6,4378.0
14,2,7,0.0
14,2,8,4574.0
14,2,9,0.0
14,2,10,5216.0
14,2,11,5979.0
14,2,12,6410.0
14,2,13,6963.0
14,2,14,0.0
14,2,15,4378.0
14,2,16,6516.0
14,2,17,4873.0
14,2,18,4989.0
14,2,19,5934.0
14,2,20,6427.0
14,2,21,3461.0
14,2,22,4032.0
14,2,23,4712.0
14,2,24,0.0
14,2,25,4159.0
14,2,26,
14,2,27,4693.0
14,2,28,4561.0
14,2,29,4914.0
14,2,30,6088.0
14,3,1,0.0
14,3,2,0.0
14,3,3,6739.0
14,3,4,4314.0
14,3,5,5547.0
14,3,6,
14,3,7,5021.0
14,3,8,
14,3,9,
14,3,10,0.0
14,3,11,0.0
14,3,12,
14,3,13,5532.0
14,3,14,5684.0
14,3,15,
14,3,16,4828.0
14,3,17,0.0
14,3,18,6296.0
14,3,19,5493.0
14,3,20,0.0
14,3,21,3583.0
14,3,22,0.0
14,3,23,3637.0
14,3,24,0.0
14,3,25,6696.0
14,3,26,5374.0
14,3,27,0.0
14,3,28,0.0
14,3,29,0.0
14,3,30,0.0
15,1,1,7242.0
15,1,2,9069.0
15,1,3,6283.0
15,1,4,7902.0
15,1,5,10441.0
15,1,6,8399.0
15,1,7,9007.0
15,1,8,7659.0
15,1,9,6831.0
15,1,10,6583.0
15,1,11,8348.0
15,1,12,8373.0
15,1,13,9876.0
15,1,14,7746.0
15,1,15,8387.0
15,1,16,7983.0
15,1,17,6935.0
15,1,18,8363.0
15,1,19,9153.0
15,1,20,8747.0
15,1,21,7382.0
15,1,22,10823.0
15,1,23,7838.0
15,1,24,9301.0
15,1,25,7770.0
15,1,26,9273.0
15,1,27,7903.0
15,1,28,7972.0
15,1,29,9111.0
15,1,30,10064.0
15,2,1,7866.0
15,2,2,7697.0
15,2,3,7360.0
15,2,4,7213.0
15,2,5,7423.0
15,2,6,
15,2,7,9060.0
15,2,8,8620.0
15,2,9,
15,2,10,8622.0
15,2,11,8823.0
15,2,12,8804.0
15,2,13,9290.0
15,2,14,7340.0
15,2,15,8319.0
15,2,16,6467.0
15,2,17,6475.0
15,2,18,8214.0
15,2,19,7973.0
15,2,20,8138.0
15,2,21,8716.0
15,2,22,9562.0
15,2,23,8110.0
15,2,24,0.0
15,2,25,6500.0
15,2,26,7345.0
15,2,27,8937.0
15,2,28,7913.0
15,2,29,8743.0
15,2,30,6868.0
15,3,1,9468.0
15,3,2,6798.0
15,3,3,5088.0
15,3,4,8291.0
15,3,5,8317.0
15,3,6,7616.0
15,3,7,8584.0
15,3,8,8613.0
15,3,9,8500.0
15,3,10,7598.0
15,3,11,7413.0
15,3,12,7698.0
15,3,13,0.0
15,3,14,7481.0
15,3,15,8123.0
15,3,16,7249.0
15,3,17,9233.0
15,3,18,8836.0
15,3,19,7619.0
15,3,20,7948.0
15,3,21,9052.0
15,3,22,8042.0
15,3,23,10089.0
15,3,24,8630.0
15,3,25,7291.0
15,3,26,7052.0
15,3,27,9166.0
15,3,28,7669.0
15,3,29,8247.0
15,3,30,5275.0
16,1,1,3620.0
16,1,2,0.0
16,1,3,3608.0
16,1,4,5352.0
16,1,5,5325.0
16,1,6,6064.0
16,1,7,4949.0
16,1,8,3471.0
16,1,9,0.0
16,1,10,5843.0
16,1,11,6100.0
16,1,12,3656.0
16,1,13,5217.0
16,1,14,4877.0
16,1,15,3281.0
16,1,16,5144.0
16,1,17,
16,1,18,4796.0
16,1,19,4030.0
16,1,20,7437.0
16,1,21,
16,1,22,5809.0
16,1,23,7043.0
16,1,24,5241.0
16,1,25,5146.0
16,1,26,6572.0
16,1,27,0.0
16,1,28,
16,1,29,4787.0
16,1,30,5217.0
16,2,1,
16,2,2,0.0
16,2,3,2863.0
16,2,4,5280.0
16,2,5,
16,2,6,0.0
16,2,7,5695.0
16,2,8,5702.0
16,2,9,4629.0
16,2,10,0.0
16,2,11,0.0
16,2,12,4845.0
16,2,13,4330.0
16,2,14,4984.0
16,2,15,5562.0
16,2,16,
16,2,17,5076.0
16,2,18,0.0
16,2,19,0.0
16,2,20,0.0
16,2,21,5418.0
16,2,22,0.0
16,2,23,6438.0
16,2,24,6605.0
16,2,25,0.0
16,2,26,4010.0
16,2,27,4762.0
16,2,28,3189.0
16,2,29,3936.0
16,2,30,4869.0
16,3,1,5029.0
16,3,2,3399.0
16,3,3,
16,3,4,0.0
16,3,5,7212.0
16,3,6,0.0
16,3,7,
16,3,8,0.0
16,3,9,0.0
16,3,10,0.0
16,3,11,
16,3,12,3130.0
16,3,13,5473.0
16,3,14,0.0
16,3,15,5396.0
16,3,16,0.0
16,3,17,5073.0
16,3,18,0.0
16,3,19,0.0
16,3,20,5357.0
16,3,21,
16,3,22,5451.0
16,3,23,5044.0
16,3,24,0.0
16,3,25,4063.0
16,3,26,5856.0
16,3,27,5257.0
16,3,28,3822.0
16,3,29,5643.0
16,3,30,0.0
17,1,1,5571.0
17,1,2,4236.0
17,1,3,0.0
17,1,4,4669.0
17,1,5,4202.0
17,1,6,0.0
17,1,7,5432.0
17,1,8,4507.0
17,1,9,
17,1,10,3344.0
17,1,11,3085.0
17,1,12,4789.0
17,1,13,5276.0
17,1,14,5095.0
17,1,15,3109.0
17,1,16,3978.0
17,1,17,4091.0
17,1,18,0.0
17,1,19,4281.0
17,1,20,5375.0
17,1,21,6665.0
17,1,22,3124.0
17,1,23,3789.0
17,1,24,3358.0
17,1,25,4499.0
17,1,26,5610.0
17,1,27,3237.0
17,1,28,4676.0
17,1,29,5575.0
17,1,30,4268.0
17,2,1,
17,2,2,
17,2,3,2084.0
17,2,4,4887.0
17,2,5,5924.0
17,2,6,3617.0
17,2,7,2910.0
17,2,8,5008.0
17,2,9,
17,2,10,0.0
17,2,11,4013.0
17,2,12,4722.0
17,2,13,0.0
17,2,14,3658.0
17,2,15,
17,2,16,3939.0
17,2,17,5368.0
17,2,18,3539.0
17,2,19,2962.0
17,2,20,4011.0
17,2,21,4224.0
17,2,22,5150.0
17,2,23,4091.0
17,2,24,6111.0
17,2,25,4774.0
17,2,26,3880.0
17,2,27,0.0
17,2,28,5257.0
17,2,29,
17,2,30,0.0
17,3,1,4794.0
17,3,2,0.0
17,3,3,4304.0
17,3,4,4938.0
17,3,5,5295.0
17,3,6,4505.0
17,3,7,4368.0
17,3,8,6483.0
17,3,9,5354.0
17,3,10,0.0
17,3,11,5110.0
17,3,12,0.0
17,3,13,0.0
17,3,14,0.0
17,3,15,5128.0
17,3,16,5467.0
17,3,17,4683.0
17,3,18,0.0
17,3,19,0.0
17,3,20,5357.0
17,3,21,4394.0
17,3,22,4617.0
17,3,23,
17,3,24,4628.0
17,3,25,0.0
17,3,26,5143.0
17,3,27,5189.0
17,3,28,
17,3,29,4738.0
17,3,30,4450.0
18,1,1,4407.0
18,1,2,5123.0
18,1,3,4286.0
18,1,4,4391.0
18,1,5,4754.0
18,1,6,6175.0
18,1,7,5473.0
18,1,8,4763.0
18,1,9,6653.0
18,1,10,3888.0
18,1,11,4718.0
18,1,12,5251.0
18,1,13,7216.0
18,1,14,4746.0
18,1,15,0.0
18,1,16,5563.0
18,1,17,5905.0
18,1,18,5043.0
18,1,19,4077.0
18,1,20,0.0
18,1,21,4896.0
18,1,22,3735.0
18,1,23,0.0
18,1,24,5173.0
18,1,25,4479.0
18,1,26,3557.0
18,1,27,4474.0
18,1,28,5320.0
18,1,29,3953.0
18,1,30,5610.0
18,2,1,5472.0
18,2,2,
18,2,3,
18,2,4,4856.0
18,2,5,5131.0
18,2,6,4103.0
18,2,7,
18,2,8,6233.0
18,2,9,0.0
18,2,10,6222.0
18,2,11,6941.0
18,2,12,0.0
18,2,13,5188.0
18,2,14,5680.0
18,2,15,4538.0
18,2,16,
18,2,17,7098.0
18,2,18,0.0
18,2,19,5293.0
18,2,20,5901.0
18,2,21,0.0
18,2,22,5379.0
18,2,23,
18,2,24,5229.0
18,2,25,3798.0
18,2,26,4964.0
18,2,27,5419.0
18,2,28,5316.0
18,2,29,6211.0
18,2,30,
18,3,1,0.0
18,3,2,4430.0
18,3,3,4704.0
18,3,4,0.0
18,3,5,
18,3,6,4533.0
18,3,7,7018.0
18,3,8,
18,3,9,6400.0
18,3,10,5903.0
18,3,11,5875.0
18,3,12,5885.0
18,3,13,4165.0
18,3,14,4640.0
18,3,15,0.0
18,3,16,5441.0
18,3,17,3685.0
18,3,18,0.0
18,3,19,5688.0
18,3,20,5172.0
18,3,21,6856.0
18,3,22,0.0
18,3,23,3788.0
18,3,24,3368.0
18,3,25,4924.0
18,3,26,
18,3,27,0.0
18,3,28,3630.0
18,3,29,
18,3,30,4910.0
19,1,1,6886.0
19,1,2,0.0
19,1,3,6885.0
19,1,4,7301.0
19,1,5,7330.0
19,1,6,0.0
19,1,7,6080.0
19,1,8,6340.0
19,1,9,5814.0
19,1,10,5842.0
19,1,11,7714.0
19,1,12,6910.0
19,1,13,7251.0
19,1,14,4946.0
19,1,15,6935.0
19,1,16,6314.0
19,1,17,7532.0
19,1,18,6851.0
19,1,19,7585.0
19,1,20,7772.0
19,1,21,7639.0
19,1,22,6239.0
19,1,23,6748.0
19,1,24,6870.0
19,1,25,
19,1,26,7277.0
19,1,27,8910.0
19,1,28,0.0
19,1,29,
19,1,30,6884.0
19,2,1,7590.0
19,2,2,0.0
19,2,3,0.0
19,2,4,5747.0
19,2,5,
19,2,6,7765.0
19,2,7,0.0
19,2,8,0.0
19,2,9,8186.0
19,2,10,9253.0
19,2,11,9036.0
19,2,12,7555.0
19,2,13,0.0
19,2,14,8180.0
19,2,15,6924.0
19,2,16,7417.0
19,2,17,0.0
19,2,18,6248.0
19,2,19,0.0
19,2,20,6692.0
19,2,21,5881.0
19,2,22,0.0
19,2,23,6865.0
19,2,24,7115.0
19,2,25,
19,2,26,9194.0
19,2,27,8123.0
19,2,28,0.0
19,2,29,
19,2,30,8409.0
19,3,1,7297.0
19,3,2,5079.0
19,3,3,6978.0
19,3,4,7499.0
19,3,5,6867.0
19,3,6,6980.0
19,3,7,6467.0
19,3,8,6889.0
19,3,9,8106.0
19,3,10,7356.0
19,3,11,
19,3,12,0.0
19,3,13,6605.0
19,3,14,0.0
19,3,15,5288.0
19,3,16,0.0
19,3,17,0.0
19,3,18,0.0
19,3,19,
19,3,20,0.0
19,3,21,7785.0
19,3,22,8454.0
19,3,23,
19,3,24,0.0
19,3,25,8133.0
19,3,26,7433.0
19,3,27,
19,3,28,8678.0
19,3,29,7869.0
19,3,30,7954.0
20,1,1,4753.0
20,1,2,5171.0
20,1,3,5135.0
20,1,4,5811.0
20,1,5,5925.0
20,1,6,5805.0
20,1,7,6555.0
20,1,8,7423.0
20,1,9,5396.0
20,1,10,4525.0
20,1,11,4829.0
20,1,12,5630.0
20,1,13,6516.0
20,1,14,0.0
20,1,15,6770.0
20,1,16,5193.0
20,1,17,6541.0
20,1,18,4516.0
20,1,19,4192.0
20,1,20,6719.0
20,1,21,4601.0
20,1,22,6315.0
20,1,23,6659.0
20,1,24,6151.0
20,1,25,4665.0
20,1,26,7049.0
20,1,27,
20,1,28,5964.0
20,1,29,
20,1,30,4049.0
20,2,1,6285.0
20,2,2,5322.0
20,2,3,5145.0
20,2,4,6259.0
20,2,5,
20,2,6,
20,2,7,6776.0
20,2,8,4803.0
20,2,9,5517.0
20,2,10,0.0
20,2,11,
20,2,12,5110.0
20,2,13,3802.0
20,2,14,6255.0
20,2,15,0.0
20,2,16,
20,2,17,6949.0
20,2,18,
20,2,19,6244.0
20,2,20,7626.0
20,2,21,6638.0
20,2,22,5759.0
20,2,23,5638.0
20,2,24,4796.0
20,2,25,0.0
20,2,26,7147.0
20,2,27,5408.0
20,2,28,6175.0
20,2,29,0.0
20,2,30,6240.0
20,3,1,6499.0
20,3,2,
20,3,3,6804.0
20,3,4,0.0
20,3,5,6785.0
20,3,6,0.0
20,3,7,6727.0
20,3,8,6692.0
20,3,9,0.0
20,3,10,0.0
20,3,11,4408.0
20,3,12,5988.0
20,3,13,6567.0
20,3,14,0.0
20,3,15,
20,3,16,6088.0
20,3,17,6461.0
20,3,18,6114.0
20,3,19,4634.0
20,3,20,0.0
20,3,21,0.0
20,3,22,8676.0
20,3,23,0.0
20,3,24,7370.0
20,3,25,0.0
20,3,26,
20,3,27,
20,3,28,0.0
20,3,29,
20,3,30,7187.0
21,1,1,6297.0
21,1,2,5331.0
21,1,3,5709.0
21,1,4,5786.0
21,1,5,5572.0
21,1,6,5315.0
21,1,7,0.0
21,1,8,5013.0
21,1,9,5292.0
21,1,10,0.0
21,1,11,4751.0
21,1,12,3768.0
21,1,13,0.0
21,1,14,5267.0
21,1,15,0.0
21,1,16,3795.0
21,1,17,5035.0
21,1,18,4482.0
21,1,19,0.0
21,1,20,4736.0
21,1,21,5041.0
21,1,22,5679.0
21,1,23,5084.0
21,1,24,4571.0
21,1,25,5466.0
21,1,26,4649.0
21,1,27,5138.0
21,1,28,5799.0
21,1,29,5847.0
21,1,30,4493.0
21,2,1,5417.0
21,2,2,4664.0
21,2,3,5381.0
21,2,4,4862.0
21,2,5,7330.0
21,2,6,6312.0
21,2,7,5891.0
21,2,8,3570.0
21,2,9,5219.0
21,2,10,0.0
21,2,11,6343.0
21,2,12,2173.0
21,2,13,4028.0
21,2,14,5224.0
21,2,15,6552.0
21,2,16,5006.0
21,2,17,0.0
21,2,18,5842.0
21,2,19,0.0
21,2,20,5146.0
21,2,21,8182.0
21,2,22,0.0
21,2,23,6974.0
21,2,24,0.0
21,2,25,4330.0
21,2,26,0.0
21,2,27,0.0
21,2,28,0.0
21,2,29,0.0
21,2,30,5878.0
21,3,1,5307.0
21,3,2,5147.0
21,3,3,4501.0
21,3,4,0.0
21,3,5,
21,3,6,5899.0
21,3,7,0.0
21,3,8,5966.0
21,3,9,0.0
21,3,10,0.0
21,3,11,4659.0
21,3,12,
21,3,13,4611.0
21,3,14,6851.0
21,3,15,0.0
21,3,16,6186.0
21,3,17,0.0
21,3,18,
21,3,19,4561.0
21,3,20,0.0
21,3,21,4830.0
21,3,22,7088.0
21,3,23,0.0
21,3,24,5292.0
21,3,25,0.0
21,3,26,6669.0
21,3,27,0.0
21,3,28,
21,3,29,0.0
21,3,30,0.0
22,1,1,4473.0
22,1,2,5338.0
22,1,3,0.0
22,1,4,
22,1,5,5651.0
22,1,6,4233.0
22,1,7,
22,1,8,3882.0
22,1,9,4781.0
22,1,10,4035.0
22,1,11,3321.0
22,1,12,3916.0
22,1,13,4810.0
22,1,14,5137.0
22,1,15,6300.0
22,1,16,4550.0
22,1,17,5747.0
22,1,18,4257.0
22,1,19,4387.0
22,1,20,4335.0
22,1,21,4666.0
22,1,22,5321.0
22,1,23,3996.0
22,1,24,3562.0
22,1,25,5407.0
22,1,26,5328.0
22,1,27,5924.0
22,1,28,3848.0
22,1,29,4222.0
22,1,30,5448.0
22,2,1,3985.0
22,2,2,0.0
22,2,3,3356.0
22,2,4,4750.0
22,2,5,2802.0
22,2,6,4461.0
22,2,7,5276.0
22,2,8,5268.0
22,2,9,5018.0
22,2,10,
22,2,11,
22,2,12,0.0
22,2,13,5151.0
22,2,14,5384.0
22,2,15,4215.0
22,2,16,5587.0
22,2,17,0.0
22,2,18,0.0
22,2,19,0.0
22,2,20,3345.0
22,2,21,4681.0
22,2,22,0.0
22,2,23,6164.0
22,2,24,0.0
22,2,25,3242.0
22,2,26,0.0
22,2,27,4213.0
22,2,28,5715.0
22,2,29,3605.0
22,2,30,4716.0
22,3,1,5724.0
22,3,2,2797.0
22,3,3,
22,3,4,3491.0
22,3,5,4629.0
22,3,6,3539.0
22,3,7,
22,3,8,5968.0
22,3,9,
22,3,10,5054.0
22,3,11,2707.0
22,3,12,5034.0
22,3,13,4386.0
22,3,14,0.0
22,3,15,
22,3,16,
22,3,17,4902.0
22,3,18,5008.0
22,3,19,0.0
22,3,20,3116.0
22,3,21,0.0
22,3,22,4358.0
22,3,23,0.0
22,3,24,0.0
22,3,25,5777.0
22,3,26,0.0
22,3,27,0.0
22,3,28,
22,3,29,5685.0
22,3,30,0.0
23,1,1,4491.0
23,1,2,6056.0
23,1,3,5093.0
23,1,4,5352.0
23,1,5,
23,1,6,3755.0
23,1,7,4590.0
23,1,8,6626.0
23,1,9,0.0
23,1,10,5402.0
23,1,11,0.0
23,1,12,5082.0
23,1,13,0.0
23,1,14,5390.0
23,1,15,6062.0
23,1,16,4566.0
23,1,17,3531.0
23,1,18,0.0
23,1,19,4193.0
23,1,20,6060.0
23,1,21,0.0
23,1,22,6189.0
23,1,23,5220.0
23,1,24,
23,1,25,4570.0
23,1,26,5056.0
23,1,27,5921.0
23,1,28,5256.0
23,1,29,4647.0
23,1,30,6273.0
23,2,1,6332.0
23,2,2,6892.0
23,2,3,5253.0
23,2,4,4604.0
23,2,5,5177.0
23,2,6,4670.0
23,2,7,6067.0
23,2,8,5557.0
23,2,9,4429.0
23,2,10,5575.0
23,2,11,3138.0
23,2,12,
23,2,13,0.0
23,2,14,
23,2,15,4808.0
23,2,16,5322.0
23,2,17,5944.0
23,2,18,5486.0
23,2,19,4196.0
23,2,20,5758.0
23,2,21,
23,2,22,6185.0
23,2,23,0.0
23,2,24,5990.0
23,2,25,0.0
23,2,26,4187.0
23,2,27,3874.0
23,2,28,4575.0
23,2,29,4564.0
23,2,30,4062.0
23,3,1,
23,3,2,4678.0
23,3,3,4419.0
23,3,4,
23,3,5,4290.0
23,3,6,4529.0
23,3,7,4395.0
23,3,8,4309.0
23,3,9,
23,3,10,4796.0
23,3,11,0.0
23,3,12,
23,3,13,4813.0
23,3,14,4865.0
23,3,15,0.0
23,3,16,3169.0
23,3,17,5243.0
23,3,18,0.0
23,3,19,5749.0
23,3,20,
23,3,21,0.0
23,3,22,2775.0
23,3,23,4195.0
23,3,24,4190.0
23,3,25,4792.0
23,3,26,0.0
23,3,27,4006.0
23,3,28,
23,3,29,0.0
23,3,30,4892.0
24,1,1,4686.0
24,1,2,1643.0
24,1,3,4622.0
24,1,4,4728.0
24,1,5,0.0
24,1,6,2859.0
24,1,7,2261.0
24,1,8,0.0
24,1,9,
24,1,10,3068.0
24,1,11,4622.0
24,1,12,3011.0
24,1,13,3261.0
24,1,14,4989.0
24,1,15,4529.0
24,1,16,2910.0
24,1,17,3682.0
24,1,18,2816.0
24,1,19,0.0
24,1,20,4907.0
24,1,21,4618.0
24,1,22,5129.0
24,1,23,3733.0
24,1,24,2187.0
24,1,25,2177.0
24,1,26,3229.0
24,1,27,4941.0
24,1,28,4556.0
24,1,29,4677.0
24,1,30,3289.0
24,2,1,3560.0
24,2,2,4908.0
24,2,3,5637.0
24,2,4,4931.0
24,2,5,4931.0
24,2,6,0.0
24,2,7,3247.0
24,2,8,0.0
24,2,9,3205.0
24,2,10,
24,2,11,0.0
24,2,12,4723.0
24,2,13,3727.0
24,2,14,1898.0
24,2,15,3697.0
24,2,16,
24,2,17,0.0
24,2,18,
24,2,19,3991.0
24,2,20,2733.0
24,2,21,0.0
24,2,22,4203.0
24,2,23,5635.0
24,2,24,5964.0
24,2,25,
24,2,26,
24,2,27,4642.0
24,2,28,3774.0
24,2,29,0.0
24,2,30,4242.0
24,3,1,2155.0
24,3,2,4652.0
24,3,3,5071.0
24,3,4,3132.0
24,3,5,3301.0
24,3,6,3775.0
24,3,7,4059.0
24,3,8,0.0
24,3,9,2043.0
24,3,10,
24,3,11,
24,3,12,4722.0
24,3,13,3253.0
24,3,14,0.0
24,3,15,4300.0
24,3,16,3097.0
24,3,17,0.0
24,3,18,
24,3,19,5369.0
24,3,20,4093.0
24,3,21,4567.0
24,3,22,
24,3,23,5432.0
24,3,24,0.0
24,3,25,0.0
24,3,26,
24,3,27,0.0
24,3,28,
24,3,29,0.0
24,3,30,2424.0
25,1,1,6694.0
25,1,2,6041.0
25,1,3,7618.0
25,1,4,7809.0
25,1,5,7745.0
25,1,6,0.0
25,1,7,6820.0
25,1,8,5577.0
25,1,9,7135.0
25,1,10,6965.0
25,1,11,5421.0
25,1,12,
25,1,13,7052.0
25,1,14,7648.0
25,1,15,6953.0
25,1,16,0.0
25,1,17,6549.0
25,1,18,5621.0
25,1,19,6799.0
25,1,20,5699.0
25,1,21,7707.0
25,1,22,
25,1,23,7078.0
25,1,24,5765.0
25,1,25,5524.0
25,1,26,6948.0
25,1,27,7889.0
25,1,28,6084.0
25,1,29,8767.0
25,1,30,4578.0
25,2,1,7412.0
25,2,2,
25,2,3,5577.0
25,2,4,7833.0
25,2,5,6319.0
25,2,6,8194.0
25,2,7,6084.0
25,2,8,6262.0
25,2,9,6009.0
25,2,10,6437.0
25,2,11,7061.0
25,2,12,5623.0
25,2,13,5450.0
25,2,14,0.0
25,2,15,4916.0
25,2,16,8186.0
25,2,17,5485.0
25,2,18,6775.0
25,2,19,7114.0
25,2,20,0.0
25,2,21,8054.0
25,2,22,8410.0
25,2,23,6323.0
25,2,24,0.0
25,2,25,5638.0
25,2,26,0.0
25,2,27,
25,2,28,7599.0
25,2,29,6858.0
25,2,30,6788.0
25,3,1,
25,3,2,7994.0
25,3,3,5026.0
25,3,4,
25,3,5,0.0
25,3,6,0.0
25,3,7,5800.0
25,3,8,
25,3,9,7109.0
25,3,10,8092.0
25,3,11,
25,3,12,7698.0
25,3,13,7036.0
25,3,14,0.0
25,3,15,7039.0
25,3,16,4071.0
25,3,17,6380.0
25,3,18,8650.0
25,3,19,5928.0
25,3,20,0.0
25,3,21,6200.0
25,3,22,0.0
25,3,23,
25,3,24,6369.0
25,3,25,0.0
25,3,26,0.0
25,3,27,
25,3,28,7410.0
25,3,29,4827.0
25,3,30,7667.0
26,1,1,6767.0
26,1,2,6188.0
26,1,3,5568.0
26,1,4,6240.0
26,1,5,4389.0
26,1,6,5811.0
26,1,7,5052.0
26,1,8,6361.0
26,1,9,0.0
26,1,10,4525.0
26,1,11,5149.0
26,1,12,5118.0
26,1,13,0.0
26,1,14,2736.0
26,1,15,7719.0
26,1,16,5685.0
26,1,17,0.0
26,1,18,0.0
26,1,19,4494.0
26,1,20,5822.0
26,1,21,6689.0
26,1,22,
26,1,23,0.0
26,1,24,
26,1,25,7769.0
26,1,26,
26,1,27,6262.0
26,1,28,5211.0
26,1,29,5447.0
26,1,30,0.0
26,2,1,0.0
26,2,2,4949.0
26,2,3,4381.0
26,2,4,6644.0
26,2,5,
26,2,6,
26,2,7,3560.0
26,2,8,5364.0
26,2,9,3063.0
26,2,10,
26,2,11,5776.0
26,2,12,6173.0
26,2,13,4272.0
26,2,14,
26,2,15,0.0
26,2,16,5100.0
26,2,17,4262.0
26,2,18,8311.0
26,2,19,
26,2,20,0.0
26,2,21,6169.0
26,2,22,5318.0
26,2,23,0.0
26,2,24,5989.0
26,2,25,0.0
26,2,26,5605.0
26,2,27,5112.0
26,2,28,7265.0
26,2,29,6006.0
26,2,30,
26,3,1,5948.0
26,3,2,
26,3,3,0.0
26,3,4,6169.0
26,3,5,3173.0
26,3,6,
26,3,7,4665.0
26,3,8,0.0
26,3,9,5382.0
26,3,10,5084.0
26,3,11,4492.0
26,3,12,3834.0
26,3,13,4614.0
26,3,14,5562.0
26,3,15,4427.0
26,3,16,6345.0
26,3,17,
26,3,18,0.0
26,3,19,4853.0
26,3,20,6545.0
26,3,21,4588.0
26,3,22,6353.0
26,3,23,7132.0
26,3,24,
26,3,25,0.0
26,3,26,0.0
26,3,27,3818.0
26,3,28,
26,3,29,5785.0
26,3,30,0.0
27,1,1,4736.0
27,1,2,4205.0
27,1,3,5034.0
27,1,4,5675.0
27,1,5,2585.0
27,1,6,6032.0
27,1,7,5281.0
27,1,8,6655.0
27,1,9,4657.0
27,1,10,4524.0
27,1,11,4306.0
27,1,12,5618.0
27,1,13,3261.0
27,1,14,4371.0
27,1,15,0.0
27,1,16,5296.0
27,1,17,4400.0
27,1,18,4178.0
27,1,19,6164.0
27,1,20,5700.0
27,1,21,
27,1,22,4988.0
27,1,23,6095.0
27,1,24,5575.0
27,1,25,5295.0
27,1,26,5745.0
27,1,27,
27,1,28,4732.0
27,1,29,4272.0
27,1,30,0.0
27,2,1,4377.0
27,2,2,3963.0
27,2,3,5855.0
27,2,4,4289.0
27,2,5,0.0
27,2,6,3403.0
27,2,7,4917.0
27,2,8,5492.0
27,2,9,4110.0
27,2,10,4812.0
27,2,11,3723.0
27,2,12,5447.0
27,2,13,6994.0
27,2,14,4148.0
27,2,15,0.0
27,2,16,4262.0
27,2,17,4457.0
27,2,18,6437.0
27,2,19,4403.0
27,2,20,3588.0
27,2,21,
27,2,22,3939.0
27,2,23,0.0
27,2,24,0.0
27,2,25,5354.0
27,2,26,5308.0
27,2,27,5504.0
27,2,28,0.0
27,2,29,5647.0
27,2,30,3961.0
27,3,1,6326.0
27,3,2,4049.0
27,3,3,0.0
27,3,4,5125.0
27,3,5,6288.0
27,3,6,3838.0
27,3,7,4954.0
27,3,8,5434.0
27,3,9,
27,3,10,5941.0
27,3,11,0.0
27,3,12,6247.0
27,3,13,0.0
27,3,14,
27,3,15,6287.0
27,3,16,0.0
27,3,17,0.0
27,3,18,5012.0
27,3,19,5699.0
27,3,20,4245.0
27,3,21,6371.0
27,3,22,4944.0
27,3,23,6314.0
27,3,24,0.0
27,3,25,6153.0
27,3,26,4875.0
27,3,27,4168.0
27,3,28,
27,3,29,6161.0
27,3,30,0.0
28,1,1,8175.0
28,1,2,6449.0
28,1,3,0.0
28,1,4,
28,1,5,7118.0
28,1,6,7400.0
28,1,7,4456.0
28,1,8,8121.0
28,1,9,6041.0
28,1,10,7203.0
28,1,11,7393.0
28,1,12,6617.0
28,1,13,8578.0
28,1,14,6796.0
28,1,15,6183.0
28,1,16,9006.0
28,1,17,7263.0
28,1,18,8830.0
28,1,19,7176.0
28,1,20,7199.0
28,1,21,5769.0
28,1,22,
28,1,23,6770.0
28,1,24,6464.0
28,1,25,0.0
28,1,26,0.0
28,1,27,7700.0
28,1,28,6183.0
28,1,29,6997.0
28,1,30,8607.0
28,2,1,5704.0
28,2,2,0.0
28,2,3,
28,2,4,8431.0
28,2,5,6730.0
28,2,6,7282.0
28,2,7,9221.0
28,2,8,7456.0
28,2,9,7156.0
28,2,10,6365.0
28,2,11,8002.0
28,2,12,6203.0
28,2,13,
28,2,14,8482.0
28,2,15,0.0
28,2,16,8180.0
28,2,17,
28,2,18,6681.0
28,2,19,0.0
28,2,20,0.0
28,2,21,
28,2,22,0.0
28,2,23,6519.0
28,2,24,5514.0
28,2,25,7163.0
28,2,26,8094.0
28,2,27,0.0
28,2,28,7028.0
28,2,29,0.0
28,2,30,6852.0
28,3,1,0.0
28,3,2,7495.0
28,3,3,
28,3,4,
28,3,5,6293.0
28,3,6,0.0
28,3,7,6374.0
28,3,8,7264.0
28,3,9,0.0
28,3,10,7436.0
28,3,11,
28,3,12,6938.0
28,3,13,6539.0
28,3,14,0.0
28,3,15,0.0
28,3,16,0.0
28,3,17,6288.0
28,3,18,0.0
28,3,19,6666.0
28,3,20,6280.0
28,3,21,7969.0
28,3,22,0.0
28,3,23,8479.0
28,3,24,
28,3,25,0.0
28,3,26,0.0
28,3,27,
28,3,28,0.0
28,3,29,7044.0
28,3,30,
29,1,1,10218.0
29,1,2,10887.0
29,1,3,9948.0
29,1,4,11789.0
29,1,5,11800.0
29,1,6,11099.0
29,1,7,11654.0
29,1,8,9195.0
29,1,9,11855.0
29,1,10,10997.0
29,1,11,10003.0
29,1,12,9908.0
29,1,13,12226.0
29,1,14,11446.0
29,1,15,10468.0
29,1,16,9185.0
29,1,17,11914.0
29,1,18,0.0
29,1,19,9511.0
29,1,20,10760.0
29,1,21,10040.0
29,1,22,10081.0
29,1,23,10354.0
29,1,24,
29,1,25,10246.0
29,1,26,9889.0
29,1,27,10937.0
29,1,28,12271.0
29,1,29,9227.0
29,1,30,10775.0
29,2,1,9520.0
29,2,2,9141.0
29,2,3,11568.0
29,2,4,0.0
29,2,5,10861.0
29,2,6,11362.0
29,2,7,9785.0
29,2,8,10915.0
29,2,9,10516.0
29,2,10,11316.0
29,2,11,10365.0
29,2,12,10077.0
29,2,13,11685.0
29,2,14,11811.0
29,2,15,10062.0
29,2,16,11402.0
29,2,17,11239.0
29,2,18,10493.0
29,2,19,10049.0
29,2,20,9876.0
29,2,21,11909.0
29,2,22,10915.0
29,2,23,12239.0
29,2,24,10501.0
29,2,25,12282.0
29,2,26,9734.0
29,2,27,8029.0
29,2,28,9604.0
29,2,29,11466.0
29,2,30,11370.0
29,3,1,9430.0
29,3,2,11092.0
29,3,3,9897.0
29,3,4,8757.0
29,3,5,11482.0
29,3,6,0.0
29,3,7,10268.0
29,3,8,9845.0
29,3,9,10021.0
29,3,10,8227.0
29,3,11,11155.0
29,3,12,11046.0
29,3,13,11133.0
29,3,14,9783.0
29,3,15,10037.0
29,3,16,0.0
29,3,17,10006.0
29,3,18,11028.0
29,3,19,11498.0
29,3,20,10951.0
29,3,21,10788.0
29,3,22,10251.0
29,3,23,9913.0
29,3,24,9467.0
29,3,25,10964.0
29,3,26,10695.0
29,3,27,10742.0
29,3,28,11734.0
29,3,29,12126.0
29,3,30,8560.0
30,1,1,5012.0
30,1,2,0.0
30,1,3,6041.0
30,1,4,3845.0
30,1,5,5063.0
30,1,6,3469.0
30,1,7,5562.0
30,1,8,
30,1,9,6131.0
30,1,10,
30,1,11,5302.0
30,1,12,4670.0
30,1,13,5503.0
30,1,14,4167.0
30,1,15,6126.0
30,1,16,5046.0
30,1,17,6167.0
30,1,18,4549.0
30,1,19,
30,1,20,0.0
30,1,21,5733.0
30,1,22,0.0
30,1,23,
30,1,24,5053.0
30,1,25,6230.0
30,1,26,
30,1,27,7218.0
30,1,28,7378.0
30,1,29,5258.0
30,1,30,0.0
30,2,1,4718.0
30,2,2,7132.0
30,2,3,0.0
30,2,4,6336.0
30,2,5,7155.0
30,2,6,0.0
30,2,7,5421.0
30,2,8,5512.0
30,2,9,4845.0
30,2,10,3918.0
30,2,11,5833.0
30,2,12,6235.0
30,2,13,
30,2,14,
30,2,15,8348.0
30,2,16,4796.0
30,2,17,5715.0
30,2,18,4514.0
30,2,19,5740.0
30,2,20,6496.0
30,2,21,5297.0
30,2,22,4583.0
30,2,23,5852.0
30,2,24,0.0
30,2,25,6298.0
30,2,26,6661.0
30,2,27,0.0
30,2,28,3996.0
30,2,29,5389.0
30,2,30,
30,3,1,0.0
30,3,2,5145.0
30,3,3,0.0
30,3,4,5228.0
30,3,5,0.0
30,3,6,6845.0
30,3,7,5310.0
30,3,8,
30,3,9,5328.0
30,3,10,6294.0
30,3,11,
30,3,12,4435.0
30,3,13,6954.0
30,3,14,0.0
30,3,15,0.0
30,3,16,6129.0
30,3,17,4944.0
30,3,18,
30,3,19,0.0
30,3,20,0.0
30,3,21,0.0
30,3,22,6885.0
30,3,23,6420.0
30,3,24,0.0
30,3,25,6589.0
30,3,26,0.0
30,3,27,5347.0
30,3,28,0.0
30,3,29,0.0
30,3,30,7093.0
31,1,1,2461.0
31,1,2,814.0
31,1,3,2096.0
31,1,4,2566.0
31,1,5,3011.0
31,1,6,1608.0
31,1,7,1969.0
31,1,8,4360.0
31,1,9,
31,1,10,2422.0
31,1,11,2802.0
31,1,12,2770.0
31,1,13,0.0
31,1,14,4042.0
31,1,15,3073.0
31,1,16,346.0
31,1,17,2189.0
31,1,18,1938.0
31,1,19,2669.0
31,1,20,2454.0
31,1,21,3023.0
31,1,22,842.0
31,1,23,2816.0
31,1,24,1753.0
31,1,25,0.0
31,1,26,2100.0
31,1,27,1161.0
31,1,28,2543.0
31,1,29,2528.0
31,1,30,3195.0
31,2,1,4517.0
31,2,2,2361.0
31,2,3,
31,2,4,
31,2,5,1857.0
31,2,6,
31,2,7,
31,2,8,2119.0
31,2,9,0.0
31,2,10,1395.0
31,2,11,
31,2,12,4638.0
31,2,13,
31,2,14,2544.0
31,2,15,3640.0
31,2,16,3597.0
31,2,17,2448.0
31,2,18,3381.0
31,2,19,2886.0
31,2,20,962.0
31,2,21,2333.0
31,2,22,0.0
31,2,23,1718.0
31,2,24,1734.0
31,2,25,2814.0
31,2,26,
31,2,27,0.0
31,2,28,2077.0
31,2,29,1847.0
31,2,30,
31,3,1,0.0
31,3,2,1578.0
31,3,3,3502.0
31,3,4,844.0
31,3,5,
31,3,6,2383.0
31,3,7,0.0
31,3,8,0.0
31,3,9,2729.0
31,3,10,4692.0
31,3,11,0.0
31,3,12,0.0
31,3,13,4984.0
31,3,14,5215.0
31,3,15,0.0
31,3,16,2663.0
31,3,17,2980.0
31,3,18,2712.0
31,3,19,0.0
31,3,20,2307.0
31,3,21,0.0
31,3,22,0.0
31,3,23,1573.0
31,3,24,3059.0
31,3,25,0.0
31,3,26,4070.0
31,3,27,0.0
31,3,28,0.0
31,3,29,2868.0
31,3,30,0.0
32,1,1,9351.0
32,1,2,8493.0
32,1,3,7537.0
32,1,4,8056.0
32,1,5,7913.0
32,1,6,8840.0
32,1,7,7543.0
32,1,8,7048.0
32,1,9,6406.0
32,1,10,7697.0
32,1,11,9233.0
32,1,12,0.0
32,1,13,
32,1,14,7394.0
32,1,15,8197.0
32,1,16,6300.0
32,1,17,6973.0
32,1,18,6170.0
32,1,19,9073.0
32,1,20,7183.0
32,1,21,8556.0
32,1,22,0.0
32,1,23,7684.0
32,1,24,8802.0
32,1,25,
32,1,26,7864.0
32,1,27,7851.0
32,1,28,7953.0
32,1,29,0.0
32,1,30,9500.0
32,2,1,6767.0
32,2,2,0.0
32,2,3,0.0
32,2,4,0.0
32,2,5,0.0
32,2,6,7320.0
32,2,7,8997.0
32,2,8,7664.0
32,2,9,
32,2,10,9026.0
32,2,11,0.0
32,2,12,8789.0
32,2,13,8677.0
32,2,14,7166.0
32,2,15,
32,2,16,9422.0
32,2,17,
32,2,18,9514.0
32,2,19,7217.0
32,2,20,7698.0
32,2,21,9194.0
32,2,22,8975.0
32,2,23,7140.0
32,2,24,8767.0
32,2,25,7648.0
32,2,26,0.0
32,2,27,9155.0
32,2,28,6490.0
32,2,29,8618.0
32,2,30,
32,3,1,0.0
32,3,2,10572.0
32,3,3,0.0
32,3,4,0.0
32,3,5,7140.0
32,3,6,7449.0
32,3,7,
32,3,8,8698.0
32,3,9,
32,3,10,9010.0
32,3,11,7884.0
32,3,12,8578.0
32,3,13,10153.0
32,3,14,9276.0
32,3,15,8391.0
32,3,16,
32,3,17,0.0
32,3,18,0.0
32,3,19,7970.0
32,3,20,
32,3,21,7793.0
32,3,22,
32,3,23,
32,3,24,8732.0
32,3,25,7324.0
32,3,26,8213.0
32,3,27,8719.0
32,3,28,
32,3,29,
32,3,30,
33,1,1,0.0
33,1,2,7237.0
33,1,3,6512.0
33,1,4,6038.0
33,1,5,7000.0
33,1,6,5264.0
33,1,7,7884.0
33,1,8,6982.0
33,1,9,
33,1,10,6497.0
33,1,11,7149.0
33,1,12,7733.0
33,1,13,0.0
33,1,14,6120.0
33,1,15,6590.0
33,1,16,6289.0
33,1,17,0.0
33,1,18,8510.0
33,1,19,6862.0
33,1,20,7270.0
33,1,21,6311.0
33,1,22,4443.0
33,1,23,7917.0
33,1,24,7607.0
33,1,25,7012.0
33,1,26,
33,1,27,5817.0
33,1,28,6535.0
33,1,29,7629.0
33,1,30,0.0
33,2,1,6108.0
33,2,2,7357.0
33,2,3,6321.0
33,2,4,7162.0
33,2,5,0.0
33,2,6,0.0
33,2,7,7213.0
33,2,8,
33,2,9,7342.0
33,2,10,7258.0
33,2,11,
33,2,12,4638.0
33,2,13,6167.0
33,2,14,0.0
33,2,15,
33,2,16,6164.0
33,2,17,7929.0
33,2,18,6950.0
33,2,19,5110.0
33,2,20,
33,2,21,7324.0
33,2,22,8219.0
33,2,23,7182.0
33,2,24,0.0
33,2,25,7512.0
33,2,26,7079.0
33,2,27,6985.0
33,2,28,7945.0
33,2,29,7507.0
33,2,30,
33,3,1,7176.0
33,3,2,7560.0
33,3,3,0.0
33,3,4,5293.0
33,3,5,
33,3,6,7182.0
33,3,7,0.0
33,3,8,0.0
33,3,9,5844.0
33,3,10,6201.0
33,3,11,6288.0
33,3,12,5425.0
33,3,13,0.0
33,3,14,7337.0
33,3,15,5856.0
33,3,16,0.0
33,3,17,0.0
33,3,18,7738.0
33,3,19,0.0
33,3,20,0.0
33,3,21,0.0
33,3,22,6976.0
33,3,23,0.0
33,3,24,6474.0
33,3,25,
33,3,26,6612.0
33,3,27,7151.0
33,3,28,5734.0
33,3,29,0.0
33,3,30,
34,1,1,10472.0
34,1,2,8759.0
34,1,3,7970.0
34,1,4,9655.0
34,1,5,10460.0
34,1,6,7852.0
34,1,7,10147.0
34,1,8,10581.0
34,1,9,10086.0
34,1,10,9003.0
34,1,11,10204.0
34,1,12,10313.0
34,1,13,8023.0
34,1,14,9908.0
34,1,15,9241.0
34,1,16,9200.0
34,1,17,7391.0
34,1,18,7180.0
34,1,19,9246.0
34,1,20,8999.0
34,1,21,8986.0
34,1,22,8876.0
34,1,23,8155.0
34,1,24,9986.0
34,1,25,0.0
34,1,26,8108.0
34,1,27,9474.0
34,1,28,8043.0
34,1,29,10833.0
34,1,30,9905.0
34,2,1,8543.0
34,2,2,9966.0
34,2,3,7884.0
34,2,4,10566.0
34,2,5,9128.0
34,2,6,8517.0
34,2,7,8814.0
34,2,8,8364.0
34,2,9,8892.0
34,2,10,7937.0
34,2,11,10934.0
34,2,12,8547.0
34,2,13,9945.0
34,2,14,0.0
34,2,15,9839.0
34,2,16,9250.0
34,2,17,10890.0
34,2,18,8653.0
34,2,19,10478.0
34,2,20,7735.0
34,2,21,9256.0
34,2,22,9124.0
34,2,23,10488.0
34,2,24,8798.0
34,2,25,10843.0
34,2,26,7636.0
34,2,27,8380.0
34,2,28,8444.0
34,2,29,7860.0
34,2,30,9136.0
34,3,1,8848.0
34,3,2,10150.0
34,3,3,7942.0
34,3,4,11387.0
34,3,5,
34,3,6,8660.0
34,3,7,10840.0
34,3,8,9470.0
34,3,9,10375.0
34,3,10,10210.0
34,3,11,9539.0
34,3,12,9500.0
34,3,13,9951.0
34,3,14,9637.0
34,3,15,7893.0
34,3,16,7096.0
34,3,17,6281.0
34,3,18,8888.0
34,3,19,10503.0
34,3,20,7721.0
34,3,21,9079.0
34,3,22,8865.0
34,3,23,9740.0
34,3,24,9817.0
34,3,25,11268.0
34,3,26,9360.0
34,3,27,8311.0
34,3,28,8548.0
34,3,29,8642.0
34,3,30,8472.0
35,1,1,0.0
35,1,2,6263.0
35,1,3,8455.0
35,1,4,0.0
35,1,5,7978.0
35,1,6,6442.0
35,1,7,8190.0
35,1,8,8603.0
35,1,9,7266.0
35,1,10,6921.0
35,1,11,8969.0
35,1,12,6798.0
35,1,13,6701.0
35,1,14,6547.0
35,1,15,7415.0
35,1,16,7741.0
35,1,17,
35,1,18,7203.0
35,1,19,7768.0
35,1,20,7014.0
35,1,21,7621.0
35,1,22,8783.0
35,1,23,6872.0
35,1,24,7374.0
35,1,25,8086.0
35,1,26,7988.0
35,1,27,8045.0
35,1,28,7034.0
35,1,29,8267.0
35,1,30,
35,2,1,0.0
35,2,2,9371.0
35,2,3,
35,2,4,8476.0
35,2,5,
35,2,6,0.0
35,2,7,
35,2,8,7696.0
35,2,9,8015.0
35,2,10,
35,2,11,7417.0
35,2,12,
35,2,13,4327.0
35,2,14,7409.0
35,2,15,0.0
35,2,16,9086.0
35,2,17,0.0
35,2,18,6413.0
35,2,19,7855.0
35,2,20,7691.0
35,2,21,0.0
35,2,22,6846.0
35,2,23,7499.0
35,2,24,7912.0
35,2,25,7636.0
35,2,26,6411.0
35,2,27,
35,2,28,8082.0
35,2,29,0.0
35,2,30,7127.0
35,3,1,
35,3,2,8682.0
35,3,3,0.0
35,3,4,6908.0
35,3,5,0.0
35,3,6,7759.0
35,3,7,
35,3,8,0.0
35,3,9,0.0
35,3,10,8521.0
35,3,11,7513.0
35,3,12,6523.0
35,3,13,8143.0
35,3,14,7517.0
35,3,15,0.0
35,3,16,4223.0
35,3,17,6680.0
35,3,18,7158.0
35,3,19,0.0
35,3,20,8664.0
35,3,21,8228.0
35,3,22,6847.0
35,3,23,0.0
35,3,24,
35,3,25,0.0
35,3,26,6613.0
35,3,27,6977.0
35,3,28,0.0
35,3,29,
35,3,30,0.0
36,1,1,2663.0
36,1,2,529.0
36,1,3,1216.0
36,1,4,1185.0
36,1,5,2576.0
36,1,6,
36,1,7,1249.0
36,1,8,3079.0
36,1,9,1569.0
36,1,10,2339.0
36,1,11,984.0
36,1,12,3082.0
36,1,13,0.0
36,1,14,1078.0
36,1,15,1910.0
36,1,16,1861.0
36,1,17,2165.0
36,1,18,2847.0
36,1,19,873.0
36,1,20,2793.0
36,1,21,0.0
36,1,22,0.0
36,1,23,
36,1,24,738.0
36,1,25,1975.0
36,1,26,3414.0
36,1,27,1089.0
36,1,28,475.0
36,1,29,1725.0
36,1,30,1042.0
36,2,1,1768.0
36,2,2,3327.0
36,2,3,0.0
36,2,4,1362.0
36,2,5,2403.0
36,2,6,2455.0
36,2,7,2073.0
36,2,8,2795.0
36,2,9,0.0
36,2,10,2873.0
36,2,11,0.0
36,2,12,1237.0
36,2,13,0.0
36,2,14,573.0
36,2,15,1390.0
36,2,16,2075.0
36,2,17,4518.0
36,2,18,0.0
36,2,19,0.0
36,2,20,3062.0
36,2,21,1609.0
36,2,22,1686.0
36,2,23,
36,2,24,1243.0
36,2,25,0.0
36,2,26,0.0
36,2,27,2892.0
36,2,28,1072.0
36,2,29,0.0
36,2,30,2399.0
36,3,1,0.0
36,3,2,
36,3,3,2674.0
36,3,4,1750.0
36,3,5,
36,3,6,1102.0
36,3,7,0.0
36,3,8,
36,3,9,705.0
36,3,10,
36,3,11,0.0
36,3,12,0.0
36,3,13,1492.0
36,3,14,0.0
36,3,15,0.0
36,3,16,0.0
36,3,17,2302.0
36,3,18,1427.0
36,3,19,
36,3,20,770.0
36,3,21,
36,3,22,1406.0
36,3,23,3249.0
36,3,24,652.0
36,3,25,0.0
36,3,26,2135.0
36,3,27,2814.0
36,3,28,2290.0
36,3,29,2022.0
36,3,30,1025.0
37,1,1,3657.0
37,1,2,3217.0
37,1,3,2435.0
37,1,4,3241.0
37,1,5,3046.0
37,1,6,4262.0
37,1,7,3764.0
37,1,8,0.0
37,1,9,3296.0
37,1,10,4522.0
37,1,11,0.0
37,1,12,1900.0
37,1,13,4576.0
37,1,14,0.0
37,1,15,5041.0
37,1,16,4332.0
37,1,17,2907.0
37,1,18,3727.0
37,1,19,4082.0
37,1,20,4262.0
37,1,21,3097.0
37,1,22,4353.0
37,1,23,2974.0
37,1,24,2263.0
37,1,25,2637.0
37,1,26,3057.0
37,1,27,2998.0
37,1,28,4745.0
37,1,29,2284.0
37,1,30,1207.0
37,2,1,4671.0
37,2,2,3408.0
37,2,3,2094.0
37,2,4,0.0
37,2,5,4179.0
37,2,6,5150.0
37,2,7,
37,2,8,4263.0
37,2,9,1193.0
37,2,10,
37,2,11,0.0
37,2,12,3976.0
37,2,13,2635.0
37,2,14,
37,2,15,3243.0
37,2,16,1662.0
37,2,17,3348.0
37,2,18,0.0
37,2,19,0.0
37,2,20,2311.0
37,2,21,2462.0
37,2,22,2981.0
37,2,23,
37,2,24,0.0
37,2,25,4520.0
37,2,26,2737.0
37,2,27,3314.0
37,2,28,3335.0
37,2,29,3787.0
37,2,30,2818.0
37,3,1,3482.0
37,3,2,0.0
37,3,3,5569.0
37,3,4,0.0
37,3,5,0.0
37,3,6,2058.0
37,3,7,2056.0
37,3,8,4547.0
37,3,9,4023.0
37,3,10,3831.0
37,3,11,4008.0
37,3,12,
37,3,13,0.0
37,3,14,5687.0
37,3,15,4916.0
37,3,16,0.0
37,3,17,3676.0
37,3,18,
37,3,19,0.0
37,3,20,3278.0
37,3,21,0.0
37,3,22,0.0
37,3,23,1491.0
37,3,24,3071.0
37,3,25,3578.0
37,3,26,
37,3,27,2076.0
37,3,28,2171.0
37,3,29,3154.0
37,3,30,2869.0
38,1,1,3156.0
38,1,2,4528.0
38,1,3,6104.0
38,1,4,3318.0
38,1,5,4277.0
38,1,6,5106.0
38,1,7,2941.0
38,1,8,4538.0
38,1,9,5534.0
38,1,10,3503.0
38,1,11,0.0
38,1,12,4633.0
38,1,13,4583.0
38,1,14,4073.0
38,1,15,3761.0
38,1,16,4470.0
38,1,17,5124.0
38,1,18,4220.0
38,1,19,3997.0
38,1,20,4394.0
38,1,21,4810.0
38,1,22,4626.0
38,1,23,4554.0
38,1,24,0.0
38,1,25,3825.0
38,1,26,5525.0
38,1,27,4998.0
38,1,28,4897.0
38,1,29,4698.0
38,1,30,0.0
38,2,1,4743.0
38,2,2,3501.0
38,2,3,5142.0
38,2,4,4484.0
38,2,5,5246.0
38,2,6,0.0
38,2,7,6046.0
38,2,8,0.0
38,2,9,4171.0
38,2,10,
38,2,11,0.0
38,2,12,3560.0
38,2,13,0.0
38,2,14,
38,2,15,5085.0
38,2,16,5164.0
38,2,17,4160.0
38,2,18,4635.0
38,2,19,4537.0
38,2,20,0.0
38,2,21,5929.0
38,2,22,3804.0
38,2,23,3838.0
38,2,24,0.0
38,2,25,
38,2,26,5531.0
38,2,27,4089.0
38,2,28,4372.0
38,2,29,4285.0
38,2,30,6772.0
38,3,1,0.0
38,3,2,3644.0
38,3,3,4457.0
38,3,4,
38,3,5,2742.0
38,3,6,4312.0
38,3,7,0.0
38,3,8,3366.0
38,3,9,3615.0
38,3,10,
38,3,11,5901.0
38,3,12,3731.0
38,3,13,0.0
38,3,14,3369.0
38,3,15,0.0
38,3,16,0.0
38,3,17,2436.0
38,3,18,0.0
38,3,19,5588.0
38,3,20,
38,3,21,
38,3,22,4715.0
38,3,23,4050.0
38,3,24,0.0
38,3,25,0.0
38,3,26,4128.0
38,3,27,4710.0
38,3,28,0.0
38,3,29,4269.0
38,3,30,0.0
39,1,1,6311.0
39,1,2,0.0
39,1,3,8083.0
39,1,4,8158.0
39,1,5,9595.0
39,1,6,7263.0
39,1,7,0.0
39,1,8,0.0
39,1,9,8546.0
39,1,10,7918.0
39,1,11,6764.0
39,1,12,6313.0
39,1,13,7800.0
39,1,14,6583.0
39,1,15,7493.0
39,1,16,8478.0
39,1,17,7327.0
39,1,18,7689.0
39,1,19,8993.0
39,1,20,7556.0
39,1,21,6288.0
39,1,22,7834.0
39,1,23,6888.0
39,1,24,0.0
39,1,25,7909.0
39,1,26,7812.0
39,1,27,6558.0
39,1,28,5599.0
39,1,29,7977.0
39,1,30,0.0
39,2,1,7582.0
39,2,2,6611.0
39,2,3,6483.0
39,2,4,0.0
39,2,5,6745.0
39,2,6,6419.0
39,2,7,8410.0
39,2,8,6379.0
39,2,9,8349.0
39,2,10,0.0
39,2,11,0.0
39,2,12,6339.0
39,2,13,5822.0
39,2,14,7882.0
39,2,15,5958.0
39,2,16,7857.0
39,2,17,5687.0
39,2,18,5895.0
39,2,19,
39,2,20,7835.0
39,2,21,6078.0
39,2,22,7980.0
39,2,23,8382.0
39,2,24,7756.0
39,2,25,5433.0
39,2,26,6773.0
39,2,27,5290.0
39,2,28,9171.0
39,2,29,7720.0
39,2,30,
39,3,1,0.0
39,3,2,7442.0
39,3,3,0.0
39,3,4,
39,3,5,0.0
39,3,6,0.0
39,3,7,0.0
39,3,8,7415.0
39,3,9,
39,3,10,9065.0
39,3,11,
39,3,12,0.0
39,3,13,
39,3,14,5722.0
39,3,15,5648.0
39,3,16,6937.0
39,3,17,0.0
39,3,18,0.0
39,3,19,8242.0
39,3,20,7368.0
39,3,21,6640.0
39,3,22,7376.0
39,3,23,0.0
39,3,24,0.0
39,3,25,6619.0
39,3,26,
39,3,27,0.0
39,3,28,6903.0
39,3,29,6386.0
39,3,30,0.0
40,1,1,4688.0
40,1,2,3947.0
40,1,3,0.0
40,1,4,3199.0
40,1,5,4680.0
40,1,6,3923.0
40,1,7,5927.0
40,1,8,0.0
40,1,9,4873.0
40,1,10,670.0
40,1,11,4661.0
40,1,12,4608.0
40,1,13,3423.0
40,1,14,2648.0
40,1,15,3624.0
40,1,16,3960.0
40,1,17,0.0
40,1,18,0.0
40,1,19,1828.0
40,1,20,2958.0
40,1,21,2414.0
40,1,22,3438.0
40,1,23,4141.0
40,1,24,0.0
40,1,25,5694.0
40,1,26,4684.0
40,1,27,4992.0
40,1,28,4861.0
40,1,29,3695.0
40,1,30,3344.0
40,2,1,5937.0
40,2,2,
40,2,3,3853.0
40,2,4,3222.0
40,2,5,0.0
40,2,6,2922.0
40,2,7,2075.0
40,2,8,
40,2,9,0.0
40,2,10,4355.0
40,2,11,
40,2,12,4402.0
40,2,13,4709.0
40,2,14,4002.0
40,2,15,
40,2,16,2360.0
40,2,17,4564.0
40,2,18,0.0
40,2,19,4257.0
40,2,20,
40,2,21,4845.0
40,2,22,4047.0
40,2,23,0.0
40,2,24,0.0
40,2,25,5371.0
40,2,26,0.0
40,2,27,3618.0
40,2,28,3206.0
40,2,29,3273.0
40,2,30,3856.0
40,3,1,4082.0
40,3,2,1846.0
40,3,3,2796.0
40,3,4,0.0
40,3,5,
40,3,6,3831.0
40,3,7,0.0
40,3,8,
40,3,9,0.0
40,3,10,4196.0
40,3,11,0.0
40,3,12,5437.0
40,3,13,0.0
40,3,14,0.0
40,3,15,0.0
40,3,16,0.0
40,3,17,0.0
40,3,18,2903.0
40,3,19,6021.0
40,3,20,
40,3,21,0.0
40,3,22,3811.0
40,3,23,0.0
40,3,24,4363.0
40,3,25,2842.0
40,3,26,
40,3,27,0.0
40,3,28,
40,3,29,5338.0
40,3,30,5343.0
41,1,1,4171.0
41,1,2,4127.0
41,1,3,
41,1,4,3345.0
41,1,5,4263.0
41,1,6,1258.0
41,1,7,
41,1,8,2587.0
41,1,9,5837.0
41,1,10,4328.0
41,1,11,1493.0
41,1,12,4623.0
41,1,13,3166.0
41,1,14,3493.0
41,1,15,3499.0
41,1,16,5960.0
41,1,17,3749.0
41,1,18,3226.0
41,1,19,4580.0
41,1,20,4411.0
41,1,21,
41,1,22,4613.0
41,1,23,3939.0
41,1,24,3247.0
41,1,25,2119.0
41,1,26,3091.0
41,1,27,0.0
41,1,28,3093.0
41,1,29,4515.0
41,1,30,4136.0
41,2,1,4382.0
41,2,2,4504.0
41,2,3,3131.0
41,2,4,0.0
41,2,5,3216.0
41,2,6,0.0
41,2,7,0.0
41,2,8,3494.0
41,2,9,
41,2,10,4419.0
41,2,11,5193.0
41,2,12,4088.0
41,2,13,3717.0
41,2,14,
41,2,15,6378.0
41,2,16,4318.0
41,2,17,0.0
41,2,18,2958.0
41,2,19,5101.0
41,2,20,0.0
41,2,21,3680.0
41,2,22,5004.0
41,2,23,4526.0
41,2,24,5329.0
41,2,25,
41,2,26,0.0
41,2,27,3138.0
41,2,28,4648.0
41,2,29,3926.0
41,2,30,4087.0
41,3,1,0.0
41,3,2,3614.0
41,3,3,3909.0
41,3,4,4567.0
41,3,5,4150.0
41,3,6,
41,3,7,2879.0
41,3,8,0.0
41,3,9,0.0
41,3,10,0.0
41,3,11,0.0
41,3,12,3884.0
41,3,13,0.0
41,3,14,3075.0
41,3,15,5521.0
41,3,16,0.0
41,3,17,4268.0
41,3,18,0.0
41,3,19,5064.0
41,3,20,0.0
41,3,21,
41,3,22,
41,3,23,5418.0
41,3,24,3538.0
41,3,25,2993.0
41,3,26,2434.0
41,3,27,
41,3,28,
41,3,29,0.0
41,3,30,4564.0
42,1,1,5848.0
42,1,2,6526.0
42,1,3,5665.0
42,1,4,0.0
42,1,5,6485.0
42,1,6,0.0
42,1,7,5779.0
42,1,8,5117.0
42,1,9,0.0
42,1,10,3074.0
42,1,11,5543.0
42,1,12,5801.0
42,1,13,5577.0
42,1,14,4378.0
42,1,15,7116.0
42,1,16,0.0
42,1,17,6739.0
42,1,18,0.0
42,1,19,5832.0
42,1,20,5517.0
42,1,21,5331.0
42,1,22,4166.0
42,1,23,5308.0
42,1,24,6171.0
42,1,25,3698.0
42,1,26,5230.0
42,1,27,7400.0
42,1,28,4406.0
42,1,29,3946.0
42,1,30,5332.0
42,2,1,5353.0
42,2,2,6501.0
42,2,3,
42,2,4,5635.0
42,2,5,0.0
42,2,6,4149.0
42,2,7,4900.0
42,2,8,6353.0
42,2,9,5666.0
42,2,10,3239.0
42,2,11,6912.0
42,2,12,0.0
42,2,13,2089.0
42,2,14,5987.0
42,2,15,5129.0
42,2,16,4676.0
42,2,17,5286.0
42,2,18,0.0
42,2,19,5051.0
42,2,20,4890.0
42,2,21,5417.0
42,2,22,0.0
42,2,23,0.0
42,2,24,7051.0
42,2,25,0.0
42,2,26,7339.0
42,2,27,6152.0
42,2,28,5228.0
42,2,29,4882.0
42,2,30,5523.0
42,3,1,
42,3,2,0.0
42,3,3,
42,3,4,6240.0
42,3,5,0.0
42,3,6,6601.0
42,3,7,5926.0
42,3,8,0.0
42,3,9,3824.0
42,3,10,
42,3,11,5895.0
42,3,12,6022.0
42,3,13,5202.0
42,3,14,6078.0
42,3,15,0.0
42,3,16,5366.0
42,3,17,
42,3,18,
42,3,19,4004.0
42,3,20,0.0
42,3,21,5258.0
42,3,22,
42,3,23,5308.0
42,3,24,0.0
42,3,25,0.0
42,3,26,3223.0
42,3,27,5572.0
42,3,28,5245.0
42,3,29,0.0
42,3,30,
43,1,1,0.0
43,1,2,0.0
43,1,3,8889.0
43,1,4,10029.0
43,1,5,7220.0
43,1,6,7430.0
43,1,7,0.0
43,1,8,0.0
43,1,9,7694.0
43,1,10,4670.0
43,1,11,6730.0
43,1,12,0.0
43,1,13,7510.0
43,1,14,
43,1,15,6608.0
43,1,16,7906.0
43,1,17,
43,1,18,6263.0
43,1,19,5958.0
43,1,20,0.0
43,1,21,5535.0
43,1,22,
43,1,23,7566.0
43,1,24,6860.0
43,1,25,8828.0
43,1,26,0.0
43,1,27,6775.0
43,1,28,6155.0
43,1,29,7541.0
43,1,30,4755.0
43,2,1,0.0
43,2,2,
43,2,3,0.0
43,2,4,7213.0
43,2,5,6801.0
43,2,6,7531.0
43,2,7,5192.0
43,2,8,7034.0
43,2,9,7237.0
43,2,10,7079.0
43,2,11,
43,2,12,5683.0
43,2,13,7108.0
43,2,14,7318.0
43,2,15,7635.0
43,2,16,6872.0
43,2,17,8131.0
43,2,18,5648.0
43,2,19,7268.0
43,2,20,6158.0
43,2,21,7199.0
43,2,22,0.0
43,2,23,
43,2,24,8498.0
43,2,25,
43,2,26,5234.0
43,2,27,0.0
43,2,28,8774.0
43,2,29,7538.0
43,2,30,
43,3,1,6343.0
43,3,2,5265.0
43,3,3,
43,3,4,5175.0
43,3,5,
43,3,6,0.0
43,3,7,7230.0
43,3,8,7612.0
43,3,9,0.0
43,3,10,0.0
43,3,11,0.0
43,3,12,8710.0
43,3,13,7298.0
43,3,14,0.0
43,3,15,0.0
43,3,16,0.0
43,3,17,5743.0
43,3,18,5071.0
43,3,19,0.0
43,3,20,
43,3,21,7355.0
43,3,22,0.0
43,3,23,5558.0
43,3,24,5141.0
43,3,25,0.0
43,3,26,
43,3,27,0.0
43,3,28,5701.0
43,3,29,7900.0
43,3,30,0.0
44,1,1,3316.0
44,1,2,0.0
44,1,3,2654.0
44,1,4,5242.0
44,1,5,4798.0
44,1,6,0.0
44,1,7,2746.0
44,1,8,4686.0
44,1,9,2513.0
44,1,10,2535.0
44,1,11,5686.0
44,1,12,1748.0
44,1,13,3663.0
44,1,14,2615.0
44,1,15,2494.0
44,1,16,2443.0
44,1,17,5095.0
44,1,18,
44,1,19,1516.0
44,1,20,4327.0
44,1,21,2024.0
44,1,22,0.0
44,1,23,3339.0
44,1,24,5685.0
44,1,25,3112.0
44,1,26,5271.0
44,1,27,0.0
44,1,28,4420.0
44,1,29,5102.0
44,1,30,0.0
44,2,1,
44,2,2,4223.0
44,2,3,0.0
44,2,4,5266.0
44,2,5,0.0
44,2,6,0.0
44,2,7,4175.0
44,2,8,2261.0
44,2,9,3153.0
44,2,10,5195.0
44,2,11,0.0
44,2,12,0.0
44,2,13,4417.0
44,2,14,
44,2,15,6906.0
44,2,16,4292.0
44,2,17,5371.0
44,2,18,5805.0
44,2,19,3664.0
44,2,20,0.0
44,2,21,0.0
44,2,22,3811.0
44,2,23,4985.0
44,2,24,4690.0
44,2,25,2777.0
44,2,26,
44,2,27,3587.0
44,2,28,3297.0
44,2,29,4823.0
44,2,30,3891.0
44,3,1,4616.0
44,3,2,3201.0
44,3,3,0.0
44,3,4,6119.0
44,3,5,4617.0
44,3,6,4809.0
44,3,7,
44,3,8,4990.0
44,3,9,4015.0
44,3,10,
44,3,11,3905.0
44,3,12,3636.0
44,3,13,
44,3,14,5667.0
44,3,15,4637.0
44,3,16,3015.0
44,3,17,
44,3,18,
44,3,19,5637.0
44,3,20,5604.0
44,3,21,3445.0
44,3,22,
44,3,23,0.0
44,3,24,4552.0
44,3,25,
44,3,26,4320.0
44,3,27,0.0
44,3,28,
44,3,29,4953.0
44,3,30,0.0
45,1,1,4317.0
45,1,2,1947.0
45,1,3,2051.0
45,1,4,2534.0
45,1,5,2951.0
45,1,6,4002.0
45,1,7,4305.0
45,1,8,2328.0
45,1,9,3364.0
45,1,10,4259.0
45,1,11,5343.0
45,1,12,3359.0
45,1,13,3414.0
45,1,14,3564.0
45,1,15,2847.0
45,1,16,3281.0
45,1,17,1199.0
45,1,18,2578.0
45,1,19,3667.0
45,1,20,2274.0
45,1,21,4027.0
45,1,22,0.0
45,1,23,0.0
45,1,24,0.0
45,1,25,1470.0
45,1,26,3992.0
45,1,27,4134.0
45,1,28,2810.0
45,1,29,3274.0
45,1,30,924.0
45,2,1,0.0
45,2,2,3170.0
45,2,3,2802.0
45,2,4,4019.0
45,2,5,3239.0
45,2,6,4190.0
45,2,7,3214.0
45,2,8,3887.0
45,2,9,3345.0
45,2,10,2892.0
45,2,11,4032.0
45,2,12,
45,2,13,2667.0
45,2,14,0.0
45,2,15,3350.0
45,2,16,3618.0
45,2,17,1886.0
45,2,18,2269.0
45,2,19,1828.0
45,2,20,
45,2,21,
45,2,22,4501.0
45,2,23,4386.0
45,2,24,
45,2,25,3299.0
45,2,26,0.0
45,2,27,3429.0
45,2,28,3124.0
45,2,29,3002.0
45,2,30,2294.0
45,3,1,2021.0
45,3,2,
45,3,3,3252.0
45,3,4,
45,3,5,2577.0
45,3,6,3395.0
45,3,7,0.0
45,3,8,2820.0
45,3,9,1293.0
45,3,10,0.0
45,3,11,4206.0
45,3,12,0.0
45,3,13,1900.0
45,3,14,
45,3,15,0.0
45,3,16,0.0
45,3,17,3717.0
45,3,18,2821.0
45,3,19,0.0
45,3,20,2962.0
45,3,21,2392.0
45,3,22,1723.0
45,3,23,0.0
45,3,24,
45,3,25,3991.0
45,3,26,2161.0
45,3,27,0.0
45,3,28,0.0
45,3,29,
45,3,30,0.0
46,1,1,3419.0
46,1,2,
46,1,3,7411.0
46,1,4,
46,1,5,4113.0
46,1,6,6106.0
46,1,7,
46,1,8,4774.0
46,1,9,6509.0
46,1,10,5479.0
46,1,11,
46,1,12,0.0
46,1,13,5381.0
46,1,14,6976.0
46,1,15,6700.0
46,1,16,
46,1,17,4769.0
46,1,18,5876.0
46,1,19,4312.0
46,1,20,7142.0
46,1,21,5888.0
46,1,22,7963.0
46,1,23,6963.0
46,1,24,0.0
46,1,25,4329.0
46,1,26,6589.0
46,1,27,5988.0
46,1,28,7843.0
46,1,29,7128.0
46,1,30,4522.0
46,2,1,
46,2,2,8205.0
46,2,3,7375.0
46,2,4,6639.0
46,2,5,0.0
46,2,6,
46,2,7,7233.0
46,2,8,0.0
46,2,9,6921.0
46,2,10,4821.0
46,2,11,0.0
46,2,12,0.0
46,2,13,
46,2,14,0.0
46,2,15,
46,2,16,5775.0
46,2,17,4988.0
46,2,18,
46,2,19,4881.0
46,2,20,
46,2,21,6340.0
46,2,22,7226.0
46,2,23,7831.0
46,2,24,
46,2,25,
46,2,26,5040.0
46,2,27,5748.0
46,2,28,6812.0
46,2,29,5166.0
46,2,30,5941.0
46,3,1,5789.0
46,3,2,3367.0
46,3,3,4552.0
46,3,4,6185.0
46,3,5,5527.0
46,3,6,5376.0
46,3,7,
46,3,8,6543.0
46,3,9,0.0
46,3,10,5888.0
46,3,11,7271.0
46,3,12,
46,3,13,
46,3,14,0.0
46,3,15,3883.0
46,3,16,
46,3,17,
46,3,18,0.0
46,3,19,5399.0
46,3,20,
46,3,21,6814.0
46,3,22,0.0
46,3,23,6623.0
46,3,24,0.0
46,3,25,6747.0
46,3,26,4557.0
46,3,27,0.0
46,3,28,
46,3,29,7258.0
46,3,30,5865.0
47,1,1,688.0
47,1,2,1360.0
47,1,3,1534.0
47,1,4,2000.0
47,1,5,0.0
47,1,6,3727.0
47,1,7,2050.0
47,1,8,917.0
47,1,9,1305.0
47,1,10,1614.0
47,1,11,1235.0
47,1,12,652.0
47,1,13,2113.0
47,1,14,2502.0
47,1,15,2592.0
47,1,16,2357.0
47,1,17,670.0
47,1,18,2361.0
47,1,19,2357.0
47,1,20,2143.0
47,1,21,2679.0
47,1,22,969.0
47,1,23,1342.0
47,1,24,2572.0
47,1,25,0.0
47,1,26,1595.0
47,1,27,0.0
47,1,28,2670.0
47,1,29,1623.0
47,1,30,1720.0
47,2,1,452.0
47,2,2,2299.0
47,2,3,4016.0
47,2,4,1163.0
47,2,5,2925.0
47,2,6,1684.0
47,2,7,1200.0
47,2,8,279.0
47,2,9,0.0
47,2,10,1154.0
47,2,11,2815.0
47,2,12,0.0
47,2,13,0.0
47,2,14,1412.0
47,2,15,1201.0
47,2,16,1260.0
47,2,17,0.0
47,2,18,3499.0
47,2,19,
47,2,20,2665.0
47,2,21,2315.0
47,2,22,1576.0
47,2,23,108.0
47,2,24,1678.0
47,2,25,1349.0
47,2,26,0.0
47,2,27,3593.0
47,2,28,2600.0
47,2,29,0.0
47,2,30,2198.0
47,3,1,1445.0
47,3,2,0.0
47,3,3,
47,3,4,0.0
47,3,5,
47,3,6,0.0
47,3,7,1520.0
47,3,8,2790.0
47,3,9,2598.0
47,3,10,
47,3,11,0.0
47,3,12,0.0
47,3,13,1764.0
47,3,14,425.0
47,3,15,2130.0
47,3,16,1689.0
47,3,17,0.0
47,3,18,3260.0
47,3,19,101.0
47,3,20,1027.0
47,3,21,0.0
47,3,22,0.0
47,3,23,2572.0
47,3,24,
47,3,25,258.0
47,3,26,0.0
47,3,27,
47,3,28,
47,3,29,1326.0
47,3,30,2196.0
48,1,1,5183.0
48,1,2,0.0
48,1,3,4921.0
48,1,4,5409.0
48,1,5,0.0
48,1,6,3592.0
48,1,7,6352.0
48,1,8,
48,1,9,4643.0
48,1,10,5424.0
48,1,11,5449.0
48,1,12,4016.0
48,1,13,4660.0
48,1,14,3860.0
48,1,15,4386.0
48,1,16,4726.0
48,1,17,5393.0
48,1,18,4377.0
48,1,19,5833.0
48,1,20,3480.0
48,1,21,4436.0
48,1,22,4281.0
48,1,23,5779.0
48,1,24,4549.0
48,1,25,4356.0
48,1,26,3631.0
48,1,27,5493.0
48,1,28,0.0
48,1,29,3194.0
48,1,30,4708.0
48,2,1,5475.0
48,2,2,0.0
48,2,3,0.0
48,2,4,
48,2,5,4549.0
48,2,6,4533.0
48,2,7,
48,2,8,5005.0
48,2,9,2495.0
48,2,10,5913.0
48,2,11,3966.0
48,2,12,0.0
48,2,13,
48,2,14,5569.0
48,2,15,2848.0
48,2,16,0.0
48,2,17,3443.0
48,2,18,4997.0
48,2,19,4023.0
48,2,20,5067.0
48,2,21,5416.0
48,2,22,0.0
48,2,23,6099.0
48,2,24,4810.0
48,2,25,4518.0
48,2,26,5315.0
48,2,27,3506.0
48,2,28,5941.0
48,2,29,0.0
48,2,30,4618.0
48,3,1,5444.0
48,3,2,
48,3,3,4180.0
48,3,4,
48,3,5,6182.0
48,3,6,3297.0
48,3,7,0.0
48,3,8,
48,3,9,
48,3,10,6568.0
48,3,11,5020.0
48,3,12,0.0
48,3,13,0.0
48,3,14,
48,3,15,0.0
48,3,16,4508.0
48,3,17,5683.0
48,3,18,4537.0
48,3,19,
48,3,20,4835.0
48,3,21,4427.0
48,3,22,0.0
48,3,23,5078.0
48,3,24,6417.0
48,3,25,
48,3,26,6131.0
48,3,27,5755.0
48,3,28,0.0
48,3,29,
48,3,30,0.0
49,1,1,8758.0
49,1,2,5803.0
49,1,3,8560.0
49,1,4,8109.0
49,1,5,8869.0
49,1,6,9060.0
49,1,7,8875.0
49,1,8,7730.0
49,1,9,8370.0
49,1,10,9590.0
49,1,11,8175.0
49,1,12,9824.0
49,1,13,8456.0
49,1,14,9185.0
49,1,15,8696.0
49,1,16,9767.0
49,1,17,10621.0
49,1,18,8008.0
49,1,19,8637.0
49,1,20,9634.0
49,1,21,8732.0
49,1,22,6685.0
49,1,23,8190.0
49,1,24,8723.0
49,1,25,10072.0
49,1,26,8581.0
49,1,27,7598.0
49,1,28,8747.0
49,1,29,9948.0
49,1,30,7856.0
49,2,1,7974.0
49,2,2,7870.0
49,2,3,7188.0
49,2,4,8536.0
49,2,5,8418.0
49,2,6,6776.0
49,2,7,7668.0
49,2,8,8666.0
49,2,9,9160.0
49,2,10,9440.0
49,2,11,9245.0
49,2,12,8476.0
49,2,13,7039.0
49,2,14,
49,2,15,8253.0
49,2,16,7564.0
49,2,17,6349.0
49,2,18,7388.0
49,2,19,0.0
49,2,20,8336.0
49,2,21,7887.0
49,2,22,8918.0
49,2,23,8085.0
49,2,24,7716.0
49,2,25,7718.0
49,2,26,8084.0
49,2,27,8081.0
49,2,28,8436.0
49,2,29,7624.0
49,2,30,7809.0
49,3,1,9031.0
49,3,2,7541.0
49,3,3,8735.0
49,3,4,8133.0
49,3,5,7933.0
49,3,6,10295.0
49,3,7,7209.0
49,3,8,10014.0
49,3,9,9311.0
49,3,10,7848.0
49,3,11,9342.0
49,3,12,5770.0
49,3,13,
49,3,14,8031.0
49,3,15,6749.0
49,3,16,7978.0
49,3,17,8725.0
49,3,18,8622.0
49,3,19,8393.0
49,3,20,8210.0
49,3,21,8652.0
49,3,22,8955.0
49,3,23,7988.0
49,3,24,7228.0
49,3,25,8689.0
49,3,26,7366.0
49,3,27,7512.0
49,3,28,9253.0
49,3,29,8657.0
49,3,30,9790.0
50,1,1,6323.0
50,1,2,7203.0
50,1,3,5244.0
50,1,4,6148.0
50,1,5,6358.0
50,1,6,6010.0
50,1,7,7134.0
50,1,8,
50,1,9,6645.0
50,1,10,4440.0
50,1,11,0.0
50,1,12,6864.0
50,1,13,6627.0
50,1,14,7387.0
50,1,15,5340.0
50,1,16,8065.0
50,1,17,5022.0
50,1,18,0.0
50,1,19,4843.0
50,1,20,0.0
50,1,21,4686.0
50,1,22,4824.0
50,1,23,0.0
50,1,24,7019.0
50,1,25,6913.0
50,1,26,7215.0
50,1,27,6736.0
50,1,28,4693.0
50,1,29,6011.0
50,1,30,5402.0
50,2,1,5481.0
50,2,2,
50,2,3,5916.0
50,2,4,
50,2,5,0.0
50,2,6,5378.0
50,2,7,6207.0
50,2,8,4898.0
50,2,9,6483.0
50,2,10,8004.0
50,2,11,6401.0
50,2,12,6392.0
50,2,13,8115.0
50,2,14,8877.0
50,2,15,5452.0
50,2,16,8215.0
50,2,17,6237.0
50,2,18,5215.0
50,2,19,7133.0
50,2,20,5103.0
50,2,21,6154.0
50,2,22,6035.0
50,2,23,6414.0
50,2,24,5068.0
50,2,25,
50,2,26,7088.0
50,2,27,0.0
50,2,28,5982.0
50,2,29,4783.0
50,2,30,5706.0
50,3,1,8653.0
50,3,2,5496.0
50,3,3,4763.0
50,3,4,0.0
50,3,5,5856.0
50,3,6,0.0
50,3,7,0.0
50,3,8,
50,3,9,5784.0
50,3,10,0.0
50,3,11,0.0
50,3,12,5818.0
50,3,13,0.0
50,3,14,0.0
50,3,15,5935.0
50,3,16,6000.0
50,3,17,0.0
50,3,18,0.0
50,3,19,
50,3,20,8396.0
50,3,21,8238.0
50,3,22,0.0
50,3,23,0.0
50,3,24,4908.0
50,3,25,
50,3,26,0.0
50,3,27,
50,3,28,6391.0
50,3,29,5919.0
50,3,30,6865.0
51,1,1,0.0
51,1,2,3215.0
51,1,3,4288.0
51,1,4,1566.0
51,1,5,
51,1,6,2860.0
51,1,7,2518.0
51,1,8,3158.0
51,1,9,2544.0
51,1,10,1629.0
51,1,11,1545.0
51,1,12,1654.0
51,1,13,2423.0
51,1,14,3391.0
51,1,15,1167.0
51,1,16,2506.0
51,1,17,3626.0
51,1,18,433.0
51,1,19,2371.0
51,1,20,3408.0
51,1,21,2115.0
51,1,22,1814.0
51,1,23,1222.0
51,1,24,1556.0
51,1,25,3262.0
51,1,26,2369.0
51,1,27,0.0
51,1,28,0.0
51,1,29,2627.0
51,1,30,816.0
51,2,1,
51,2,2,509.0
51,2,3,1172.0
51,2,4,0.0
51,2,5,0.0
51,2,6,2867.0
51,2,7,1697.0
51,2,8,0.0
51,2,9,1291.0
51,2,10,
51,2,11,3364.0
51,2,12,0.0
51,2,13,2472.0
51,2,14,2150.0
51,2,15,0.0
51,2,16,0.0
51,2,17,0.0
51,2,18,1437.0
51,2,19,1730.0
51,2,20,0.0
51,2,21,3580.0
51,2,22,3214.0
51,2,23,4322.0
51,2,24,2008.0
51,2,25,2648.0
51,2,26,1921.0
51,2,27,4131.0
51,2,28,0.0
51,2,29,2350.0
51,2,30,1342.0
51,3,1,0.0
51,3,2,2130.0
51,3,3,3567.0
51,3,4,
51,3,5,
51,3,6,0.0
51,3,7,0.0
51,3,8,3709.0
51,3,9,1132.0
51,3,10,3425.0
51,3,11,0.0
51,3,12,
51,3,13,550.0
51,3,14,
51,3,15,
51,3,16,3427.0
51,3,17,0.0
51,3,18,0.0
51,3,19,0.0
51,3,20,0.0
51,3,21,0.0
51,3,22,1085.0
51,3,23,5084.0
51,3,24,2514.0
51,3,25,
51,3,26,1987.0
51,3,27,3006.0
51,3,28,
51,3,29,2612.0
51,3,30,0.0
52,1,1,10326.0
52,1,2,10775.0
52,1,3,10515.0
52,1,4,10423.0
52,1,5,10917.0
52,1,6,13177.0
52,1,7,10088.0
52,1,8,12515.0
52,1,9,11460.0
52,1,10,10571.0
52,1,11,9680.0
52,1,12,9318.0
52,1,13,10306.0
52,1,14,10744.0
52,1,15,11919.0
52,1,16,11745.0
52,1,17,10522.0
52,1,18,10307.0
52,1,19,10526.0
52,1,20,10802.0
52,1,21,10054.0
52,1,22,10945.0
52,1,23,10858.0
52,1,24,10883.0
52,1,25,12265.0
52,1,26,12146.0
52,1,27,11244.0
52,1,28,11131.0
52,1,29,13050.0
52,1,30,8080.0
52,2,1,11786.0
52,2,2,0.0
52,2,3,13371.0
52,2,4,11116.0
52,2,5,9678.0
52,2,6,9442.0
52,2,7,10274.0
52,2,8,12411.0
52,2,9,12030.0
52,2,10,9234.0
52,2,11,9873.0
52,2,12,11572.0
52,2,13,10392.0
52,2,14,11267.0
52,2,15,9283.0
52,2,16,10818.0
52,2,17,10713.0
52,2,18,11774.0
52,2,19,11205.0
52,2,20,10949.0
52,2,21,9080.0
52,2,22,
52,2,23,11790.0
52,2,24,12535.0
52,2,25,9252.0
52,2,26,11472.0
52,2,27,8877.0
52,2,28,11418.0
52,2,29,11982.0
52,2,30,10034.0
52,3,1,10546.0
52,3,2,10834.0
52,3,3,9294.0
52,3,4,11341.0
52,3,5,8931.0
52,3,6,10590.0
52,3,7,12575.0
52,3,8,11005.0
52,3,9,9525.0
52,3,10,9779.0
52,3,11,9144.0
52,3,12,11425.0
52,3,13,0.0
52,3,14,0.0
52,3,15,9548.0
52,3,16,11685.0
52,3,17,10981.0
52,3,18,8874.0
52,3,19,8936.0
52,3,20,9889.0
52,3,21,10635.0
52,3,22,12053.0
52,3,23,11280.0
52,3,24,11502.0
52,3,25,10508.0
52,3,26,0.0
52,3,27,9153.0
52,3,28,10829.0
52,3,29,11431.0
52,3,30,10731.0
53,1,1,4332.0
53,1,2,5239.0
53,1,3,4195.0
53,1,4,6076.0
53,1,5,4757.0
53,1,6,
53,1,7,0.0
53,1,8,3042.0
53,1,9,5312.0
53,1,10,2071.0
53,1,11,5409.0
53,1,12,5464.0
53,1,13,4337.0
53,1,14,2651.0
53,1,15,3868.0
53,1,16,4320.0
53,1,17,5271.0
53,1,18,3383.0
53,1,19,0.0
53,1,20,4847.0
53,1,21,6620.0
53,1,22,5909.0
53,1,23,2831.0
53,1,24,4023.0
53,1,25,5137.0
53,1,26,0.0
53,1,27,5452.0
53,1,28,3792.0
53,1,29,2657.0
53,1,30,6844.0
53,2,1,4881.0
53,2,2,4756.0
53,2,3,4641.0
53,2,4,5714.0
53,2,5,5173.0
53,2,6,4618.0
53,2,7,4862.0
53,2,8,0.0
53,2,9,4788.0
53,2,10,5599.0
53,2,11,3989.0
53,2,12,4509.0
53,2,13,2702.0
53,2,14,6462.0
53,2,15,4808.0
53,2,16,3099.0
53,2,17,3063.0
53,2,18,3602.0
53,2,19,4714.0
53,2,20,0.0
53,2,21,0.0
53,2,22,6362.0
53,2,23,5801.0
53,2,24,5985.0
53,2,25,5369.0
53,2,26,5041.0
53,2,27,0.0
53,2,28,0.0
53,2,29,0.0
53,2,30,0.0
53,3,1,5011.0
53,3,2,
53,3,3,
53,3,4,0.0
53,3,5,0.0
53,3,6,0.0
53,3,7,4605.0
53,3,8,0.0
53,3,9,0.0
53,3,10,
53,3,11,4738.0
53,3,12,5691.0
53,3,13,
53,3,14,5659.0
53,3,15,5442.0
53,3,16,6542.0
53,3,17,0.0
53,3,18,5477.0
53,3,19,
53,3,20,4681.0
53,3,21,5109.0
53,3,22,6082.0
53,3,23,4576.0
53,3,24,
53,3,25,0.0
53,3,26,4066.0
53,3,27,4906.0
53,3,28,3888.0
53,3,29,0.0
53,3,30,4561.0
54,1,1,5887.0
54,1,2,0.0
54,1,3,7775.0
54,1,4,5286.0
54,1,5,
54,1,6,0.0
54,1,7,7429.0
54,1,8,7311.0
54,1,9,5004.0
54,1,10,6924.0
54,1,11,6045.0
54,1,12,5435.0
54,1,13,
54,1,14,5083.0
54,1,15,7089.0
54,1,16,5317.0
54,1,17,6556.0
54,1,18,0.0
54,1,19,5464.0
54,1,20,7082.0
54,1,21,7497.0
54,1,22,
54,1,23,5336.0
54,1,24,5610.0
54,1,25,8147.0
54,1,26,6340.0
54,1,27,4809.0
54,1,28,5083.0
54,1,29,
54,1,30,0.0
54,2,1,6149.0
54,2,2,
54,2,3,6236.0
54,2,4,7239.0
54,2,5,6469.0
54,2,6,0.0
54,2,7,7844.0
54,2,8,8333.0
54,2,9,5789.0
54,2,10,5597.0
54,2,11,7735.0
54,2,12,0.0
54,2,13,0.0
54,2,14,6096.0
54,2,15,0.0
54,2,16,5239.0
54,2,17,4773.0
54,2,18,5145.0
54,2,19,6187.0
54,2,20,7372.0
54,2,21,0.0
54,2,22,6925.0
54,2,23,4783.0
54,2,24,5774.0
54,2,25,5444.0
54,2,26,4951.0
54,2,27,5724.0
54,2,28,7584.0
54,2,29,6623.0
54,2,30,4837.0
54,3,1,0.0
54,3,2,6531.0
54,3,3,8033.0
54,3,4,6633.0
54,3,5,6458.0
54,3,6,5748.0
54,3,7,5265.0
54,3,8,0.0
54,3,9,
54,3,10,5745.0
54,3,11,6375.0
54,3,12,7344.0
54,3,13,0.0
54,3,14,0.0
54,3,15,0.0
54,3,16,6139.0
54,3,17,6628.0
54,3,18,6656.0
54,3,19,6877.0
54,3,20,0.0
54,3,21,5002.0
54,3,22,0.0
54,3,23,
54,3,24,0.0
54,3,25,6691.0
54,3,26,3819.0
54,3,27,5785.0
54,3,28,4355.0
54,3,29,5290.0
54,3,30,
55,1,1,11723.0
55,1,2,12141.0
55,1,3,10357.0
55,1,4,12691.0
55,1,5,12353.0
55,1,6,10594.0
55,1,7,12612.0
55,1,8,11227.0
55,1,9,11379.0
55,1,10,12093.0
55,1,11,13916.0
55,1,12,14943.0
55,1,13,10370.0
55,1,14,13654.0
55,1,15,12927.0
55,1,16,11667.0
55,1,17,11693.0
55,1,18,12626.0
55,1,19,11095.0
55,1,20,11101.0
55,1,21,11534.0
55,1,22,10803.0
55,1,23,10970.0
55,1,24,10999.0
55,1,25,11828.0
55,1,26,11784.0
55,1,27,13099.0
55,1,28,11845.0
55,1,29,12056.0
55,1,30,13881.0
55,2,1,9906.0
55,2,2,12347.0
55,2,3,11926.0
55,2,4,12447.0
55,2,5,11592.0
55,2,6,11839.0
55,2,7,13380.0
55,2,8,12612.0
55,2,9,11887.0
55,2,10,11377.0
55,2,11,0.0
55,2,12,12643.0
55,2,13,11078.0
55,2,14,12709.0
55,2,15,12063.0
55,2,16,12549.0
55,2,17,13804.0
55,2,18,11280.0
55,2,19,12074.0
55,2,20,12311.0
55,2,21,10932.0
55,2,22,13075.0
55,2,23,13631.0
55,2,24,12390.0
55,2,25,13936.0
55,2,26,12762.0
55,2,27,12305.0
55,2,28,13129.0
55,2,29,12053.0
55,2,30,11965.0
55,3,1,12740.0
55,3,2,14178.0
55,3,3,11258.0
55,3,4,0.0
55,3,5,11622.0
55,3,6,11075.0
55,3,7,11415.0
55,3,8,11840.0
55,3,9,0.0
55,3,10,13541.0
55,3,11,13467.0
55,3,12,14080.0
55,3,13,12198.0
55,3,14,12359.0
55,3,15,11684.0
55,3,16,13305.0
55,3,17,10625.0
55,3,18,11792.0
55,3,19,13344.0
55,3,20,0.0
55,3,21,0.0
55,3,22,13401.0
55,3,23,11217.0
55,3,24,0.0
55,3,25,12514.0
55,3,26,10430.0
55,3,27,11793.0
55,3,28,10926.0
55,3,29,11065.0
55,3,30,12181.0
56,1,1,2498.0
56,1,2,3335.0
56,1,3,
56,1,4,2468.0
56,1,5,4022.0
56,1,6,3527.0
56,1,7,2443.0
56,1,8,3865.0
56,1,9,4268.0
56,1,10,0.0
56,1,11,3664.0
56,1,12,4294.0
56,1,13,4067.0
56,1,14,3142.0
56,1,15,3795.0
56,1,16,2324.0
56,1,17,2845.0
56,1,18,3768.0
56,1,19,3388.0
56,1,20,4203.0
56,1,21,3166.0
56,1,22,3522.0
56,1,23,3848.0
56,1,24,3090.0
56,1,25,3506.0
56,1,26,4060.0
56,1,27,5392.0
56,1,28,3095.0
56,1,29,3393.0
56,1,30,6619.0
56,2,1,4742.0
56,2,2,0.0
56,2,3,4144.0
56,2,4,0.0
56,2,5,0.0
56,2,6,
56,2,7,5196.0
56,2,8,4863.0
56,2,9,4602.0
56,2,10,2800.0
56,2,11,3536.0
56,2,12,1829.0
56,2,13,3987.0
56,2,14,
56,2,15,4116.0
56,2,16,5195.0
56,2,17,0.0
56,2,18,0.0
56,2,19,1844.0
56,2,20,2716.0
56,2,21,2375.0
56,2,22,4192.0
56,2,23,4468.0
56,2,24,0.0
56,2,25,4526.0
56,2,26,2868.0
56,2,27,
56,2,28,3413.0
56,2,29,2566.0
56,2,30,4132.0
56,3,1,0.0
56,3,2,0.0
56,3,3,2397.0
56,3,4,0.0
56,3,5,0.0
56,3,6,3891.0
56,3,7,5695.0
56,3,8,3581.0
56,3,9,
56,3,10,3397.0
56,3,11,0.0
56,3,12,
56,3,13,
56,3,14,4440.0
56,3,15,4601.0
56,3,16,4706.0
56,3,17,2766.0
56,3,18,4785.0
56,3,19,3702.0
56,3,20,
56,3,21,4444.0
56,3,22,3171.0
56,3,23,0.0
56,3,24,3020.0
56,3,25,0.0
56,3,26,3650.0
56,3,27,4231.0
56,3,28,3183.0
56,3,29,0.0
56,3,30,0.0
57,1,1,6932.0
57,1,2,6780.0
57,1,3,5482.0
57,1,4,5151.0
57,1,5,8310.0
57,1,6,0.0
57,1,7,7011.0
57,1,8,6422.0
57,1,9,6779.0
57,1,10,7521.0
57,1,11,6897.0
57,1,12,6421.0
57,1,13,6485.0
57,1,14,7448.0
57,1,15,7593.0
57,1,16,5766.0
57,1,17,6854.0
57,1,18,7564.0
57,1,19,8400.0
57,1,20,8067.0
57,1,21,5366.0
57,1,22,6739.0
57,1,23,5346.0
57,1,24,8306.0
57,1,25,6975.0
57,1,26,7588.0
57,1,27,5856.0
57,1,28,6130.0
57,1,29,7115.0
57,1,30,7975.0
57,2,1,5012.0
57,2,2,7840.0
57,2,3,6986.0
57,2,4,
57,2,5,5842.0
57,2,6,6317.0
57,2,7,5427.0
57,2,8,6447.0
57,2,9,0.0
57,2,10,0.0
57,2,11,5934.0
57,2,12,6087.0
57,2,13,
57,2,14,
57,2,15,7195.0
57,2,16,8490.0
57,2,17,7344.0
57,2,18,
57,2,19,6589.0
57,2,20,6244.0
57,2,21,0.0
57,2,22,7270.0
57,2,23,
57,2,24,7744.0
57,2,25,0.0
57,2,26,7698.0
57,2,27,6708.0
57,2,28,0.0
57,2,29,6546.0
57,2,30,7853.0
57,3,1,
57,3,2,0.0
57,3,3,
57,3,4,0.0
57,3,5,6425.0
57,3,6,
57,3,7,7471.0
57,3,8,
57,3,9,0.0
57,3,10,
57,3,11,0.0
57,3,12,0.0
57,3,13,6689.0
57,3,14,7414.0
57,3,15,
57,3,16,0.0
57,3,17,9078.0
57,3,18,6547.0
57,3,19,
57,3,20,0.0
57,3,21,
57,3,22,6447.0
57,3,23,7127.0
57,3,24,7308.0
57,3,25,
57,3,26,
57,3,27,5766.0
57,3,28,0.0
57,3,29,0.0
57,3,30,5912.0
58,1,1,8229.0
58,1,2,7622.0
58,1,3,7063.0
58,1,4,6925.0
58,1,5,8806.0
58,1,6,10946.0
58,1,7,7179.0
58,1,8,7488.0
58,1,9,8408.0
58,1,10,0.0
58,1,11,0.0
58,1,12,6761.0
58,1,13,7842.0
58,1,14,8222.0
58,1,15,8556.0
58,1,16,8665.0
58,1,17,7813.0
58,1,18,6887.0
58,1,19,
58,1,20,7068.0
58,1,21,7749.0
58,1,22,6071.0
58,1,23,0.0
58,1,24,6741.0
58,1,25,7595.0
58,1,26,8470.0
58,1,27,6907.0
58,1,28,8166.0
58,1,29,7802.0
58,1,30,8416.0
58,2,1,8646.0
58,2,2,7743.0
58,2,3,
58,2,4,0.0
58,2,5,0.0
58,2,6,0.0
58,2,7,0.0
58,2,8,
58,2,9,8083.0
58,2,10,
58,2,11,8382.0
58,2,12,8848.0
58,2,13,
58,2,14,6824.0
58,2,15,9370.0
58,2,16,0.0
58,2,17,7696.0
58,2,18,7579.0
58,2,19,6746.0
58,2,20,
58,2,21,8675.0
58,2,22,7906.0
58,2,23,9441.0
58,2,24,5862.0
58,2,25,10500.0
58,2,26,6109.0
58,2,27,0.0
58,2,28,
58,2,29,8369.0
58,2,30,0.0
58,3,1,
58,3,2,9202.0
58,3,3,8886.0
58,3,4,6665.0
58,3,5,9059.0
58,3,6,0.0
58,3,7,0.0
58,3,8,0.0
58,3,9,
58,3,10,9433.0
58,3,11,10180.0
58,3,12,8172.0
58,3,13,7700.0
58,3,14,0.0
58,3,15,7369.0
58,3,16,0.0
58,3,17,0.0
58,3,18,7384.0
58,3,19,9420.0
58,3,20,6321.0
58,3,21,0.0
58,3,22,0.0
58,3,23,8264.0
58,3,24,0.0
58,3,25,8126.0
58,3,26,0.0
58,3,27,0.0
58,3,28,7152.0
58,3,29,0.0
58,3,30,
59,1,1,4481.0
59,1,2,0.0
59,1,3,3403.0
59,1,4,
59,1,5,4568.0
59,1,6,0.0
59,1,7,4824.0
59,1,8,4562.0
59,1,9,5339.0
59,1,10,4854.0
59,1,11,2925.0
59,1,12,
59,1,13,
59,1,14,0.0
59,1,15,5896.0
59,1,16,
59,1,17,6321.0
59,1,18,5887.0
59,1,19,2896.0
59,1,20,5395.0
59,1,21,4305.0
59,1,22,3442.0
59,1,23,0.0
59,1,24,3296.0
59,1,25,3510.0
59,1,26,3503.0
59,1,27,6364.0
59,1,28,5221.0
59,1,29,2431.0
59,1,30,3293.0
59,2,1,3101.0
59,2,2,4303.0
59,2,3,0.0
59,2,4,0.0
59,2,5,
59,2,6,6169.0
59,2,7,3140.0
59,2,8,1905.0
59,2,9,3628.0
59,2,10,5442.0
59,2,11,4225.0
59,2,12,0.0
59,2,13,0.0
59,2,14,3983.0
59,2,15,4614.0
59,2,16,3525.0
59,2,17,0.0
59,2,18,4876.0
59,2,19,0.0
59,2,20,3335.0
59,2,21,0.0
59,2,22,3767.0
59,2,23,0.0
59,2,24,
59,2,25,4426.0
59,2,26,3252.0
59,2,27,2740.0
59,2,28,5239.0
59,2,29,
59,2,30,6054.0
59,3,1,4643.0
59,3,2,0.0
59,3,3,0.0
59,3,4,5106.0
59,3,5,3838.0
59,3,6,5683.0
59,3,7,0.0
59,3,8,4668.0
59,3,9,0.0
59,3,10,4116.0
59,3,11,0.0
59,3,12,0.0
59,3,13,2759.0
59,3,14,0.0
59,3,15,3193.0
59,3,16,
59,3,17,0.0
59,3,18,5089.0
59,3,19,
59,3,20,5324.0
59,3,21,
59,3,22,4247.0
59,3,23,4679.0
59,3,24,4410.0
59,3,25,
59,3,26,2627.0
59,3,27,3375.0
59,3,28,0.0
59,3,29,0.0
59,3,30,6567.0
60,1,1,2516.0
60,1,2,2961.0
60,1,3,4270.0
60,1,4,0.0
60,1,5,3506.0
60,1,6,0.0
60,1,7,4261.0
60,1,8,6468.0
60,1,9,4018.0
60,1,10,4311.0
60,1,11,4240.0
60,1,12,4617.0
60,1,13,4911.0
60,1,14,4700.0
60,1,15,4543.0
60,1,16,4229.0
60,1,17,5171.0
60,1,18,3464.0
60,1,19,3949.0
60,1,20,2961.0
60,1,21,4831.0
60,1,22,5125.0
60,1,23,0.0
60,1,24,4910.0
60,1,25,3899.0
60,1,26,5369.0
60,1,27,0.0
60,1,28,4057.0
60,1,29,0.0
60,1,30,4301.0
60,2,1,5321.0
60,2,2,2675.0
60,2,3,7436.0
60,2,4,3690.0
60,2,5,4329.0
60,2,6,4705.0
60,2,7,3659.0
60,2,8,3972.0
60,2,9,5564.0
60,2,10,5200.0
60,2,11,4190.0
60,2,12,4441.0
60,2,13,0.0
60,2,14,4583.0
60,2,15,5125.0
60,2,16,5097.0
60,2,17,0.0
60,2,18,4372.0
60,2,19,0.0
60,2,20,4534.0
60,2,21,6541.0
60,2,22,5040.0
60,2,23,
60,2,24,6649.0
60,2,25,4523.0
60,2,26,3903.0
60,2,27,0.0
60,2,28,0.0
60,2,29,3641.0
60,2,30,0.0
60,3,1,0.0
60,3,2,3365.0
60,3,3,4786.0
60,3,4,3656.0
60,3,5,3465.0
60,3,6,3936.0
60,3,7,0.0
60,3,8,4683.0
60,3,9,0.0
60,3,10,0.0
60,3,11,5542.0
60,3,12,3767.0
60,3,13,0.0
60,3,14,4010.0
60,3,15,6629.0
60,3,16,0.0
60,3,17,0.0
60,3,18,2398.0
60,3,19,3864.0
60,3,20,5357.0
60,3,21,0.0
60,3,22,3456.0
60,3,23,2807.0
60,3,24,0.0
60,3,25,
60,3,26,4174.0
60,3,27,4898.0
60,3,28,4467.0
60,3,29,0.0
60,3,30,0.0
61,1,1,6208.0
61,1,2,7096.0
61,1,3,0.0
61,1,4,7149.0
61,1,5,6566.0
61,1,6,6669.0
61,1,7,7591.0
61,1,8,5687.0
61,1,9,5278.0
61,1,10,7813.0
61,1,11,
61,1,12,7066.0
61,1,13,5750.0
61,1,14,5105.0
61,1,15,
61,1,16,
61,1,17,
61,1,18,7491.0
61,1,19,6438.0
61,1,20,8129.0
61,1,21,5751.0
61,1,22,0.0
61,1,23,7699.0
61,1,24,8755.0
61,1,25,5972.0
61,1,26,8422.0
61,1,27,7062.0
61,1,28,7538.0
61,1,29,7130.0
61,1,30,7213.0
61,2,1,
61,2,2,8223.0
61,2,3,
61,2,4,6883.0
61,2,5,6164.0
61,2,6,6886.0
61,2,7,5898.0
61,2,8,0.0
61,2,9,7619.0
61,2,10,7524.0
61,2,11,5930.0
61,2,12,6262.0
61,2,13,8563.0
61,2,14,8396.0
61,2,15,6595.0
61,2,16,
61,2,17,6511.0
61,2,18,7501.0
61,2,19,6640.0
61,2,20,6278.0
61,2,21,7566.0
61,2,22,6417.0
61,2,23,7969.0
61,2,24,8156.0
61,2,25,9288.0
61,2,26,
61,2,27,6378.0
61,2,28,7071.0
61,2,29,5248.0
61,2,30,6198.0
61,3,1,8948.0
61,3,2,
61,3,3,7711.0
61,3,4,0.0
61,3,5,0.0
61,3,6,6568.0
61,3,7,0.0
61,3,8,7555.0
61,3,9,7324.0
61,3,10,7138.0
61,3,11,6369.0
61,3,12,0.0
61,3,13,5839.0
61,3,14,6291.0
61,3,15,0.0
61,3,16,5690.0
61,3,17,6857.0
61,3,18,7061.0
61,3,19,6878.0
61,3,20,5297.0
61,3,21,6166.0
61,3,22,0.0
61,3,23,5501.0
61,3,24,0.0
61,3,25,5918.0
61,3,26,7651.0
61,3,27,7431.0
61,3,28,0.0
61,3,29,
61,3,30,6717.0
62,1,1,6515.0
62,1,2,6703.0
62,1,3,2985.0
62,1,4,4723.0
62,1,5,5309.0
62,1,6,4292.0
62,1,7,
62,1,8,5611.0
62,1,9,4711.0
62,1,10,4733.0
62,1,11,
62,1,12,5638.0
62,1,13,6294.0
62,1,14,5964.0
62,1,15,5318.0
62,1,16,3571.0
62,1,17,4817.0
62,1,18,0.0
62,1,19,6165.0
62,1,20,0.0
62,1,21,4423.0
62,1,22,5508.0
62,1,23,5545.0
62,1,24,4555.0
62,1,25,6750.0
62,1,26,5538.0
62,1,27,4499.0
62,1,28,4564.0
62,1,29,5683.0
62,1,30,4465.0
62,2,1,
62,2,2,0.0
62,2,3,4725.0
62,2,4,0.0
62,2,5,5688.0
62,2,6,6026.0
62,2,7,4054.0
62,2,8,5173.0
62,2,9,5786.0
62,2,10,5949.0
62,2,11,6000.0
62,2,12,4668.0
62,2,13,0.0
62,2,14,0.0
62,2,15,0.0
62,2,16,5503.0
62,2,17,3799.0
62,2,18,5029.0
62,2,19,5318.0
62,2,20,7334.0
62,2,21,0.0
62,2,22,6107.0
62,2,23,0.0
62,2,24,6617.0
62,2,25,
62,2,26,4379.0
62,2,27,6035.0
62,2,28,4717.0
62,2,29,5087.0
62,2,30,3156.0
62,3,1,4758.0
62,3,2,0.0
62,3,3,0.0
62,3,4,
62,3,5,0.0
62,3,6,7121.0
62,3,7,6202.0
62,3,8,5355.0
62,3,9,6499.0
62,3,10,0.0
62,3,11,4727.0
62,3,12,
62,3,13,0.0
62,3,14,0.0
62,3,15,0.0
62,3,16,0.0
62,3,17,5081.0
62,3,18,4620.0
62,3,19,
62,3,20,4468.0
62,3,21,3908.0
62,3,22,6617.0
62,3,23,
62,3,24,6060.0
62,3,25,6291.0
62,3,26,5537.0
62,3,27,0.0
62,3,28,0.0
62,3,29,5741.0
62,3,30,4616.0
63,1,1,7808.0
63,1,2,7715.0
63,1,3,5979.0
63,1,4,7974.0
63,1,5,8458.0
63,1,6,8764.0
63,1,7,7584.0
63,1,8,7936.0
63,1,9,8754.0
63,1,10,7670.0
63,1,11,6995.0
63,1,12,7002.0
63,1,13,8562.0
63,1,14,7919.0
63,1,15,7378.0
63,1,16,6914.0
63,1,17,7360.0
63,1,18,7831.0
63,1,19,9303.0
63,1,20,8928.0
63,1,21,9474.0
63,1,22,7196.0
63,1,23,5826.0
63,1,24,7488.0
63,1,25,8292.0
63,1,26,8010.0
63,1,27,10174.0
63,1,28,8516.0
63,1,29,7097.0
63,1,30,8942.0
63,2,1,6090.0
63,2,2,7261.0
63,2,3,7358.0
63,2,4,9022.0
63,2,5,8083.0
63,2,6,6928.0
63,2,7,5175.0
63,2,8,6536.0
63,2,9,8245.0
63,2,10,10133.0
63,2,11,7560.0
63,2,12,5982.0
63,2,13,0.0
63,2,14,8583.0
63,2,15,7385.0
63,2,16,8860.0
63,2,17,7329.0
63,2,18,8630.0
63,2,19,6341.0
63,2,20,7380.0
63,2,21,9184.0
63,2,22,8816.0
63,2,23,8944.0
63,2,24,0.0
63,2,25,6533.0
63,2,26,6949.0
63,2,27,8376.0
63,2,28,7386.0
63,2,29,8722.0
63,2,30,7227.0
63,3,1,8513.0
63,3,2,8463.0
63,3,3,7373.0
63,3,4,9509.0
63,3,5,8568.0
63,3,6,8865.0
63,3,7,8508.0
63,3,8,7369.0
63,3,9,9354.0
63,3,10,8639.0
63,3,11,7905.0
63,3,12,8815.0
63,3,13,8943.0
63,3,14,8760.0
63,3,15,7611.0
63,3,16,6612.0
63,3,17,8534.0
63,3,18,7933.0
63,3,19,6621.0
63,3,20,0.0
63,3,21,8541.0
63,3,22,7996.0
63,3,23,9706.0
63,3,24,7816.0
63,3,25,8180.0
63,3,26,7871.0
63,3,27,7634.0
63,3,28,8575.0
63,3,29,7565.0
63,3,30,6489.0
64,1,1,11800.0
64,1,2,10944.0
64,1,3,13026.0
64,1,4,14132.0
64,1,5,13051.0
64,1,6,13802.0
64,1,7,11513.0
64,1,8,11220.0
64,1,9,0.0
64,1,10,12059.0
64,1,11,13477.0
64,1,12,10704.0
64,1,13,13349.0
64,1,14,13209.0
64,1,15,12506.0
64,1,16,10288.0
64,1,17,12155.0
64,1,18,13115.0
64,1,19,9961.0
64,1,20,13210.0
64,1,21,11318.0
64,1,22,10847.0
64,1,23,13200.0
64,1,24,12171.0
64,1,25,12810.0
64,1,26,12524.0
64,1,27,12028.0
64,1,28,10343.0
64,1,29,12934.0
64,1,30,13158.0
64,2,1,12722.0
64,2,2,12858.0
64,2,3,12552.0
64,2,4,12162.0
64,2,5,13639.0
64,2,6,13764.0
64,2,7,0.0
64,2,8,13403.0
64,2,9,12575.0
64,2,10,12012.0
64,2,11,13956.0
64,2,12,13821.0
64,2,13,
64,2,14,11010.0
64,2,15,11271.0
64,2,16,10223.0
64,2,17,11401.0
64,2,18,11200.0
64,2,19,11893.0
64,2,20,11508.0
64,2,21,12023.0
64,2,22,14413.0
64,2,23,10795.0
64,2,24,13707.0
64,2,25,12738.0
64,2,26,12237.0
64,2,27,11220.0
64,2,28,13198.0
64,2,29,11638.0
64,2,30,13535.0
64,3,1,0.0
64,3,2,11521.0
64,3,3,12358.0
64,3,4,12532.0
64,3,5,12718.0
64,3,6,12700.0
64,3,7,12453.0
64,3,8,0.0
64,3,9,14151.0
64,3,10,13251.0
64,3,11,11159.0
64,3,12,13336.0
64,3,13,11986.0
64,3,14,11913.0
64,3,15,13120.0
64,3,16,11874.0
64,3,17,13897.0
64,3,18,10823.0
64,3,19,12433.0
64,3,20,12456.0
64,3,21,
64,3,22,12823.0
64,3,23,11646.0
64,3,24,0.0
64,3,25,11967.0
64,3,26,10827.0
64,3,27,11668.0
64,3,28,12290.0
64,3,29,12222.0
64,3,30,13182.0
65,1,1,6806.0
65,1,2,0.0
65,1,3,7132.0
65,1,4,5722.0
65,1,5,5319.0
65,1,6,6787.0
65,1,7,6812.0
65,1,8,5863.0
65,1,9,4931.0
65,1,10,6716.0
65,1,11,8826.0
65,1,12,7517.0
65,1,13,7426.0
65,1,14,
65,1,15,6959.0
65,1,16,6139.0
65,1,17,6146.0
65,1,18,8765.0
65,1,19,6632.0
65,1,20,6404.0
65,1,21,0.0
65,1,22,6628.0
65,1,23,0.0
65,1,24,0.0
65,1,25,7822.0
65,1,26,5550.0
65,1,27,6208.0
65,1,28,6267.0
65,1,29,
65,1,30,6350.0
65,2,1,5137.0
65,2,2,7646.0
65,2,3,5200.0
65,2,4,
65,2,5,
65,2,6,7466.0
65,2,7,0.0
65,2,8,6240.0
65,2,9,0.0
65,2,10,7525.0
65,2,11,
65,2,12,0.0
65,2,13,6337.0
65,2,14,7582.0
65,2,15,8441.0
65,2,16,7219.0
65,2,17,7659.0
65,2,18,0.0
65,2,19,
65,2,20,6516.0
65,2,21,0.0
65,2,22,5233.0
65,2,23,
65,2,24,6337.0
65,2,25,7602.0
65,2,26,7371.0
65,2,27,6834.0
65,2,28,6689.0
65,2,29,5963.0
65,2,30,6815.0
65,3,1,6787.0
65,3,2,0.0
65,3,3,
65,3,4,0.0
65,3,5,6724.0
65,3,6,
65,3,7,7384.0
65,3,8,8516.0
65,3,9,0.0
65,3,10,7564.0
65,3,11,0.0
65,3,12,0.0
65,3,13,7395.0
65,3,14,0.0
65,3,15,7036.0
65,3,16,7824.0
65,3,17,0.0
65,3,18,6450.0
65,3,19,6862.0
65,3,20,0.0
65,3,21,0.0
65,3,22,0.0
65,3,23,8754.0
65,3,24,5965.0
65,3,25,8060.0
65,3,26,
65,3,27,7068.0
65,3,28,
65,3,29,0.0
65,3,30,7189.0
66,1,1,4773.0
66,1,2,4471.0
66,1,3,0.0
66,1,4,2030.0
66,1,5,5142.0
66,1,6,3700.0
66,1,7,4170.0
66,1,8,6660.0
66,1,9,0.0
66,1,10,2271.0
66,1,11,3237.0
66,1,12,4161.0
66,1,13,5580.0
66,1,14,4019.0
66,1,15,4667.0
66,1,16,4267.0
66,1,17,
66,1,18,3293.0
66,1,19,4144.0
66,1,20,4018.0
66,1,21,2078.0
66,1,22,7516.0
66,1,23,3281.0
66,1,24,4941.0
66,1,25,3177.0
66,1,26,1149.0
66,1,27,3689.0
66,1,28,3922.0
66,1,29,3703.0
66,1,30,4041.0
66,2,1,3801.0
66,2,2,3078.0
66,2,3,3608.0
66,2,4,
66,2,5,4484.0
66,2,6,3870.0
66,2,7,0.0
66,2,8,4010.0
66,2,9,0.0
66,2,10,3075.0
66,2,11,4545.0
66,2,12,4895.0
66,2,13,3451.0
66,2,14,6027.0
66,2,15,0.0
66,2,16,5515.0
66,2,17,5399.0
66,2,18,3430.0
66,2,19,3292.0
66,2,20,2308.0
66,2,21,3320.0
66,2,22,4041.0
66,2,23,0.0
66,2,24,4669.0
66,2,25,3624.0
66,2,26,5188.0
66,2,27,4128.0
66,2,28,0.0
66,2,29,3663.0
66,2,30,3861.0
66,3,1,5390.0
66,3,2,3273.0
66,3,3,0.0
66,3,4,
66,3,5,4410.0
66,3,6,
66,3,7,0.0
66,3,8,
66,3,9,4807.0
66,3,10,5820.0
66,3,11,4512.0
66,3,12,
66,3,13,3696.0
66,3,14,3008.0
66,3,15,6549.0
66,3,16,4147.0
66,3,17,4159.0
66,3,18,3744.0
66,3,19,4301.0
66,3,20,1253.0
66,3,21,4805.0
66,3,22,4570.0
66,3,23,5068.0
66,3,24,4169.0
66,3,25,
66,3,26,2449.0
66,3,27,3441.0
66,3,28,0.0
66,3,29,3026.0
66,3,30,3961.0
67,1,1,3616.0
67,1,2,4142.0
67,1,3,2758.0
67,1,4,3689.0
67,1,5,3765.0
67,1,6,4621.0
67,1,7,5102.0
67,1,8,3428.0
67,1,9,5726.0
67,1,10,4433.0
67,1,11,3344.0
67,1,12,3409.0
67,1,13,3314.0
67,1,14,3251.0
67,1,15,4931.0
67,1,16,4538.0
67,1,17,3503.0
67,1,18,3066.0
67,1,19,
67,1,20,4797.0
67,1,21,0.0
67,1,22,3479.0
67,1,23,
67,1,24,0.0
67,1,25,0.0
67,1,26,3600.0
67,1,27,2792.0
67,1,28,1923.0
67,1,29,4349.0
67,1,30,4078.0
67,2,1,5269.0
67,2,2,5145.0
67,2,3,5396.0
67,2,4,0.0
67,2,5,0.0
67,2,6,3255.0
67,2,7,4784.0
67,2,8,
67,2,9,0.0
67,2,10,1888.0
67,2,11,2280.0
67,2,12,2807.0
67,2,13,4945.0
67,2,14,4264.0
67,2,15,4938.0
67,2,16,4000.0
67,2,17,
67,2,18,3320.0
67,2,19,3184.0
67,2,20,
67,2,21,0.0
67,2,22,4397.0
67,2,23,0.0
67,2,24,0.0
67,2,25,0.0
67,2,26,6013.0
67,2,27,0.0
67,2,28,3036.0
67,2,29,3674.0
67,2,30,2438.0
67,3,1,4632.0
67,3,2,3594.0
67,3,3,0.0
67,3,4,3978.0
67,3,5,3718.0
67,3,6,
67,3,7,0.0
67,3,8,
67,3,9,2625.0
67,3,10,4790.0
67,3,11,
67,3,12,4026.0
67,3,13,0.0
67,3,14,0.0
67,3,15,0.0
67,3,16,
67,3,17,2895.0
67,3,18,
67,3,19,2635.0
67,3,20,5490.0
67,3,21,0.0
67,3,22,0.0
67,3,23,5559.0
67,3,24,
67,3,25,
67,3,26,3069.0
67,3,27,2734.0
67,3,28,0.0
67,3,29,5227.0
67,3,30,5010.0
68,1,1,2156.0
68,1,2,3598.0
68,1,3,
68,1,4,
68,1,5,4420.0
68,1,6,0.0
68,1,7,4453.0
68,1,8,4674.0
68,1,9,5403.0
68,1,10,4057.0
68,1,11,5964.0
68,1,12,0.0
68,1,13,4115.0
68,1,14,5975.0
68,1,15,3027.0
68,1,16,0.0
68,1,17,
68,1,18,
68,1,19,
68,1,20,0.0
68,1,21,3282.0
68,1,22,3637.0
68,1,23,2842.0
68,1,24,5053.0
68,1,25,4914.0
68,1,26,5243.0
68,1,27,2366.0
68,1,28,5887.0
68,1,29,3897.0
68,1,30,2685.0
68,2,1,0.0
68,2,2,3738.0
68,2,3,0.0
68,2,4,3025.0
68,2,5,4362.0
68,2,6,
68,2,7,
68,2,8,0.0
68,2,9,3443.0
68,2,10,3573.0
68,2,11,0.0
68,2,12,3616.0
68,2,13,4737.0
68,2,14,3247.0
68,2,15,3239.0
68,2,16,5951.0
68,2,17,3051.0
68,2,18,2752.0
68,2,19,0.0
68,2,20,
68,2,21,4635.0
68,2,22,4702.0
68,2,23,4216.0
68,2,24,3151.0
68,2,25,
68,2,26,0.0
68,2,27,
68,2,28,4353.0
68,2,29,4772.0
68,2,30,
68,3,1,3451.0
68,3,2,4989.0
68,3,3,0.0
68,3,4,4347.0
68,3,5,4502.0
68,3,6,
68,3,7,5199.0
68,3,8,3446.0
68,3,9,4068.0
68,3,10,3853.0
68,3,11,2370.0
68,3,12,3020.0
68,3,13,5932.0
68,3,14,2985.0
68,3,15,3457.0
68,3,16,
68,3,17,3537.0
68,3,18,
68,3,19,0.0
68,3,20,0.0
68,3,21,5665.0
68,3,22,
68,3,23,
68,3,24,3063.0
68,3,25,0.0
68,3,26,0.0
68,3,27,
68,3,28,3299.0
68,3,29,
68,3,30,4389.0
69,1,1,6839.0
69,1,2,4889.0
69,1,3,
69,1,4,6696.0
69,1,5,8166.0
69,1,6,7054.0
69,1,7,8245.0
69,1,8,
69,1,9,
69,1,10,7136.0
69,1,11,8153.0
69,1,12,0.0
69,1,13,9335.0
69,1,14,8061.0
69,1,15,6957.0
69,1,16,0.0
69,1,17,8088.0
69,1,18,7125.0
69,1,19,6305.0
69,1,20,6637.0
69,1,21,7637.0
69,1,22,7280.0
69,1,23,7822.0
69,1,24,7644.0
69,1,25,6552.0
69,1,26,6917.0
69,1,27,8392.0
69,1,28,0.0
69,1,29,6699.0
69,1,30,6465.0
69,2,1,7911.0
69,2,2,7465.0
69,2,3,0.0
69,2,4,0.0
69,2,5,
69,2,6,8372.0
69,2,7,0.0
69,2,8,5944.0
69,2,9,0.0
69,2,10,8160.0
69,2,11,7148.0
69,2,12,8270.0
69,2,13,6904.0
69,2,14,0.0
69,2,15,7759.0
69,2,16,7406.0
69,2,17,8273.0
69,2,18,8282.0
69,2,19,7196.0
69,2,20,0.0
69,2,21,8963.0
69,2,22,5670.0
69,2,23,6845.0
69,2,24,7435.0
69,2,25,5671.0
69,2,26,7022.0
69,2,27,7801.0
69,2,28,9120.0
69,2,29,8113.0
69,2,30,7094.0
69,3,1,0.0
69,3,2,8532.0
69,3,3,7115.0
69,3,4,7318.0
69,3,5,6708.0
69,3,6,7031.0
69,3,7,0.0
69,3,8,6767.0
69,3,9,7595.0
69,3,10,9195.0
69,3,11,0.0
69,3,12,
69,3,13,9378.0
69,3,14,8520.0
69,3,15,0.0
69,3,16,0.0
69,3,17,7126.0
69,3,18,8359.0
69,3,19,0.0
69,3,20,
69,3,21,8509.0
69,3,22,0.0
69,3,23,7280.0
69,3,24,
69,3,25,9377.0
69,3,26,
69,3,27,0.0
69,3,28,
69,3,29,0.0
69,3,30,8720.0
70,1,1,8602.0
70,1,2,5241.0
70,1,3,6872.0
70,1,4,7239.0
70,1,5,7662.0
70,1,6,7250.0
70,1,7,5962.0
70,1,8,5141.0
70,1,9,0.0
70,1,10,6129.0
70,1,11,6379.0
70,1,12,5621.0
70,1,13,5714.0
70,1,14,7664.0
70,1,15,6246.0
70,1,16,6767.0
70,1,17,8710.0
70,1,18,5696.0
70,1,19,7652.0
70,1,20,5722.0
70,1,21,0.0
70,1,22,6900.0
70,1,23,6534.0
70,1,24,8586.0
70,1,25,
70,1,26,
70,1,27,0.0
70,1,28,6049.0
70,1,29,5295.0
70,1,30,6391.0
70,2,1,6246.0
70,2,2,0.0
70,2,3,5713.0
70,2,4,4898.0
70,2,5,6699.0
70,2,6,6838.0
70,2,7,7011.0
70,2,8,7307.0
70,2,9,
70,2,10,6118.0
70,2,11,6268.0
70,2,12,6494.0
70,2,13,6120.0
70,2,14,5879.0
70,2,15,5705.0
70,2,16,6283.0
70,2,17,6648.0
70,2,18,8849.0
70,2,19,4738.0
70,2,20,7226.0
70,2,21,5928.0
70,2,22,5610.0
70,2,23,6049.0
70,2,24,6732.0
70,2,25,
70,2,26,
70,2,27,4604.0
70,2,28,0.0
70,2,29,7432.0
70,2,30,5567.0
70,3,1,8470.0
70,3,2,6132.0
70,3,3,
70,3,4,
70,3,5,0.0
70,3,6,5738.0
70,3,7,4333.0
70,3,8,
70,3,9,6245.0
70,3,10,0.0
70,3,11,6292.0
70,3,12,4956.0
70,3,13,6134.0
70,3,14,7138.0
70,3,15,
70,3,16,
70,3,17,6268.0
70,3,18,6210.0
70,3,19,7124.0
70,3,20,7130.0
70,3,21,4769.0
70,3,22,7288.0
70,3,23,7882.0
70,3,24,
70,3,25,5940.0
70,3,26,0.0
70,3,27,
70,3,28,0.0
70,3,29,5428.0
70,3,30,0.0
71,1,1,5802.0
71,1,2,8418.0
71,1,3,6431.0
71,1,4,5444.0
71,1,5,6049.0
71,1,6,0.0
71,1,7,
71,1,8,7821.0
71,1,9,6811.0
71,1,10,7122.0
71,1,11,9359.0
71,1,12,0.0
71,1,13,6601.0
71,1,14,5074.0
71,1,15,7839.0
71,1,16,6869.0
71,1,17,5047.0
71,1,18,7603.0
71,1,19,8315.0
71,1,20,7960.0
71,1,21,5686.0
71,1,22,6764.0
71,1,23,7277.0
71,1,24,0.0
71,1,25,7424.0
71,1,26,6216.0
71,1,27,0.0
71,1,28,7283.0
71,1,29,5600.0
71,1,30,6707.0
71,2,1,0.0
71,2,2,0.0
71,2,3,7181.0
71,2,4,7254.0
71,2,5,5897.0
71,2,6,6408.0
71,2,7,8891.0
71,2,8,0.0
71,2,9,7752.0
71,2,10,0.0
71,2,11,7235.0
71,2,12,7423.0
71,2,13,6278.0
71,2,14,0.0
71,2,15,6147.0
71,2,16,7981.0
71,2,17,
71,2,18,7111.0
71,2,19,6532.0
71,2,20,0.0
71,2,21,6702.0
71,2,22,6278.0
71,2,23,0.0
71,2,24,7060.0
71,2,25,8644.0
71,2,26,6857.0
71,2,27,9591.0
71,2,28,7483.0
71,2,29,6076.0
71,2,30,7694.0
71,3,1,5697.0
71,3,2,6961.0
71,3,3,0.0
71,3,4,6978.0
71,3,5,0.0
71,3,6,7586.0
71,3,7,5991.0
71,3,8,0.0
71,3,9,0.0
71,3,10,6560.0
71,3,11,7185.0
71,3,12,
71,3,13,
71,3,14,
71,3,15,6238.0
71,3,16,8074.0
71,3,17,0.0
71,3,18,0.0
71,3,19,7763.0
71,3,20,7332.0
71,3,21,7651.0
71,3,22,5517.0
71,3,23,
71,3,24,5240.0
71,3,25,7228.0
71,3,26,5816.0
71,3,27,0.0
71,3,28,6294.0
71,3,29,6695.0
71,3,30,
72,1,1,11038.0
72,1,2,9936.0
72,1,3,0.0
72,1,4,9501.0
72,1,5,9849.0
72,1,6,8620.0
72,1,7,9707.0
72,1,8,9289.0
72,1,9,9493.0
72,1,10,12473.0
72,1,11,11362.0
72,1,12,9309.0
72,1,13,9085.0
72,1,14,9761.0
72,1,15,9056.0
72,1,16,10576.0
72,1,17,10559.0
72,1,18,9480.0
72,1,19,10993.0
72,1,20,10995.0
72,1,21,9666.0
72,1,22,9450.0
72,1,23,9923.0
72,1,24,10863.0
72,1,25,12362.0
72,1,26,10839.0
72,1,27,9235.0
72,1,28,10629.0
72,1,29,10424.0
72,1,30,10366.0
72,2,1,9080.0
72,2,2,10627.0
72,2,3,10287.0
72,2,4,9198.0
72,2,5,
72,2,6,12020.0
72,2,7,
72,2,8,
72,2,9,9795.0
72,2,10,9790.0
72,2,11,0.0
72,2,12,10564.0
72,2,13,9188.0
72,2,14,9945.0
72,2,15,10091.0
72,2,16,9864.0
72,2,17,10037.0
72,2,18,11242.0
72,2,19,10678.0
72,2,20,11278.0
72,2,21,9049.0
72,2,22,11370.0
72,2,23,11722.0
72,2,24,9590.0
72,2,25,11104.0
72,2,26,11624.0
72,2,27,9769.0
72,2,28,0.0
72,2,29,10249.0
72,2,30,10355.0
72,3,1,10042.0
72,3,2,10219.0
72,3,3,10472.0
72,3,4,10573.0
72,3,5,9476.0
72,3,6,9633.0
72,3,7,10936.0
72,3,8,10665.0
72,3,9,9549.0
72,3,10,0.0
72,3,11,10175.0
72,3,12,12330.0
72,3,13,12139.0
72,3,14,7965.0
72,3,15,9694.0
72,3,16,11176.0
72,3,17,10535.0
72,3,18,9418.0
72,3,19,9347.0
72,3,20,10700.0
72,3,21,9273.0
72,3,22,9237.0
72,3,23,9523.0
72,3,24,11897.0
72,3,25,10809.0
72,3,26,
72,3,27,0.0
72,3,28,9395.0
72,3,29,11009.0
72,3,30,11823.0
73,1,1,3174.0
73,1,2,2427.0
73,1,3,4713.0
73,1,4,4431.0
73,1,5,3815.0
73,1,6,2411.0
73,1,7,5620.0
73,1,8,4378.0
73,1,9,5381.0
73,1,10,5488.0
73,1,11,4683.0
73,1,12,4831.0
73,1,13,0.0
73,1,14,0.0
73,1,15,0.0
73,1,16,4039.0
73,1,17,3780.0
73,1,18,4969.0
73,1,19,5025.0
73,1,20,3583.0
73,1,21,5645.0
73,1,22,4404.0
73,1,23,4842.0
73,1,24,6074.0
73,1,25,2686.0
73,1,26,4778.0
73,1,27,5023.0
73,1,28,4150.0
73,1,29,3057.0
73,1,30,3486.0
73,2,1,4619.0
73,2,2,0.0
73,2,3,2210.0
73,2,4,0.0
73,2,5,0.0
73,2,6,3692.0
73,2,7,4310.0
73,2,8,3970.0
73,2,9,
73,2,10,4463.0
73,2,11,4753.0
73,2,12,4449.0
73,2,13,5421.0
73,2,14,0.0
73,2,15,3082.0
73,2,16,0.0
73,2,17,4620.0
73,2,18,0.0
73,2,19,4327.0
73,2,20,4425.0
73,2,21,2822.0
73,2,22,4134.0
73,2,23,0.0
73,2,24,
73,2,25,3746.0
73,2,26,
73,2,27,0.0
73,2,28,0.0
73,2,29,
73,2,30,3070.0
73,3,1,5105.0
73,3,2,0.0
73,3,3,0.0
73,3,4,0.0
73,3,5,3876.0
73,3,6,0.0
73,3,7,4461.0
73,3,8,5754.0
73,3,9,3218.0
73,3,10,2805.0
73,3,11,3748.0
73,3,12,3048.0
73,3,13,0.0
73,3,14,0.0
73,3,15,4073.0
73,3,16,5786.0
73,3,17,3787.0
73,3,18,3604.0
73,3,19,2084.0
73,3,20,0.0
73,3,21,0.0
73,3,22,3513.0
73,3,23,4750.0
73,3,24,4079.0
73,3,25,3490.0
73,3,26,6051.0
73,3,27,
73,3,28,3654.0
73,3,29,0.0
73,3,30,4845.0
74,1,1,4441.0
74,1,2,0.0
74,1,3,
74,1,4,0.0
74,1,5,5967.0
74,1,6,6563.0
74,1,7,0.0
74,1,8,6373.0
74,1,9,5012.0
74,1,10,5193.0
74,1,11,5775.0
74,1,12,4855.0
74,1,13,4215.0
74,1,14,5870.0
74,1,15,6801.0
74,1,16,6275.0
74,1,17,7166.0
74,1,18,0.0
74,1,19,6220.0
74,1,20,5963.0
74,1,21,0.0
74,1,22,5591.0
74,1,23,4640.0
74,1,24,4951.0
74,1,25,5426.0
74,1,26,4555.0
74,1,27,5880.0
74,1,28,3572.0
74,1,29,6549.0
74,1,30,5017.0
74,2,1,5535.0
74,2,2,6688.0
74,2,3,6405.0
74,2,4,
74,2,5,8048.0
74,2,6,4994.0
74,2,7,6701.0
74,2,8,5294.0
74,2,9,5033.0
74,2,10,
74,2,11,6018.0
74,2,12,6282.0
74,2,13,0.0
74,2,14,8165.0
74,2,15,6033.0
74,2,16,5068.0
74,2,17,7503.0
74,2,18,7929.0
74,2,19,6179.0
74,2,20,7018.0
74,2,21,3605.0
74,2,22,6044.0
74,2,23,
74,2,24,5737.0
74,2,25,6451.0
74,2,26,4135.0
74,2,27,5083.0
74,2,28,7236.0
74,2,29,6570.0
74,2,30,3987.0
74,3,1,6479.0
74,3,2,5386.0
74,3,3,0.0
74,3,4,0.0
74,3,5,0.0
74,3,6,6135.0
74,3,7,
74,3,8,5155.0
74,3,9,4944.0
74,3,10,0.0
74,3,11,5936.0
74,3,12,5211.0
74,3,13,5406.0
74,3,14,4366.0
74,3,15,5745.0
74,3,16,6805.0
74,3,17,
74,3,18,
74,3,19,5627.0
74,3,20,4551.0
74,3,21,6068.0
74,3,22,4443.0
74,3,23,5730.0
74,3,24,
74,3,25,0.0
74,3,26,6200.0
74,3,27,0.0
74,3,28,6734.0
74,3,29,5786.0
74,3,30,
75,1,1,0.0
75,1,2,3830.0
75,1,3,4559.0
75,1,4,4196.0
75,1,5,
75,1,6,4059.0
75,1,7,2511.0
75,1,8,4797.0
75,1,9,4196.0
75,1,10,3856.0
75,1,11,4148.0
75,1,12,4336.0
75,1,13,
75,1,14,
75,1,15,5731.0
75,1,16,2944.0
75,1,17,2725.0
75,1,18,4222.0
75,1,19,5783.0
75,1,20,3523.0
75,1,21,5029.0
75,1,22,3538.0
75,1,23,4974.0
75,1,24,4140.0
75,1,25,3839.0
75,1,26,3261.0
75,1,27,3888.0
75,1,28,4663.0
75,1,29,3139.0
75,1,30,3732.0
75,2,1,4011.0
75,2,2,4627.0
75,2,3,3916.0
75,2,4,3548.0
75,2,5,4077.0
75,2,6,4946.0
75,2,7,4251.0
75,2,8,3757.0
75,2,9,0.0
75,2,10,3869.0
75,2,11,3995.0
75,2,12,3728.0
75,2,13,3268.0
75,2,14,0.0
75,2,15,0.0
75,2,16,2668.0
75,2,17,3344.0
75,2,18,0.0
75,2,19,1793.0
75,2,20,0.0
75,2,21,4683.0
75,2,22,5194.0
75,2,23,3936.0
75,2,24,
75,2,25,2270.0
75,2,26,1738.0
75,2,27,4064.0
75,2,28,4391.0
75,2,29,
75,2,30,
75,3,1,2664.0
75,3,2,
75,3,3,
75,3,4,0.0
75,3,5,2850.0
75,3,6,4441.0
75,3,7,0.0
75,3,8,5563.0
75,3,9,2783.0
75,3,10,2999.0
75,3,11,
75,3,12,
75,3,13,2322.0
75,3,14,5308.0
75,3,15,4572.0
75,3,16,0.0
75,3,17,
75,3,18,
75,3,19,0.0
75,3,20,0.0
75,3,21,
75,3,22,0.0
75,3,23,
75,3,24,3914.0
75,3,25,2663.0
75,3,26,3501.0
75,3,27,
75,3,28,0.0
75,3,29,0.0
75,3,30,3144.0
76,1,1,2479.0
76,1,2,1980.0
76,1,3,403.0
76,1,4,991.0
76,1,5,0.0
76,1,6,
76,1,7,0.0
76,1,8,0.0
76,1,9,823.0
76,1,10,1843.0
76,1,11,634.0
76,1,12,1063.0
76,1,13,0.0
76,1,14,1377.0
76,1,15,
76,1,16,2535.0
76,1,17,1480.0
76,1,18,2319.0
76,1,19,0.0
76,1,20,1660.0
76,1,21,831.0
76,1,22,804.0
76,1,23,
76,1,24,2369.0
76,1,25,13.0
76,1,26,1578.0
76,1,27,1215.0
76,1,28,0.0
76,1,29,913.0
76,1,30,944.0
76,2,1,
76,2,2,721.0
76,2,3,2318.0
76,2,4,2207.0
76,2,5,1558.0
76,2,6,56.0
76,2,7,0.0
76,2,8,0.0
76,2,9,0.0
76,2,10,0.0
76,2,11,
76,2,12,556.0
76,2,13,
76,2,14,0.0
76,2,15,2444.0
76,2,16,38.0
76,2,17,1085.0
76,2,18,1456.0
76,2,19,0.0
76,2,20,269.0
76,2,21,2416.0
76,2,22,2369.0
76,2,23,1017.0
76,2,24,
76,2,25,1595.0
76,2,26,0.0
76,2,27,0.0
76,2,28,0.0
76,2,29,527.0
76,2,30,0.0
76,3,1,403.0
76,3,2,
76,3,3,2562.0
76,3,4,0.0
76,3,5,1645.0
76,3,6,2370.0
76,3,7,0.0
76,3,8,1390.0
76,3,9,0.0
76,3,10,301.0
76,3,11,0.0
76,3,12,1263.0
76,3,13,3094.0
76,3,14,0.0
76,3,15,1932.0
76,3,16,0.0
76,3,17,1253.0
76,3,18,0.0
76,3,19,0.0
76,3,20,610.0
76,3,21,0.0
76,3,22,0.0
76,3,23,1020.0
76,3,24,2321.0
76,3,25,367.0
76,3,26,0.0
76,3,27,0.0
76,3,28,
76,3,29,0.0
76,3,30,0.0
77,1,1,7871.0
77,1,2,4992.0
77,1,3,8157.0
77,1,4,
77,1,5,8706.0
77,1,6,
77,1,7,7415.0
77,1,8,8515.0
77,1,9,6505.0
77,1,10,6340.0
77,1,11,8076.0
77,1,12,7536.0
77,1,13,7364.0
77,1,14,
77,1,15,8414.0
77,1,16,8708.0
77,1,17,7955.0
77,1,18,7600.0
77,1,19,7931.0
77,1,20,6168.0
77,1,21,5727.0
77,1,22,8268.0
77,1,23,6648.0
77,1,24,0.0
77,1,25,8191.0
77,1,26,0.0
77,1,27,7534.0
77,1,28,7185.0
77,1,29,
77,1,30,7777.0
77,2,1,7315.0
77,2,2,0.0
77,2,3,5585.0
77,2,4,7693.0
77,2,5,7935.0
77,2,6,0.0
77,2,7,0.0
77,2,8,
77,2,9,0.0
77,2,10,6996.0
77,2,11,7725.0
77,2,12,8364.0
77,2,13,7335.0
77,2,14,7219.0
77,2,15,8930.0
77,2,16,0.0
77,2,17,7985.0
77,2,18,5949.0
77,2,19,8937.0
77,2,20,7130.0
77,2,21,9185.0
77,2,22,7122.0
77,2,23,8176.0
77,2,24,7540.0
77,2,25,7381.0
77,2,26,8250.0
77,2,27,9001.0
77,2,28,
77,2,29,0.0
77,2,30,7517.0
77,3,1,0.0
77,3,2,7317.0
77,3,3,6693.0
77,3,4,8719.0
77,3,5,10288.0
77,3,6,0.0
77,3,7,0.0
77,3,8,0.0
77,3,9,7009.0
77,3,10,6612.0
77,3,11,
77,3,12,
77,3,13,8872.0
77,3,14,7594.0
77,3,15,
77,3,16,7928.0
77,3,17,7621.0
77,3,18,6706.0
77,3,19,0.0
77,3,20,8565.0
77,3,21,0.0
77,3,22,0.0
77,3,23,0.0
77,3,24,8456.0
77,3,25,
77,3,26,0.0
77,3,27,7613.0
77,3,28,0.0
77,3,29,9207.0
77,3,30,0.0
78,1,1,3753.0
78,1,2,7796.0
78,1,3,4763.0
78,1,4,3798.0
78,1,5,0.0
78,1,6,6470.0
78,1,7,5545.0
78,1,8,4535.0
78,1,9,5463.0
78,1,10,3790.0
78,1,11,4517.0
78,1,12,6579.0
78,1,13,4862.0
78,1,14,6436.0
78,1,15,0.0
78,1,16,5279.0
78,1,17,6178.0
78,1,18,7121.0
78,1,19,5082.0
78,1,20,4624.0
78,1,21,5998.0
78,1,22,4777.0
78,1,23,5064.0
78,1,24,5559.0
78,1,25,0.0
78,1,26,6542.0
78,1,27,7483.0
78,1,28,5122.0
78,1,29,3849.0
78,1,30,5414.0
78,2,1,6116.0
78,2,2,5174.0
78,2,3,3389.0
78,2,4,6006.0
78,2,5,0.0
78,2,6,
78,2,7,4659.0
78,2,8,0.0
78,2,9,
78,2,10,0.0
78,2,11,0.0
78,2,12,3076.0
78,2,13,4259.0
78,2,14,0.0
78,2,15,
78,2,16,4849.0
78,2,17,4829.0
78,2,18,6876.0
78,2,19,0.0
78,2,20,4367.0
78,2,21,5040.0
78,2,22,0.0
78,2,23,6099.0
78,2,24,5186.0
78,2,25,
78,2,26,
78,2,27,4426.0
78,2,28,0.0
78,2,29,4362.0
78,2,30,7597.0
78,3,1,6622.0
78,3,2,6619.0
78,3,3,7527.0
78,3,4,4405.0
78,3,5,7549.0
78,3,6,5001.0
78,3,7,6863.0
78,3,8,6137.0
78,3,9,4839.0
78,3,10,0.0
78,3,11,
78,3,12,7270.0
78,3,13,5296.0
78,3,14,0.0
78,3,15,0.0
78,3,16,
78,3,17,5612.0
78,3,18,0.0
78,3,19,5069.0
78,3,20,7312.0
78,3,21,0.0
78,3,22,0.0
78,3,23,5212.0
78,3,24,
78,3,25,
78,3,26,0.0
78,3,27,5534.0
78,3,28,6220.0
78,3,29,5089.0
78,3,30,0.0
79,1,1,5497.0
79,1,2,5584.0
79,1,3,4034.0
79,1,4,5249.0
79,1,5,
79,1,6,6750.0
79,1,7,4583.0
79,1,8,5522.0
79,1,9,4836.0
79,1,10,4957.0
79,1,11,5292.0
79,1,12,7001.0
79,1,13,0.0
79,1,14,4905.0
79,1,15,6627.0
79,1,16,5109.0
79,1,17,5068.0
79,1,18,4626.0
79,1,19,0.0
79,1,20,6331.0
79,1,21,4607.0
79,1,22,4611.0
79,1,23,4747.0
79,1,24,4701.0
79,1,25,4467.0
79,1,26,5887.0
79,1,27,4915.0
79,1,28,5089.0
79,1,29,5014.0
79,1,30,4665.0
79,2,1,4431.0
79,2,2,
79,2,3,0.0
79,2,4,0.0
79,2,5,0.0
79,2,6,0.0
79,2,7,5989.0
79,2,8,4840.0
79,2,9,5758.0
79,2,10,
79,2,11,5246.0
79,2,12,
79,2,13,6768.0
79,2,14,5587.0
79,2,15,3976.0
79,2,16,5564.0
79,2,17,5510.0
79,2,18,6693.0
79,2,19,5626.0
79,2,20,4324.0
79,2,21,0.0
79,2,22,4401.0
79,2,23,
79,2,24,4224.0
79,2,25,0.0
79,2,26,6128.0
79,2,27,5379.0
79,2,28,5769.0
79,2,29,5266.0
79,2,30,5820.0
79,3,1,
79,3,2,0.0
79,3,3,0.0
79,3,4,0.0
79,3,5,
79,3,6,5627.0
79,3,7,0.0
79,3,8,0.0
79,3,9,4087.0
79,3,10,5229.0
79,3,11,0.0
79,3,12,5218.0
79,3,13,0.0
79,3,14,5236.0
79,3,15,
79,3,16,
79,3,17,3673.0
79,3,18,0.0
79,3,19,
79,3,20,5692.0
79,3,21,5402.0
79,3,22,4700.0
79,3,23,5676.0
79,3,24,0.0
79,3,25,0.0
79,3,26,0.0
79,3,27,
79,3,28,7028.0
79,3,29,
79,3,30,
80,1,1,1068.0
80,1,2,820.0
80,1,3,0.0
80,1,4,0.0
80,1,5,2009.0
80,1,6,2037.0
80,1,7,1002.0
80,1,8,704.0
80,1,9,2142.0
80,1,10,656.0
80,1,11,2375.0
80,1,12,678.0
80,1,13,1197.0
80,1,14,1698.0
80,1,15,1482.0
80,1,16,601.0
80,1,17,1640.0
80,1,18,1984.0
80,1,19,323.0
80,1,20,1726.0
80,1,21,1167.0
80,1,22,380.0
80,1,23,1597.0
80,1,24,0.0
80,1,25,1796.0
80,1,26,2531.0
80,1,27,2039.0
80,1,28,
80,1,29,1148.0
80,1,30,2293.0
80,2,1,1544.0
80,2,2,1974.0
80,2,3,2154.0
80,2,4,754.0
80,2,5,926.0
80,2,6,0.0
80,2,7,
80,2,8,
80,2,9,0.0
80,2,10,2478.0
80,2,11,
80,2,12,171.0
80,2,13,1782.0
80,2,14,2433.0
80,2,15,0.0
80,2,16,0.0
80,2,17,
80,2,18,0.0
80,2,19,0.0
80,2,20,1137.0
80,2,21,
80,2,22,2290.0
80,2,23,1425.0
80,2,24,1174.0
80,2,25,601.0
80,2,26,1903.0
80,2,27,0.0
80,2,28,
80,2,29,0.0
80,2,30,1448.0
80,3,1,1513.0
80,3,2,0.0
80,3,3,1574.0
80,3,4,0.0
80,3,5,
80,3,6,0.0
80,3,7,
80,3,8,471.0
80,3,9,364.0
80,3,10,0.0
80,3,11,
80,3,12,0.0
80,3,13,
80,3,14,
80,3,15,
80,3,16,843.0
80,3,17,216.0
80,3,18,0.0
80,3,19,0.0
80,3,20,1297.0
80,3,21,
80,3,22,
80,3,23,2820.0
80,3,24,1283.0
80,3,25,0.0
80,3,26,1736.0
80,3,27,1349.0
80,3,28,2175.0
80,3,29,0.0
80,3,30,0.0
81,1,1,
81,1,2,4191.0
81,1,3,3543.0
81,1,4,4301.0
81,1,5,2495.0
81,1,6,3704.0
81,1,7,3000.0
81,1,8,4327.0
81,1,9,2356.0
81,1,10,4541.0
81,1,11,0.0
81,1,12,
81,1,13,1383.0
81,1,14,3290.0
81,1,15,3655.0
81,1,16,5439.0
81,1,17,2839.0
81,1,18,3854.0
81,1,19,5089.0
81,1,20,3898.0
81,1,21,4411.0
81,1,22,4927.0
81,1,23,3268.0
81,1,24,3378.0
81,1,25,2824.0
81,1,26,0.0
81,1,27,2916.0
81,1,28,4119.0
81,1,29,4404.0
81,1,30,3339.0
81,2,1,0.0
81,2,2,0.0
81,2,3,3030.0
81,2,4,
81,2,5,4848.0
81,2,6,2527.0
81,2,7,2037.0
81,2,8,4370.0
81,2,9,5586.0
81,2,10,4197.0
81,2,11,4506.0
81,2,12,0.0
81,2,13,3181.0
81,2,14,4858.0
81,2,15,0.0
81,2,16,2655.0
81,2,17,4285.0
81,2,18,0.0
81,2,19,3344.0
81,2,20,3699.0
81,2,21,
81,2,22,5339.0
81,2,23,2597.0
81,2,24,4801.0
81,2,25,0.0
81,2,26,4988.0
81,2,27,0.0
81,2,28,
81,2,29,2658.0
81,2,30,1405.0
81,3,1,0.0
81,3,2,0.0
81,3,3,
81,3,4,1963.0
81,3,5,4747.0
81,3,6,5023.0
81,3,7,784.0
81,3,8,3146.0
81,3,9,0.0
81,3,10,3449.0
81,3,11,2696.0
81,3,12,3557.0
81,3,13,4144.0
81,3,14,4815.0
81,3,15,
81,3,16,
81,3,17,
81,3,18,3875.0
81,3,19,3108.0
81,3,20,0.0
81,3,21,3416.0
81,3,22,2841.0
81,3,23,
81,3,24,3514.0
81,3,25,4648.0
81,3,26,
81,3,27,0.0
81,3,28,
81,3,29,0.0
81,3,30,4673.0
82,1,1,905.0
82,1,2,0.0
82,1,3,3928.0
82,1,4,2521.0
82,1,5,1481.0
82,1,6,3066.0
82,1,7,1989.0
82,1,8,2577.0
82,1,9,3183.0
82,1,10,2713.0
82,1,11,1688.0
82,1,12,0.0
82,1,13,0.0
82,1,14,1995.0
82,1,15,409.0
82,1,16,2931.0
82,1,17,0.0
82,1,18,1810.0
82,1,19,
82,1,20,0.0
82,1,21,0.0
82,1,22,2080.0
82,1,23,2147.0
82,1,24,302.0
82,1,25,3604.0
82,1,26,0.0
82,1,27,
82,1,28,1676.0
82,1,29,2005.0
82,1,30,3234.0
82,2,1,1827.0
82,2,2,2573.0
82,2,3,0.0
82,2,4,
82,2,5,1967.0
82,2,6,3359.0
82,2,7,2072.0
82,2,8,133.0
82,2,9,0.0
82,2,10,1518.0
82,2,11,0.0
82,2,12,1497.0
82,2,13,3006.0
82,2,14,2235.0
82,2,15,1479.0
82,2,16,4032.0
82,2,17,
82,2,18,1352.0
82,2,19,2854.0
82,2,20,
82,2,21,0.0
82,2,22,
82,2,23,2783.0
82,2,24,
82,2,25,2652.0
82,2,26,2497.0
82,2,27,
82,2,28,0.0
82,2,29,1090.0
82,2,30,1763.0
82,3,1,0.0
82,3,2,0.0
82,3,3,0.0
82,3,4,0.0
82,3,5,1724.0
82,3,6,0.0
82,3,7,1417.0
82,3,8,
82,3,9,2455.0
82,3,10,
82,3,11,
82,3,12,
82,3,13,2291.0
82,3,14,2108.0
82,3,15,0.0
82,3,16,0.0
82,3,17,0.0
82,3,18,0.0
82,3,19,
82,3,20,
82,3,21,
82,3,22,0.0
82,3,23,0.0
82,3,24,2290.0
82,3,25,0.0
82,3,26,2106.0
82,3,27,0.0
82,3,28,0.0
82,3,29,
82,3,30,1824.0
83,1,1,8179.0
83,1,2,7232.0
83,1,3,8151.0
83,1,4,7439.0
83,1,5,9212.0
83,1,6,8711.0
83,1,7,8686.0
83,1,8,8996.0
83,1,9,8765.0
83,1,10,9219.0
83,1,11,8439.0
83,1,12,8981.0
83,1,13,8654.0
83,1,14,8647.0
83,1,15,6880.0
83,1,16,
83,1,17,7331.0
83,1,18,8377.0
83,1,19,10620.0
83,1,20,7615.0
83,1,21,8194.0
83,1,22,9532.0
83,1,23,8756.0
83,1,24,8768.0
83,1,25,9561.0
83,1,26,9694.0
83,1,27,9066.0
83,1,28,10299.0
83,1,29,8750.0
83,1,30,9063.0
83,2,1,0.0
83,2,2,9291.0
83,2,3,8078.0
83,2,4,8954.0
83,2,5,7015.0
83,2,6,9559.0
83,2,7,8543.0
83,2,8,8050.0
83,2,9,8297.0
83,2,10,9281.0
83,2,11,8784.0
83,2,12,8278.0
83,2,13,8102.0
83,2,14,8144.0
83,2,15,8910.0
83,2,16,8025.0
83,2,17,8830.0
83,2,18,5916.0
83,2,19,7471.0
83,2,20,7614.0
83,2,21,8267.0
83,2,22,8094.0
83,2,23,7666.0
83,2,24,7225.0
83,2,25,7534.0
83,2,26,9826.0
83,2,27,7663.0
83,2,28,6278.0
83,2,29,8339.0
83,2,30,0.0
83,3,1,7663.0
83,3,2,8896.0
83,3,3,8116.0
83,3,4,7907.0
83,3,5,8563.0
83,3,6,8285.0
83,3,7,7016.0
83,3,8,9728.0
83,3,9,7975.0
83,3,10,8285.0
83,3,11,6835.0
83,3,12,9382.0
83,3,13,7845.0
83,3,14,9853.0
83,3,15,8237.0
83,3,16,8832.0
83,3,17,7931.0
83,3,18,7080.0
83,3,19,8685.0
83,3,20,8674.0
83,3,21,6132.0
83,3,22,6993.0
83,3,23,9357.0
83,3,24,7852.0
83,3,25,8959.0
83,3,26,10378.0
83,3,27,0.0
83,3,28,8738.0
83,3,29,0.0
83,3,30,8116.0
84,1,1,12165.0
84,1,2,12279.0
84,1,3,11954.0
84,1,4,12600.0
84,1,5,10759.0
84,1,6,11973.0
84,1,7,11856.0
84,1,8,11321.0
84,1,9,12254.0
84,1,10,10672.0
84,1,11,11127.0
84,1,12,14737.0
84,1,13,11550.0
84,1,14,11691.0
84,1,15,12307.0
84,1,16,12414.0
84,1,17,11099.0
84,1,18,13441.0
84,1,19,12245.0
84,1,20,13782.0
84,1,21,13209.0
84,1,22,11344.0
84,1,23,10668.0
84,1,24,10452.0
84,1,25,9824.0
84,1,26,12104.0
84,1,27,11269.0
84,1,28,12476.0
84,1,29,11317.0
84,1,30,11088.0
84,2,1,12411.0
84,2,2,14086.0
84,2,3,13181.0
84,2,4,12428.0
84,2,5,13063.0
84,2,6,12317.0
84,2,7,9734.0
84,2,8,12617.0
84,2,9,12393.0
84,2,10,12827.0
84,2,11,11263.0
84,2,12,12994.0
84,2,13,10745.0
84,2,14,12029.0
84,2,15,11871.0
84,2,16,9441.0
84,2,17,11368.0
84,2,18,0.0
84,2,19,12378.0
84,2,20,12897.0
84,2,21,11650.0
84,2,22,0.0
84,2,23,12108.0
84,2,24,11627.0
84,2,25,13000.0
84,2,26,11475.0
84,2,27,10820.0
84,2,28,12458.0
84,2,29,10655.0
84,2,30,11410.0
84,3,1,11927.0
84,3,2,11616.0
84,3,3,14991.0
84,3,4,12328.0
84,3,5,11777.0
84,3,6,0.0
84,3,7,11290.0
84,3,8,10797.0
84,3,9,12005.0
84,3,10,11359.0
84,3,11,10826.0
84,3,12,10622.0
84,3,13,11154.0
84,3,14,12567.0
84,3,15,14506.0
84,3,16,12381.0
84,3,17,10986.0
84,3,18,
84,3,19,0.0
84,3,20,11554.0
84,3,21,12806.0
84,3,22,11589.0
84,3,23,13229.0
84,3,24,14081.0
84,3,25,10078.0
84,3,26,11165.0
84,3,27,11276.0
84,3,28,13397.0
84,3,29,11573.0
84,3,30,12881.0
85,1,1,10059.0
85,1,2,10878.0
85,1,3,11779.0
85,1,4,7302.0
85,1,5,11416.0
85,1,6,10204.0
85,1,7,10477.0
85,1,8,11255.0
85,1,9,10536.0
85,1,10,11948.0
85,1,11,8145.0
85,1,12,9579.0
85,1,13,10791.0
85,1,14,9820.0
85,1,15,11817.0
85,1,16,9641.0
85,1,17,10370.0
85,1,18,9515.0
85,1,19,10171.0
85,1,20,8586.0
85,1,21,8944.0
85,1,22,12374.0
85,1,23,10286.0
85,1,24,9904.0
85,1,25,
85,1,26,9538.0
85,1,27,8750.0
85,1,28,11250.0
85,1,29,11719.0
85,1,30,11645.0
85,2,1,10354.0
85,2,2,8314.0
85,2,3,8715.0
85,2,4,9114.0
85,2,5,9593.0
85,2,6,11612.0
85,2,7,10627.0
85,2,8,10295.0
85,2,9,10403.0
85,2,10,11185.0
85,2,11,11114.0
85,2,12,10282.0
85,2,13,11406.0
85,2,14,9779.0
85,2,15,11048.0
85,2,16,11374.0
85,2,17,0.0
85,2,18,11175.0
85,2,19,10055.0
85,2,20,9266.0
85,2,21,11703.0
85,2,22,9573.0
85,2,23,9769.0
85,2,24,10801.0
85,2,25,11205.0
85,2,26,10076.0
85,2,27,9929.0
85,2,28,12222.0
85,2,29,9044.0
85,2,30,
85,3,1,10404.0
85,3,2,10930.0
85,3,3,9364.0
85,3,4,9750.0
85,3,5,0.0
85,3,6,10276.0
85,3,7,10915.0
85,3,8,11744.0
85,3,9,9670.0
85,3,10,11504.0
85,3,11,10683.0
85,3,12,10511.0
85,3,13,8531.0
85,3,14,10354.0
85,3,15,10081.0
85,3,16,9230.0
85,3,17,8344.0
85,3,18,0.0
85,3,19,10996.0
85,3,20,9857.0
85,3,21,11317.0
85,3,22,9953.0
85,3,23,10017.0
85,3,24,8535.0
85,3,25,8139.0
85,3,26,10675.0
85,3,27,9769.0
85,3,28,10867.0
85,3,29,10601.0
85,3,30,10339.0
86,1,1,1083.0
86,1,2,486.0
86,1,3,408.0
86,1,4,0.0
86,1,5,0.0
86,1,6,1292.0
86,1,7,
86,1,8,0.0
86,1,9,1543.0
86,1,10,518.0
86,1,11,77.0
86,1,12,1044.0
86,1,13,2896.0
86,1,14,2218.0
86,1,15,1749.0
86,1,16,782.0
86,1,17,0.0
86,1,18,210.0
86,1,19,2150.0
86,1,20,510.0
86,1,21,1451.0
86,1,22,1761.0
86,1,23,0.0
86,1,24,1305.0
86,1,25,1671.0
86,1,26,3203.0
86,1,27,1432.0
86,1,28,2096.0
86,1,29,0.0
86,1,30,801.0
86,2,1,
86,2,2,2361.0
86,2,3,18.0
86,2,4,1796.0
86,2,5,
86,2,6,1480.0
86,2,7,870.0
86,2,8,2540.0
86,2,9,2309.0
86,2,10,
86,2,11,0.0
86,2,12,0.0
86,2,13,240.0
86,2,14,1580.0
86,2,15,2423.0
86,2,16,1315.0
86,2,17,
86,2,18,3003.0
86,2,19,0.0
86,2,20,1134.0
86,2,21,0.0
86,2,22,1133.0
86,2,23,0.0
86,2,24,1022.0
86,2,25,
86,2,26,996.0
86,2,27,1408.0
86,2,28,1207.0
86,2,29,
86,2,30,978.0
86,3,1,0.0
86,3,2,
86,3,3,0.0
86,3,4,
86,3,5,729.0
86,3,6,
86,3,7,152.0
86,3,8,653.0
86,3,9,2880.0
86,3,10,0.0
86,3,11,0.0
86,3,12,638.0
86,3,13,0.0
86,3,14,1275.0
86,3,15,3060.0
86,3,16,
86,3,17,0.0
86,3,18,1902.0
86,3,19,830.0
86,3,20,1462.0
86,3,21,716.0
86,3,22,
86,3,23,102.0
86,3,24,0.0
86,3,25,1763.0
86,3,26,928.0
86,3,27,0.0
86,3,28,2235.0
86,3,29,384.0
86,3,30,402.0
87,1,1,6850.0
87,1,2,7891.0
87,1,3,6901.0
87,1,4,7568.0
87,1,5,6068.0
87,1,6,6065.0
87,1,7,8163.0
87,1,8,5010.0
87,1,9,9012.0
87,1,10,7902.0
87,1,11,6235.0
87,1,12,7842.0
87,1,13,7088.0
87,1,14,6578.0
87,1,15,8749.0
87,1,16,8070.0
87,1,17,6933.0
87,1,18,
87,1,19,7933.0
87,1,20,4841.0
87,1,21,6582.0
87,1,22,6736.0
87,1,23,7752.0
87,1,24,6137.0
87,1,25,6219.0
87,1,26,7264.0
87,1,27,8191.0
87,1,28,0.0
87,1,29,0.0
87,1,30,8269.0
87,2,1,10094.0
87,2,2,9261.0
87,2,3,
87,2,4,0.0
87,2,5,7142.0
87,2,6,6601.0
87,2,7,8000.0
87,2,8,6367.0
87,2,9,7448.0
87,2,10,6602.0
87,2,11,7220.0
87,2,12,7507.0
87,2,13,8159.0
87,2,14,0.0
87,2,15,0.0
87,2,16,7513.0
87,2,17,0.0
87,2,18,6139.0
87,2,19,7627.0
87,2,20,8046.0
87,2,21,7019.0
87,2,22,7817.0
87,2,23,8759.0
87,2,24,6649.0
87,2,25,6976.0
87,2,26,0.0
87,2,27,
87,2,28,
87,2,29,8854.0
87,2,30,6835.0
87,3,1,9283.0
87,3,2,0.0
87,3,3,6478.0
87,3,4,9227.0
87,3,5,5204.0
87,3,6,7874.0
87,3,7,8136.0
87,3,8,0.0
87,3,9,8624.0
87,3,10,0.0
87,3,11,8659.0
87,3,12,8115.0
87,3,13,0.0
87,3,14,6277.0
87,3,15,6971.0
87,3,16,6221.0
87,3,17,
87,3,18,6697.0
87,3,19,
87,3,20,0.0
87,3,21,8049.0
87,3,22,
87,3,23,0.0
87,3,24,8935.0
87,3,25,7971.0
87,3,26,
87,3,27,7842.0
87,3,28,6045.0
87,3,29,0.0
87,3,30,6850.0
88,1,1,5211.0
88,1,2,6867.0
88,1,3,
88,1,4,4164.0
88,1,5,4914.0
88,1,6,5762.0
88,1,7,5492.0
88,1,8,5560.0
88,1,9,
88,1,10,3661.0
88,1,11,4767.0
88,1,12,5691.0
88,1,13,4804.0
88,1,14,5674.0
88,1,15,4857.0
88,1,16,4960.0
88,1,17,6468.0
88,1,18,6009.0
88,1,19,
88,1,20,5463.0
88,1,21,5735.0
88,1,22,4643.0
88,1,23,
88,1,24,5691.0
88,1,25,3776.0
88,1,26,5664.0
88,1,27,4426.0
88,1,28,5824.0
88,1,29,3055.0
88,1,30,3942.0
88,2,1,5971.0
88,2,2,0.0
88,2,3,6473.0
88,2,4,0.0
88,2,5,5815.0
88,2,6,0.0
88,2,7,4072.0
88,2,8,5339.0
88,2,9,6574.0
88,2,10,6045.0
88,2,11,0.0
88,2,12,5786.0
88,2,13,3599.0
88,2,14,3858.0
88,2,15,0.0
88,2,16,5078.0
88,2,17,5679.0
88,2,18,
88,2,19,5773.0
88,2,20,3476.0
88,2,21,4556.0
88,2,22,
88,2,23,6678.0
88,2,24,
88,2,25,5023.0
88,2,26,3743.0
88,2,27,4551.0
88,2,28,2893.0
88,2,29,5889.0
88,2,30,0.0
88,3,1,3017.0
88,3,2,4867.0
88,3,3,3577.0
88,3,4,
88,3,5,3714.0
88,3,6,5154.0
88,3,7,0.0
88,3,8,0.0
88,3,9,5751.0
88,3,10,5243.0
88,3,11,5518.0
88,3,12,
88,3,13,6299.0
88,3,14,
88,3,15,5576.0
88,3,16,0.0
88,3,17,5033.0
88,3,18,0.0
88,3,19,5933.0
88,3,20,5935.0
88,3,21,4748.0
88,3,22,4368.0
88,3,23,5201.0
88,3,24,0.0
88,3,25,0.0
88,3,26,3626.0
88,3,27,0.0
88,3,28,
88,3,29,
88,3,30,5023.0
89,1,1,6133.0
89,1,2,5636.0
89,1,3,3832.0
89,1,4,5098.0
89,1,5,5500.0
89,1,6,5734.0
89,1,7,0.0
89,1,8,0.0
89,1,9,7492.0
89,1,10,
89,1,11,4427.0
89,1,12,5310.0
89,1,13,0.0
89,1,14,6379.0
89,1,15,6753.0
89,1,16,0.0
89,1,17,8136.0
89,1,18,4942.0
89,1,19,4764.0
89,1,20,5664.0
89,1,21,7285.0
89,1,22,4986.0
89,1,23,5100.0
89,1,24,6347.0
89,1,25,6565.0
89,1,26,
89,1,27,3243.0
89,1,28,0.0
89,1,29,0.0
89,1,30,5101.0
89,2,1,3683.0
89,2,2,5336.0
89,2,3,0.0
89,2,4,0.0
89,2,5,0.0
89,2,6,4300.0
89,2,7,4731.0
89,2,8,6196.0
89,2,9,0.0
89,2,10,0.0
89,2,11,5378.0
89,2,12,6301.0
89,2,13,5794.0
89,2,14,3887.0
89,2,15,4739.0
89,2,16,0.0
89,2,17,0.0
89,2,18,0.0
89,2,19,6317.0
89,2,20,6792.0
89,2,21,4846.0
89,2,22,0.0
89,2,23,4554.0
89,2,24,4603.0
89,2,25,4085.0
89,2,26,4552.0
89,2,27,0.0
89,2,28,6007.0
89,2,29,5742.0
89,2,30,7087.0
89,3,1,4352.0
89,3,2,3880.0
89,3,3,0.0
89,3,4,3285.0
89,3,5,3476.0
89,3,6,4916.0
89,3,7,0.0
89,3,8,6911.0
89,3,9,3994.0
89,3,10,2760.0
89,3,11,4824.0
89,3,12,5119.0
89,3,13,
89,3,14,4937.0
89,3,15,0.0
89,3,16,6809.0
89,3,17,0.0
89,3,18,0.0
89,3,19,5679.0
89,3,20,0.0
89,3,21,
89,3,22,
89,3,23,0.0
89,3,24,5662.0
89,3,25,0.0
89,3,26,4578.0
89,3,27,3741.0
89,3,28,0.0
89,3,29,0.0
89,3,30,0.0
90,1,1,6249.0
90,1,2,5950.0
90,1,3,6493.0
90,1,4,7986.0
90,1,5,7414.0
90,1,6,7196.0
90,1,7,4759.0
90,1,8,7186.0
90,1,9,7116.0
90,1,10,6741.0
90,1,11,6250.0
90,1,12,5601.0
90,1,13,6508.0
90,1,14,6901.0
90,1,15,7219.0
90,1,16,5763.0
90,1,17,6085.0
90,1,18,0.0
90,1,19,4527.0
90,1,20,4854.0
90,1,21,5644.0
90,1,22,6540.0
90,1,23,5754.0
90,1,24,7736.0
90,1,25,6416.0
90,1,26,5794.0
90,1,27,7142.0
90,1,28,5687.0
90,1,29,6565.0
90,1,30,4087.0
90,2,1,5671.0
90,2,2,7659.0
90,2,3,6898.0
90,2,4,6676.0
90,2,5,7063.0
90,2,6,7669.0
90,2,7,6395.0
90,2,8,5902.0
90,2,9,7219.0
90,2,10,6227.0
90,2,11,5882.0
90,2,12,
90,2,13,6103.0
90,2,14,5730.0
90,2,15,6531.0
90,2,16,7795.0
90,2,17,7984.0
90,2,18,5669.0
90,2,19,6198.0
90,2,20,6676.0
90,2,21,0.0
90,2,22,7119.0
90,2,23,5324.0
90,2,24,7275.0
90,2,25,4867.0
90,2,26,6044.0
90,2,27,5044.0
90,2,28,6252.0
90,2,29,5883.0
90,2,30,5229.0
90,3,1,6429.0
90,3,2,5387.0
90,3,3,4281.0
90,3,4,4836.0
90,3,5,6028.0
90,3,6,0.0
90,3,7,6159.0
90,3,8,7924.0
90,3,9,5399.0
90,3,10,6797.0
90,3,11,0.0
90,3,12,7822.0
90,3,13,4828.0
90,3,14,0.0
90,3,15,6852.0
90,3,16,5384.0
90,3,17,6310.0
90,3,18,6435.0
90,3,19,7382.0
90,3,20,7147.0
90,3,21,6569.0
90,3,22,6552.0
90,3,23,5903.0
90,3,24,6261.0
90,3,25,5288.0
90,3,26,5687.0
90,3,27,5467.0
90,3,28,6441.0
90,3,29,0.0
90,3,30,6003.0
91,1,1,0.0
91,1,2,4026.0
91,1,3,5275.0
91,1,4,6467.0
91,1,5,
91,1,6,3361.0
91,1,7,7576.0
91,1,8,3640.0
91,1,9,5659.0
91,1,10,6269.0
91,1,11,4621.0
91,1,12,6802.0
91,1,13,5630.0
91,1,14,7261.0
91,1,15,4702.0
91,1,16,
91,1,17,0.0
91,1,18,4859.0
91,1,19,4753.0
91,1,20,5272.0
91,1,21,5200.0
91,1,22,6390.0
91,1,23,0.0
91,1,24,6301.0
91,1,25,6137.0
91,1,26,4038.0
91,1,27,5194.0
91,1,28,
91,1,29,4134.0
91,1,30,5225.0
91,2,1,6485.0
91,2,2,
91,2,3,5212.0
91,2,4,5545.0
91,2,5,0.0
91,2,6,0.0
91,2,7,3957.0
91,2,8,5156.0
91,2,9,0.0
91,2,10,0.0
91,2,11,6388.0
91,2,12,4517.0
91,2,13,4382.0
91,2,14,0.0
91,2,15,4487.0
91,2,16,8555.0
91,2,17,
91,2,18,4422.0
91,2,19,4022.0
91,2,20,6134.0
91,2,21,4806.0
91,2,22,8598.0
91,2,23,5649.0
91,2,24,6382.0
91,2,25,6881.0
91,2,26,0.0
91,2,27,0.0
91,2,28,5506.0
91,2,29,5920.0
91,2,30,6424.0
91,3,1,0.0
91,3,2,6765.0
91,3,3,4790.0
91,3,4,6053.0
91,3,5,5532.0
91,3,6,5648.0
91,3,7,5496.0
91,3,8,5479.0
91,3,9,
91,3,10,4110.0
91,3,11,0.0
91,3,12,
91,3,13,0.0
91,3,14,0.0
91,3,15,5849.0
91,3,16,4195.0
91,3,17,7558.0
91,3,18,
91,3,19,0.0
91,3,20,5526.0
91,3,21,6665.0
91,3,22,0.0
91,3,23,6483.0
91,3,24,6042.0
91,3,25,0.0
91,3,26,5301.0
91,3,27,6826.0
91,3,28,5172.0
91,3,29,0.0
91,3,30,
92,1,1,5672.0
92,1,2,8548.0
92,1,3,7421.0
92,1,4,8383.0
92,1,5,7690.0
92,1,6,6639.0
92,1,7,6983.0
92,1,8,0.0
92,1,9,0.0
92,1,10,7175.0
92,1,11,0.0
92,1,12,6715.0
92,1,13,0.0
92,1,14,0.0
92,1,15,7528.0
92,1,16,7114.0
92,1,17,6484.0
92,1,18,0.0
92,1,19,6275.0
92,1,20,0.0
92,1,21,6220.0
92,1,22,6234.0
92,1,23,7294.0
92,1,24,8232.0
92,1,25,6969.0
92,1,26,7181.0
92,1,27,7976.0
92,1,28,6774.0
92,1,29,6432.0
92,1,30,4675.0
92,2,1,7094.0
92,2,2,
92,2,3,6443.0
92,2,4,8462.0
92,2,5,
92,2,6,0.0
92,2,7,6905.0
92,2,8,0.0
92,2,9,5758.0
92,2,10,0.0
92,2,11,6034.0
92,2,12,6417.0
92,2,13,5705.0
92,2,14,6772.0
92,2,15,7908.0
92,2,16,7198.0
92,2,17,7130.0
92,2,18,
92,2,19,0.0
92,2,20,8977.0
92,2,21,6097.0
92,2,22,0.0
92,2,23,7057.0
92,2,24,7024.0
92,2,25,7220.0
92,2,26,6786.0
92,2,27,9020.0
92,2,28,0.0
92,2,29,8783.0
92,2,30,6634.0
92,3,1,0.0
92,3,2,0.0
92,3,3,6854.0
92,3,4,5489.0
92,3,5,0.0
92,3,6,8543.0
92,3,7,7006.0
92,3,8,7299.0
92,3,9,
92,3,10,5606.0
92,3,11,9230.0
92,3,12,0.0
92,3,13,6932.0
92,3,14,0.0
92,3,15,
92,3,16,7908.0
92,3,17,0.0
92,3,18,8199.0
92,3,19,8400.0
92,3,20,
92,3,21,8856.0
92,3,22,
92,3,23,7362.0
92,3,24,7740.0
92,3,25,0.0
92,3,26,7762.0
92,3,27,8047.0
92,3,28,0.0
92,3,29,5917.0
92,3,30,
93,1,1,1504.0
93,1,2,0.0
93,1,3,1891.0
93,1,4,3206.0
93,1,5,1283.0
93,1,6,3235.0
93,1,7,3942.0
93,1,8,1917.0
93,1,9,1297.0
93,1,10,1626.0
93,1,11,3854.0
93,1,12,1244.0
93,1,13,
93,1,14,1404.0
93,1,15,2072.0
93,1,16,0.0
93,1,17,1871.0
93,1,18,
93,1,19,2482.0
93,1,20,1023.0
93,1,21,2652.0
93,1,22,4017.0
93,1,23,3034.0
93,1,24,2534.0
93,1,25,2410.0
93,1,26,1775.0
93,1,27,1707.0
93,1,28,855.0
93,1,29,3170.0
93,1,30,938.0
93,2,1,2110.0
93,2,2,1870.0
93,2,3,
93,2,4,2362.0
93,2,5,0.0
93,2,6,1784.0
93,2,7,2940.0
93,2,8,0.0
93,2,9,4417.0
93,2,10,2296.0
93,2,11,686.0
93,2,12,1140.0
93,2,13,1477.0
93,2,14,1799.0
93,2,15,2978.0
93,2,16,
93,2,17,0.0
93,2,18,0.0
93,2,19,2483.0
93,2,20,1348.0
93,2,21,3070.0
93,2,22,2503.0
93,2,23,0.0
93,2,24,0.0
93,2,25,
93,2,26,2423.0
93,2,27,2754.0
93,2,28,1129.0
93,2,29,2491.0
93,2,30,2332.0
93,3,1,0.0
93,3,2,3166.0
93,3,3,3094.0
93,3,4,0.0
93,3,5,1233.0
93,3,6,
93,3,7,2430.0
93,3,8,
93,3,9,2629.0
93,3,10,
93,3,11,2271.0
93,3,12,0.0
93,3,13,929.0
93,3,14,1489.0
93,3,15,0.0
93,3,16,
93,3,17,0.0
93,3,18,1822.0
93,3,19,
93,3,20,677.0
93,3,21,631.0
93,3,22,
93,3,23,0.0
93,3,24,0.0
93,3,25,490.0
93,3,26,2904.0
93,3,27,4687.0
93,3,28,1087.0
93,3,29,
93,3,30,0.0
94,1,1,6636.0
94,1,2,5751.0
94,1,3,7062.0
94,1,4,7537.0
94,1,5,7986.0
94,1,6,6831.0
94,1,7,6939.0
94,1,8,5531.0
94,1,9,8271.0
94,1,10,7917.0
94,1,11,7381.0
94,1,12,6868.0
94,1,13,8259.0
94,1,14,5769.0
94,1,15,7138.0
94,1,16,8781.0
94,1,17,5754.0
94,1,18,9074.0
94,1,19,7837.0
94,1,20,7577.0
94,1,21,8229.0
94,1,22,8005.0
94,1,23,5421.0
94,1,24,5391.0
94,1,25,6370.0
94,1,26,7234.0
94,1,27,8072.0
94,1,28,6663.0
94,1,29,
94,1,30,8103.0
94,2,1,0.0
94,2,2,7747.0
94,2,3,
94,2,4,7481.0
94,2,5,0.0
94,2,6,
94,2,7,6078.0
94,2,8,0.0
94,2,9,6236.0
94,2,10,5755.0
94,2,11,0.0
94,2,12,6494.0
94,2,13,
94,2,14,7412.0
94,2,15,4783.0
94,2,16,7683.0
94,2,17,
94,2,18,8500.0
94,2,19,5726.0
94,2,20,5346.0
94,2,21,
94,2,22,6037.0
94,2,23,6584.0
94,2,24,6268.0
94,2,25,7748.0
94,2,26,8468.0
94,2,27,0.0
94,2,28,5215.0
94,2,29,0.0
94,2,30,0.0
94,3,1,8032.0
94,3,2,0.0
94,3,3,8040.0
94,3,4,6929.0
94,3,5,7151.0
94,3,6,
94,3,7,0.0
94,3,8,7333.0
94,3,9,9109.0
94,3,10,8743.0
94,3,11,0.0
94,3,12,7659.0
94,3,13,0.0
94,3,14,0.0
94,3,15,0.0
94,3,16,8295.0
94,3,17,8427.0
94,3,18,5434.0
94,3,19,
94,3,20,7239.0
94,3,21,8536.0
94,3,22,6059.0
94,3,23,0.0
94,3,24,0.0
94,3,25,0.0
94,3,26,6937.0
94,3,27,8148.0
94,3,28,5560.0
94,3,29,7738.0
94,3,30,7790.0
95,1,1,5972.0
95,1,2,4037.0
95,1,3,3884.0
95,1,4,4613.0
95,1,5,5366.0
95,1,6,6999.0
95,1,7,5126.0
95,1,8,4625.0
95,1,9,6225.0
95,1,10,3742.0
95,1,11,3569.0
95,1,12,7024.0
95,1,13,0.0
95,1,14,4269.0
95,1,15,6313.0
95,1,16,5715.0
95,1,17,5177.0
95,1,18,5117.0
95,1,19,5189.0
95,1,20,3652.0
95,1,21,3226.0
95,1,22,5897.0
95,1,23,6349.0
95,1,24,5406.0
95,1,25,7758.0
95,1,26,4474.0
95,1,27,3424.0
95,1,28,0.0
95,1,29,5561.0
95,1,30,4865.0
95,2,1,4255.0
95,2,2,4860.0
95,2,3,4468.0
95,2,4,5866.0
95,2,5,4599.0
95,2,6,4133.0
95,2,7,4706.0
95,2,8,
95,2,9,
95,2,10,7879.0
95,2,11,
95,2,12,0.0
95,2,13,
95,2,14,5569.0
95,2,15,0.0
95,2,16,3840.0
95,2,17,0.0
95,2,18,5734.0
95,2,19,4172.0
95,2,20,6385.0
95,2,21,3813.0
95,2,22,6964.0
95,2,23,4996.0
95,2,24,4711.0
95,2,25,4174.0
95,2,26,0.0
95,2,27,4262.0
95,2,28,6900.0
95,2,29,5006.0
95,2,30,5586.0
95,3,1,4494.0
95,3,2,7154.0
95,3,3,
95,3,4,4849.0
95,3,5,
95,3,6,
95,3,7,4792.0
95,3,8,5240.0
95,3,9,4646.0
95,3,10,7519.0
95,3,11,0.0
95,3,12,4931.0
95,3,13,0.0
95,3,14,0.0
95,3,15,0.0
95,3,16,0.0
95,3,17,0.0
95,3,18,5342.0
95,3,19,5864.0
95,3,20,
95,3,21,
95,3,22,5667.0
95,3,23,4467.0
95,3,24,0.0
95,3,25,5185.0
95,3,26,5079.0
95,3,27,5930.0
95,3,28,6370.0
95,3,29,7961.0
95,3,30,4986.0
96,1,1,5389.0
96,1,2,4950.0
96,1,3,3974.0
96,1,4,5648.0
96,1,5,4159.0
96,1,6,7116.0
96,1,7,4471.0
96,1,8,5210.0
96,1,9,6601.0
96,1,10,5331.0
96,1,11,5987.0
96,1,12,4414.0
96,1,13,5491.0
96,1,14,5973.0
96,1,15,6760.0
96,1,16,3983.0
96,1,17,4258.0
96,1,18,3632.0
96,1,19,0.0
96,1,20,7825.0
96,1,21,5031.0
96,1,22,4670.0
96,1,23,5297.0
96,1,24,4292.0
96,1,25,0.0
96,1,26,4778.0
96,1,27,
96,1,28,7055.0
96,1,29,5578.0
96,1,30,5813.0
96,2,1,5117.0
96,2,2,
96,2,3,5810.0
96,2,4,5481.0
96,2,5,5236.0
96,2,6,4475.0
96,2,7,0.0
96,2,8,4891.0
96,2,9,4959.0
96,2,10,
96,2,11,7398.0
96,2,12,
96,2,13,6402.0
96,2,14,4538.0
96,2,15,5599.0
96,2,16,5748.0
96,2,17,5926.0
96,2,18,5767.0
96,2,19,6269.0
96,2,20,5357.0
96,2,21,5269.0
96,2,22,4656.0
96,2,23,6026.0
96,2,24,4715.0
96,2,25,3564.0
96,2,26,4612.0
96,2,27,0.0
96,2,28,6108.0
96,2,29,5270.0
96,2,30,6375.0
96,3,1,
96,3,2,0.0
96,3,3,0.0
96,3,4,0.0
96,3,5,5793.0
96,3,6,5960.0
96,3,7,5617.0
96,3,8,5136.0
96,3,9,0.0
96,3,10,0.0
96,3,11,4960.0
96,3,12,5211.0
96,3,13,4664.0
96,3,14,0.0
96,3,15,5401.0
96,3,16,4419.0
96,3,17,0.0
96,3,18,0.0
96,3,19,4712.0
96,3,20,4640.0
96,3,21,5025.0
96,3,22,
96,3,23,5655.0
96,3,24,0.0
96,3,25,
96,3,26,5370.0
96,3,27,5496.0
96,3,28,5091.0
96,3,29,5707.0
96,3,30,4471.0
97,1,1,4635.0
97,1,2,3830.0
97,1,3,
97,1,4,4235.0
97,1,5,3904.0
97,1,6,3864.0
97,1,7,4383.0
97,1,8,2478.0
97,1,9,0.0
97,1,10,5089.0
97,1,11,0.0
97,1,12,4613.0
97,1,13,4706.0
97,1,14,5143.0
97,1,15,6111.0
97,1,16,5290.0
97,1,17,5257.0
97,1,18,5659.0
97,1,19,4548.0
97,1,20,6409.0
97,1,21,5104.0
97,1,22,4899.0
97,1,23,5091.0
97,1,24,0.0
97,1,25,4503.0
97,1,26,5147.0
97,1,27,4598.0
97,1,28,5314.0
97,1,29,4404.0
97,1,30,0.0
97,2,1,3846.0
97,2,2,4836.0
97,2,3,6785.0
97,2,4,5190.0
97,2,5,0.0
97,2,6,5447.0
97,2,7,5060.0
97,2,8,4549.0
97,2,9,5809.0
97,2,10,5099.0
97,2,11,4916.0
97,2,12,4381.0
97,2,13,4086.0
97,2,14,5005.0
97,2,15,4194.0
97,2,16,0.0
97,2,17,0.0
97,2,18,5578.0
97,2,19,4293.0
97,2,20,4920.0
97,2,21,2695.0
97,2,22,4674.0
97,2,23,5931.0
97,2,24,0.0
97,2,25,0.0
97,2,26,5022.0
97,2,27,7348.0
97,2,28,0.0
97,2,29,4874.0
97,2,30,3918.0
97,3,1,3606.0
97,3,2,4812.0
97,3,3,
97,3,4,0.0
97,3,5,
97,3,6,4668.0
97,3,7,3879.0
97,3,8,5435.0
97,3,9,
97,3,10,5041.0
97,3,11,5304.0
97,3,12,4789.0
97,3,13,5484.0
97,3,14,2707.0
97,3,15,0.0
97,3,16,4173.0
97,3,17,0.0
97,3,18,4319.0
97,3,19,6841.0
97,3,20,
97,3,21,4106.0
97,3,22,5390.0
97,3,23,0.0
97,3,24,5358.0
97,3,25,4997.0
97,3,26,4134.0
97,3,27,0.0
97,3,28,4773.0
97,3,29,0.0
97,3,30,0.0
98,1,1,10492.0
98,1,2,11117.0
98,1,3,10939.0
98,1,4,11036.0
98,1,5,10642.0
98,1,6,10821.0
98,1,7,10384.0
98,1,8,10839.0
98,1,9,10487.0
98,1,10,8305.0
98,1,11,8831.0
98,1,12,10216.0
98,1,13,8989.0
98,1,14,10344.0
98,1,15,10697.0
98,1,16,10780.0
98,1,17,10193.0
98,1,18,10707.0
98,1,19,11075.0
98,1,20,11177.0
98,1,21,11109.0
98,1,22,10500.0
98,1,23,9477.0
98,1,24,8804.0
98,1,25,10193.0
98,1,26,10102.0
98,1,27,11087.0
98,1,28,9620.0
98,1,29,10537.0
98,1,30,8303.0
98,2,1,10121.0
98,2,2,10141.0
98,2,3,9593.0
98,2,4,8478.0
98,2,5,
98,2,6,8338.0
98,2,7,9406.0
98,2,8,10160.0
98,2,9,10280.0
98,2,10,9428.0
98,2,11,9450.0
98,2,12,10709.0
98,2,13,9249.0
98,2,14,9815.0
98,2,15,9022.0
98,2,16,10214.0
98,2,17,9965.0
98,2,18,8270.0
98,2,19,8845.0
98,2,20,7141.0
98,2,21,11459.0
98,2,22,9502.0
98,2,23,10537.0
98,2,24,9189.0
98,2,25,11626.0
98,2,26,8539.0
98,2,27,0.0
98,2,28,11342.0
98,2,29,10491.0
98,2,30,10188.0
98,3,1,10232.0
98,3,2,11537.0
98,3,3,11586.0
98,3,4,10831.0
98,3,5,8983.0
98,3,6,10757.0
98,3,7,8181.0
98,3,8,10475.0
98,3,9,10715.0
98,3,10,10640.0
98,3,11,8643.0
98,3,12,11999.0
98,3,13,10928.0
98,3,14,10899.0
98,3,15,10943.0
98,3,16,9873.0
98,3,17,8206.0
98,3,18,10650.0
98,3,19,10185.0
98,3,20,11267.0
98,3,21,10550.0
98,3,22,7551.0
98,3,23,9548.0
98,3,24,8812.0
98,3,25,9477.0
98,3,26,11166.0
98,3,27,10878.0
98,3,28,9169.0
98,3,29,9514.0
98,3,30,10828.0
99,1,1,6708.0
99,1,2,6021.0
99,1,3,7986.0
99,1,4,0.0
99,1,5,0.0
99,1,6,7060.0
99,1,7,4802.0
99,1,8,9732.0
99,1,9,8511.0
99,1,10,7278.0
99,1,11,6662.0
99,1,12,6435.0
99,1,13,5935.0
99,1,14,7296.0
99,1,15,5734.0
99,1,16,5288.0
99,1,17,6812.0
99,1,18,5616.0
99,1,19,
99,1,20,5789.0
99,1,21,5762.0
99,1,22,7235.0
99,1,23,8230.0
99,1,24,5881.0
99,1,25,0.0
99,1,26,7336.0
99,1,27,7712.0
99,1,28,4909.0
99,1,29,5692.0
99,1,30,7362.0
99,2,1,0.0
99,2,2,8398.0
99,2,3,0.0
99,2,4,5783.0
99,2,5,5813.0
99,2,6,
99,2,7,7230.0
99,2,8,5844.0
99,2,9,7377.0
99,2,10,0.0
99,2,11,7252.0
99,2,12,7021.0
99,2,13,7742.0
99,2,14,7201.0
99,2,15,5626.0
99,2,16,5987.0
99,2,17,7798.0
99,2,18,5398.0
99,2,19,6853.0
99,2,20,7185.0
99,2,21,7154.0
99,2,22,0.0
99,2,23,6358.0
99,2,24,0.0
99,2,25,5439.0
99,2,26,0.0
99,2,27,0.0
99,2,28,
99,2,29,4053.0
99,2,30,7131.0
99,3,1,6228.0
99,3,2,
99,3,3,
99,3,4,6376.0
99,3,5,0.0
99,3,6,3906.0
99,3,7,5935.0
99,3,8,0.0
99,3,9,8331.0
99,3,10,6772.0
99,3,11,
99,3,12,0.0
99,3,13,
99,3,14,
99,3,15,5664.0
99,3,16,4646.0
99,3,17,0.0
99,3,18,6137.0
99,3,19,5781.0
99,3,20,5791.0
99,3,21,0.0
99,3,22,
99,3,23,0.0
99,3,24,6271.0
99,3,25,
99,3,26,5099.0
99,3,27,
99,3,28,8296.0
99,3,29,0.0
99,3,30,6141.0
100,1,1,1933.0
100,1,2,1851.0
100,1,3,2244.0
100,1,4,885.0
100,1,5,1539.0
100,1,6,120.0
100,1,7,0.0
100,1,8,4036.0
100,1,9,2343.0
100,1,10,0.0
100,1,11,1763.0
100,1,12,3910.0
100,1,13,2022.0
100,1,14,1679.0
100,1,15,0.0
100,1,16,924.0
100,1,17,2712.0
100,1,18,2037.0
100,1,19,387.0
100,1,20,3652.0
100,1,21,3682.0
100,1,22,2390.0
100,1,23,4197.0
100,1,24,2102.0
100,1,25,2267.0
100,1,26,0.0
100,1,27,1949.0
100,1,28,2156.0
100,1,29,3127.0
100,1,30,1947.0
100,2,1,1727.0
100,2,2,1087.0
100,2,3,1217.0
100,2,4,0.0
100,2,5,681.0
100,2,6,3246.0
100,2,7,3508.0
100,2,8,
100,2,9,3625.0
100,2,10,3014.0
100,2,11,1993.0
100,2,12,0.0
100,2,13,2128.0
100,2,14,2096.0
100,2,15,1724.0
100,2,16,2268.0
100,2,17,1454.0
100,2,18,0.0
100,2,19,0.0
100,2,20,2832.0
100,2,21,0.0
100,2,22,1384.0
100,2,23,1504.0
100,2,24,1868.0
100,2,25,1885.0
100,2,26,3142.0
100,2,27,0.0
100,2,28,682.0
100,2,29,
100,2,30,1919.0
100,3,1,0.0
100,3,2,0.0
100,3,3,
100,3,4,0.0
100,3,5,1166.0
100,3,6,0.0
100,3,7,858.0
100,3,8,82.0
100,3,9,2514.0
100,3,10,2098.0
100,3,11,4119.0
100,3,12,1492.0
100,3,13,2331.0
100,3,14,2521.0
100,3,15,1296.0
100,3,16,4079.0
100,3,17,
100,3,18,0.0
100,3,19,1406.0
100,3,20,2783.0
100,3,21,0.0
100,3,22,
100,3,23,1065.0
100,3,24,3266.0
100,3,25,0.0
100,3,26,0.0
100,3,27,1550.0
100,3,28,2420.0
100,3,29,
100,3,30,0.0
101,1,1,3348.0
101,1,2,4564.0
101,1,3,6951.0
101,1,4,
101,1,5,4784.0
101,1,6,4393.0
101,1,7,3239.0
101,1,8,4435.0
101,1,9,3492.0
101,1,10,4956.0
101,1,11,0.0
101,1,12,5200.0
101,1,13,4394.0
101,1,14,4041.0
101,1,15,3232.0
101,1,16,3204.0
101,1,17,4363.0
101,1,18,0.0
101,1,19,3572.0
101,1,20,4512.0
101,1,21,0.0
101,1,22,4606.0
101,1,23,4618.0
101,1,24,4144.0
101,1,25,
101,1,26,4849.0
101,1,27,4622.0
101,1,28,2885.0
101,1,29,2956.0
101,1,30,5048.0
101,2,1,4441.0
101,2,2,0.0
101,2,3,4406.0
101,2,4,0.0
101,2,5,0.0
101,2,6,4322.0
101,2,7,6695.0
101,2,8,0.0
101,2,9,3718.0
101,2,10,6049.0
101,2,11,3527.0
101,2,12,3457.0
101,2,13,
101,2,14,2545.0
101,2,15,3799.0
101,2,16,4082.0
101,2,17,0.0
101,2,18,0.0
101,2,19,3327.0
101,2,20,5243.0
101,2,21,3872.0
101,2,22,3442.0
101,2,23,5332.0
101,2,24,4717.0
101,2,25,3693.0
101,2,26,
101,2,27,3304.0
101,2,28,4795.0
101,2,29,5095.0
101,2,30,0.0
101,3,1,0.0
101,3,2,5013.0
101,3,3,
101,3,4,0.0
101,3,5,4734.0
101,3,6,
101,3,7,3901.0
101,3,8,0.0
101,3,9,0.0
101,3,10,
101,3,11,4169.0
101,3,12,0.0
101,3,13,0.0
101,3,14,1880.0
101,3,15,3503.0
101,3,16,4169.0
101,3,17,3791.0
101,3,18,0.0
101,3,19,3344.0
101,3,20,3470.0
101,3,21,4885.0
101,3,22,0.0
101,3,23,0.0
101,3,24,3271.0
101,3,25,0.0
101,3,26,
101,3,27,0.0
101,3,28,4135.0
101,3,29,3160.0
101,3,30,4865.0
102,1,1,3196.0
102,1,2,3994.0
102,1,3,3696.0
102,1,4,3089.0
102,1,5,1626.0
102,1,6,3159.0
102,1,7,0.0
102,1,8,4856.0
102,1,9,5089.0
102,1,10,
102,1,11,3979.0
102,1,12,2511.0
102,1,13,4652.0
102,1,14,4839.0
102,1,15,3291.0
102,1,16,4091.0
102,1,17,3408.0
102,1,18,5808.0
102,1,19,3651.0
102,1,20,3336.0
102,1,21,4303.0
102,1,22,2270.0
102,1,23,
102,1,24,4713.0
102,1,25,5772.0
102,1,26,1490.0
102,1,27,3876.0
102,1,28,6313.0
102,1,29,3913.0
102,1,30,4457.0
102,2,1,2190.0
102,2,2,5529.0
102,2,3,3150.0
102,2,4,4612.0
102,2,5,0.0
102,2,6,3304.0
102,2,7,3594.0
102,2,8,4020.0
102,2,9,4148.0
102,2,10,3763.0
102,2,11,6006.0
102,2,12,2491.0
102,2,13,0.0
102,2,14,
102,2,15,3616.0
102,2,16,2937.0
102,2,17,0.0
102,2,18,6110.0
102,2,19,4912.0
102,2,20,5228.0
102,2,21,3857.0
102,2,22,3127.0
102,2,23,4373.0
102,2,24,3719.0
102,2,25,6256.0
102,2,26,2875.0
102,2,27,5629.0
102,2,28,2581.0
102,2,29,3301.0
102,2,30,2563.0
102,3,1,3681.0
102,3,2,3984.0
102,3,3,3561.0
102,3,4,4611.0
102,3,5,
102,3,6,3992.0
102,3,7,0.0
102,3,8,
102,3,9,0.0
102,3,10,0.0
102,3,11,4644.0
102,3,12,0.0
102,3,13,0.0
102,3,14,
102,3,15,
102,3,16,4581.0
102,3,17,
102,3,18,2770.0
102,3,19,4351.0
102,3,20,0.0
102,3,21,0.0
102,3,22,2998.0
102,3,23,4043.0
102,3,24,0.0
102,3,25,1406.0
102,3,26,2936.0
102,3,27,5887.0
102,3,28,4511.0
102,3,29,5107.0
102,3,30,5271.0
103,1,1,1525.0
103,1,2,3076.0
103,1,3,2689.0
103,1,4,4472.0
103,1,5,2932.0
103,1,6,3156.0
103,1,7,4621.0
103,1,8,3628.0
103,1,9,0.0
103,1,10,4691.0
103,1,11,4640.0
103,1,12,4291.0
103,1,13,4439.0
103,1,14,4744.0
103,1,15,2907.0
103,1,16,4800.0
103,1,17,5817.0
103,1,18,3629.0
103,1,19,4969.0
103,1,20,4077.0
103,1,21,0.0
103,1,22,4843.0
103,1,23,0.0
103,1,24,
103,1,25,4396.0
103,1,26,0.0
103,1,27,4507.0
103,1,28,0.0
103,1,29,4812.0
103,1,30,2110.0
103,2,1,2366.0
103,2,2,
103,2,3,5460.0
103,2,4,0.0
103,2,5,4463.0
103,2,6,4288.0
103,2,7,5036.0
103,2,8,
103,2,9,3574.0
103,2,10,1936.0
103,2,11,3758.0
103,2,12,5230.0
103,2,13,0.0
103,2,14,2921.0
103,2,15,4156.0
103,2,16,3420.0
103,2,17,3989.0
103,2,18,0.0
103,2,19,
103,2,20,
103,2,21,5427.0
103,2,22,0.0
103,2,23,2505.0
103,2,24,3974.0
103,2,25,
103,2,26,
103,2,27,2713.0
103,2,28,0.0
103,2,29,
103,2,30,4181.0
103,3,1,4376.0
103,3,2,2346.0
103,3,3,0.0
103,3,4,5245.0
103,3,5,5715.0
103,3,6,3694.0
103,3,7,0.0
103,3,8,0.0
103,3,9,5286.0
103,3,10,3238.0
103,3,11,4280.0
103,3,12,0.0
103,3,13,0.0
103,3,14,3726.0
103,3,15,0.0
103,3,16,
103,3,17,0.0
103,3,18,5049.0
103,3,19,2486.0
103,3,20,3796.0
103,3,21,0.0
103,3,22,0.0
103,3,23,0.0
103,3,24,4868.0
103,3,25,
103,3,26,0.0
103,3,27,5148.0
103,3,28,4833.0
103,3,29,3336.0
103,3,30,5810.0
104,1,1,3095.0
104,1,2,3237.0
104,1,3,2587.0
104,1,4,3413.0
104,1,5,0.0
104,1,6,3687.0
104,1,7,3798.0
104,1,8,4740.0
104,1,9,4460.0
104,1,10,2518.0
104,1,11,4791.0
104,1,12,5182.0
104,1,13,4751.0
104,1,14,2216.0
104,1,15,3331.0
104,1,16,4941.0
104,1,17,0.0
104,1,18,2918.0
104,1,19,5227.0
104,1,20,0.0
104,1,21,0.0
104,1,22,5477.0
104,1,23,2909.0
104,1,24,3972.0
104,1,25,2729.0
104,1,26,3350.0
104,1,27,4733.0
104,1,28,3172.0
104,1,29,0.0
104,1,30,5164.0
104,2,1,0.0
104,2,2,0.0
104,2,3,0.0
104,2,4,2284.0
104,2,5,
104,2,6,
104,2,7,0.0
104,2,8,5166.0
104,2,9,
104,2,10,3764.0
104,2,11,0.0
104,2,12,
104,2,13,3681.0
104,2,14,3586.0
104,2,15,3218.0
104,2,16,2374.0
104,2,17,
104,2,18,3263.0
104,2,19,4651.0
104,2,20,5162.0
104,2,21,
104,2,22,3744.0
104,2,23,2890.0
104,2,24,5150.0
104,2,25,0.0
104,2,26,5239.0
104,2,27,
104,2,28,3974.0
104,2,29,3153.0
104,2,30,3858.0
104,3,1,4176.0
104,3,2,3358.0
104,3,3,1829.0
104,3,4,4472.0
104,3,5,3386.0
104,3,6,0.0
104,3,7,0.0
104,3,8,5848.0
104,3,9,3079.0
104,3,10,2190.0
104,3,11,0.0
104,3,12,3847.0
104,3,13,3549.0
104,3,14,3409.0
104,3,15,3233.0
104,3,16,0.0
104,3,17,3175.0
104,3,18,0.0
104,3,19,
104,3,20,4031.0
104,3,21,0.0
104,3,22,0.0
104,3,23,0.0
104,3,24,5553.0
104,3,25,3523.0
104,3,26,2758.0
104,3,27,5393.0
104,3,28,3886.0
104,3,29,4460.0
104,3,30,4638.0
105,1,1,2717.0
105,1,2,2636.0
105,1,3,3991.0
105,1,4,2195.0
105,1,5,0.0
105,1,6,4961.0
105,1,7,3469.0
105,1,8,4035.0
105,1,9,4968.0
105,1,10,4571.0
105,1,11,3952.0
105,1,12,4820.0
105,1,13,3674.0
105,1,14,4188.0
105,1,15,3314.0
105,1,16,3649.0
105,1,17,3402.0
105,1,18,0.0
105,1,19,2124.0
105,1,20,4685.0
105,1,21,
105,1,22,3160.0
105,1,23,3672.0
105,1,24,0.0
105,1,25,0.0
105,1,26,3844.0
105,1,27,4816.0
105,1,28,2088.0
105,1,29,4199.0
105,1,30,3149.0
105,2,1,2815.0
105,2,2,3773.0
105,2,3,3125.0
105,2,4,2292.0
105,2,5,2678.0
105,2,6,3307.0
105,2,7,4954.0
105,2,8,2019.0
105,2,9,2484.0
105,2,10,3385.0
105,2,11,0.0
105,2,12,3215.0
105,2,13,2760.0
105,2,14,0.0
105,2,15,3837.0
105,2,16,2446.0
105,2,17,
105,2,18,3076.0
105,2,19,2994.0
105,2,20,2544.0
105,2,21,3631.0
105,2,22,3300.0
105,2,23,2670.0
105,2,24,3360.0
105,2,25,0.0
105,2,26,2793.0
105,2,27,1753.0
105,2,28,1836.0
105,2,29,2015.0
105,2,30,4082.0
105,3,1,3964.0
105,3,2,4140.0
105,3,3,3057.0
105,3,4,2699.0
105,3,5,5841.0
105,3,6,3758.0
105,3,7,2595.0
105,3,8,5109.0
105,3,9,0.0
105,3,10,3905.0
105,3,11,5159.0
105,3,12,
105,3,13,0.0
105,3,14,4560.0
105,3,15,3545.0
105,3,16,5075.0
105,3,17,0.0
105,3,18,0.0
105,3,19,0.0
105,3,20,
105,3,21,0.0
105,3,22,2805.0
105,3,23,4260.0
105,3,24,0.0
105,3,25,0.0
105,3,26,3342.0
105,3,27,1649.0
105,3,28,3113.0
105,3,29,4661.0
105,3,30,2711.0
106,1,1,8596.0
106,1,2,6229.0
106,1,3,7219.0
106,1,4,0.0
106,1,5,8648.0
106,1,6,9811.0
106,1,7,10328.0
106,1,8,9472.0
106,1,9,7789.0
106,1,10,8942.0
106,1,11,0.0
106,1,12,9455.0
106,1,13,9429.0
106,1,14,8189.0
106,1,15,0.0
106,1,16,7727.0
106,1,17,9680.0
106,1,18,9734.0
106,1,19,0.0
106,1,20,9798.0
106,1,21,0.0
106,1,22,7576.0
106,1,23,9219.0
106,1,24,7779.0
106,1,25,8214.0
106,1,26,8252.0
106,1,27,9293.0
106,1,28,9449.0
106,1,29,0.0
106,1,30,
106,2,1,7701.0
106,2,2,7395.0
106,2,3,0.0
106,2,4,9724.0
106,2,5,7182.0
106,2,6,0.0
106,2,7,9437.0
106,2,8,0.0
106,2,9,8686.0
106,2,10,9152.0
106,2,11,9987.0
106,2,12,7343.0
106,2,13,8063.0
106,2,14,8007.0
106,2,15,5809.0
106,2,16,8414.0
106,2,17,8339.0
106,2,18,8377.0
106,2,19,9156.0
106,2,20,9073.0
106,2,21,6826.0
106,2,22,9001.0
106,2,23,8995.0
106,2,24,6244.0
106,2,25,8388.0
106,2,26,8675.0
106,2,27,0.0
106,2,28,6981.0
106,2,29,9311.0
106,2,30,9287.0
106,3,1,9174.0
106,3,2,10062.0
106,3,3,0.0
106,3,4,9324.0
106,3,5,
106,3,6,6208.0
106,3,7,8541.0
106,3,8,8892.0
106,3,9,8228.0
106,3,10,9122.0
106,3,11,8767.0
106,3,12,8968.0
106,3,13,0.0
106,3,14,7853.0
106,3,15,
106,3,16,
106,3,17,8851.0
106,3,18,
106,3,19,9354.0
106,3,20,6567.0
106,3,21,5696.0
106,3,22,0.0
106,3,23,9902.0
106,3,24,0.0
106,3,25,0.0
106,3,26,9625.0
106,3,27,0.0
106,3,28,8224.0
106,3,29,
106,3,30,0.0
107,1,1,6783.0
107,1,2,7240.0
107,1,3,
107,1,4,8746.0
107,1,5,6958.0
107,1,6,5422.0
107,1,7,7607.0
107,1,8,7120.0
107,1,9,5201.0
107,1,10,6581.0
107,1,11,4869.0
107,1,12,6980.0
107,1,13,7453.0
107,1,14,0.0
107,1,15,6278.0
107,1,16,7300.0
107,1,17,6453.0
107,1,18,7554.0
107,1,19,5345.0
107,1,20,
107,1,21,5078.0
107,1,22,6174.0
107,1,23,5449.0
107,1,24,8098.0
107,1,25,8296.0
107,1,26,7391.0
107,1,27,8040.0
107,1,28,6098.0
107,1,29,7443.0
107,1,30,7416.0
107,2,1,0.0
107,2,2,
107,2,3,7254.0
107,2,4,0.0
107,2,5,7745.0
107,2,6,8918.0
107,2,7,5549.0
107,2,8,8665.0
107,2,9,7665.0
107,2,10,6950.0
107,2,11,7362.0
107,2,12,5390.0
107,2,13,6451.0
107,2,14,7385.0
107,2,15,8110.0
107,2,16,0.0
107,2,17,
107,2,18,6728.0
107,2,19,0.0
107,2,20,0.0
107,2,21,0.0
107,2,22,6572.0
107,2,23,0.0
107,2,24,7239.0
107,2,25,7614.0
107,2,26,7749.0
107,2,27,7235.0
107,2,28,0.0
107,2,29,7835.0
107,2,30,
107,3,1,0.0
107,3,2,7031.0
107,3,3,0.0
107,3,4,8897.0
107,3,5,7788.0
107,3,6,7000.0
107,3,7,6956.0
107,3,8,4769.0
107,3,9,6024.0
107,3,10,0.0
107,3,11,6249.0
107,3,12,0.0
107,3,13,5143.0
107,3,14,
107,3,15,
107,3,16,6365.0
107,3,17,6259.0
107,3,18,
107,3,19,0.0
107,3,20,
107,3,21,0.0
107,3,22,8690.0
107,3,23,0.0
107,3,24,5705.0
107,3,25,8230.0
107,3,26,6114.0
107,3,27,
107,3,28,0.0
107,3,29,10080.0
107,3,30,0.0
108,1,1,3818.0
108,1,2,4968.0
108,1,3,5599.0
108,1,4,4758.0
108,1,5,
108,1,6,5303.0
108,1,7,5379.0
108,1,8,7211.0
108,1,9,3440.0
108,1,10,4690.0
108,1,11,6717.0
108,1,12,4981.0
108,1,13,4773.0
108,1,14,0.0
108,1,15,6072.0
108,1,16,3983.0
108,1,17,
108,1,18,5529.0
108,1,19,4617.0
108,1,20,5476.0
108,1,21,4021.0
108,1,22,4719.0
108,1,23,4273.0
108,1,24,0.0
108,1,25,4679.0
108,1,26,5439.0
108,1,27,0.0
108,1,28,4793.0
108,1,29,7473.0
108,1,30,0.0
108,2,1,3683.0
108,2,2,5641.0
108,2,3,4350.0
108,2,4,5976.0
108,2,5,5161.0
108,2,6,0.0
108,2,7,3850.0
108,2,8,0.0
108,2,9,
108,2,10,0.0
108,2,11,5069.0
108,2,12,0.0
108,2,13,1156.0
108,2,14,5626.0
108,2,15,4458.0
108,2,16,4987.0
108,2,17,0.0
108,2,18,5016.0
108,2,19,5688.0
108,2,20,0.0
108,2,21,5161.0
108,2,22,
108,2,23,5962.0
108,2,24,
108,2,25,0.0
108,2,26,0.0
108,2,27,4867.0
108,2,28,3512.0
108,2,29,
108,2,30,
108,3,1,4290.0
108,3,2,0.0
108,3,3,3967.0
108,3,4,
108,3,5,5179.0
108,3,6,4087.0
108,3,7,
108,3,8,0.0
108,3,9,
108,3,10,0.0
108,3,11,0.0
108,3,12,
108,3,13,
108,3,14,4577.0
108,3,15,4585.0
108,3,16,5312.0
108,3,17,0.0
108,3,18,4869.0
108,3,19,5515.0
108,3,20,0.0
108,3,21,0.0
108,3,22,0.0
108,3,23,5540.0
108,3,24,
108,3,25,4893.0
108,3,26,0.0
108,3,27,0.0
108,3,28,3644.0
108,3,29,0.0
108,3,30,0.0
109,1,1,5217.0
109,1,2,5017.0
109,1,3,0.0
109,1,4,0.0
109,1,5,6063.0
109,1,6,5417.0
109,1,7,4063.0
109,1,8,4798.0
109,1,9,4603.0
109,1,10,2948.0
109,1,11,6609.0
109,1,12,5061.0
109,1,13,5231.0
109,1,14,0.0
109,1,15,5674.0
109,1,16,4636.0
109,1,17,5342.0
109,1,18,5872.0
109,1,19,3787.0
109,1,20,0.0
109,1,21,3326.0
109,1,22,6065.0
109,1,23,4799.0
109,1,24,4954.0
109,1,25,2608.0
109,1,26,5038.0
109,1,27,4468.0
109,1,28,2866.0
109,1,29,6214.0
109,1,30,5220.0
109,2,1,
109,2,2,0.0
109,2,3,5368.0
109,2,4,6204.0
109,2,5,5707.0
109,2,6,3737.0
109,2,7,5941.0
109,2,8,0.0
109,2,9,
109,2,10,3506.0
109,2,11,5624.0
109,2,12,0.0
109,2,13,0.0
109,2,14,0.0
109,2,15,6885.0
109,2,16,0.0
109,2,17,6841.0
109,2,18,0.0
109,2,19,0.0
109,2,20,5215.0
109,2,21,0.0
109,2,22,0.0
109,2,23,0.0
109,2,24,0.0
109,2,25,0.0
109,2,26,7182.0
109,2,27,0.0
109,2,28,3231.0
109,2,29,4965.0
109,2,30,
109,3,1,4782.0
109,3,2,4806.0
109,3,3,5355.0
109,3,4,0.0
109,3,5,0.0
109,3,6,5104.0
109,3,7,4855.0
109,3,8,5503.0
109,3,9,4752.0
109,3,10,5655.0
109,3,11,5585.0
109,3,12,0.0
109,3,13,3300.0
109,3,14,5334.0
109,3,15,4495.0
109,3,16,4043.0
109,3,17,0.0
109,3,18,
109,3,19,0.0
109,3,20,4937.0
109,3,21,4468.0
109,3,22,4982.0
109,3,23,5279.0
109,3,24,
109,3,25,3734.0
109,3,26,5758.0
109,3,27,
109,3,28,6329.0
109,3,29,0.0
109,3,30,0.0
110,1,1,2803.0
110,1,2,1528.0
110,1,3,1994.0
110,1,4,4138.0
110,1,5,4463.0
110,1,6,3261.0
110,1,7,2999.0
110,1,8,
110,1,9,3277.0
110,1,10,2917.0
110,1,11,3298.0
110,1,12,2392.0
110,1,13,0.0
110,1,14,832.0
110,1,15,2538.0
110,1,16,1813.0
110,1,17,3553.0
110,1,18,4024.0
110,1,19,2247.0
110,1,20,1395.0
110,1,21,2210.0
110,1,22,2868.0
110,1,23,2884.0
110,1,24,3226.0
110,1,25,3427.0
110,1,26,4062.0
110,1,27,3704.0
110,1,28,3667.0
110,1,29,2784.0
110,1,30,1592.0
110,2,1,3270.0
110,2,2,3411.0
110,2,3,3671.0
110,2,4,1893.0
110,2,5,3989.0
110,2,6,3143.0
110,2,7,0.0
110,2,8,3100.0
110,2,9,
110,2,10,2714.0
110,2,11,2784.0
110,2,12,2954.0
110,2,13,2001.0
110,2,14,0.0
110,2,15,
110,2,16,2877.0
110,2,17,3084.0
110,2,18,3416.0
110,2,19,3825.0
110,2,20,4671.0
110,2,21,3936.0
110,2,22,3341.0
110,2,23,0.0
110,2,24,3159.0
110,2,25,1467.0
110,2,26,2617.0
110,2,27,2066.0
110,2,28,3273.0
110,2,29,3079.0
110,2,30,
110,3,1,
110,3,2,3712.0
110,3,3,0.0
110,3,4,0.0
110,3,5,3859.0
110,3,6,
110,3,7,2698.0
110,3,8,2753.0
110,3,9,0.0
110,3,10,3099.0
110,3,11,4626.0
110,3,12,3790.0
110,3,13,1881.0
110,3,14,
110,3,15,3874.0
110,3,16,2926.0
110,3,17,0.0
110,3,18,1479.0
110,3,19,604.0
110,3,20,3075.0
110,3,21,1833.0
110,3,22,3466.0
110,3,23,0.0
110,3,24,0.0
110,3,25,3508.0
110,3,26,4491.0
110,3,27,3355.0
110,3,28,0.0
110,3,29,
110,3,30,0.0
111,1,1,0.0
111,1,2,4335.0
111,1,3,3800.0
111,1,4,7319.0
111,1,5,6794.0
111,1,6,5253.0
111,1,7,3137.0
111,1,8,
111,1,9,5784.0
111,1,10,6694.0
111,1,11,0.0
111,1,12,6410.0
111,1,13,7741.0
111,1,14,5985.0
111,1,15,
111,1,16,6268.0
111,1,17,7252.0
111,1,18,5527.0
111,1,19,5489.0
111,1,20,4845.0
111,1,21,6329.0
111,1,22,5236.0
111,1,23,8277.0
111,1,24,6043.0
111,1,25,
111,1,26,6115.0
111,1,27,0.0
111,1,28,6978.0
111,1,29,7174.0
111,1,30,6840.0
111,2,1,5886.0
111,2,2,5379.0
111,2,3,6030.0
111,2,4,0.0
111,2,5,5714.0
111,2,6,0.0
111,2,7,
111,2,8,0.0
111,2,9,6011.0
111,2,10,6565.0
111,2,11,5367.0
111,2,12,0.0
111,2,13,0.0
111,2,14,6277.0
111,2,15,0.0
111,2,16,4902.0
111,2,17,5662.0
111,2,18,7197.0
111,2,19,0.0
111,2,20,6073.0
111,2,21,7037.0
111,2,22,0.0
111,2,23,4883.0
111,2,24,7778.0
111,2,25,
111,2,26,6620.0
111,2,27,0.0
111,2,28,7977.0
111,2,29,7388.0
111,2,30,7380.0
111,3,1,
111,3,2,0.0
111,3,3,6544.0
111,3,4,0.0
111,3,5,0.0
111,3,6,6899.0
111,3,7,4682.0
111,3,8,7026.0
111,3,9,5596.0
111,3,10,0.0
111,3,11,6876.0
111,3,12,
111,3,13,7883.0
111,3,14,0.0
111,3,15,0.0
111,3,16,6111.0
111,3,17,4895.0
111,3,18,8079.0
111,3,19,6134.0
111,3,20,6250.0
111,3,21,0.0
111,3,22,8175.0
111,3,23,
111,3,24,6186.0
111,3,25,0.0
111,3,26,0.0
111,3,27,
111,3,28,
111,3,29,0.0
111,3,30,0.0
112,1,1,0.0
112,1,2,6272.0
112,1,3,8599.0
112,1,4,6843.0
112,1,5,6876.0
112,1,6,6490.0
112,1,7,8748.0
112,1,8,7025.0
112,1,9,0.0
112,1,10,8630.0
112,1,11,7527.0
112,1,12,6798.0
112,1,13,5101.0
112,1,14,8026.0
112,1,15,8185.0
112,1,16,0.0
112,1,17,7873.0
112,1,18,6811.0
112,1,19,6510.0
112,1,20,0.0
112,1,21,
112,1,22,7218.0
112,1,23,7467.0
112,1,24,5926.0
112,1,25,7709.0
112,1,26,7761.0
112,1,27,6585.0
112,1,28,7589.0
112,1,29,8289.0
112,1,30,8211.0
112,2,1,4508.0
112,2,2,7305.0
112,2,3,0.0
112,2,4,0.0
112,2,5,6353.0
112,2,6,6304.0
112,2,7,9049.0
112,2,8,6919.0
112,2,9,0.0
112,2,10,5992.0
112,2,11,0.0
112,2,12,7351.0
112,2,13,7308.0
112,2,14,5487.0
112,2,15,7553.0
112,2,16,
112,2,17,
112,2,18,7062.0
112,2,19,6676.0
112,2,20,0.0
112,2,21,0.0
112,2,22,9365.0
112,2,23,8270.0
112,2,24,8339.0
112,2,25,0.0
112,2,26,7449.0
112,2,27,
112,2,28,8974.0
112,2,29,7785.0
112,2,30,5663.0
112,3,1,
112,3,2,4809.0
112,3,3,5979.0
112,3,4,0.0
112,3,5,
112,3,6,
112,3,7,
112,3,8,0.0
112,3,9,7661.0
112,3,10,5937.0
112,3,11,0.0
112,3,12,6739.0
112,3,13,0.0
112,3,14,9038.0
112,3,15,5171.0
112,3,16,5793.0
112,3,17,
112,3,18,6307.0
112,3,19,6736.0
112,3,20,
112,3,21,0.0
112,3,22,
112,3,23,
112,3,24,5333.0
112,3,25,7401.0
112,3,26,0.0
112,3,27,0.0
112,3,28,7807.0
112,3,29,8246.0
112,3,30,4215.0
113,1,1,6747.0
113,1,2,5108.0
113,1,3,3027.0
113,1,4,3593.0
113,1,5,5155.0
113,1,6,5482.0
113,1,7,4900.0
113,1,8,5093.0
113,1,9,4930.0
113,1,10,4214.0
113,1,11,4933.0
113,1,12,3344.0
113,1,13,4515.0
113,1,14,5407.0
113,1,15,3979.0
113,1,16,4600.0
113,1,17,5002.0
113,1,18,6671.0
113,1,19,5878.0
113,1,20,0.0
113,1,21,3313.0
113,1,22,4860.0
113,1,23,4478.0
113,1,24,3915.0
113,1,25,5085.0
113,1,26,4972.0
113,1,27,4207.0
113,1,28,5217.0
113,1,29,4499.0
113,1,30,4797.0
113,2,1,4037.0
113,2,2,0.0
113,2,3,4710.0
113,2,4,4852.0
113,2,5,4516.0
113,2,6,5409.0
113,2,7,5964.0
113,2,8,4295.0
113,2,9,4839.0
113,2,10,5546.0
113,2,11,3966.0
113,2,12,3655.0
113,2,13,4277.0
113,2,14,5601.0
113,2,15,3920.0
113,2,16,4340.0
113,2,17,4849.0
113,2,18,5011.0
113,2,19,4712.0
113,2,20,0.0
113,2,21,
113,2,22,
113,2,23,4871.0
113,2,24,3068.0
113,2,25,5053.0
113,2,26,
113,2,27,5038.0
113,2,28,0.0
113,2,29,4939.0
113,2,30,3991.0
113,3,1,6178.0
113,3,2,6309.0
113,3,3,
113,3,4,0.0
113,3,5,0.0
113,3,6,0.0
113,3,7,0.0
113,3,8,
113,3,9,0.0
113,3,10,5695.0
113,3,11,
113,3,12,5601.0
113,3,13,0.0
113,3,14,5717.0
113,3,15,5948.0
113,3,16,0.0
113,3,17,
113,3,18,5065.0
113,3,19,
113,3,20,
113,3,21,5606.0
113,3,22,3424.0
113,3,23,0.0
113,3,24,0.0
113,3,25,
113,3,26,
113,3,27,
113,3,28,
113,3,29,0.0
113,3,30,0.0
114,1,1,5890.0
114,1,2,0.0
114,1,3,4777.0
114,1,4,5245.0
114,1,5,5898.0
114,1,6,5157.0
114,1,7,6488.0
114,1,8,3633.0
114,1,9,0.0
114,1,10,6384.0
114,1,11,4653.0
114,1,12,4832.0
114,1,13,6235.0
114,1,14,4427.0
114,1,15,0.0
114,1,16,5030.0
114,1,17,5225.0
114,1,18,6745.0
114,1,19,5410.0
114,1,20,4224.0
114,1,21,5598.0
114,1,22,6005.0
114,1,23,0.0
114,1,24,5910.0
114,1,25,5790.0
114,1,26,4082.0
114,1,27,5577.0
114,1,28,4584.0
114,1,29,6414.0
114,1,30,6466.0
114,2,1,4918.0
114,2,2,5988.0
114,2,3,
114,2,4,0.0
114,2,5,
114,2,6,5842.0
114,2,7,6660.0
114,2,8,5367.0
114,2,9,5305.0
114,2,10,6392.0
114,2,11,0.0
114,2,12,6986.0
114,2,13,
114,2,14,5911.0
114,2,15,4952.0
114,2,16,0.0
114,2,17,3659.0
114,2,18,0.0
114,2,19,5247.0
114,2,20,7574.0
114,2,21,5829.0
114,2,22,0.0
114,2,23,4833.0
114,2,24,
114,2,25,0.0
114,2,26,6201.0
114,2,27,5190.0
114,2,28,4040.0
114,2,29,6028.0
114,2,30,6669.0
114,3,1,4280.0
114,3,2,0.0
114,3,3,
114,3,4,
114,3,5,0.0
114,3,6,
114,3,7,5810.0
114,3,8,0.0
114,3,9,
114,3,10,4901.0
114,3,11,5853.0
114,3,12,
114,3,13,0.0
114,3,14,5225.0
114,3,15,5173.0
114,3,16,5331.0
114,3,17,0.0
114,3,18,0.0
114,3,19,5883.0
114,3,20,0.0
114,3,21,6966.0
114,3,22,4947.0
114,3,23,5074.0
114,3,24,7438.0
114,3,25,3817.0
114,3,26,5340.0
114,3,27,0.0
114,3,28,6264.0
114,3,29,0.0
114,3,30,4341.0
115,1,1,4575.0
115,1,2,6039.0
115,1,3,4190.0
115,1,4,5978.0
115,1,5,5345.0
115,1,6,0.0
115,1,7,3962.0
115,1,8,4612.0
115,1,9,3848.0
115,1,10,5471.0
115,1,11,5536.0
115,1,12,2849.0
115,1,13,6331.0
115,1,14,4474.0
115,1,15,4296.0
115,1,16,5084.0
115,1,17,5638.0
115,1,18,4604.0
115,1,19,5893.0
115,1,20,2864.0
115,1,21,5514.0
115,1,22,0.0
115,1,23,4813.0
115,1,24,4696.0
115,1,25,3394.0
115,1,26,5018.0
115,1,27,0.0
115,1,28,3375.0
115,1,29,
115,1,30,5701.0
115,2,1,3886.0
115,2,2,4051.0
115,2,3,4114.0
115,2,4,5067.0
115,2,5,5719.0
115,2,6,6278.0
115,2,7,0.0
115,2,8,3252.0
115,2,9,0.0
115,2,10,5357.0
115,2,11,3779.0
115,2,12,3563.0
115,2,13,5694.0
115,2,14,5278.0
115,2,15,0.0
115,2,16,4412.0
115,2,17,5975.0
115,2,18,4261.0
115,2,19,0.0
115,2,20,3560.0
115,2,21,
115,2,22,5235.0
115,2,23,4865.0
115,2,24,3915.0
115,2,25,0.0
115,2,26,4007.0
115,2,27,
115,2,28,
115,2,29,5989.0
115,2,30,5795.0
115,3,1,3644.0
115,3,2,4689.0
115,3,3,4456.0
115,3,4,3998.0
115,3,5,
115,3,6,5534.0
115,3,7,3900.0
115,3,8,4029.0
115,3,9,
115,3,10,0.0
115,3,11,0.0
115,3,12,3970.0
115,3,13,0.0
115,3,14,6045.0
115,3,15,4301.0
115,3,16,0.0
115,3,17,5767.0
115,3,18,5052.0
115,3,19,0.0
115,3,20,0.0
115,3,21,
115,3,22,5578.0
115,3,23,4095.0
115,3,24,0.0
115,3,25,
115,3,26,
115,3,27,4099.0
115,3,28,0.0
115,3,29,5441.0
115,3,30,5115.0
116,1,1,7700.0
116,1,2,6423.0
116,1,3,8159.0
116,1,4,6597.0
116,1,5,6356.0
116,1,6,7193.0
116,1,7,8259.0
116,1,8,7044.0
116,1,9,7246.0
116,1,10,6092.0
116,1,11,6078.0
116,1,12,5325.0
116,1,13,6074.0
116,1,14,6112.0
116,1,15,7272.0
116,1,16,7758.0
116,1,17,6509.0
116,1,18,5462.0
116,1,19,7095.0
116,1,20,8375.0
116,1,21,7501.0
116,1,22,6216.0
116,1,23,7990.0
116,1,24,
116,1,25,5714.0
116,1,26,5774.0
116,1,27,6443.0
116,1,28,5866.0
116,1,29,6196.0
116,1,30,7719.0
116,2,1,0.0
116,2,2,8010.0
116,2,3,4610.0
116,2,4,7031.0
116,2,5,0.0
116,2,6,0.0
116,2,7,0.0
116,2,8,8689.0
116,2,9,0.0
116,2,10,8482.0
116,2,11,8168.0
116,2,12,6472.0
116,2,13,7070.0
116,2,14,6513.0
116,2,15,6553.0
116,2,16,
116,2,17,5294.0
116,2,18,6129.0
116,2,19,6752.0
116,2,20,6107.0
116,2,21,0.0
116,2,22,5699.0
116,2,23,6888.0
116,2,24,8160.0
116,2,25,5946.0
116,2,26,5825.0
116,2,27,0.0
116,2,28,7035.0
116,2,29,
116,2,30,7755.0
116,3,1,
116,3,2,0.0
116,3,3,5079.0
116,3,4,5272.0
116,3,5,6579.0
116,3,6,7826.0
116,3,7,5944.0
116,3,8,0.0
116,3,9,5972.0
116,3,10,0.0
116,3,11,7799.0
116,3,12,
116,3,13,0.0
116,3,14,
116,3,15,0.0
116,3,16,7155.0
116,3,17,
116,3,18,0.0
116,3,19,
116,3,20,0.0
116,3,21,8421.0
116,3,22,0.0
116,3,23,7746.0
116,3,24,5316.0
116,3,25,5208.0
116,3,26,6344.0
116,3,27,0.0
116,3,28,8685.0
116,3,29,9377.0
116,3,30,0.0
117,1,1,4715.0
117,1,2,5745.0
117,1,3,6157.0
117,1,4,7259.0
117,1,5,4447.0
117,1,6,0.0
117,1,7,
117,1,8,5057.0
117,1,9,6243.0
117,1,10,4928.0
117,1,11,5885.0
117,1,12,4522.0
117,1,13,0.0
117,1,14,4119.0
117,1,15,4057.0
117,1,16,4414.0
117,1,17,0.0
117,1,18,5308.0
117,1,19,6371.0
117,1,20,6179.0
117,1,21,5181.0
117,1,22,3879.0
117,1,23,3954.0
117,1,24,5107.0
117,1,25,0.0
117,1,26,4696.0
117,1,27,4498.0
117,1,28,4724.0
117,1,29,0.0
117,1,30,4050.0
117,2,1,
117,2,2,5400.0
117,2,3,6331.0
117,2,4,0.0
117,2,5,4985.0
117,2,6,6191.0
117,2,7,6246.0
117,2,8,4264.0
117,2,9,0.0
117,2,10,6602.0
117,2,11,5709.0
117,2,12,5110.0
117,2,13,0.0
117,2,14,4705.0
117,2,15,5014.0
117,2,16,4296.0
117,2,17,3940.0
117,2,18,0.0
117,2,19,0.0
117,2,20,0.0
117,2,21,5546.0
117,2,22,6181.0
117,2,23,6667.0
117,2,24,3174.0
117,2,25,5009.0
117,2,26,0.0
117,2,27,4849.0
117,2,28,5199.0
117,2,29,5031.0
117,2,30,0.0
117,3,1,5773.0
117,3,2,0.0
117,3,3,0.0
117,3,4,0.0
117,3,5,4830.0
117,3,6,
117,3,7,4502.0
117,3,8,5101.0
117,3,9,4704.0
117,3,10,5157.0
117,3,11,5847.0
117,3,12,
117,3,13,6450.0
117,3,14,0.0
117,3,15,4569.0
117,3,16,
117,3,17,
117,3,18,
117,3,19,
117,3,20,5517.0
117,3,21,6315.0
117,3,22,3828.0
117,3,23,0.0
117,3,24,3632.0
117,3,25,0.0
117,3,26,
117,3,27,5184.0
117,3,28,5629.0
117,3,29,6858.0
117,3,30,5016.0
118,1,1,2604.0
118,1,2,2075.0
118,1,3,1793.0
118,1,4,4412.0
118,1,5,3394.0
118,1,6,3145.0
118,1,7,716.0
118,1,8,2836.0
118,1,9,4135.0
118,1,10,4847.0
118,1,11,
118,1,12,0.0
118,1,13,2453.0
118,1,14,3294.0
118,1,15,1000.0
118,1,16,2336.0
118,1,17,3029.0
118,1,18,2128.0
118,1,19,713.0
118,1,20,4881.0
118,1,21,4140.0
118,1,22,
118,1,23,4158.0
118,1,24,3752.0
118,1,25,0.0
118,1,26,3218.0
118,1,27,3488.0
118,1,28,0.0
118,1,29,2832.0
118,1,30,0.0
118,2,1,0.0
118,2,2,3133.0
118,2,3,
118,2,4,0.0
118,2,5,
118,2,6,4804.0
118,2,7,4545.0
118,2,8,0.0
118,2,9,2953.0
118,2,10,3567.0
118,2,11,0.0
118,2,12,0.0
118,2,13,1803.0
118,2,14,3482.0
118,2,15,5491.0
118,2,16,2570.0
118,2,17,
118,2,18,1683.0
118,2,19,3990.0
118,2,20,0.0
118,2,21,3034.0
118,2,22,
118,2,23,0.0
118,2,24,2302.0
118,2,25,1549.0
118,2,26,3620.0
118,2,27,4208.0
118,2,28,2768.0
118,2,29,1831.0
118,2,30,2476.0
118,3,1,4169.0
118,3,2,0.0
118,3,3,0.0
118,3,4,3577.0
118,3,5,4787.0
118,3,6,791.0
118,3,7,2863.0
118,3,8,1686.0
118,3,9,
118,3,10,3062.0
118,3,11,2376.0
118,3,12,2837.0
118,3,13,4249.0
118,3,14,0.0
118,3,15,
118,3,16,2477.0
118,3,17,4042.0
118,3,18,3290.0
118,3,19,3925.0
118,3,20,0.0
118,3,21,0.0
118,3,22,2753.0
118,3,23,0.0
118,3,24,0.0
118,3,25,3229.0
118,3,26,2325.0
118,3,27,0.0
118,3,28,2708.0
118,3,29,1524.0
118,3,30,3790.0
119,1,1,4221.0
119,1,2,3612.0
119,1,3,0.0
119,1,4,6667.0
119,1,5,4135.0
119,1,6,4733.0
119,1,7,4464.0
119,1,8,0.0
119,1,9,0.0
119,1,10,5759.0
119,1,11,0.0
119,1,12,7189.0
119,1,13,5011.0
119,1,14,6207.0
119,1,15,0.0
119,1,16,6487.0
119,1,17,5827.0
119,1,18,0.0
119,1,19,5081.0
119,1,20,6542.0
119,1,21,4449.0
119,1,22,6846.0
119,1,23,4376.0
119,1,24,5715.0
119,1,25,3624.0
119,1,26,5076.0
119,1,27,7577.0
119,1,28,4446.0
119,1,29,5047.0
119,1,30,5096.0
119,2,1,0.0
119,2,2,3517.0
119,2,3,
119,2,4,7784.0
119,2,5,5630.0
119,2,6,6057.0
119,2,7,3795.0
119,2,8,5660.0
119,2,9,5421.0
119,2,10,0.0
119,2,11,4185.0
119,2,12,4110.0
119,2,13,4837.0
119,2,14,6031.0
119,2,15,0.0
119,2,16,0.0
119,2,17,5198.0
119,2,18,6118.0
119,2,19,5756.0
119,2,20,0.0
119,2,21,6119.0
119,2,22,7531.0
119,2,23,5549.0
119,2,24,
119,2,25,5214.0
119,2,26,5818.0
119,2,27,0.0
119,2,28,6721.0
119,2,29,6050.0
119,2,30,5628.0
119,3,1,0.0
119,3,2,5224.0
119,3,3,4593.0
119,3,4,4597.0
119,3,5,
119,3,6,0.0
119,3,7,5133.0
119,3,8,5655.0
119,3,9,6028.0
119,3,10,0.0
119,3,11,
119,3,12,6567.0
119,3,13,7828.0
119,3,14,5323.0
119,3,15,3924.0
119,3,16,5713.0
119,3,17,4648.0
119,3,18,4285.0
119,3,19,4926.0
119,3,20,
119,3,21,0.0
119,3,22,5305.0
119,3,23,6799.0
119,3,24,
119,3,25,
119,3,26,0.0
119,3,27,0.0
119,3,28,
119,3,29,6262.0
119,3,30,6119.0
120,1,1,5322.0
120,1,2,5263.0
120,1,3,6212.0
120,1,4,8146.0
120,1,5,5706.0
120,1,6,6219.0
120,1,7,6653.0
120,1,8,5870.0
120,1,9,8170.0
120,1,10,5543.0
120,1,11,4777.0
120,1,12,6689.0
120,1,13,5051.0
120,1,14,5596.0
120,1,15,6164.0
120,1,16,5679.0
120,1,17,0.0
120,1,18,6043.0
120,1,19,7138.0
120,1,20,4680.0
120,1,21,5705.0
120,1,22,3616.0
120,1,23,4413.0
120,1,24,6082.0
120,1,25,4504.0
120,1,26,0.0
120,1,27,
120,1,28,4659.0
120,1,29,7529.0
120,1,30,0.0
120,2,1,0.0
120,2,2,7333.0
120,2,3,0.0
120,2,4,6867.0
120,2,5,6063.0
120,2,6,0.0
120,2,7,7684.0
120,2,8,7334.0
120,2,9,0.0
120,2,10,4122.0
120,2,11,5424.0
120,2,12,
120,2,13,0.0
120,2,14,0.0
120,2,15,6382.0
120,2,16,0.0
120,2,17,6658.0
120,2,18,4854.0
120,2,19,5253.0
120,2,20,7236.0
120,2,21,5889.0
120,2,22,0.0
120,2,23,5434.0
120,2,24,7311.0
120,2,25,8020.0
120,2,26,5396.0
120,2,27,6739.0
120,2,28,5065.0
120,2,29,4400.0
120,2,30,4453.0
120,3,1,0.0
120,3,2,7147.0
120,3,3,
120,3,4,0.0
120,3,5,
120,3,6,
120,3,7,0.0
120,3,8,
120,3,9,0.0
120,3,10,5757.0
120,3,11,5170.0
120,3,12,6329.0
120,3,13,0.0
120,3,14,
120,3,15,5639.0
120,3,16,7892.0
120,3,17,5439.0
120,3,18,0.0
120,3,19,0.0
120,3,20,8087.0
120,3,21,5503.0
120,3,22,
120,3,23,0.0
120,3,24,6132.0
120,3,25,0.0
120,3,26,7943.0
120,3,27,5606.0
120,3,28,4726.0
120,3,29,0.0
120,3,30,4412.0
121,1,1,4565.0
121,1,2,4553.0
121,1,3,4964.0
121,1,4,3444.0
121,1,5,
121,1,6,5618.0
121,1,7,5259.0
121,1,8,3168.0
121,1,9,
121,1,10,4656.0
121,1,11,0.0
121,1,12,0.0
121,1,13,5889.0
121,1,14,5169.0
121,1,15,4692.0
121,1,16,4473.0
121,1,17,4468.0
121,1,18,2757.0
121,1,19,3667.0
121,1,20,4682.0
121,1,21,2804.0
121,1,22,4054.0
121,1,23,4382.0
121,1,24,0.0
121,1,25,4910.0
121,1,26,3562.0
121,1,27,5931.0
121,1,28,3262.0
121,1,29,3175.0
121,1,30,4087.0
121,2,1,4705.0
121,2,2,5609.0
121,2,3,0.0
121,2,4,4542.0
121,2,5,3833.0
121,2,6,
121,2,7,4514.0
121,2,8,2899.0
121,2,9,
121,2,10,4680.0
121,2,11,5859.0
121,2,12,2519.0
121,2,13,3390.0
121,2,14,4527.0
121,2,15,5326.0
121,2,16,3446.0
121,2,17,3204.0
121,2,18,0.0
121,2,19,4133.0
121,2,20,4523.0
121,2,21,3858.0
121,2,22,4909.0
121,2,23,
121,2,24,3280.0
121,2,25,3908.0
121,2,26,
121,2,27,5398.0
121,2,28,3811.0
121,2,29,0.0
121,2,30,3805.0
121,3,1,
121,3,2,
121,3,3,3927.0
121,3,4,0.0
121,3,5,0.0
121,3,6,4060.0
121,3,7,3967.0
121,3,8,3364.0
121,3,9,5852.0
121,3,10,
121,3,11,3437.0
121,3,12,4146.0
121,3,13,0.0
121,3,14,7491.0
121,3,15,4145.0
121,3,16,4317.0
121,3,17,3658.0
121,3,18,0.0
121,3,19,3656.0
121,3,20,3799.0
121,3,21,5081.0
121,3,22,3457.0
121,3,23,0.0
121,3,24,4063.0
121,3,25,0.0
121,3,26,0.0
121,3,27,0.0
121,3,28,3360.0
121,3,29,0.0
121,3,30,0.0
122,1,1,3657.0
122,1,2,3650.0
122,1,3,0.0
122,1,4,4230.0
122,1,5,3331.0
122,1,6,4584.0
122,1,7,3806.0
122,1,8,2458.0
122,1,9,0.0
122,1,10,4403.0
122,1,11,3683.0
122,1,12,3218.0
122,1,13,2989.0
122,1,14,4016.0
122,1,15,3199.0
122,1,16,5307.0
122,1,17,1813.0
122,1,18,3330.0
122,1,19,1502.0
122,1,20,3916.0
122,1,21,1835.0
122,1,22,3438.0
122,1,23,2500.0
122,1,24,0.0
122,1,25,2376.0
122,1,26,1264.0
122,1,27,3841.0
122,1,28,1176.0
122,1,29,2636.0
122,1,30,1987.0
122,2,1,4202.0
122,2,2,5220.0
122,2,3,0.0
122,2,4,4007.0
122,2,5,2900.0
122,2,6,3357.0
122,2,7,4266.0
122,2,8,
122,2,9,2835.0
122,2,10,0.0
122,2,11,3507.0
122,2,12,0.0
122,2,13,3512.0
122,2,14,
122,2,15,3432.0
122,2,16,4955.0
122,2,17,
122,2,18,3621.0
122,2,19,3853.0
122,2,20,2893.0
122,2,21,3856.0
122,2,22,3303.0
122,2,23,2145.0
122,2,24,0.0
122,2,25,2076.0
122,2,26,3536.0
122,2,27,0.0
122,2,28,0.0
122,2,29,3946.0
122,2,30,3023.0
122,3,1,1791.0
122,3,2,0.0
122,3,3,2061.0
122,3,4,2220.0
122,3,5,2596.0
122,3,6,
122,3,7,2483.0
122,3,8,0.0
122,3,9,6742.0
122,3,10,
122,3,11,4084.0
122,3,12,2894.0
122,3,13,
122,3,14,3530.0
122,3,15,2253.0
122,3,16,4101.0
122,3,17,4449.0
122,3,18,3563.0
122,3,19,
122,3,20,0.0
122,3,21,2966.0
122,3,22,0.0
122,3,23,
122,3,24,
122,3,25,3242.0
122,3,26,3698.0
122,3,27,0.0
122,3,28,0.0
122,3,29,
122,3,30,0.0
123,1,1,6157.0
123,1,2,6167.0
123,1,3,5108.0
123,1,4,4760.0
123,1,5,6726.0
123,1,6,5562.0
123,1,7,0.0
123,1,8,6459.0
123,1,9,
123,1,10,6385.0
123,1,11,5513.0
123,1,12,5299.0
123,1,13,5679.0
123,1,14,7156.0
123,1,15,4178.0
123,1,16,6032.0
123,1,17,0.0
123,1,18,4905.0
123,1,19,4735.0
123,1,20,5501.0
123,1,21,5294.0
123,1,22,5899.0
123,1,23,5758.0
123,1,24,7623.0
123,1,25,0.0
123,1,26,6321.0
123,1,27,6636.0
123,1,28,6497.0
123,1,29,7729.0
123,1,30,5447.0
123,2,1,0.0
123,2,2,0.0
123,2,3,4228.0
123,2,4,7240.0
123,2,5,0.0
123,2,6,5177.0
123,2,7,0.0
123,2,8,0.0
123,2,9,4534.0
123,2,10,6338.0
123,2,11,5388.0
123,2,12,6001.0
123,2,13,3318.0
123,2,14,4777.0
123,2,15,
123,2,16,4692.0
123,2,17,6305.0
123,2,18,0.0
123,2,19,
123,2,20,6865.0
123,2,21,0.0
123,2,22,7653.0
123,2,23,
123,2,24,7838.0
123,2,25,6539.0
123,2,26,6248.0
123,2,27,
123,2,28,
123,2,29,6495.0
123,2,30,5275.0
123,3,1,0.0
123,3,2,6806.0
123,3,3,5200.0
123,3,4,0.0
123,3,5,
123,3,6,
123,3,7,6872.0
123,3,8,
123,3,9,0.0
123,3,10,7776.0
123,3,11,0.0
123,3,12,6872.0
123,3,13,6718.0
123,3,14,5895.0
123,3,15,5341.0
123,3,16,0.0
123,3,17,
123,3,18,
123,3,19,0.0
123,3,20,6145.0
123,3,21,0.0
123,3,22,4418.0
123,3,23,6374.0
123,3,24,0.0
123,3,25,5877.0
123,3,26,
123,3,27,5909.0
123,3,28,6548.0
123,3,29,
123,3,30,5082.0
124,1,1,8357.0
124,1,2,9490.0
124,1,3,9736.0
124,1,4,11752.0
124,1,5,8798.0
124,1,6,10115.0
124,1,7,9025.0
124,1,8,10207.0
124,1,9,9892.0
124,1,10,0.0
124,1,11,8134.0
124,1,12,8619.0
124,1,13,9733.0
124,1,14,9133.0
124,1,15,8104.0
124,1,16,8833.0
124,1,17,9034.0
124,1,18,10079.0
124,1,19,10576.0
124,1,20,8703.0
124,1,21,8985.0
124,1,22,7419.0
124,1,23,10413.0
124,1,24,8991.0
124,1,25,8659.0
124,1,26,8411.0
124,1,27,12092.0
124,1,28,10597.0
124,1,29,8805.0
124,1,30,10724.0
124,2,1,9589.0
124,2,2,0.0
124,2,3,9846.0
124,2,4,9819.0
124,2,5,9297.0
124,2,6,10526.0
124,2,7,8041.0
124,2,8,10404.0
124,2,9,7166.0
124,2,10,8827.0
124,2,11,7565.0
124,2,12,9405.0
124,2,13,8721.0
124,2,14,9780.0
124,2,15,9877.0
124,2,16,9207.0
124,2,17,9827.0
124,2,18,9635.0
124,2,19,9388.0
124,2,20,9176.0
124,2,21,6759.0
124,2,22,8886.0
124,2,23,
124,2,24,11115.0
124,2,25,7986.0
124,2,26,0.0
124,2,27,9423.0
124,2,28,9750.0
124,2,29,11002.0
124,2,30,8669.0
124,3,1,11002.0
124,3,2,10058.0
124,3,3,8815.0
124,3,4,8615.0
124,3,5,10995.0
124,3,6,10327.0
124,3,7,9236.0
124,3,8,8923.0
124,3,9,
124,3,10,8819.0
124,3,11,9415.0
124,3,12,8939.0
124,3,13,8752.0
124,3,14,0.0
124,3,15,10482.0
124,3,16,11423.0
124,3,17,9628.0
124,3,18,8147.0
124,3,19,8230.0
124,3,20,8523.0
124,3,21,10980.0
124,3,22,10536.0
124,3,23,9019.0
124,3,24,9847.0
124,3,25,9730.0
124,3,26,9372.0
124,3,27,0.0
124,3,28,
124,3,29,8626.0
124,3,30,9789.0
125,1,1,9419.0
125,1,2,10463.0
125,1,3,11220.0
125,1,4,10454.0
125,1,5,9399.0
125,1,6,10450.0
125,1,7,12061.0
125,1,8,11248.0
125,1,9,9591.0
125,1,10,10363.0
125,1,11,12909.0
125,1,12,11617.0
125,1,13,10223.0
125,1,14,9298.0
125,1,15,10184.0
125,1,16,10699.0
125,1,17,11666.0
125,1,18,11271.0
125,1,19,8962.0
125,1,20,10669.0
125,1,21,11456.0
125,1,22,11744.0
125,1,23,11539.0
125,1,24,9833.0
125,1,25,9878.0
125,1,26,12215.0
125,1,27,10056.0
125,1,28,12016.0
125,1,29,9631.0
125,1,30,10352.0
125,2,1,8617.0
125,2,2,10286.0
125,2,3,9708.0
125,2,4,11085.0
125,2,5,11077.0
125,2,6,10888.0
125,2,7,9750.0
125,2,8,11623.0
125,2,9,
125,2,10,12563.0
125,2,11,11320.0
125,2,12,10743.0
125,2,13,11459.0
125,2,14,11587.0
125,2,15,11484.0
125,2,16,8913.0
125,2,17,10011.0
125,2,18,10376.0
125,2,19,10933.0
125,2,20,9321.0
125,2,21,11211.0
125,2,22,10246.0
125,2,23,10656.0
125,2,24,10151.0
125,2,25,10101.0
125,2,26,8859.0
125,2,27,11207.0
125,2,28,9205.0
125,2,29,8421.0
125,2,30,9117.0
125,3,1,8630.0
125,3,2,12339.0
125,3,3,9995.0
125,3,4,11747.0
125,3,5,
125,3,6,9799.0
125,3,7,9974.0
125,3,8,12685.0
125,3,9,11789.0
125,3,10,10727.0
125,3,11,9919.0
125,3,12,10505.0
125,3,13,10137.0
125,3,14,11808.0
125,3,15,9913.0
125,3,16,11971.0
125,3,17,9856.0
125,3,18,10138.0
125,3,19,10550.0
125,3,20,9817.0
125,3,21,10542.0
125,3,22,10669.0
125,3,23,11747.0
125,3,24,8626.0
125,3,25,9864.0
125,3,26,12119.0
125,3,27,10118.0
125,3,28,10118.0
125,3,29,0.0
125,3,30,10239.0
126,1,1,1968.0
126,1,2,1735.0
126,1,3,1573.0
126,1,4,4984.0
126,1,5,3783.0
126,1,6,3616.0
126,1,7,2153.0
126,1,8,1793.0
126,1,9,1788.0
126,1,10,901.0
126,1,11,3397.0
126,1,12,2340.0
126,1,13,1506.0
126,1,14,1871.0
126,1,15,2631.0
126,1,16,3536.0
126,1,17,2288.0
126,1,18,4038.0
126,1,19,4229.0
126,1,20,4321.0
126,1,21,2372.0
126,1,22,2881.0
126,1,23,0.0
126,1,24,2686.0
126,1,25,1919.0
126,1,26,3278.0
126,1,27,2461.0
126,1,28,2346.0
126,1,29,3309.0
126,1,30,2517.0
126,2,1,0.0
126,2,2,2734.0
126,2,3,3770.0
126,2,4,
126,2,5,2312.0
126,2,6,1314.0
126,2,7,0.0
126,2,8,0.0
126,2,9,1606.0
126,2,10,748.0
126,2,11,0.0
126,2,12,2732.0
126,2,13,1329.0
126,2,14,1696.0
126,2,15,4798.0
126,2,16,1912.0
126,2,17,4157.0
126,2,18,1920.0
126,2,19,1814.0
126,2,20,0.0
126,2,21,4236.0
126,2,22,2178.0
126,2,23,0.0
126,2,24,1236.0
126,2,25,1106.0
126,2,26,
126,2,27,2589.0
126,2,28,2265.0
126,2,29,2514.0
126,2,30,0.0
126,3,1,539.0
126,3,2,2366.0
126,3,3,1402.0
126,3,4,0.0
126,3,5,909.0
126,3,6,1927.0
126,3,7,0.0
126,3,8,0.0
126,3,9,0.0
126,3,10,2070.0
126,3,11,
126,3,12,0.0
126,3,13,2308.0
126,3,14,
126,3,15,
126,3,16,2485.0
126,3,17,2490.0
126,3,18,0.0
126,3,19,2012.0
126,3,20,673.0
126,3,21,
126,3,22,2448.0
126,3,23,3534.0
126,3,24,3587.0
126,3,25,0.0
126,3,26,2803.0
126,3,27,0.0
126,3,28,2127.0
126,3,29,3071.0
126,3,30,
127,1,1,2033.0
127,1,2,660.0
127,1,3,1106.0
127,1,4,2144.0
127,1,5,1867.0
127,1,6,2087.0
127,1,7,0.0
127,1,8,1924.0
127,1,9,
127,1,10,1894.0
127,1,11,
127,1,12,997.0
127,1,13,
127,1,14,1973.0
127,1,15,1915.0
127,1,16,1256.0
127,1,17,2106.0
127,1,18,3473.0
127,1,19,625.0
127,1,20,1471.0
127,1,21,2288.0
127,1,22,1821.0
127,1,23,792.0
127,1,24,3347.0
127,1,25,1606.0
127,1,26,2654.0
127,1,27,2205.0
127,1,28,2460.0
127,1,29,567.0
127,1,30,0.0
127,2,1,0.0
127,2,2,1646.0
127,2,3,2112.0
127,2,4,0.0
127,2,5,1258.0
127,2,6,914.0
127,2,7,3090.0
127,2,8,773.0
127,2,9,3579.0
127,2,10,0.0
127,2,11,1158.0
127,2,12,3335.0
127,2,13,0.0
127,2,14,2697.0
127,2,15,3539.0
127,2,16,1280.0
127,2,17,1653.0
127,2,18,1328.0
127,2,19,438.0
127,2,20,1356.0
127,2,21,2560.0
127,2,22,398.0
127,2,23,
127,2,24,0.0
127,2,25,2469.0
127,2,26,0.0
127,2,27,1160.0
127,2,28,1951.0
127,2,29,0.0
127,2,30,2552.0
127,3,1,0.0
127,3,2,2432.0
127,3,3,2795.0
127,3,4,1091.0
127,3,5,1704.0
127,3,6,2174.0
127,3,7,1299.0
127,3,8,385.0
127,3,9,1417.0
127,3,10,0.0
127,3,11,0.0
127,3,12,0.0
127,3,13,0.0
127,3,14,3098.0
127,3,15,0.0
127,3,16,616.0
127,3,17,
127,3,18,2021.0
127,3,19,0.0
127,3,20,0.0
127,3,21,0.0
127,3,22,854.0
127,3,23,1752.0
127,3,24,2239.0
127,3,25,
127,3,26,1753.0
127,3,27,2272.0
127,3,28,
127,3,29,4394.0
127,3,30,1783.0
128,1,1,4498.0
128,1,2,2273.0
128,1,3,
128,1,4,4888.0
128,1,5,3816.0
128,1,6,4913.0
128,1,7,3336.0
128,1,8,4728.0
128,1,9,3284.0
128,1,10,3570.0
128,1,11,2531.0
128,1,12,4650.0
128,1,13,5606.0
128,1,14,4378.0
128,1,15,4247.0
128,1,16,3639.0
128,1,17,5232.0
128,1,18,
128,1,19,4104.0
128,1,20,4414.0
128,1,21,4712.0
128,1,22,4561.0
128,1,23,3124.0
128,1,24,3451.0
128,1,25,4754.0
128,1,26,3195.0
128,1,27,4267.0
128,1,28,3956.0
128,1,29,5094.0
128,1,30,4839.0
128,2,1,4884.0
128,2,2,3786.0
128,2,3,4890.0
128,2,4,4588.0
128,2,5,3382.0
128,2,6,0.0
128,2,7,0.0
128,2,8,2396.0
128,2,9,5711.0
128,2,10,5293.0
128,2,11,0.0
128,2,12,2104.0
128,2,13,3389.0
128,2,14,5231.0
128,2,15,4128.0
128,2,16,4891.0
128,2,17,3466.0
128,2,18,0.0
128,2,19,0.0
128,2,20,4002.0
128,2,21,4290.0
128,2,22,5404.0
128,2,23,0.0
128,2,24,4904.0
128,2,25,5709.0
128,2,26,5702.0
128,2,27,4691.0
128,2,28,
128,2,29,4428.0
128,2,30,0.0
128,3,1,4467.0
128,3,2,4492.0
128,3,3,6179.0
128,3,4,0.0
128,3,5,0.0
128,3,6,0.0
128,3,7,3510.0
128,3,8,4770.0
128,3,9,
128,3,10,4935.0
128,3,11,0.0
128,3,12,4380.0
128,3,13,5496.0
128,3,14,5768.0
128,3,15,
128,3,16,
128,3,17,
128,3,18,0.0
128,3,19,0.0
128,3,20,4513.0
128,3,21,2935.0
128,3,22,0.0
128,3,23,0.0
128,3,24,5101.0
128,3,25,6726.0
128,3,26,4672.0
128,3,27,
128,3,28,6075.0
128,3,29,0.0
128,3,30,0.0
129,1,1,6237.0
129,1,2,6059.0
129,1,3,5486.0
129,1,4,6069.0
129,1,5,6786.0
129,1,6,7553.0
129,1,7,6969.0
129,1,8,5339.0
129,1,9,4728.0
129,1,10,6458.0
129,1,11,4466.0
129,1,12,6090.0
129,1,13,4846.0
129,1,14,6924.0
129,1,15,5729.0
129,1,16,0.0
129,1,17,5848.0
129,1,18,7268.0
129,1,19,0.0
129,1,20,4963.0
129,1,21,4886.0
129,1,22,4384.0
129,1,23,0.0
129,1,24,5939.0
129,1,25,5040.0
129,1,26,6731.0
129,1,27,4921.0
129,1,28,0.0
129,1,29,7229.0
129,1,30,6115.0
129,2,1,
129,2,2,0.0
129,2,3,5946.0
129,2,4,5049.0
129,2,5,6913.0
129,2,6,7188.0
129,2,7,0.0
129,2,8,6261.0
129,2,9,5995.0
129,2,10,0.0
129,2,11,5792.0
129,2,12,3506.0
129,2,13,0.0
129,2,14,6484.0
129,2,15,0.0
129,2,16,6376.0
129,2,17,0.0
129,2,18,5956.0
129,2,19,0.0
129,2,20,0.0
129,2,21,6978.0
129,2,22,6412.0
129,2,23,6596.0
129,2,24,
129,2,25,6790.0
129,2,26,
129,2,27,5881.0
129,2,28,7075.0
129,2,29,3977.0
129,2,30,0.0
129,3,1,0.0
129,3,2,0.0
129,3,3,5244.0
129,3,4,
129,3,5,0.0
129,3,6,5211.0
129,3,7,4038.0
129,3,8,6604.0
129,3,9,5402.0
129,3,10,0.0
129,3,11,
129,3,12,5816.0
129,3,13,0.0
129,3,14,6783.0
129,3,15,
129,3,16,5216.0
129,3,17,0.0
129,3,18,
129,3,19,5381.0
129,3,20,6351.0
129,3,21,3532.0
129,3,22,5226.0
129,3,23,0.0
129,3,24,0.0
129,3,25,0.0
129,3,26,7114.0
129,3,27,6888.0
129,3,28,
129,3,29,6399.0
129,3,30,6254.0
130,1,1,
130,1,2,
130,1,3,5748.0
130,1,4,2879.0
130,1,5,4004.0
130,1,6,2088.0
130,1,7,5055.0
130,1,8,4386.0
130,1,9,4782.0
130,1,10,0.0
130,1,11,5857.0
130,1,12,3745.0
130,1,13,4485.0
130,1,14,6670.0
130,1,15,4977.0
130,1,16,
130,1,17,5977.0
130,1,18,7063.0
130,1,19,5269.0
130,1,20,3217.0
130,1,21,5112.0
130,1,22,3857.0
130,1,23,0.0
130,1,24,4897.0
130,1,25,4683.0
130,1,26,0.0
130,1,27,7203.0
130,1,28,5569.0
130,1,29,4212.0
130,1,30,6131.0
130,2,1,0.0
130,2,2,5448.0
130,2,3,3461.0
130,2,4,3649.0
130,2,5,
130,2,6,4386.0
130,2,7,5368.0
130,2,8,6224.0
130,2,9,5535.0
130,2,10,0.0
130,2,11,4715.0
130,2,12,3786.0
130,2,13,3471.0
130,2,14,6310.0
130,2,15,4525.0
130,2,16,4664.0
130,2,17,4582.0
130,2,18,4128.0
130,2,19,0.0
130,2,20,5510.0
130,2,21,6573.0
130,2,22,0.0
130,2,23,6677.0
130,2,24,6074.0
130,2,25,4373.0
130,2,26,5348.0
130,2,27,5240.0
130,2,28,7058.0
130,2,29,5616.0
130,2,30,
130,3,1,6405.0
130,3,2,4653.0
130,3,3,5398.0
130,3,4,0.0
130,3,5,5860.0
130,3,6,0.0
130,3,7,
130,3,8,3986.0
130,3,9,
130,3,10,5774.0
130,3,11,0.0
130,3,12,4493.0
130,3,13,4926.0
130,3,14,0.0
130,3,15,4360.0
130,3,16,0.0
130,3,17,5406.0
130,3,18,5153.0
130,3,19,0.0
130,3,20,4895.0
130,3,21,0.0
130,3,22,0.0
130,3,23,0.0
130,3,24,4672.0
130,3,25,7184.0
130,3,26,
130,3,27,5050.0
130,3,28,5990.0
130,3,29,
130,3,30,5363.0
131,1,1,6556.0
131,1,2,6082.0
131,1,3,8857.0
131,1,4,6799.0
131,1,5,6322.0
131,1,6,9560.0
131,1,7,7954.0
131,1,8,5957.0
131,1,9,7316.0
131,1,10,6372.0
131,1,11,6272.0
131,1,12,6260.0
131,1,13,7919.0
131,1,14,9021.0
131,1,15,8147.0
131,1,16,8401.0
131,1,17,6424.0
131,1,18,6794.0
131,1,19,8225.0
131,1,20,7249.0
131,1,21,7613.0
131,1,22,
131,1,23,6786.0
131,1,24,7209.0
131,1,25,6641.0
131,1,26,8243.0
131,1,27,7578.0
131,1,28,5634.0
131,1,29,7874.0
131,1,30,7241.0
131,2,1,7459.0
131,2,2,7697.0
131,2,3,6958.0
131,2,4,6776.0
131,2,5,8018.0
131,2,6,6314.0
131,2,7,6539.0
131,2,8,6720.0
131,2,9,8400.0
131,2,10,
131,2,11,8701.0
131,2,12,6747.0
131,2,13,6995.0
131,2,14,8232.0
131,2,15,8129.0
131,2,16,8091.0
131,2,17,6505.0
131,2,18,7200.0
131,2,19,5427.0
131,2,20,7552.0
131,2,21,7633.0
131,2,22,6638.0
131,2,23,7868.0
131,2,24,6013.0
131,2,25,7785.0
131,2,26,5462.0
131,2,27,8016.0
131,2,28,7595.0
131,2,29,6298.0
131,2,30,7863.0
131,3,1,6585.0
131,3,2,7442.0
131,3,3,9039.0
131,3,4,8894.0
131,3,5,7962.0
131,3,6,8624.0
131,3,7,0.0
131,3,8,5561.0
131,3,9,7496.0
131,3,10,8708.0
131,3,11,
131,3,12,7261.0
131,3,13,0.0
131,3,14,7714.0
131,3,15,5527.0
131,3,16,5263.0
131,3,17,6810.0
131,3,18,7906.0
131,3,19,7924.0
131,3,20,7984.0
131,3,21,7158.0
131,3,22,7061.0
131,3,23,9557.0
131,3,24,7968.0
131,3,25,6795.0
131,3,26,8695.0
131,3,27,7173.0
131,3,28,6823.0
131,3,29,6954.0
131,3,30,8120.0
132,1,1,10536.0
132,1,2,10920.0
132,1,3,9850.0
132,1,4,11056.0
132,1,5,10085.0
132,1,6,9595.0
132,1,7,8698.0
132,1,8,9810.0
132,1,9,11546.0
132,1,10,10864.0
132,1,11,10529.0
132,1,12,9046.0
132,1,13,9565.0
132,1,14,10712.0
132,1,15,10965.0
132,1,16,10888.0
132,1,17,10325.0
132,1,18,9321.0
132,1,19,10968.0
132,1,20,9558.0
132,1,21,10983.0
132,1,22,9812.0
132,1,23,11757.0
132,1,24,9711.0
132,1,25,9693.0
132,1,26,10000.0
132,1,27,9335.0
132,1,28,9171.0
132,1,29,9304.0
132,1,30,11384.0
132,2,1,9227.0
132,2,2,9702.0
132,2,3,12301.0
132,2,4,11016.0
132,2,5,10997.0
132,2,6,12097.0
132,2,7,9973.0
132,2,8,8346.0
132,2,9,10894.0
132,2,10,9868.0
132,2,11,
132,2,12,12312.0
132,2,13,9381.0
132,2,14,9803.0
132,2,15,9964.0
132,2,16,0.0
132,2,17,10776.0
132,2,18,8813.0
132,2,19,10430.0
132,2,20,9472.0
132,2,21,11089.0
132,2,22,11463.0
132,2,23,9756.0
132,2,24,10593.0
132,2,25,10077.0
132,2,26,10003.0
132,2,27,8746.0
132,2,28,9950.0
132,2,29,10975.0
132,2,30,10456.0
132,3,1,9194.0
132,3,2,8753.0
132,3,3,9915.0
132,3,4,9354.0
132,3,5,9457.0
132,3,6,9370.0
132,3,7,10090.0
132,3,8,10665.0
132,3,9,9320.0
132,3,10,9281.0
132,3,11,8891.0
132,3,12,10248.0
132,3,13,10948.0
132,3,14,9964.0
132,3,15,10671.0
132,3,16,11237.0
132,3,17,10313.0
132,3,18,9216.0
132,3,19,9118.0
132,3,20,9269.0
132,3,21,11903.0
132,3,22,12245.0
132,3,23,0.0
132,3,24,9719.0
132,3,25,9937.0
132,3,26,9930.0
132,3,27,10781.0
132,3,28,12056.0
132,3,29,8989.0
132,3,30,9798.0
133,1,1,10261.0
133,1,2,8933.0
133,1,3,9316.0
133,1,4,11247.0
133,1,5,10755.0
133,1,6,10921.0
133,1,7,12052.0
133,1,8,11635.0
133,1,9,10909.0
133,1,10,10320.0
133,1,11,9724.0
133,1,12,8888.0
133,1,13,11836.0
133,1,14,10217.0
133,1,15,10466.0
133,1,16,0.0
133,1,17,
133,1,18,9229.0
133,1,19,0.0
133,1,20,0.0
133,1,21,11129.0
133,1,22,0.0
133,1,23,11324.0
133,1,24,9873.0
133,1,25,10827.0
133,1,26,10615.0
133,1,27,10903.0
133,1,28,11920.0
133,1,29,9139.0
133,1,30,10668.0
133,2,1,11498.0
133,2,2,11252.0
133,2,3,9214.0
133,2,4,9009.0
133,2,5,11420.0
133,2,6,7768.0
133,2,7,9177.0
133,2,8,10845.0
133,2,9,11843.0
133,2,10,9378.0
133,2,11,12462.0
133,2,12,11384.0
133,2,13,13591.0
133,2,14,10277.0
133,2,15,12123.0
133,2,16,10378.0
133,2,17,10784.0
133,2,18,10092.0
133,2,19,10737.0
133,2,20,11688.0
133,2,21,12505.0
133,2,22,9904.0
133,2,23,10931.0
133,2,24,10206.0
133,2,25,10984.0
133,2,26,11848.0
133,2,27,10284.0
133,2,28,0.0
133,2,29,11205.0
133,2,30,
133,3,1,9848.0
133,3,2,11941.0
133,3,3,11538.0
133,3,4,9999.0
133,3,5,9977.0
133,3,6,12190.0
133,3,7,12844.0
133,3,8,10038.0
133,3,9,11696.0
133,3,10,10417.0
133,3,11,0.0
133,3,12,12473.0
133,3,13,12316.0
133,3,14,10285.0
133,3,15,9038.0
133,3,16,12018.0
133,3,17,11442.0
133,3,18,11032.0
133,3,19,10703.0
133,3,20,12079.0
133,3,21,10888.0
133,3,22,10887.0
133,3,23,11008.0
133,3,24,0.0
133,3,25,8733.0
133,3,26,0.0
133,3,27,11674.0
133,3,28,10189.0
133,3,29,10255.0
133,3,30,11238.0
134,1,1,5313.0
134,1,2,2112.0
134,1,3,2025.0
134,1,4,2035.0
134,1,5,
134,1,6,3178.0
134,1,7,3615.0
134,1,8,2639.0
134,1,9,3733.0
134,1,10,2761.0
134,1,11,3142.0
134,1,12,1721.0
134,1,13,2385.0
134,1,14,1223.0
134,1,15,2860.0
134,1,16,3553.0
134,1,17,2592.0
134,1,18,2703.0
134,1,19,3196.0
134,1,20,3307.0
134,1,21,1187.0
134,1,22,2206.0
134,1,23,1317.0
134,1,24,2410.0
134,1,25,4366.0
134,1,26,0.0
134,1,27,3195.0
134,1,28,732.0
134,1,29,2806.0
134,1,30,2051.0
134,2,1,
134,2,2,
134,2,3,0.0
134,2,4,971.0
134,2,5,0.0
134,2,6,3160.0
134,2,7,0.0
134,2,8,2929.0
134,2,9,3278.0
134,2,10,1959.0
134,2,11,3080.0
134,2,12,2608.0
134,2,13,1368.0
134,2,14,3334.0
134,2,15,3469.0
134,2,16,
134,2,17,3968.0
134,2,18,3835.0
134,2,19,3440.0
134,2,20,0.0
134,2,21,4972.0
134,2,22,2655.0
134,2,23,3273.0
134,2,24,2078.0
134,2,25,0.0
134,2,26,2197.0
134,2,27,
134,2,28,2326.0
134,2,29,3117.0
134,2,30,0.0
134,3,1,2626.0
134,3,2,1478.0
134,3,3,2290.0
134,3,4,0.0
134,3,5,3419.0
134,3,6,2407.0
134,3,7,2716.0
134,3,8,3807.0
134,3,9,3137.0
134,3,10,0.0
134,3,11,
134,3,12,4309.0
134,3,13,2760.0
134,3,14,55.0
134,3,15,0.0
134,3,16,3185.0
134,3,17,1672.0
134,3,18,0.0
134,3,19,
134,3,20,2112.0
134,3,21,
134,3,22,1597.0
134,3,23,2285.0
134,3,24,2715.0
134,3,25,4734.0
134,3,26,2631.0
134,3,27,3017.0
134,3,28,0.0
134,3,29,3159.0
134,3,30,2611.0
135,1,1,8102.0
135,1,2,11413.0
135,1,3,10044.0
135,1,4,8840.0
135,1,5,8550.0
135,1,6,8996.0
135,1,7,8816.0
135,1,8,7575.0
135,1,9,10859.0
135,1,10,10452.0
135,1,11,9358.0
135,1,12,10260.0
135,1,13,10324.0
135,1,14,9151.0
135,1,15,10886.0
135,1,16,8607.0
135,1,17,8485.0
135,1,18,10716.0
135,1,19,9858.0
135,1,20,8805.0
135,1,21,9576.0
135,1,22,9485.0
135,1,23,9374.0
135,1,24,8799.0
135,1,25,8788.0
135,1,26,10508.0
135,1,27,9281.0
135,1,28,10592.0
135,1,29,7964.0
135,1,30,10344.0
135,2,1,8544.0
135,2,2,11418.0
135,2,3,10139.0
135,2,4,8634.0
135,2,5,10341.0
135,2,6,8361.0
135,2,7,9397.0
135,2,8,7648.0
135,2,9,8084.0
135,2,10,9033.0
135,2,11,10548.0
135,2,12,8086.0
135,2,13,10530.0
135,2,14,7863.0
135,2,15,10528.0
135,2,16,9123.0
135,2,17,8740.0
135,2,18,10993.0
135,2,19,12941.0
135,2,20,9409.0
135,2,21,10006.0
135,2,22,9086.0
135,2,23,10768.0
135,2,24,10074.0
135,2,25,10172.0
135,2,26,9514.0
135,2,27,9917.0
135,2,28,9513.0
135,2,29,9451.0
135,2,30,10509.0
135,3,1,10108.0
135,3,2,9050.0
135,3,3,10513.0
135,3,4,10013.0
135,3,5,9985.0
135,3,6,9467.0
135,3,7,8434.0
135,3,8,10420.0
135,3,9,10898.0
135,3,10,8816.0
135,3,11,9153.0
135,3,12,8814.0
135,3,13,8183.0
135,3,14,11264.0
135,3,15,9131.0
135,3,16,10492.0
135,3,17,10706.0
135,3,18,8588.0
135,3,19,11113.0
135,3,20,9236.0
135,3,21,10363.0
135,3,22,10725.0
135,3,23,9108.0
135,3,24,8560.0
135,3,25,8902.0
135,3,26,10478.0
135,3,27,11397.0
135,3,28,9395.0
135,3,29,9171.0
135,3,30,12213.0
136,1,1,4784.0
136,1,2,5197.0
136,1,3,4500.0
136,1,4,6298.0
136,1,5,5944.0
136,1,6,5730.0
136,1,7,4747.0
136,1,8,5227.0
136,1,9,0.0
136,1,10,5754.0
136,1,11,
136,1,12,5506.0
136,1,13,
136,1,14,4128.0
136,1,15,7524.0
136,1,16,5676.0
136,1,17,
136,1,18,5896.0
136,1,19,6699.0
136,1,20,7002.0
136,1,21,5877.0
136,1,22,7478.0
136,1,23,8463.0
136,1,24,6050.0
136,1,25,8201.0
136,1,26,5211.0
136,1,27,6369.0
136,1,28,5723.0
136,1,29,6099.0
136,1,30,5757.0
136,2,1,4183.0
136,2,2,6295.0
136,2,3,0.0
136,2,4,7100.0
136,2,5,
136,2,6,6339.0
136,2,7,4908.0
136,2,8,6560.0
136,2,9,0.0
136,2,10,4699.0
136,2,11,0.0
136,2,12,4942.0
136,2,13,0.0
136,2,14,4065.0
136,2,15,0.0
136,2,16,4869.0
136,2,17,5326.0
136,2,18,5955.0
136,2,19,7972.0
136,2,20,4810.0
136,2,21,5921.0
136,2,22,5202.0
136,2,23,
136,2,24,5729.0
136,2,25,0.0
136,2,26,6375.0
136,2,27,0.0
136,2,28,0.0
136,2,29,6966.0
136,2,30,5728.0
136,3,1,0.0
136,3,2,5759.0
136,3,3,
136,3,4,4902.0
136,3,5,
136,3,6,
136,3,7,5917.0
136,3,8,0.0
136,3,9,6547.0
136,3,10,4599.0
136,3,11,0.0
136,3,12,4468.0
136,3,13,0.0
136,3,14,0.0
136,3,15,0.0
136,3,16,0.0
136,3,17,6066.0
136,3,18,
136,3,19,6652.0
136,3,20,
136,3,21,6763.0
136,3,22,7259.0
136,3,23,
136,3,24,5616.0
136,3,25,5126.0
136,3,26,5279.0
136,3,27,5967.0
136,3,28,
136,3,29,0.0
136,3,30,0.0
137,1,1,0.0
137,1,2,
137,1,3,5142.0
137,1,4,4585.0
137,1,5,6497.0
137,1,6,3704.0
137,1,7,5114.0
137,1,8,5499.0
137,1,9,7005.0
137,1,10,6007.0
137,1,11,4023.0
137,1,12,
137,1,13,6771.0
137,1,14,4708.0
137,1,15,4566.0
137,1,16,6232.0
137,1,17,4409.0
137,1,18,4678.0
137,1,19,5534.0
137,1,20,5944.0
137,1,21,6719.0
137,1,22,7098.0
137,1,23,5075.0
137,1,24,5355.0
137,1,25,5684.0
137,1,26,0.0
137,1,27,5312.0
137,1,28,0.0
137,1,29,7320.0
137,1,30,6867.0
137,2,1,6201.0
137,2,2,5584.0
137,2,3,0.0
137,2,4,0.0
137,2,5,3917.0
137,2,6,0.0
137,2,7,5895.0
137,2,8,6245.0
137,2,9,
137,2,10,3596.0
137,2,11,4547.0
137,2,12,5493.0
137,2,13,5482.0
137,2,14,5747.0
137,2,15,4764.0
137,2,16,3085.0
137,2,17,6464.0
137,2,18,5688.0
137,2,19,6672.0
137,2,20,4016.0
137,2,21,
137,2,22,6249.0
137,2,23,5891.0
137,2,24,4818.0
137,2,25,
137,2,26,7122.0
137,2,27,5791.0
137,2,28,
137,2,29,7453.0
137,2,30,5203.0
137,3,1,7112.0
137,3,2,
137,3,3,5485.0
137,3,4,4623.0
137,3,5,4467.0
137,3,6,6243.0
137,3,7,4255.0
137,3,8,5772.0
137,3,9,6176.0
137,3,10,4979.0
137,3,11,0.0
137,3,12,4256.0
137,3,13,
137,3,14,0.0
137,3,15,0.0
137,3,16,0.0
137,3,17,0.0
137,3,18,0.0
137,3,19,6394.0
137,3,20,5713.0
137,3,21,5279.0
137,3,22,2972.0
137,3,23,0.0
137,3,24,0.0
137,3,25,4539.0
137,3,26,4718.0
137,3,27,6671.0
137,3,28,5296.0
137,3,29,5834.0
137,3,30,6805.0
138,1,1,12026.0
138,1,2,10931.0
138,1,3,12661.0
138,1,4,12086.0
138,1,5,10731.0
138,1,6,12187.0
138,1,7,11846.0
138,1,8,11226.0
138,1,9,11606.0
138,1,10,13501.0
138,1,11,11256.0
138,1,12,11684.0
138,1,13,11730.0
138,1,14,11231.0
138,1,15,9899.0
138,1,16,12614.0
138,1,17,12258.0
138,1,18,10785.0
138,1,19,12257.0
138,1,20,13578.0
138,1,21,12786.0
138,1,22,
138,1,23,12189.0
138,1,24,11945.0
138,1,25,10970.0
138,1,26,11749.0
138,1,27,13945.0
138,1,28,10327.0
138,1,29,10664.0
138,1,30,12141.0
138,2,1,11195.0
138,2,2,11588.0
138,2,3,10758.0
138,2,4,11551.0
138,2,5,12022.0
138,2,6,10877.0
138,2,7,11268.0
138,2,8,13460.0
138,2,9,12930.0
138,2,10,13279.0
138,2,11,13245.0
138,2,12,11542.0
138,2,13,13375.0
138,2,14,12660.0
138,2,15,13671.0
138,2,16,11410.0
138,2,17,12279.0
138,2,18,10905.0
138,2,19,12718.0
138,2,20,12356.0
138,2,21,12598.0
138,2,22,11494.0
138,2,23,11990.0
138,2,24,11937.0
138,2,25,11499.0
138,2,26,12049.0
138,2,27,12221.0
138,2,28,12404.0
138,2,29,11476.0
138,2,30,12658.0
138,3,1,12587.0
138,3,2,12425.0
138,3,3,12742.0
138,3,4,11691.0
138,3,5,10780.0
138,3,6,12591.0
138,3,7,11310.0
138,3,8,10376.0
138,3,9,11335.0
138,3,10,12027.0
138,3,11,13256.0
138,3,12,14714.0
138,3,13,12230.0
138,3,14,12736.0
138,3,15,12567.0
138,3,16,12180.0
138,3,17,11614.0
138,3,18,10901.0
138,3,19,14008.0
138,3,20,11360.0
138,3,21,11596.0
138,3,22,11758.0
138,3,23,11336.0
138,3,24,0.0
138,3,25,11611.0
138,3,26,11574.0
138,3,27,12822.0
138,3,28,11231.0
138,3,29,13101.0
138,3,30,
139,1,1,2676.0
139,1,2,3239.0
139,1,3,3344.0
139,1,4,945.0
139,1,5,0.0
139,1,6,800.0
139,1,7,3269.0
139,1,8,3506.0
139,1,9,1360.0
139,1,10,2578.0
139,1,11,1622.0
139,1,12,2762.0
139,1,13,1442.0
139,1,14,1402.0
139,1,15,2420.0
139,1,16,1485.0
139,1,17,1443.0
139,1,18,1894.0
139,1,19,2102.0
139,1,20,2121.0
139,1,21,2539.0
139,1,22,2154.0
139,1,23,2095.0
139,1,24,488.0
139,1,25,2846.0
139,1,26,1722.0
139,1,27,308.0
139,1,28,2917.0
139,1,29,1293.0
139,1,30,767.0
139,2,1,
139,2,2,0.0
139,2,3,2469.0
139,2,4,1695.0
139,2,5,2965.0
139,2,6,
139,2,7,0.0
139,2,8,714.0
139,2,9,2244.0
139,2,10,638.0
139,2,11,2827.0
139,2,12,2314.0
139,2,13,
139,2,14,
139,2,15,2001.0
139,2,16,1758.0
139,2,17,
139,2,18,0.0
139,2,19,0.0
139,2,20,4368.0
139,2,21,1206.0
139,2,22,2570.0
139,2,23,0.0
139,2,24,2231.0
139,2,25,1678.0
139,2,26,1562.0
139,2,27,2626.0
139,2,28,2052.0
139,2,29,1096.0
139,2,30,1815.0
139,3,1,2610.0
139,3,2,0.0
139,3,3,
139,3,4,802.0
139,3,5,3555.0
139,3,6,461.0
139,3,7,2429.0
139,3,8,995.0
139,3,9,721.0
139,3,10,1793.0
139,3,11,2858.0
139,3,12,1858.0
139,3,13,2807.0
139,3,14,0.0
139,3,15,497.0
139,3,16,2689.0
139,3,17,2909.0
139,3,18,0.0
139,3,19,
139,3,20,0.0
139,3,21,0.0
139,3,22,
139,3,23,3613.0
139,3,24,0.0
139,3,25,434.0
139,3,26,1730.0
139,3,27,
139,3,28,0.0
139,3,29,1022.0
139,3,30,0.0
140,1,1,5910.0
140,1,2,4540.0
140,1,3,
140,1,4,5323.0
140,1,5,3103.0
140,1,6,4121.0
140,1,7,4959.0
140,1,8,0.0
140,1,9,4247.0
140,1,10,4254.0
140,1,11,3792.0
140,1,12,0.0
140,1,13,4495.0
140,1,14,5272.0
140,1,15,4762.0
140,1,16,6592.0
140,1,17,4664.0
140,1,18,4606.0
140,1,19,4211.0
140,1,20,4129.0
140,1,21,3013.0
140,1,22,5408.0
140,1,23,5520.0
140,1,24,4201.0
140,1,25,5337.0
140,1,26,5829.0
140,1,27,4506.0
140,1,28,5302.0
140,1,29,3108.0
140,1,30,0.0
140,2,1,5078.0
140,2,2,3783.0
140,2,3,5028.0
140,2,4,4202.0
140,2,5,5439.0
140,2,6,5868.0
140,2,7,5483.0
140,2,8,6060.0
140,2,9,4823.0
140,2,10,0.0
140,2,11,3646.0
140,2,12,
140,2,13,4853.0
140,2,14,
140,2,15,6026.0
140,2,16,0.0
140,2,17,5348.0
140,2,18,
140,2,19,4513.0
140,2,20,4069.0
140,2,21,4705.0
140,2,22,0.0
140,2,23,4699.0
140,2,24,3649.0
140,2,25,3369.0
140,2,26,0.0
140,2,27,0.0
140,2,28,5611.0
140,2,29,4198.0
140,2,30,4776.0
140,3,1,4753.0
140,3,2,0.0
140,3,3,0.0
140,3,4,0.0
140,3,5,5136.0
140,3,6,4198.0
140,3,7,
140,3,8,4255.0
140,3,9,0.0
140,3,10,0.0
140,3,11,0.0
140,3,12,0.0
140,3,13,4461.0
140,3,14,4902.0
140,3,15,0.0
140,3,16,3469.0
140,3,17,
140,3,18,4718.0
140,3,19,6631.0
140,3,20,4227.0
140,3,21,6355.0
140,3,22,0.0
140,3,23,0.0
140,3,24,0.0
140,3,25,0.0
140,3,26,5650.0
140,3,27,0.0
140,3,28,0.0
140,3,29,0.0
140,3,30,0.0
141,1,1,7499.0
141,1,2,7785.0
141,1,3,8887.0
141,1,4,7990.0
141,1,5,9254.0
141,1,6,6011.0
141,1,7,9015.0
141,1,8,8059.0
141,1,9,8830.0
141,1,10,6013.0
141,1,11,0.0
141,1,12,6666.0
141,1,13,6487.0
141,1,14,8893.0
141,1,15,0.0
141,1,16,7315.0
141,1,17,7767.0
141,1,18,8501.0
141,1,19,0.0
141,1,20,8765.0
141,1,21,8693.0
141,1,22,7932.0
141,1,23,8080.0
141,1,24,
141,1,25,8703.0
141,1,26,8213.0
141,1,27,7521.0
141,1,28,5813.0
141,1,29,8377.0
141,1,30,7729.0
141,2,1,6784.0
141,2,2,0.0
141,2,3,9325.0
141,2,4,0.0
141,2,5,0.0
141,2,6,8261.0
141,2,7,8592.0
141,2,8,
141,2,9,8307.0
141,2,10,
141,2,11,7630.0
141,2,12,7777.0
141,2,13,0.0
141,2,14,0.0
141,2,15,7409.0
141,2,16,0.0
141,2,17,
141,2,18,8003.0
141,2,19,8659.0
141,2,20,0.0
141,2,21,9065.0
141,2,22,0.0
141,2,23,9457.0
141,2,24,0.0
141,2,25,
141,2,26,9748.0
141,2,27,8011.0
141,2,28,8126.0
141,2,29,0.0
141,2,30,8382.0
141,3,1,
141,3,2,
141,3,3,
141,3,4,6426.0
141,3,5,8677.0
141,3,6,8045.0
141,3,7,7730.0
141,3,8,
141,3,9,8092.0
141,3,10,
141,3,11,7797.0
141,3,12,5798.0
141,3,13,0.0
141,3,14,6944.0
141,3,15,0.0
141,3,16,0.0
141,3,17,8655.0
141,3,18,7651.0
141,3,19,
141,3,20,
141,3,21,0.0
141,3,22,7883.0
141,3,23,8144.0
141,3,24,
141,3,25,7641.0
141,3,26,0.0
141,3,27,7125.0
141,3,28,6797.0
141,3,29,0.0
141,3,30,7832.0
142,1,1,0.0
142,1,2,6480.0
142,1,3,5363.0
142,1,4,4732.0
142,1,5,4635.0
142,1,6,5585.0
142,1,7,4770.0
142,1,8,3798.0
142,1,9,6071.0
142,1,10,6479.0
142,1,11,4978.0
142,1,12,4006.0
142,1,13,5673.0
142,1,14,5351.0
142,1,15,5139.0
142,1,16,5940.0
142,1,17,0.0
142,1,18,0.0
142,1,19,5621.0
142,1,20,4823.0
142,1,21,5486.0
142,1,22,5146.0
142,1,23,5363.0
142,1,24,4984.0
142,1,25,0.0
142,1,26,5679.0
142,1,27,6533.0
142,1,28,5561.0
142,1,29,0.0
142,1,30,4777.0
142,2,1,0.0
142,2,2,7451.0
142,2,3,5784.0
142,2,4,3713.0
142,2,5,4039.0
142,2,6,5771.0
142,2,7,6093.0
142,2,8,
142,2,9,
142,2,10,0.0
142,2,11,
142,2,12,7875.0
142,2,13,6046.0
142,2,14,7655.0
142,2,15,5614.0
142,2,16,0.0
142,2,17,
142,2,18,3515.0
142,2,19,5931.0
142,2,20,0.0
142,2,21,3823.0
142,2,22,5535.0
142,2,23,0.0
142,2,24,0.0
142,2,25,6646.0
142,2,26,0.0
142,2,27,4045.0
142,2,28,4206.0
142,2,29,5870.0
142,2,30,7041.0
142,3,1,7851.0
142,3,2,5207.0
142,3,3,5184.0
142,3,4,0.0
142,3,5,6287.0
142,3,6,0.0
142,3,7,5715.0
142,3,8,6283.0
142,3,9,0.0
142,3,10,5079.0
142,3,11,5570.0
142,3,12,5633.0
142,3,13,4713.0
142,3,14,
142,3,15,3347.0
142,3,16,5132.0
142,3,17,
142,3,18,3115.0
142,3,19,0.0
142,3,20,5558.0
142,3,21,5547.0
142,3,22,6556.0
142,3,23,3879.0
142,3,24,
142,3,25,4810.0
142,3,26,7391.0
142,3,27,
142,3,28,
142,3,29,6176.0
142,3,30,6357.0
143,1,1,10555.0
143,1,2,
143,1,3,9806.0
143,1,4,9556.0
143,1,5,8973.0
143,1,6,9571.0
143,1,7,10159.0
143,1,8,9779.0
143,1,9,9371.0
143,1,10,8610.0
143,1,11,11170.0
143,1,12,10070.0
143,1,13,10302.0
143,1,14,11234.0
143,1,15,8200.0
143,1,16,9376.0
143,1,17,10893.0
143,1,18,10994.0
143,1,19,9336.0
143,1,20,11527.0
143,1,21,9814.0
143,1,22,10360.0
143,1,23,9663.0
143,1,24,10101.0
143,1,25,8498.0
143,1,26,0.0
143,1,27,10068.0
143,1,28,10085.0
143,1,29,8103.0
143,1,30,9916.0
143,2,1,
143,2,2,10767.0
143,2,3,8343.0
143,2,4,8882.0
143,2,5,9713.0
143,2,6,8729.0
143,2,7,10642.0
143,2,8,9379.0
143,2,9,9832.0
143,2,10,9495.0
143,2,11,9959.0
143,2,12,10965.0
143,2,13,9503.0
143,2,14,10156.0
143,2,15,9407.0
143,2,16,8561.0
143,2,17,9838.0
143,2,18,8671.0
143,2,19,9329.0
143,2,20,7975.0
143,2,21,9748.0
143,2,22,9445.0
143,2,23,9701.0
143,2,24,9727.0
143,2,25,10040.0
143,2,26,0.0
143,2,27,7663.0
143,2,28,9763.0
143,2,29,8282.0
143,2,30,9768.0
143,3,1,8942.0
143,3,2,7679.0
143,3,3,10058.0
143,3,4,9481.0
143,3,5,9577.0
143,3,6,7817.0
143,3,7,7731.0
143,3,8,
143,3,9,9287.0
143,3,10,8760.0
143,3,11,10447.0
143,3,12,0.0
143,3,13,10025.0
143,3,14,10858.0
143,3,15,8991.0
143,3,16,10087.0
143,3,17,8017.0
143,3,18,11856.0
143,3,19,8824.0
143,3,20,10006.0
143,3,21,11256.0
143,3,22,9189.0
143,3,23,9981.0
143,3,24,9744.0
143,3,25,9141.0
143,3,26,8935.0
143,3,27,8380.0
143,3,28,6900.0
143,3,29,9399.0
143,3,30,0.0
144,1,1,3976.0
144,1,2,4717.0
144,1,3,4772.0
144,1,4,5535.0
144,1,5,3533.0
144,1,6,5196.0
144,1,7,4994.0
144,1,8,2820.0
144,1,9,5079.0
144,1,10,2823.0
144,1,11,4168.0
144,1,12,0.0
144,1,13,0.0
144,1,14,5273.0
144,1,15,3817.0
144,1,16,2494.0
144,1,17,4631.0
144,1,18,4801.0
144,1,19,4958.0
144,1,20,2642.0
144,1,21,3596.0
144,1,22,5361.0
144,1,23,0.0
144,1,24,4347.0
144,1,25,4282.0
144,1,26,2509.0
144,1,27,3344.0
144,1,28,3767.0
144,1,29,6166.0
144,1,30,3412.0
144,2,1,2952.0
144,2,2,2659.0
144,2,3,2482.0
144,2,4,6212.0
144,2,5,
144,2,6,4204.0
144,2,7,2778.0
144,2,8,3386.0
144,2,9,3747.0
144,2,10,4081.0
144,2,11,5472.0
144,2,12,0.0
144,2,13,2393.0
144,2,14,4892.0
144,2,15,4146.0
144,2,16,5216.0
144,2,17,2476.0
144,2,18,
144,2,19,5561.0
144,2,20,0.0
144,2,21,0.0
144,2,22,0.0
144,2,23,3647.0
144,2,24,1927.0
144,2,25,3637.0
144,2,26,4572.0
144,2,27,
144,2,28,4875.0
144,2,29,3130.0
144,2,30,5672.0
144,3,1,0.0
144,3,2,
144,3,3,4689.0
144,3,4,0.0
144,3,5,0.0
144,3,6,0.0
144,3,7,4820.0
144,3,8,4135.0
144,3,9,3119.0
144,3,10,4084.0
144,3,11,2821.0
144,3,12,0.0
144,3,13,0.0
144,3,14,3749.0
144,3,15,
144,3,16,3837.0
144,3,17,0.0
144,3,18,1104.0
144,3,19,0.0
144,3,20,5191.0
144,3,21,3244.0
144,3,22,3872.0
144,3,23,4858.0
144,3,24,3356.0
144,3,25,4500.0
144,3,26,0.0
144,3,27,3913.0
144,3,28,0.0
144,3,29,3720.0
144,3,30,0.0
145,1,1,6430.0
145,1,2,6457.0
145,1,3,8227.0
145,1,4,6520.0
145,1,5,6518.0
145,1,6,5675.0
145,1,7,0.0
145,1,8,5735.0
145,1,9,7537.0
145,1,10,7160.0
145,1,11,6086.0
145,1,12,6980.0
145,1,13,9251.0
145,1,14,8041.0
145,1,15,8285.0
145,1,16,6294.0
145,1,17,6153.0
145,1,18,5364.0
145,1,19,0.0
145,1,20,7320.0
145,1,21,7150.0
145,1,22,6748.0
145,1,23,7663.0
145,1,24,8413.0
145,1,25,0.0
145,1,26,5828.0
145,1,27,5758.0
145,1,28,4916.0
145,1,29,6109.0
145,1,30,5827.0
145,2,1,7585.0
145,2,2,
145,2,3,0.0
145,2,4,0.0
145,2,5,
145,2,6,6892.0
145,2,7,7047.0
145,2,8,6377.0
145,2,9,6706.0
145,2,10,7690.0
145,2,11,7878.0
145,2,12,5812.0
145,2,13,6808.0
145,2,14,0.0
145,2,15,
145,2,16,0.0
145,2,17,5510.0
145,2,18,7630.0
145,2,19,7131.0
145,2,20,7743.0
145,2,21,6116.0
145,2,22,5879.0
145,2,23,
145,2,24,0.0
145,2,25,8698.0
145,2,26,6702.0
145,2,27,4631.0
145,2,28,0.0
145,2,29,0.0
145,2,30,6464.0
145,3,1,7649.0
145,3,2,0.0
145,3,3,7934.0
145,3,4,0.0
145,3,5,0.0
145,3,6,6572.0
145,3,7,5330.0
145,3,8,7205.0
145,3,9,6757.0
145,3,10,6843.0
145,3,11,7069.0
145,3,12,6070.0
145,3,13,0.0
145,3,14,0.0
145,3,15,
145,3,16,7016.0
145,3,17,0.0
145,3,18,6104.0
145,3,19,7517.0
145,3,20,10143.0
145,3,21,
145,3,22,6311.0
145,3,23,7551.0
145,3,24,0.0
145,3,25,
145,3,26,7506.0
145,3,27,5333.0
145,3,28,0.0
145,3,29,0.0
145,3,30,0.0
146,1,1,5451.0
146,1,2,4097.0
146,1,3,2661.0
146,1,4,4481.0
146,1,5,6774.0
146,1,6,5265.0
146,1,7,2118.0
146,1,8,5157.0
146,1,9,4190.0
146,1,10,3337.0
146,1,11,4052.0
146,1,12,3384.0
146,1,13,2733.0
146,1,14,3687.0
146,1,15,0.0
146,1,16,3366.0
146,1,17,4666.0
146,1,18,4711.0
146,1,19,4126.0
146,1,20,5070.0
146,1,21,2511.0
146,1,22,3498.0
146,1,23,4868.0
146,1,24,4226.0
146,1,25,3822.0
146,1,26,4588.0
146,1,27,5392.0
146,1,28,4796.0
146,1,29,5208.0
146,1,30,4848.0
146,2,1,5665.0
146,2,2,3954.0
146,2,3,
146,2,4,5463.0
146,2,5,3315.0
146,2,6,3869.0
146,2,7,0.0
146,2,8,4128.0
146,2,9,5648.0
146,2,10,3385.0
146,2,11,
146,2,12,5302.0
146,2,13,
146,2,14,4080.0
146,2,15,3308.0
146,2,16,0.0
146,2,17,2157.0
146,2,18,4414.0
146,2,19,5731.0
146,2,20,3617.0
146,2,21,0.0
146,2,22,4441.0
146,2,23,5857.0
146,2,24,1793.0
146,2,25,4750.0
146,2,26,0.0
146,2,27,4795.0
146,2,28,5157.0
146,2,29,5159.0
146,2,30,3994.0
146,3,1,4890.0
146,3,2,3850.0
146,3,3,0.0
146,3,4,5099.0
146,3,5,0.0
146,3,6,6591.0
146,3,7,0.0
146,3,8,0.0
146,3,9,4961.0
146,3,10,
146,3,11,0.0
146,3,12,
146,3,13,4661.0
146,3,14,0.0
146,3,15,5350.0
146,3,16,3989.0
146,3,17,4481.0
146,3,18,3626.0
146,3,19,3418.0
146,3,20,3620.0
146,3,21,3898.0
146,3,22,0.0
146,3,23,5836.0
146,3,24,0.0
146,3,25,4303.0
146,3,26,
146,3,27,5618.0
146,3,28,
146,3,29,0.0
146,3,30,0.0
147,1,1,11844.0
147,1,2,10948.0
147,1,3,10508.0
147,1,4,11099.0
147,1,5,9853.0
147,1,6,12054.0
147,1,7,12052.0
147,1,8,10446.0
147,1,9,9770.0
147,1,10,9770.0
147,1,11,10147.0
147,1,12,10785.0
147,1,13,8712.0
147,1,14,0.0
147,1,15,11492.0
147,1,16,10222.0
147,1,17,9380.0
147,1,18,9211.0
147,1,19,0.0
147,1,20,10705.0
147,1,21,10310.0
147,1,22,11092.0
147,1,23,9299.0
147,1,24,10737.0
147,1,25,11429.0
147,1,26,8289.0
147,1,27,11845.0
147,1,28,10777.0
147,1,29,9751.0
147,1,30,11904.0
147,2,1,8297.0
147,2,2,9567.0
147,2,3,10198.0
147,2,4,8882.0
147,2,5,10405.0
147,2,6,10181.0
147,2,7,9336.0
147,2,8,10984.0
147,2,9,11211.0
147,2,10,12156.0
147,2,11,10229.0
147,2,12,9239.0
147,2,13,9399.0
147,2,14,11689.0
147,2,15,10569.0
147,2,16,10311.0
147,2,17,11481.0
147,2,18,0.0
147,2,19,10600.0
147,2,20,10377.0
147,2,21,11785.0
147,2,22,10199.0
147,2,23,11256.0
147,2,24,10550.0
147,2,25,8501.0
147,2,26,9380.0
147,2,27,9500.0
147,2,28,9704.0
147,2,29,10100.0
147,2,30,11520.0
147,3,1,10269.0
147,3,2,9815.0
147,3,3,11327.0
147,3,4,0.0
147,3,5,11319.0
147,3,6,9322.0
147,3,7,8747.0
147,3,8,
147,3,9,11660.0
147,3,10,10214.0
147,3,11,9421.0
147,3,12,11246.0
147,3,13,9293.0
147,3,14,10564.0
147,3,15,10204.0
147,3,16,8861.0
147,3,17,11464.0
147,3,18,10802.0
147,3,19,0.0
147,3,20,10047.0
147,3,21,11020.0
147,3,22,8963.0
147,3,23,9627.0
147,3,24,9546.0
147,3,25,12078.0
147,3,26,8915.0
147,3,27,10834.0
147,3,28,
147,3,29,9246.0
147,3,30,10812.0
148,1,1,4119.0
148,1,2,6772.0
148,1,3,4158.0
148,1,4,5047.0
148,1,5,5123.0
148,1,6,5575.0
148,1,7,4960.0
148,1,8,4556.0
148,1,9,3782.0
148,1,10,5096.0
148,1,11,4874.0
148,1,12,
148,1,13,
148,1,14,4140.0
148,1,15,0.0
148,1,16,5007.0
148,1,17,4329.0
148,1,18,3996.0
148,1,19,4669.0
148,1,20,5293.0
148,1,21,4556.0
148,1,22,5297.0
148,1,23,4687.0
148,1,24,5875.0
148,1,25,5427.0
148,1,26,3163.0
148,1,27,4544.0
148,1,28,5421.0
148,1,29,0.0
148,1,30,0.0
148,2,1,0.0
148,2,2,4010.0
148,2,3,3767.0
148,2,4,2602.0
148,2,5,0.0
148,2,6,
148,2,7,0.0
148,2,8,
148,2,9,6064.0
148,2,10,3579.0
148,2,11,3112.0
148,2,12,0.0
148,2,13,0.0
148,2,14,5842.0
148,2,15,6378.0
148,2,16,
148,2,17,5473.0
148,2,18,3908.0
148,2,19,0.0
148,2,20,
148,2,21,0.0
148,2,22,0.0
148,2,23,5143.0
148,2,24,4730.0
148,2,25,0.0
148,2,26,0.0
148,2,27,0.0
148,2,28,0.0
148,2,29,7398.0
148,2,30,6080.0
148,3,1,2663.0
148,3,2,0.0
148,3,3,4355.0
148,3,4,0.0
148,3,5,0.0
148,3,6,0.0
148,3,7,
148,3,8,0.0
148,3,9,0.0
148,3,10,6064.0
148,3,11,4240.0
148,3,12,0.0
148,3,13,5432.0
148,3,14,6042.0
148,3,15,4695.0
148,3,16,0.0
148,3,17,4692.0
148,3,18,0.0
148,3,19,6903.0
148,3,20,4393.0
148,3,21,4002.0
148,3,22,5151.0
148,3,23,5414.0
148,3,24,0.0
148,3,25,0.0
148,3,26,4881.0
148,3,27,6771.0
148,3,28,3876.0
148,3,29,4256.0
148,3,30,5136.0
149,1,1,
149,1,2,1557.0
149,1,3,753.0
149,1,4,932.0
149,1,5,1591.0
149,1,6,3493.0
149,1,7,1560.0
149,1,8,1843.0
149,1,9,1621.0
149,1,10,2301.0
149,1,11,2884.0
149,1,12,
149,1,13,623.0
149,1,14,0.0
149,1,15,2698.0
149,1,16,
149,1,17,3053.0
149,1,18,
149,1,19,2199.0
149,1,20,2339.0
149,1,21,80.0
149,1,22,3397.0
149,1,23,3395.0
149,1,24,874.0
149,1,25,2423.0
149,1,26,399.0
149,1,27,1323.0
149,1,28,1796.0
149,1,29,1426.0
149,1,30,2687.0
149,2,1,0.0
149,2,2,0.0
149,2,3,1291.0
149,2,4,634.0
149,2,5,2582.0
149,2,6,3165.0
149,2,7,968.0
149,2,8,3530.0
149,2,9,
149,2,10,4022.0
149,2,11,3235.0
149,2,12,
149,2,13,0.0
149,2,14,0.0
149,2,15,
149,2,16,0.0
149,2,17,1941.0
149,2,18,0.0
149,2,19,2380.0
149,2,20,1192.0
149,2,21,0.0
149,2,22,3226.0
149,2,23,926.0
149,2,24,0.0
149,2,25,968.0
149,2,26,1161.0
149,2,27,3190.0
149,2,28,0.0
149,2,29,0.0
149,2,30,481.0
149,3,1,0.0
149,3,2,0.0
149,3,3,
149,3,4,2480.0
149,3,5,0.0
149,3,6,2445.0
149,3,7,2819.0
149,3,8,1984.0
149,3,9,0.0
149,3,10,0.0
149,3,11,0.0
149,3,12,0.0
149,3,13,3508.0
149,3,14,0.0
149,3,15,4138.0
149,3,16,2036.0
149,3,17,0.0
149,3,18,0.0
149,3,19,1807.0
149,3,20,519.0
149,3,21,1104.0
149,3,22,1382.0
149,3,23,1052.0
149,3,24,
149,3,25,0.0
149,3,26,0.0
149,3,27,0.0
149,3,28,0.0
149,3,29,0.0
149,3,30,2383.0
150,1,1,6858.0
150,1,2,5722.0
150,1,3,7135.0
150,1,4,8560.0
150,1,5,6763.0
150,1,6,6268.0
150,1,7,5785.0
150,1,8,9957.0
150,1,9,8851.0
150,1,10,5087.0
150,1,11,8078.0
150,1,12,8953.0
150,1,13,7304.0
150,1,14,0.0
150,1,15,0.0
150,1,16,6983.0
150,1,17,6758.0
150,1,18,8244.0
150,1,19,8581.0
150,1,20,7834.0
150,1,21,4826.0
150,1,22,0.0
150,1,23,7021.0
150,1,24,
150,1,25,8603.0
150,1,26,7810.0
150,1,27,7949.0
150,1,28,0.0
150,1,29,7669.0
150,1,30,6248.0
150,2,1,0.0
150,2,2,7915.0
150,2,3,7697.0
150,2,4,6880.0
150,2,5,
150,2,6,7717.0
150,2,7,6323.0
150,2,8,
150,2,9,6123.0
150,2,10,0.0
150,2,11,0.0
150,2,12,6604.0
150,2,13,0.0
150,2,14,7739.0
150,2,15,8292.0
150,2,16,6586.0
150,2,17,8141.0
150,2,18,9141.0
150,2,19,7371.0
150,2,20,7140.0
150,2,21,6997.0
150,2,22,0.0
150,2,23,6364.0
150,2,24,5112.0
150,2,25,6705.0
150,2,26,7204.0
150,2,27,6423.0
150,2,28,0.0
150,2,29,8923.0
150,2,30,8874.0
150,3,1,0.0
150,3,2,6675.0
150,3,3,7459.0
150,3,4,0.0
150,3,5,0.0
150,3,6,6551.0
150,3,7,
150,3,8,8350.0
150,3,9,
150,3,10,6179.0
150,3,11,8494.0
150,3,12,
150,3,13,
150,3,14,9054.0
150,3,15,6924.0
150,3,16,7277.0
150,3,17,7392.0
150,3,18,
150,3,19,0.0
150,3,20,8873.0
150,3,21,0.0
150,3,22,0.0
150,3,23,7801.0
150,3,24,0.0
150,3,25,7626.0
150,3,26,7240.0
150,3,27,7539.0
150,3,28,0.0
150,3,29,
150,3,30,
151,1,1,6086.0
151,1,2,
151,1,3,6085.0
151,1,4,5106.0
151,1,5,7776.0
151,1,6,6220.0
151,1,7,8326.0
151,1,8,
151,1,9,6423.0
151,1,10,7540.0
151,1,11,5663.0
151,1,12,5931.0
151,1,13,0.0
151,1,14,5693.0
151,1,15,7332.0
151,1,16,6972.0
151,1,17,0.0
151,1,18,7046.0
151,1,19,5606.0
151,1,20,
151,1,21,3724.0
151,1,22,6142.0
151,1,23,6347.0
151,1,24,7133.0
151,1,25,5335.0
151,1,26,6674.0
151,1,27,8928.0
151,1,28,0.0
151,1,29,7605.0
151,1,30,7616.0
151,2,1,0.0
151,2,2,6690.0
151,2,3,
151,2,4,6718.0
151,2,5,6170.0
151,2,6,
151,2,7,
151,2,8,0.0
151,2,9,0.0
151,2,10,6870.0
151,2,11,6583.0
151,2,12,6176.0
151,2,13,10221.0
151,2,14,7156.0
151,2,15,5893.0
151,2,16,0.0
151,2,17,6101.0
151,2,18,0.0
151,2,19,8444.0
151,2,20,6940.0
151,2,21,5563.0
151,2,22,6732.0
151,2,23,5317.0
151,2,24,7400.0
151,2,25,6351.0
151,2,26,6459.0
151,2,27,
151,2,28,6297.0
151,2,29,6562.0
151,2,30,0.0
151,3,1,5535.0
151,3,2,5711.0
151,3,3,4119.0
151,3,4,4810.0
151,3,5,
151,3,6,6040.0
151,3,7,0.0
151,3,8,
151,3,9,0.0
151,3,10,0.0
151,3,11,0.0
151,3,12,0.0
151,3,13,7024.0
151,3,14,6577.0
151,3,15,7098.0
151,3,16,
151,3,17,5646.0
151,3,18,0.0
151,3,19,5891.0
151,3,20,5684.0
151,3,21,8203.0
151,3,22,6015.0
151,3,23,5432.0
151,3,24,8836.0
151,3,25,7996.0
151,3,26,7626.0
151,3,27,7926.0
151,3,28,5468.0
151,3,29,
151,3,30,6407.0
152,1,1,7401.0
152,1,2,6691.0
152,1,3,8317.0
152,1,4,6398.0
152,1,5,8257.0
152,1,6,8306.0
152,1,7,8615.0
152,1,8,7404.0
152,1,9,8509.0
152,1,10,5560.0
152,1,11,8023.0
152,1,12,7730.0
152,1,13,8767.0
152,1,14,9866.0
152,1,15,9403.0
152,1,16,6100.0
152,1,17,7623.0
152,1,18,0.0
152,1,19,7007.0
152,1,20,7069.0
152,1,21,6688.0
152,1,22,7708.0
152,1,23,0.0
152,1,24,6707.0
152,1,25,8020.0
152,1,26,6987.0
152,1,27,8574.0
152,1,28,7353.0
152,1,29,6837.0
152,1,30,7515.0
152,2,1,8142.0
152,2,2,
152,2,3,6959.0
152,2,4,
152,2,5,7398.0
152,2,6,7294.0
152,2,7,0.0
152,2,8,9081.0
152,2,9,6189.0
152,2,10,7314.0
152,2,11,6351.0
152,2,12,6915.0
152,2,13,7024.0
152,2,14,
152,2,15,7268.0
152,2,16,
152,2,17,8109.0
152,2,18,0.0
152,2,19,6443.0
152,2,20,8177.0
152,2,21,6174.0
152,2,22,8686.0
152,2,23,6098.0
152,2,24,
152,2,25,8064.0
152,2,26,7077.0
152,2,27,7769.0
152,2,28,6300.0
152,2,29,7092.0
152,2,30,7668.0
152,3,1,6994.0
152,3,2,8812.0
152,3,3,
152,3,4,0.0
152,3,5,8991.0
152,3,6,
152,3,7,6376.0
152,3,8,8292.0
152,3,9,7288.0
152,3,10,5866.0
152,3,11,0.0
152,3,12,6340.0
152,3,13,6884.0
152,3,14,0.0
152,3,15,0.0
152,3,16,0.0
152,3,17,0.0
152,3,18,6477.0
152,3,19,5926.0
152,3,20,7756.0
152,3,21,7735.0
152,3,22,8990.0
152,3,23,7837.0
152,3,24,
152,3,25,8227.0
152,3,26,0.0
152,3,27,0.0
152,3,28,0.0
152,3,29,8101.0
152,3,30,
153,1,1,3356.0
153,1,2,4188.0
153,1,3,
153,1,4,0.0
153,1,5,3752.0
153,1,6,4024.0
153,1,7,5490.0
153,1,8,3561.0
153,1,9,3742.0
153,1,10,4511.0
153,1,11,0.0
153,1,12,
153,1,13,0.0
153,1,14,
153,1,15,3082.0
153,1,16,3475.0
153,1,17,3418.0
153,1,18,3697.0
153,1,19,5977.0
153,1,20,3078.0
153,1,21,4323.0
153,1,22,3922.0
153,1,23,4405.0
153,1,24,4556.0
153,1,25,2796.0
153,1,26,5173.0
153,1,27,5171.0
153,1,28,4038.0
153,1,29,4089.0
153,1,30,0.0
153,2,1,3916.0
153,2,2,4203.0
153,2,3,3973.0
153,2,4,4191.0
153,2,5,2616.0
153,2,6,3058.0
153,2,7,3711.0
153,2,8,3871.0
153,2,9,
153,2,10,4217.0
153,2,11,0.0
153,2,12,2193.0
153,2,13,4358.0
153,2,14,0.0
153,2,15,4651.0
153,2,16,4830.0
153,2,17,4310.0
153,2,18,3902.0
153,2,19,5201.0
153,2,20,0.0
153,2,21,5728.0
153,2,22,0.0
153,2,23,3097.0
153,2,24,3440.0
153,2,25,3147.0
153,2,26,0.0
153,2,27,0.0
153,2,28,5338.0
153,2,29,5049.0
153,2,30,
153,3,1,0.0
153,3,2,4343.0
153,3,3,
153,3,4,0.0
153,3,5,
153,3,6,4958.0
153,3,7,
153,3,8,0.0
153,3,9,0.0
153,3,10,3211.0
153,3,11,1775.0
153,3,12,0.0
153,3,13,3127.0
153,3,14,2780.0
153,3,15,4595.0
153,3,16,5831.0
153,3,17,0.0
153,3,18,3020.0
153,3,19,0.0
153,3,20,4815.0
153,3,21,
153,3,22,0.0
153,3,23,4195.0
153,3,24,
153,3,25,0.0
153,3,26,2321.0
153,3,27,
153,3,28,0.0
153,3,29,4648.0
153,3,30,4724.0
154,1,1,4020.0
154,1,2,4933.0
154,1,3,0.0
154,1,4,6322.0
154,1,5,5376.0
154,1,6,5877.0
154,1,7,6317.0
154,1,8,5803.0
154,1,9,5573.0
154,1,10,5266.0
154,1,11,4736.0
154,1,12,6246.0
154,1,13,4320.0
154,1,14,5817.0
154,1,15,5713.0
154,1,16,5222.0
154,1,17,6258.0
154,1,18,5360.0
154,1,19,5280.0
154,1,20,5535.0
154,1,21,6009.0
154,1,22,0.0
154,1,23,2984.0
154,1,24,7238.0
154,1,25,5686.0
154,1,26,5214.0
154,1,27,6065.0
154,1,28,0.0
154,1,29,0.0
154,1,30,6345.0
154,2,1,4622.0
154,2,2,6702.0
154,2,3,4027.0
154,2,4,0.0
154,2,5,2398.0
154,2,6,6168.0
154,2,7,3623.0
154,2,8,5082.0
154,2,9,5392.0
154,2,10,0.0
154,2,11,
154,2,12,5199.0
154,2,13,4416.0
154,2,14,5184.0
154,2,15,
154,2,16,5500.0
154,2,17,4837.0
154,2,18,4207.0
154,2,19,3532.0
154,2,20,0.0
154,2,21,6410.0
154,2,22,0.0
154,2,23,4523.0
154,2,24,4441.0
154,2,25,4936.0
154,2,26,6634.0
154,2,27,
154,2,28,
154,2,29,5689.0
154,2,30,5367.0
154,3,1,4767.0
154,3,2,0.0
154,3,3,7426.0
154,3,4,
154,3,5,
154,3,6,
154,3,7,0.0
154,3,8,
154,3,9,5059.0
154,3,10,4963.0
154,3,11,
154,3,12,
154,3,13,0.0
154,3,14,0.0
154,3,15,4386.0
154,3,16,0.0
154,3,17,4842.0
154,3,18,3992.0
154,3,19,
154,3,20,4967.0
154,3,21,0.0
154,3,22,4907.0
154,3,23,0.0
154,3,24,
154,3,25,4013.0
154,3,26,
154,3,27,3347.0
154,3,28,3988.0
154,3,29,4622.0
154,3,30,5739.0
155,1,1,
155,1,2,3247.0
155,1,3,3004.0
155,1,4,4652.0
155,1,5,3010.0
155,1,6,
155,1,7,3602.0
155,1,8,2658.0
155,1,9,0.0
155,1,10,2468.0
155,1,11,4389.0
155,1,12,4214.0
155,1,13,0.0
155,1,14,0.0
155,1,15,3869.0
155,1,16,3985.0
155,1,17,3381.0
155,1,18,3982.0
155,1,19,
155,1,20,0.0
155,1,21,0.0
155,1,22,
155,1,23,0.0
155,1,24,4340.0
155,1,25,4435.0
155,1,26,2774.0
155,1,27,0.0
155,1,28,4693.0
155,1,29,2392.0
155,1,30,3037.0
155,2,1,3779.0
155,2,2,
155,2,3,2880.0
155,2,4,3014.0
155,2,5,
155,2,6,3705.0
155,2,7,0.0
155,2,8,4813.0
155,2,9,4892.0
155,2,10,4200.0
155,2,11,0.0
155,2,12,0.0
155,2,13,3759.0
155,2,14,1661.0
155,2,15,3928.0
155,2,16,2747.0
155,2,17,
155,2,18,
155,2,19,2392.0
155,2,20,
155,2,21,0.0
155,2,22,3084.0
155,2,23,4121.0
155,2,24,3467.0
155,2,25,4081.0
155,2,26,0.0
155,2,27,1814.0
155,2,28,
155,2,29,0.0
155,2,30,
155,3,1,0.0
155,3,2,4528.0
155,3,3,3016.0
155,3,4,3545.0
155,3,5,
155,3,6,3347.0
155,3,7,1875.0
155,3,8,0.0
155,3,9,3071.0
155,3,10,3267.0
155,3,11,0.0
155,3,12,
155,3,13,3780.0
155,3,14,0.0
155,3,15,0.0
155,3,16,6012.0
155,3,17,0.0
155,3,18,4464.0
155,3,19,1812.0
155,3,20,
155,3,21,0.0
155,3,22,3809.0
155,3,23,
155,3,24,4920.0
155,3,25,
155,3,26,3546.0
155,3,27,3781.0
155,3,28,0.0
155,3,29,3323.0
155,3,30,0.0
156,1,1,3815.0
156,1,2,3469.0
156,1,3,3861.0
156,1,4,4110.0
156,1,5,0.0
156,1,6,2878.0
156,1,7,4351.0
156,1,8,4928.0
156,1,9,4108.0
156,1,10,3722.0
156,1,11,4560.0
156,1,12,3512.0
156,1,13,
156,1,14,3380.0
156,1,15,3003.0
156,1,16,4179.0
156,1,17,3163.0
156,1,18,4639.0
156,1,19,3353.0
156,1,20,0.0
156,1,21,4641.0
156,1,22,4984.0
156,1,23,0.0
156,1,24,2614.0
156,1,25,5143.0
156,1,26,4063.0
156,1,27,
156,1,28,2342.0
156,1,29,4315.0
156,1,30,2964.0
156,2,1,0.0
156,2,2,
156,2,3,4936.0
156,2,4,4234.0
156,2,5,3842.0
156,2,6,5123.0
156,2,7,3391.0
156,2,8,0.0
156,2,9,0.0
156,2,10,4159.0
156,2,11,3914.0
156,2,12,0.0
156,2,13,1247.0
156,2,14,2198.0
156,2,15,2454.0
156,2,16,3631.0
156,2,17,0.0
156,2,18,3093.0
156,2,19,
156,2,20,4627.0
156,2,21,0.0
156,2,22,3484.0
156,2,23,0.0
156,2,24,5439.0
156,2,25,4983.0
156,2,26,4183.0
156,2,27,2386.0
156,2,28,3521.0
156,2,29,4244.0
156,2,30,4688.0
156,3,1,4681.0
156,3,2,4456.0
156,3,3,1737.0
156,3,4,2754.0
156,3,5,4486.0
156,3,6,
156,3,7,3996.0
156,3,8,3202.0
156,3,9,0.0
156,3,10,4764.0
156,3,11,0.0
156,3,12,0.0
156,3,13,4060.0
156,3,14,4705.0
156,3,15,3493.0
156,3,16,
156,3,17,0.0
156,3,18,2702.0
156,3,19,4413.0
156,3,20,0.0
156,3,21,3098.0
156,3,22,4281.0
156,3,23,0.0
156,3,24,4276.0
156,3,25,4461.0
156,3,26,4691.0
156,3,27,2293.0
156,3,28,3606.0
156,3,29,0.0
156,3,30,
157,1,1,7559.0
157,1,2,6224.0
157,1,3,6519.0
157,1,4,6231.0
157,1,5,4737.0
157,1,6,5043.0
157,1,7,7015.0
157,1,8,0.0
157,1,9,7052.0
157,1,10,4934.0
157,1,11,3976.0
157,1,12,
157,1,13,5608.0
157,1,14,6159.0
157,1,15,5920.0
157,1,16,5904.0
157,1,17,4917.0
157,1,18,0.0
157,1,19,6738.0
157,1,20,5693.0
157,1,21,5065.0
157,1,22,5619.0
157,1,23,4969.0
157,1,24,0.0
157,1,25,0.0
157,1,26,4068.0
157,1,27,6358.0
157,1,28,5356.0
157,1,29,5208.0
157,1,30,0.0
157,2,1,0.0
157,2,2,0.0
157,2,3,0.0
157,2,4,6273.0
157,2,5,6552.0
157,2,6,3921.0
157,2,7,4514.0
157,2,8,0.0
157,2,9,0.0
157,2,10,5552.0
157,2,11,
157,2,12,6409.0
157,2,13,0.0
157,2,14,0.0
157,2,15,6543.0
157,2,16,6299.0
157,2,17,4983.0
157,2,18,5351.0
157,2,19,6170.0
157,2,20,5675.0
157,2,21,0.0
157,2,22,4359.0
157,2,23,5662.0
157,2,24,5801.0
157,2,25,5482.0
157,2,26,0.0
157,2,27,4663.0
157,2,28,5977.0
157,2,29,
157,2,30,0.0
157,3,1,
157,3,2,4367.0
157,3,3,0.0
157,3,4,7419.0
157,3,5,
157,3,6,0.0
157,3,7,
157,3,8,
157,3,9,0.0
157,3,10,0.0
157,3,11,0.0
157,3,12,6189.0
157,3,13,5167.0
157,3,14,0.0
157,3,15,4667.0
157,3,16,5567.0
157,3,17,5768.0
157,3,18,
157,3,19,0.0
157,3,20,
157,3,21,5775.0
157,3,22,4766.0
157,3,23,
157,3,24,5793.0
157,3,25,5641.0
157,3,26,5695.0
157,3,27,4617.0
157,3,28,0.0
157,3,29,0.0
157,3,30,7501.0
158,1,1,
158,1,2,0.0
158,1,3,1802.0
158,1,4,4141.0
158,1,5,2646.0
158,1,6,3257.0
158,1,7,2512.0
158,1,8,0.0
158,1,9,4192.0
158,1,10,2582.0
158,1,11,4457.0
158,1,12,3263.0
158,1,13,3188.0
158,1,14,2276.0
158,1,15,3940.0
158,1,16,3339.0
158,1,17,0.0
158,1,18,2346.0
158,1,19,2227.0
158,1,20,1953.0
158,1,21,2387.0
158,1,22,
158,1,23,3410.0
158,1,24,3277.0
158,1,25,1968.0
158,1,26,0.0
158,1,27,3901.0
158,1,28,3369.0
158,1,29,4127.0
158,1,30,4073.0
158,2,1,3382.0
158,2,2,0.0
158,2,3,
158,2,4,0.0
158,2,5,
158,2,6,0.0
158,2,7,4181.0
158,2,8,0.0
158,2,9,1775.0
158,2,10,4244.0
158,2,11,0.0
158,2,12,1938.0
158,2,13,
158,2,14,0.0
158,2,15,3805.0
158,2,16,4262.0
158,2,17,3085.0
158,2,18,3146.0
158,2,19,3381.0
158,2,20,3408.0
158,2,21,2419.0
158,2,22,235.0
158,2,23,0.0
158,2,24,2709.0
158,2,25,3991.0
158,2,26,3102.0
158,2,27,0.0
158,2,28,1658.0
158,2,29,2198.0
158,2,30,0.0
158,3,1,
158,3,2,0.0
158,3,3,
158,3,4,3773.0
158,3,5,1625.0
158,3,6,
158,3,7,0.0
158,3,8,0.0
158,3,9,1935.0
158,3,10,4529.0
158,3,11,
158,3,12,2595.0
158,3,13,0.0
158,3,14,0.0
158,3,15,
158,3,16,0.0
158,3,17,4098.0
158,3,18,997.0
158,3,19,3367.0
158,3,20,4509.0
158,3,21,2600.0
158,3,22,2534.0
158,3,23,3195.0
158,3,24,0.0
158,3,25,0.0
158,3,26,0.0
158,3,27,2837.0
158,3,28,0.0
158,3,29,2987.0
158,3,30,1531.0
159,1,1,4989.0
159,1,2,6680.0
159,1,3,5874.0
159,1,4,
159,1,5,4170.0
159,1,6,6029.0
159,1,7,
159,1,8,7152.0
159,1,9,7786.0
159,1,10,5773.0
159,1,11,3396.0
159,1,12,5645.0
159,1,13,3884.0
159,1,14,
159,1,15,
159,1,16,5431.0
159,1,17,3840.0
159,1,18,5134.0
159,1,19,5719.0
159,1,20,3502.0
159,1,21,4177.0
159,1,22,6352.0
159,1,23,4580.0
159,1,24,7354.0
159,1,25,6595.0
159,1,26,4522.0
159,1,27,6049.0
159,1,28,6114.0
159,1,29,4768.0
159,1,30,5398.0
159,2,1,0.0
159,2,2,4613.0
159,2,3,4750.0
159,2,4,2969.0
159,2,5,4116.0
159,2,6,4538.0
159,2,7,5563.0
159,2,8,5312.0
159,2,9,0.0
159,2,10,5401.0
159,2,11,5276.0
159,2,12,4823.0
159,2,13,5861.0
159,2,14,4471.0
159,2,15,5829.0
159,2,16,5006.0
159,2,17,
159,2,18,6641.0
159,2,19,6393.0
159,2,20,6713.0
159,2,21,6709.0
159,2,22,4413.0
159,2,23,
159,2,24,0.0
159,2,25,0.0
159,2,26,0.0
159,2,27,4939.0
159,2,28,0.0
159,2,29,3493.0
159,2,30,6097.0
159,3,1,3450.0
159,3,2,
159,3,3,4322.0
159,3,4,4732.0
159,3,5,0.0
159,3,6,7632.0
159,3,7,5693.0
159,3,8,0.0
159,3,9,5093.0
159,3,10,5722.0
159,3,11,4891.0
159,3,12,
159,3,13,4590.0
159,3,14,0.0
159,3,15,6019.0
159,3,16,0.0
159,3,17,3794.0
159,3,18,
159,3,19,5571.0
159,3,20,
159,3,21,0.0
159,3,22,6002.0
159,3,23,
159,3,24,0.0
159,3,25,4198.0
159,3,26,4366.0
159,3,27,0.0
159,3,28,
159,3,29,6550.0
159,3,30,
160,1,1,2527.0
160,1,2,
160,1,3,3449.0
160,1,4,4294.0
160,1,5,4088.0
160,1,6,4171.0
160,1,7,3828.0
160,1,8,5102.0
160,1,9,3700.0
160,1,10,2582.0
160,1,11,
160,1,12,5895.0
160,1,13,0.0
160,1,14,2716.0
160,1,15,2670.0
160,1,16,2712.0
160,1,17,3591.0
160,1,18,3893.0
160,1,19,3569.0
160,1,20,3533.0
160,1,21,4265.0
160,1,22,3463.0
160,1,23,2087.0
160,1,24,2841.0
160,1,25,0.0
160,1,26,3904.0
160,1,27,3946.0
160,1,28,2812.0
160,1,29,4725.0
160,1,30,0.0
160,2,1,3427.0
160,2,2,3106.0
160,2,3,3524.0
160,2,4,4681.0
160,2,5,2801.0
160,2,6,0.0
160,2,7,0.0
160,2,8,
160,2,9,3668.0
160,2,10,3596.0
160,2,11,4247.0
160,2,12,6370.0
160,2,13,
160,2,14,2069.0
160,2,15,4124.0
160,2,16,5064.0
160,2,17,4193.0
160,2,18,4710.0
160,2,19,0.0
160,2,20,
160,2,21,0.0
160,2,22,3368.0
160,2,23,3905.0
160,2,24,3930.0
160,2,25,0.0
160,2,26,3733.0
160,2,27,2851.0
160,2,28,
160,2,29,2907.0
160,2,30,3156.0
160,3,1,2901.0
160,3,2,0.0
160,3,3,0.0
160,3,4,4348.0
160,3,5,5046.0
160,3,6,
160,3,7,3296.0
160,3,8,
160,3,9,4893.0
160,3,10,
160,3,11,0.0
160,3,12,0.0
160,3,13,3606.0
160,3,14,4434.0
160,3,15,2786.0
160,3,16,0.0
160,3,17,0.0
160,3,18,2894.0
160,3,19,0.0
160,3,20,0.0
160,3,21,3814.0
160,3,22,0.0
160,3,23,3455.0
160,3,24,
160,3,25,2999.0
160,3,26,0.0
160,3,27,3582.0
160,3,28,0.0
160,3,29,1800.0
160,3,30,2973.0
161,1,1,3047.0
161,1,2,4042.0
161,1,3,4100.0
161,1,4,2976.0
161,1,5,3668.0
161,1,6,0.0
161,1,7,1576.0
161,1,8,4699.0
161,1,9,2116.0
161,1,10,4189.0
161,1,11,5508.0
161,1,12,2763.0
161,1,13,3449.0
161,1,14,3293.0
161,1,15,4763.0
161,1,16,3576.0
161,1,17,
161,1,18,4703.0
161,1,19,3839.0
161,1,20,3526.0
161,1,21,3340.0
161,1,22,5342.0
161,1,23,4393.0
161,1,24,2355.0
161,1,25,3173.0
161,1,26,3618.0
161,1,27,2913.0
161,1,28,3410.0
161,1,29,2420.0
161,1,30,0.0
161,2,1,3793.0
161,2,2,2695.0
161,2,3,4879.0
161,2,4,
161,2,5,4570.0
161,2,6,3644.0
161,2,7,4223.0
161,2,8,
161,2,9,3533.0
161,2,10,4234.0
161,2,11,0.0
161,2,12,5890.0
161,2,13,0.0
161,2,14,0.0
161,2,15,0.0
161,2,16,0.0
161,2,17,5450.0
161,2,18,5018.0
161,2,19,0.0
161,2,20,
161,2,21,492.0
161,2,22,
161,2,23,4944.0
161,2,24,0.0
161,2,25,0.0
161,2,26,0.0
161,2,27,2433.0
161,2,28,2747.0
161,2,29,4111.0
161,2,30,3837.0
161,3,1,0.0
161,3,2,0.0
161,3,3,2480.0
161,3,4,4282.0
161,3,5,0.0
161,3,6,0.0
161,3,7,0.0
161,3,8,0.0
161,3,9,
161,3,10,3277.0
161,3,11,
161,3,12,3536.0
161,3,13,5673.0
161,3,14,0.0
161,3,15,0.0
161,3,16,0.0
161,3,17,0.0
161,3,18,1950.0
161,3,19,
161,3,20,0.0
161,3,21,3454.0
161,3,22,0.0
161,3,23,0.0
161,3,24,0.0
161,3,25,2065.0
161,3,26,2379.0
161,3,27,2524.0
161,3,28,2991.0
161,3,29,4944.0
161,3,30,0.0
162,1,1,3533.0
162,1,2,4717.0
162,1,3,0.0
162,1,4,4311.0
162,1,5,5473.0
162,1,6,4633.0
162,1,7,4703.0
162,1,8,4383.0
162,1,9,4219.0
162,1,10,5061.0
162,1,11,4527.0
162,1,12,3086.0
162,1,13,4321.0
162,1,14,3857.0
162,1,15,3444.0
162,1,16,
162,1,17,4055.0
162,1,18,4658.0
162,1,19,4169.0
162,1,20,0.0
162,1,21,5157.0
162,1,22,5304.0
162,1,23,4094.0
162,1,24,2935.0
162,1,25,5230.0
162,1,26,3471.0
162,1,27,6712.0
162,1,28,3058.0
162,1,29,5179.0
162,1,30,0.0
162,2,1,2975.0
162,2,2,4694.0
162,2,3,0.0
162,2,4,0.0
162,2,5,2830.0
162,2,6,3823.0
162,2,7,0.0
162,2,8,0.0
162,2,9,
162,2,10,3937.0
162,2,11,4764.0
162,2,12,4104.0
162,2,13,0.0
162,2,14,0.0
162,2,15,0.0
162,2,16,4379.0
162,2,17,2374.0
162,2,18,3309.0
162,2,19,0.0
162,2,20,4896.0
162,2,21,0.0
162,2,22,
162,2,23,5384.0
162,2,24,3459.0
162,2,25,7083.0
162,2,26,4639.0
162,2,27,1952.0
162,2,28,0.0
162,2,29,3949.0
162,2,30,4497.0
162,3,1,5313.0
162,3,2,4437.0
162,3,3,0.0
162,3,4,
162,3,5,5522.0
162,3,6,0.0
162,3,7,6755.0
162,3,8,
162,3,9,
162,3,10,4198.0
162,3,11,0.0
162,3,12,4594.0
162,3,13,4270.0
162,3,14,0.0
162,3,15,3965.0
162,3,16,3326.0
162,3,17,2919.0
162,3,18,4172.0
162,3,19,0.0
162,3,20,2670.0
162,3,21,
162,3,22,0.0
162,3,23,5608.0
162,3,24,3132.0
162,3,25,6687.0
162,3,26,2867.0
162,3,27,5261.0
162,3,28,5203.0
162,3,29,3738.0
162,3,30,0.0
163,1,1,11539.0
163,1,2,12054.0
163,1,3,10723.0
163,1,4,11550.0
163,1,5,12628.0
163,1,6,10506.0
163,1,7,11977.0
163,1,8,10839.0
163,1,9,12301.0
163,1,10,12519.0
163,1,11,11039.0
163,1,12,11394.0
163,1,13,10348.0
163,1,14,11642.0
163,1,15,9767.0
163,1,16,11627.0
163,1,17,11801.0
163,1,18,11336.0
163,1,19,10426.0
163,1,20,12495.0
163,1,21,10418.0
163,1,22,12703.0
163,1,23,11310.0
163,1,24,13295.0
163,1,25,12118.0
163,1,26,10467.0
163,1,27,11801.0
163,1,28,12018.0
163,1,29,11412.0
163,1,30,11146.0
163,2,1,12563.0
163,2,2,10332.0
163,2,3,11280.0
163,2,4,14815.0
163,2,5,0.0
163,2,6,11310.0
163,2,7,8826.0
163,2,8,11974.0
163,2,9,10187.0
163,2,10,11568.0
163,2,11,9898.0
163,2,12,10919.0
163,2,13,10823.0
163,2,14,10198.0
163,2,15,11343.0
163,2,16,9704.0
163,2,17,11848.0
163,2,18,11908.0
163,2,19,10291.0
163,2,20,12451.0
163,2,21,10940.0
163,2,22,10111.0
163,2,23,9427.0
163,2,24,8246.0
163,2,25,12385.0
163,2,26,10409.0
163,2,27,
163,2,28,10520.0
163,2,29,9953.0
163,2,30,10683.0
163,3,1,11601.0
163,3,2,13508.0
163,3,3,11241.0
163,3,4,11352.0
163,3,5,10398.0
163,3,6,11281.0
163,3,7,10129.0
163,3,8,9781.0
163,3,9,10687.0
163,3,10,7686.0
163,3,11,9959.0
163,3,12,11311.0
163,3,13,10999.0
163,3,14,10556.0
163,3,15,10299.0
163,3,16,10842.0
163,3,17,10609.0
163,3,18,11503.0
163,3,19,12227.0
163,3,20,11759.0
163,3,21,11876.0
163,3,22,8780.0
163,3,23,11154.0
163,3,24,11348.0
163,3,25,12042.0
163,3,26,12150.0
163,3,27,12470.0
163,3,28,10628.0
163,3,29,10737.0
163,3,30,0.0
164,1,1,1156.0
164,1,2,1956.0
164,1,3,2984.0
164,1,4,1444.0
164,1,5,
164,1,6,2608.0
164,1,7,1309.0
164,1,8,3127.0
164,1,9,11.0
164,1,10,1262.0
164,1,11,298.0
164,1,12,3209.0
164,1,13,2869.0
164,1,14,1430.0
164,1,15,4347.0
164,1,16,
164,1,17,2214.0
164,1,18,1629.0
164,1,19,2190.0
164,1,20,2672.0
164,1,21,1703.0
164,1,22,1970.0
164,1,23,2921.0
164,1,24,321.0
164,1,25,2988.0
164,1,26,3193.0
164,1,27,1147.0
164,1,28,507.0
164,1,29,910.0
164,1,30,0.0
164,2,1,0.0
164,2,2,3677.0
164,2,3,2430.0
164,2,4,2456.0
164,2,5,3099.0
164,2,6,0.0
164,2,7,2341.0
164,2,8,4694.0
164,2,9,0.0
164,2,10,2739.0
164,2,11,2606.0
164,2,12,
164,2,13,2690.0
164,2,14,0.0
164,2,15,1896.0
164,2,16,806.0
164,2,17,3911.0
164,2,18,1345.0
164,2,19,0.0
164,2,20,2812.0
164,2,21,
164,2,22,1183.0
164,2,23,2320.0
164,2,24,245.0
164,2,25,2689.0
164,2,26,2969.0
164,2,27,2078.0
164,2,28,1871.0
164,2,29,435.0
164,2,30,0.0
164,3,1,
164,3,2,1875.0
164,3,3,0.0
164,3,4,3567.0
164,3,5,2386.0
164,3,6,0.0
164,3,7,2155.0
164,3,8,
164,3,9,0.0
164,3,10,0.0
164,3,11,1434.0
164,3,12,0.0
164,3,13,4977.0
164,3,14,0.0
164,3,15,
164,3,16,0.0
164,3,17,1592.0
164,3,18,4718.0
164,3,19,1559.0
164,3,20,1875.0
164,3,21,1825.0
164,3,22,4045.0
164,3,23,1387.0
164,3,24,
164,3,25,1748.0
164,3,26,2677.0
164,3,27,0.0
164,3,28,2412.0
164,3,29,2819.0
164,3,30,3462.0
165,1,1,14039.0
165,1,2,12223.0
165,1,3,12466.0
165,1,4,12889.0
165,1,5,11829.0
165,1,6,12260.0
165,1,7,12741.0
165,1,8,12284.0
165,1,9,11904.0
165,1,10,12424.0
165,1,11,14501.0
165,1,12,14608.0
165,1,13,11735.0
165,1,14,11071.0
165,1,15,12688.0
165,1,16,11390.0
165,1,17,11737.0
165,1,18,13163.0
165,1,19,12135.0
165,1,20,14162.0
165,1,21,11996.0
165,1,22,13055.0
165,1,23,14597.0
165,1,24,12130.0
165,1,25,11213.0
165,1,26,11628.0
165,1,27,14393.0
165,1,28,11915.0
165,1,29,11401.0
165,1,30,13543.0
165,2,1,11368.0
165,2,2,12786.0
165,2,3,0.0
165,2,4,11233.0
165,2,5,11348.0
165,2,6,12376.0
165,2,7,12240.0
165,2,8,10057.0
165,2,9,13703.0
165,2,10,12736.0
165,2,11,12389.0
165,2,12,12520.0
165,2,13,12375.0
165,2,14,11515.0
165,2,15,13260.0
165,2,16,10341.0
165,2,17,12083.0
165,2,18,11803.0
165,2,19,12105.0
165,2,20,10511.0
165,2,21,13236.0
165,2,22,12398.0
165,2,23,12535.0
165,2,24,13174.0
165,2,25,13096.0
165,2,26,13019.0
165,2,27,12551.0
165,2,28,13632.0
165,2,29,11773.0
165,2,30,12390.0
165,3,1,12129.0
165,3,2,12178.0
165,3,3,0.0
165,3,4,11955.0
165,3,5,12157.0
165,3,6,12376.0
165,3,7,13082.0
165,3,8,11854.0
165,3,9,0.0
165,3,10,11863.0
165,3,11,12957.0
165,3,12,13460.0
165,3,13,14102.0
165,3,14,11262.0
165,3,15,12426.0
165,3,16,13759.0
165,3,17,14720.0
165,3,18,12864.0
165,3,19,13363.0
165,3,20,
165,3,21,10002.0
165,3,22,13172.0
165,3,23,12462.0
165,3,24,10919.0
165,3,25,13173.0
165,3,26,11860.0
165,3,27,13595.0
165,3,28,14913.0
165,3,29,10970.0
165,3,30,11527.0
166,1,1,9674.0
166,1,2,10540.0
166,1,3,9513.0
166,1,4,8553.0
166,1,5,9960.0
166,1,6,8610.0
166,1,7,9000.0
166,1,8,10657.0
166,1,9,8908.0
166,1,10,8636.0
166,1,11,9056.0
166,1,12,10101.0
166,1,13,7772.0
166,1,14,9952.0
166,1,15,
166,1,16,10139.0
166,1,17,9511.0
166,1,18,9031.0
166,1,19,9489.0
166,1,20,9180.0
166,1,21,8840.0
166,1,22,7824.0
166,1,23,8537.0
166,1,24,9804.0
166,1,25,0.0
166,1,26,9309.0
166,1,27,9680.0
166,1,28,10140.0
166,1,29,9108.0
166,1,30,7150.0
166,2,1,10047.0
166,2,2,8938.0
166,2,3,9852.0
166,2,4,10463.0
166,2,5,0.0
166,2,6,10352.0
166,2,7,0.0
166,2,8,0.0
166,2,9,9356.0
166,2,10,10309.0
166,2,11,8599.0
166,2,12,8959.0
166,2,13,10535.0
166,2,14,6804.0
166,2,15,
166,2,16,9393.0
166,2,17,8814.0
166,2,18,10442.0
166,2,19,8148.0
166,2,20,10314.0
166,2,21,10784.0
166,2,22,10006.0
166,2,23,8878.0
166,2,24,9685.0
166,2,25,8643.0
166,2,26,
166,2,27,11368.0
166,2,28,8183.0
166,2,29,8875.0
166,2,30,10361.0
166,3,1,7539.0
166,3,2,9187.0
166,3,3,10111.0
166,3,4,7609.0
166,3,5,10545.0
166,3,6,
166,3,7,9194.0
166,3,8,9619.0
166,3,9,9147.0
166,3,10,9890.0
166,3,11,8278.0
166,3,12,8876.0
166,3,13,11693.0
166,3,14,9859.0
166,3,15,10593.0
166,3,16,8550.0
166,3,17,10588.0
166,3,18,9224.0
166,3,19,10634.0
166,3,20,11259.0
166,3,21,8840.0
166,3,22,10251.0
166,3,23,9763.0
166,3,24,9100.0
166,3,25,8925.0
166,3,26,9699.0
166,3,27,8711.0
166,3,28,9433.0
166,3,29,10330.0
166,3,30,0.0
167,1,1,3594.0
167,1,2,0.0
167,1,3,1708.0
167,1,4,3266.0
167,1,5,3097.0
167,1,6,832.0
167,1,7,2879.0
167,1,8,1827.0
167,1,9,1792.0
167,1,10,0.0
167,1,11,2190.0
167,1,12,2811.0
167,1,13,2955.0
167,1,14,2192.0
167,1,15,4341.0
167,1,16,5881.0
167,1,17,2579.0
167,1,18,
167,1,19,1216.0
167,1,20,0.0
167,1,21,4910.0
167,1,22,4605.0
167,1,23,3616.0
167,1,24,3203.0
167,1,25,4000.0
167,1,26,0.0
167,1,27,3046.0
167,1,28,3138.0
167,1,29,0.0
167,1,30,3495.0
167,2,1,1884.0
167,2,2,880.0
167,2,3,2216.0
167,2,4,4073.0
167,2,5,4793.0
167,2,6,0.0
167,2,7,0.0
167,2,8,1405.0
167,2,9,1858.0
167,2,10,4353.0
167,2,11,0.0
167,2,12,2010.0
167,2,13,2509.0
167,2,14,2864.0
167,2,15,782.0
167,2,16,2005.0
167,2,17,3769.0
167,2,18,0.0
167,2,19,0.0
167,2,20,2577.0
167,2,21,
167,2,22,3083.0
167,2,23,1618.0
167,2,24,4877.0
167,2,25,1173.0
167,2,26,0.0
167,2,27,3718.0
167,2,28,0.0
167,2,29,1657.0
167,2,30,2999.0
167,3,1,
167,3,2,2836.0
167,3,3,0.0
167,3,4,4618.0
167,3,5,4468.0
167,3,6,3391.0
167,3,7,0.0
167,3,8,4430.0
167,3,9,4758.0
167,3,10,2084.0
167,3,11,3624.0
167,3,12,3638.0
167,3,13,3025.0
167,3,14,1607.0
167,3,15,1914.0
167,3,16,0.0
167,3,17,2160.0
167,3,18,4018.0
167,3,19,2085.0
167,3,20,1207.0
167,3,21,0.0
167,3,22,0.0
167,3,23,0.0
167,3,24,0.0
167,3,25,3245.0
167,3,26,0.0
167,3,27,2598.0
167,3,28,
167,3,29,4237.0
167,3,30,2755.0
168,1,1,4146.0
168,1,2,1838.0
168,1,3,0.0
168,1,4,0.0
168,1,5,1893.0
168,1,6,5227.0
168,1,7,4375.0
168,1,8,3366.0
168,1,9,0.0
168,1,10,3791.0
168,1,11,4682.0
168,1,12,0.0
168,1,13,0.0
168,1,14,1562.0
168,1,15,2367.0
168,1,16,1717.0
168,1,17,0.0
168,1,18,4201.0
168,1,19,2838.0
168,1,20,2682.0
168,1,21,3687.0
168,1,22,2645.0
168,1,23,3054.0
168,1,24,5036.0
168,1,25,1887.0
168,1,26,4830.0
168,1,27,6400.0
168,1,28,1951.0
168,1,29,2077.0
168,1,30,3879.0
168,2,1,1128.0
168,2,2,3390.0
168,2,3,2515.0
168,2,4,4599.0
168,2,5,0.0
168,2,6,2912.0
168,2,7,4467.0
168,2,8,3928.0
168,2,9,2785.0
168,2,10,2485.0
168,2,11,0.0
168,2,12,4369.0
168,2,13,0.0
168,2,14,2982.0
168,2,15,
168,2,16,0.0
168,2,17,3123.0
168,2,18,3825.0
168,2,19,3268.0
168,2,20,
168,2,21,2637.0
168,2,22,4769.0
168,2,23,0.0
168,2,24,1960.0
168,2,25,2701.0
168,2,26,0.0
168,2,27,4103.0
168,2,28,3044.0
168,2,29,3921.0
168,2,30,3995.0
168,3,1,0.0
168,3,2,0.0
168,3,3,0.0
168,3,4,2734.0
168,3,5,2207.0
168,3,6,0.0
168,3,7,3342.0
168,3,8,2499.0
168,3,9,3402.0
168,3,10,5078.0
168,3,11,3351.0
168,3,12,4453.0
168,3,13,0.0
168,3,14,4200.0
168,3,15,3862.0
168,3,16,2956.0
168,3,17,0.0
168,3,18,4401.0
168,3,19,2933.0
168,3,20,5390.0
168,3,21,3393.0
168,3,22,
168,3,23,3397.0
168,3,24,3120.0
168,3,25,3549.0
168,3,26,2237.0
168,3,27,0.0
168,3,28,
168,3,29,3835.0
168,3,30,
169,1,1,10040.0
169,1,2,10547.0
169,1,3,10845.0
169,1,4,9980.0
169,1,5,11921.0
169,1,6,11473.0
169,1,7,9769.0
169,1,8,10530.0
169,1,9,11082.0
169,1,10,11678.0
169,1,11,10853.0
169,1,12,11617.0
169,1,13,11283.0
169,1,14,11741.0
169,1,15,10192.0
169,1,16,11505.0
169,1,17,10885.0
169,1,18,8574.0
169,1,19,12078.0
169,1,20,10172.0
169,1,21,11302.0
169,1,22,11016.0
169,1,23,10783.0
169,1,24,10574.0
169,1,25,10644.0
169,1,26,12646.0
169,1,27,10755.0
169,1,28,12553.0
169,1,29,10782.0
169,1,30,11119.0
169,2,1,10950.0
169,2,2,
169,2,3,12623.0
169,2,4,11119.0
169,2,5,11126.0
169,2,6,10585.0
169,2,7,9672.0
169,2,8,10173.0
169,2,9,12198.0
169,2,10,9423.0
169,2,11,9486.0
169,2,12,9753.0
169,2,13,11872.0
169,2,14,
169,2,15,9142.0
169,2,16,11136.0
169,2,17,11332.0
169,2,18,10751.0
169,2,19,9554.0
169,2,20,10300.0
169,2,21,11299.0
169,2,22,11436.0
169,2,23,9175.0
169,2,24,10980.0
169,2,25,10224.0
169,2,26,10915.0
169,2,27,9623.0
169,2,28,9304.0
169,2,29,10725.0
169,2,30,10813.0
169,3,1,0.0
169,3,2,9354.0
169,3,3,9891.0
169,3,4,9509.0
169,3,5,11599.0
169,3,6,10758.0
169,3,7,9850.0
169,3,8,10277.0
169,3,9,
169,3,10,12146.0
169,3,11,11127.0
169,3,12,10882.0
169,3,13,10825.0
169,3,14,9637.0
169,3,15,11021.0
169,3,16,11815.0
169,3,17,11129.0
169,3,18,10620.0
169,3,19,11765.0
169,3,20,11131.0
169,3,21,10191.0
169,3,22,11762.0
169,3,23,10436.0
169,3,24,9870.0
169,3,25,10082.0
169,3,26,10349.0
169,3,27,9592.0
169,3,28,12186.0
169,3,29,9268.0
169,3,30,11446.0
170,1,1,5576.0
170,1,2,5776.0
170,1,3,5175.0
170,1,4,5914.0
170,1,5,5260.0
170,1,6,4987.0
170,1,7,4152.0
170,1,8,5685.0
170,1,9,5704.0
170,1,10,0.0
170,1,11,0.0
170,1,12,0.0
170,1,13,4649.0
170,1,14,5343.0
170,1,15,5992.0
170,1,16,6183.0
170,1,17,
170,1,18,5952.0
170,1,19,0.0
170,1,20,0.0
170,1,21,
170,1,22,4136.0
170,1,23,5309.0
170,1,24,5222.0
170,1,25,0.0
170,1,26,6549.0
170,1,27,5128.0
170,1,28,4151.0
170,1,29,0.0
170,1,30,3812.0
170,2,1,0.0
170,2,2,4846.0
170,2,3,4055.0
170,2,4,5724.0
170,2,5,4299.0
170,2,6,
170,2,7,5153.0
170,2,8,3695.0
170,2,9,0.0
170,2,10,0.0
170,2,11,0.0
170,2,12,3897.0
170,2,13,4778.0
170,2,14,7051.0
170,2,15,6116.0
170,2,16,4252.0
170,2,17,6462.0
170,2,18,6525.0
170,2,19,
170,2,20,0.0
170,2,21,4938.0
170,2,22,0.0
170,2,23,3476.0
170,2,24,3657.0
170,2,25,3901.0
170,2,26,5259.0
170,2,27,5833.0
170,2,28,
170,2,29,4281.0
170,2,30,4545.0
170,3,1,5315.0
170,3,2,0.0
170,3,3,0.0
170,3,4,5869.0
170,3,5,4774.0
170,3,6,5790.0
170,3,7,
170,3,8,5450.0
170,3,9,5494.0
170,3,10,4772.0
170,3,11,5561.0
170,3,12,
170,3,13,4990.0
170,3,14,
170,3,15,
170,3,16,0.0
170,3,17,5025.0
170,3,18,4405.0
170,3,19,6026.0
170,3,20,0.0
170,3,21,0.0
170,3,22,0.0
170,3,23,3517.0
170,3,24,5023.0
170,3,25,6929.0
170,3,26,
170,3,27,6231.0
170,3,28,0.0
170,3,29,5588.0
170,3,30,6250.0
171,1,1,3546.0
171,1,2,4034.0
171,1,3,2383.0
171,1,4,
171,1,5,3958.0
171,1,6,3761.0
171,1,7,0.0
171,1,8,2187.0
171,1,9,0.0
171,1,10,2342.0
171,1,11,2960.0
171,1,12,4359.0
171,1,13,0.0
171,1,14,2384.0
171,1,15,2427.0
171,1,16,4244.0
171,1,17,3022.0
171,1,18,3561.0
171,1,19,3178.0
171,1,20,4000.0
171,1,21,2367.0
171,1,22,1416.0
171,1,23,3031.0
171,1,24,3278.0
171,1,25,0.0
171,1,26,3884.0
171,1,27,2689.0
171,1,28,3180.0
171,1,29,4643.0
171,1,30,2940.0
171,2,1,3168.0
171,2,2,3431.0
171,2,3,2031.0
171,2,4,3487.0
171,2,5,3514.0
171,2,6,3179.0
171,2,7,3892.0
171,2,8,2077.0
171,2,9,2546.0
171,2,10,2276.0
171,2,11,3102.0
171,2,12,0.0
171,2,13,0.0
171,2,14,2565.0
171,2,15,3043.0
171,2,16,1634.0
171,2,17,0.0
171,2,18,4489.0
171,2,19,4288.0
171,2,20,3701.0
171,2,21,3408.0
171,2,22,3508.0
171,2,23,3423.0
171,2,24,3974.0
171,2,25,
171,2,26,2887.0
171,2,27,3505.0
171,2,28,2471.0
171,2,29,1587.0
171,2,30,2910.0
171,3,1,0.0
171,3,2,2722.0
171,3,3,1154.0
171,3,4,3015.0
171,3,5,3505.0
171,3,6,4947.0
171,3,7,2539.0
171,3,8,3244.0
171,3,9,0.0
171,3,10,
171,3,11,
171,3,12,4062.0
171,3,13,2819.0
171,3,14,2412.0
171,3,15,2717.0
171,3,16,3478.0
171,3,17,2525.0
171,3,18,4481.0
171,3,19,0.0
171,3,20,5098.0
171,3,21,3021.0
171,3,22,2079.0
171,3,23,0.0
171,3,24,0.0
171,3,25,0.0
171,3,26,0.0
171,3,27,0.0
171,3,28,1568.0
171,3,29,0.0
171,3,30,
172,1,1,4543.0
172,1,2,0.0
172,1,3,
172,1,4,5746.0
172,1,5,6347.0
172,1,6,4818.0
172,1,7,5023.0
172,1,8,6264.0
172,1,9,3897.0
172,1,10,4697.0
172,1,11,5005.0
172,1,12,5265.0
172,1,13,6311.0
172,1,14,4873.0
172,1,15,6083.0
172,1,16,4383.0
172,1,17,5715.0
172,1,18,3683.0
172,1,19,0.0
172,1,20,5079.0
172,1,21,4510.0
172,1,22,5832.0
172,1,23,4988.0
172,1,24,5489.0
172,1,25,4794.0
172,1,26,4567.0
172,1,27,4233.0
172,1,28,4683.0
172,1,29,3445.0
172,1,30,5272.0
172,2,1,4596.0
172,2,2,6024.0
172,2,3,4937.0
172,2,4,3176.0
172,2,5,5144.0
172,2,6,6992.0
172,2,7,0.0
172,2,8,5360.0
172,2,9,4840.0
172,2,10,7073.0
172,2,11,5736.0
172,2,12,0.0
172,2,13,
172,2,14,0.0
172,2,15,4120.0
172,2,16,0.0
172,2,17,0.0
172,2,18,5699.0
172,2,19,5601.0
172,2,20,5126.0
172,2,21,6151.0
172,2,22,5693.0
172,2,23,4411.0
172,2,24,0.0
172,2,25,0.0
172,2,26,0.0
172,2,27,4087.0
172,2,28,4338.0
172,2,29,0.0
172,2,30,5759.0
172,3,1,5348.0
172,3,2,6163.0
172,3,3,5450.0
172,3,4,5717.0
172,3,5,5258.0
172,3,6,4377.0
172,3,7,4335.0
172,3,8,4119.0
172,3,9,4379.0
172,3,10,6191.0
172,3,11,5582.0
172,3,12,4808.0
172,3,13,
172,3,14,5378.0
172,3,15,5536.0
172,3,16,5135.0
172,3,17,4420.0
172,3,18,
172,3,19,5641.0
172,3,20,5725.0
172,3,21,
172,3,22,0.0
172,3,23,4368.0
172,3,24,4112.0
172,3,25,
172,3,26,6746.0
172,3,27,4468.0
172,3,28,5917.0
172,3,29,0.0
172,3,30,0.0
173,1,1,6131.0
173,1,2,5859.0
173,1,3,5868.0
173,1,4,5295.0
173,1,5,0.0
173,1,6,6834.0
173,1,7,4167.0
173,1,8,6585.0
173,1,9,0.0
173,1,10,4822.0
173,1,11,6104.0
173,1,12,5991.0
173,1,13,7381.0
173,1,14,5732.0
173,1,15,7661.0
173,1,16,7321.0
173,1,17,5317.0
173,1,18,6305.0
173,1,19,6024.0
173,1,20,
173,1,21,5566.0
173,1,22,0.0
173,1,23,6515.0
173,1,24,4632.0
173,1,25,6860.0
173,1,26,6123.0
173,1,27,5448.0
173,1,28,7930.0
173,1,29,5768.0
173,1,30,4738.0
173,2,1,5053.0
173,2,2,6593.0
173,2,3,5492.0
173,2,4,0.0
173,2,5,5860.0
173,2,6,4712.0
173,2,7,0.0
173,2,8,6965.0
173,2,9,6425.0
173,2,10,4713.0
173,2,11,5416.0
173,2,12,
173,2,13,6310.0
173,2,14,6080.0
173,2,15,6096.0
173,2,16,5860.0
173,2,17,5824.0
173,2,18,4942.0
173,2,19,0.0
173,2,20,5490.0
173,2,21,7033.0
173,2,22,6181.0
173,2,23,5674.0
173,2,24,7089.0
173,2,25,
173,2,26,7043.0
173,2,27,6686.0
173,2,28,6969.0
173,2,29,6064.0
173,2,30,6876.0
173,3,1,6649.0
173,3,2,0.0
173,3,3,0.0
173,3,4,0.0
173,3,5,6695.0
173,3,6,8792.0
173,3,7,5943.0
173,3,8,0.0
173,3,9,
173,3,10,5512.0
173,3,11,5918.0
173,3,12,5265.0
173,3,13,
173,3,14,7933.0
173,3,15,0.0
173,3,16,0.0
173,3,17,4605.0
173,3,18,
173,3,19,0.0
173,3,20,7130.0
173,3,21,0.0
173,3,22,6195.0
173,3,23,4731.0
173,3,24,6900.0
173,3,25,0.0
173,3,26,5728.0
173,3,27,6383.0
173,3,28,5208.0
173,3,29,5864.0
173,3,30,5622.0
174,1,1,13112.0
174,1,2,11137.0
174,1,3,10042.0
174,1,4,11657.0
174,1,5,10676.0
174,1,6,10481.0
174,1,7,10862.0
174,1,8,10796.0
174,1,9,11885.0
174,1,10,12103.0
174,1,11,11769.0
174,1,12,10672.0
174,1,13,10696.0
174,1,14,11428.0
174,1,15,11185.0
174,1,16,11521.0
174,1,17,11852.0
174,1,18,11417.0
174,1,19,12023.0
174,1,20,11692.0
174,1,21,0.0
174,1,22,12069.0
174,1,23,10415.0
174,1,24,11151.0
174,1,25,11705.0
174,1,26,11408.0
174,1,27,12487.0
174,1,28,11913.0
174,1,29,13363.0
174,1,30,13472.0
174,2,1,11673.0
174,2,2,10943.0
174,2,3,10797.0
174,2,4,12295.0
174,2,5,11928.0
174,2,6,13015.0
174,2,7,12136.0
174,2,8,12045.0
174,2,9,10009.0
174,2,10,11774.0
174,2,11,12956.0
174,2,12,11499.0
174,2,13,10419.0
174,2,14,10622.0
174,2,15,11607.0
174,2,16,12859.0
174,2,17,11047.0
174,2,18,9399.0
174,2,19,11640.0
174,2,20,11710.0
174,2,21,11353.0
174,2,22,12127.0
174,2,23,10217.0
174,2,24,11476.0
174,2,25,11078.0
174,2,26,9540.0
174,2,27,12161.0
174,2,28,11863.0
174,2,29,10821.0
174,2,30,0.0
174,3,1,12076.0
174,3,2,12061.0
174,3,3,11224.0
174,3,4,10682.0
174,3,5,11513.0
174,3,6,12018.0
174,3,7,10748.0
174,3,8,11390.0
174,3,9,10190.0
174,3,10,12272.0
174,3,11,13071.0
174,3,12,11063.0
174,3,13,10847.0
174,3,14,12479.0
174,3,15,12460.0
174,3,16,12159.0
174,3,17,10395.0
174,3,18,9080.0
174,3,19,11349.0
174,3,20,14376.0
174,3,21,11888.0
174,3,22,11068.0
174,3,23,12438.0
174,3,24,10885.0
174,3,25,9945.0
174,3,26,11064.0
174,3,27,11801.0
174,3,28,10532.0
174,3,29,11702.0
174,3,30,11344.0
175,1,1,8102.0
175,1,2,9604.0
175,1,3,6137.0
175,1,4,8444.0
175,1,5,0.0
175,1,6,8593.0
175,1,7,6150.0
175,1,8,7373.0
175,1,9,5514.0
175,1,10,7262.0
175,1,11,8890.0
175,1,12,6642.0
175,1,13,7023.0
175,1,14,7589.0
175,1,15,8305.0
175,1,16,6812.0
175,1,17,8762.0
175,1,18,7575.0
175,1,19,
175,1,20,0.0
175,1,21,7655.0
175,1,22,8669.0
175,1,23,5503.0
175,1,24,6649.0
175,1,25,7943.0
175,1,26,0.0
175,1,27,7730.0
175,1,28,6383.0
175,1,29,6616.0
175,1,30,7385.0
175,2,1,8927.0
175,2,2,8000.0
175,2,3,8067.0
175,2,4,8529.0
175,2,5,8238.0
175,2,6,7950.0
175,2,7,7128.0
175,2,8,
175,2,9,5207.0
175,2,10,0.0
175,2,11,0.0
175,2,12,8207.0
175,2,13,6033.0
175,2,14,7220.0
175,2,15,
175,2,16,7361.0
175,2,17,
175,2,18,8444.0
175,2,19,0.0
175,2,20,5201.0
175,2,21,7852.0
175,2,22,6186.0
175,2,23,7685.0
175,2,24,8002.0
175,2,25,
175,2,26,0.0
175,2,27,6632.0
175,2,28,0.0
175,2,29,0.0
175,2,30,6061.0
175,3,1,0.0
175,3,2,0.0
175,3,3,0.0
175,3,4,6483.0
175,3,5,8659.0
175,3,6,0.0
175,3,7,7028.0
175,3,8,0.0
175,3,9,
175,3,10,0.0
175,3,11,0.0
175,3,12,0.0
175,3,13,7122.0
175,3,14,0.0
175,3,15,7505.0
175,3,16,7468.0
175,3,17,6999.0
175,3,18,8722.0
175,3,19,6857.0
175,3,20,7185.0
175,3,21,5931.0
175,3,22,7964.0
175,3,23,
175,3,24,6575.0
175,3,25,6147.0
175,3,26,
175,3,27,0.0
175,3,28,0.0
175,3,29,7174.0
175,3,30,6893.0
176,1,1,5507.0
176,1,2,7047.0
176,1,3,4111.0
176,1,4,3266.0
176,1,5,6019.0
176,1,6,4289.0
176,1,7,6091.0
176,1,8,5972.0
176,1,9,4590.0
176,1,10,0.0
176,1,11,4009.0
176,1,12,5576.0
176,1,13,4572.0
176,1,14,4863.0
176,1,15,4250.0
176,1,16,6082.0
176,1,17,5270.0
176,1,18,5868.0
176,1,19,4956.0
176,1,20,6452.0
176,1,21,4223.0
176,1,22,5020.0
176,1,23,5528.0
176,1,24,3991.0
176,1,25,6200.0
176,1,26,5307.0
176,1,27,0.0
176,1,28,5896.0
176,1,29,4690.0
176,1,30,3404.0
176,2,1,0.0
176,2,2,3736.0
176,2,3,6773.0
176,2,4,
176,2,5,3834.0
176,2,6,6261.0
176,2,7,5294.0
176,2,8,5312.0
176,2,9,5696.0
176,2,10,5824.0
176,2,11,4977.0
176,2,12,5424.0
176,2,13,5223.0
176,2,14,3563.0
176,2,15,5418.0
176,2,16,6536.0
176,2,17,6937.0
176,2,18,
176,2,19,0.0
176,2,20,5862.0
176,2,21,0.0
176,2,22,5260.0
176,2,23,4838.0
176,2,24,6707.0
176,2,25,4715.0
176,2,26,5628.0
176,2,27,5907.0
176,2,28,
176,2,29,4586.0
176,2,30,4558.0
176,3,1,5054.0
176,3,2,
176,3,3,5141.0
176,3,4,
176,3,5,
176,3,6,
176,3,7,3594.0
176,3,8,6024.0
176,3,9,4111.0
176,3,10,0.0
176,3,11,5133.0
176,3,12,0.0
176,3,13,5420.0
176,3,14,4329.0
176,3,15,
176,3,16,0.0
176,3,17,6821.0
176,3,18,6115.0
176,3,19,0.0
176,3,20,6257.0
176,3,21,
176,3,22,0.0
176,3,23,6489.0
176,3,24,5004.0
176,3,25,5001.0
176,3,26,
176,3,27,4329.0
176,3,28,6587.0
176,3,29,5910.0
176,3,30,5959.0
177,1,1,5583.0
177,1,2,4673.0
177,1,3,4507.0
177,1,4,3072.0
177,1,5,3657.0
177,1,6,0.0
177,1,7,4767.0
177,1,8,3281.0
177,1,9,3572.0
177,1,10,5256.0
177,1,11,4222.0
177,1,12,4039.0
177,1,13,3483.0
177,1,14,6194.0
177,1,15,3751.0
177,1,16,0.0
177,1,17,4045.0
177,1,18,4294.0
177,1,19,4650.0
177,1,20,3645.0
177,1,21,4908.0
177,1,22,3415.0
177,1,23,3745.0
177,1,24,3905.0
177,1,25,3804.0
177,1,26,4473.0
177,1,27,3806.0
177,1,28,0.0
177,1,29,4220.0
177,1,30,4986.0
177,2,1,6337.0
177,2,2,2824.0
177,2,3,
177,2,4,4101.0
177,2,5,2973.0
177,2,6,4540.0
177,2,7,5326.0
177,2,8,3952.0
177,2,9,5637.0
177,2,10,0.0
177,2,11,3674.0
177,2,12,3610.0
177,2,13,5089.0
177,2,14,4642.0
177,2,15,2947.0
177,2,16,4179.0
177,2,17,3596.0
177,2,18,0.0
177,2,19,5674.0
177,2,20,4909.0
177,2,21,3796.0
177,2,22,2570.0
177,2,23,2824.0
177,2,24,4235.0
177,2,25,5733.0
177,2,26,
177,2,27,
177,2,28,0.0
177,2,29,0.0
177,2,30,5170.0
177,3,1,0.0
177,3,2,2550.0
177,3,3,
177,3,4,5531.0
177,3,5,
177,3,6,4623.0
177,3,7,
177,3,8,5808.0
177,3,9,0.0
177,3,10,0.0
177,3,11,4201.0
177,3,12,4880.0
177,3,13,
177,3,14,
177,3,15,3836.0
177,3,16,
177,3,17,0.0
177,3,18,0.0
177,3,19,3434.0
177,3,20,5513.0
177,3,21,5516.0
177,3,22,0.0
177,3,23,0.0
177,3,24,4615.0
177,3,25,4294.0
177,3,26,0.0
177,3,27,4453.0
177,3,28,4408.0
177,3,29,4093.0
177,3,30,3886.0
178,1,1,4216.0
178,1,2,
178,1,3,5925.0
178,1,4,5557.0
178,1,5,4745.0
178,1,6,4030.0
178,1,7,6589.0
178,1,8,5788.0
178,1,9,5417.0
178,1,10,4165.0
178,1,11,4681.0
178,1,12,0.0
178,1,13,6346.0
178,1,14,4708.0
178,1,15,5015.0
178,1,16,5197.0
178,1,17,0.0
178,1,18,6250.0
178,1,19,4461.0
178,1,20,3628.0
178,1,21,2034.0
178,1,22,5273.0
178,1,23,
178,1,24,0.0
178,1,25,
178,1,26,6080.0
178,1,27,5091.0
178,1,28,4400.0
178,1,29,5937.0
178,1,30,4994.0
178,2,1,
178,2,2,
178,2,3,3741.0
178,2,4,0.0
178,2,5,
178,2,6,0.0
178,2,7,4011.0
178,2,8,4727.0
178,2,9,4042.0
178,2,10,0.0
178,2,11,6634.0
178,2,12,3625.0
178,2,13,
178,2,14,4876.0
178,2,15,3885.0
178,2,16,3983.0
178,2,17,0.0
178,2,18,4265.0
178,2,19,
178,2,20,0.0
178,2,21,6572.0
178,2,22,5251.0
178,2,23,6333.0
178,2,24,3020.0
178,2,25,4831.0
178,2,26,6345.0
178,2,27,0.0
178,2,28,5012.0
178,2,29,4646.0
178,2,30,3447.0
178,3,1,5663.0
178,3,2,
178,3,3,6593.0
178,3,4,0.0
178,3,5,4138.0
178,3,6,4257.0
178,3,7,4947.0
178,3,8,
178,3,9,6393.0
178,3,10,0.0
178,3,11,0.0
178,3,12,4578.0
178,3,13,4885.0
178,3,14,4460.0
178,3,15,3512.0
178,3,16,0.0
178,3,17,2661.0
178,3,18,5852.0
178,3,19,4926.0
178,3,20,4019.0
178,3,21,6568.0
178,3,22,
178,3,23,4433.0
178,3,24,5211.0
178,3,25,0.0
178,3,26,0.0
178,3,27,0.0
178,3,28,5958.0
178,3,29,0.0
178,3,30,6436.0
179,1,1,4168.0
179,1,2,5056.0
179,1,3,6262.0
179,1,4,3378.0
179,1,5,5231.0
179,1,6,5708.0
179,1,7,5724.0
179,1,8,4742.0
179,1,9,5004.0
179,1,10,5608.0
179,1,11,6213.0
179,1,12,4206.0
179,1,13,5474.0
179,1,14,6624.0
179,1,15,0.0
179,1,16,6051.0
179,1,17,5377.0
179,1,18,6080.0
179,1,19,6311.0
179,1,20,5477.0
179,1,21,5330.0
179,1,22,5587.0
179,1,23,5555.0
179,1,24,5791.0
179,1,25,3907.0
179,1,26,5177.0
179,1,27,4856.0
179,1,28,5236.0
179,1,29,6198.0
179,1,30,6957.0
179,2,1,4332.0
179,2,2,
179,2,3,4011.0
179,2,4,5311.0
179,2,5,0.0
179,2,6,5477.0
179,2,7,5689.0
179,2,8,4366.0
179,2,9,0.0
179,2,10,5043.0
179,2,11,5100.0
179,2,12,5761.0
179,2,13,0.0
179,2,14,4319.0
179,2,15,4252.0
179,2,16,
179,2,17,0.0
179,2,18,6443.0
179,2,19,6800.0
179,2,20,5516.0
179,2,21,4407.0
179,2,22,5115.0
179,2,23,
179,2,24,0.0
179,2,25,5418.0
179,2,26,0.0
179,2,27,5981.0
179,2,28,4849.0
179,2,29,6078.0
179,2,30,5470.0
179,3,1,5023.0
179,3,2,5452.0
179,3,3,5945.0
179,3,4,
179,3,5,5328.0
179,3,6,0.0
179,3,7,0.0
179,3,8,4025.0
179,3,9,5004.0
179,3,10,0.0
179,3,11,4772.0
179,3,12,0.0
179,3,13,3969.0
179,3,14,
179,3,15,6230.0
179,3,16,
179,3,17,5120.0
179,3,18,0.0
179,3,19,
179,3,20,0.0
179,3,21,
179,3,22,3196.0
179,3,23,0.0
179,3,24,0.0
179,3,25,4684.0
179,3,26,
179,3,27,4791.0
179,3,28,0.0
179,3,29,0.0
179,3,30,
180,1,1,7646.0
180,1,2,8106.0
180,1,3,7708.0
180,1,4,8870.0
180,1,5,8154.0
180,1,6,6631.0
180,1,7,6978.0
180,1,8,7794.0
180,1,9,7816.0
180,1,10,6511.0
180,1,11,7627.0
180,1,12,9016.0
180,1,13,7021.0
180,1,14,6329.0
180,1,15,0.0
180,1,16,7149.0
180,1,17,9509.0
180,1,18,8319.0
180,1,19,7655.0
180,1,20,7567.0
180,1,21,7966.0
180,1,22,7341.0
180,1,23,8377.0
180,1,24,8039.0
180,1,25,8270.0
180,1,26,7593.0
180,1,27,9975.0
180,1,28,6859.0
180,1,29,8395.0
180,1,30,7396.0
180,2,1,8032.0
180,2,2,8158.0
180,2,3,9681.0
180,2,4,8176.0
180,2,5,7635.0
180,2,6,5071.0
180,2,7,7293.0
180,2,8,10296.0
180,2,9,8489.0
180,2,10,8650.0
180,2,11,6124.0
180,2,12,7360.0
180,2,13,8396.0
180,2,14,6528.0
180,2,15,7991.0
180,2,16,9206.0
180,2,17,7018.0
180,2,18,7210.0
180,2,19,8945.0
180,2,20,7364.0
180,2,21,7118.0
180,2,22,9340.0
180,2,23,7858.0
180,2,24,7008.0
180,2,25,9015.0
180,2,26,6851.0
180,2,27,7931.0
180,2,28,8118.0
180,2,29,7300.0
180,2,30,8592.0
180,3,1,7093.0
180,3,2,8663.0
180,3,3,7733.0
180,3,4,6954.0
180,3,5,7955.0
180,3,6,8228.0
180,3,7,6119.0
180,3,8,9218.0
180,3,9,7814.0
180,3,10,7486.0
180,3,11,8159.0
180,3,12,
180,3,13,
180,3,14,8185.0
180,3,15,0.0
180,3,16,8664.0
180,3,17,6612.0
180,3,18,7817.0
180,3,19,9843.0
180,3,20,8776.0
180,3,21,8187.0
180,3,22,8488.0
180,3,23,7701.0
180,3,24,8424.0
180,3,25,5529.0
180,3,26,6786.0
180,3,27,7580.0
180,3,28,0.0
180,3,29,8999.0
180,3,30,7580.0
181,1,1,8325.0
181,1,2,7902.0
181,1,3,8533.0
181,1,4,7635.0
181,1,5,7843.0
181,1,6,8740.0
181,1,7,8174.0
181,1,8,6990.0
181,1,9,9846.0
181,1,10,9131.0
181,1,11,9095.0
181,1,12,6848.0
181,1,13,6512.0
181,1,14,9333.0
181,1,15,7397.0
181,1,16,8560.0
181,1,17,7876.0
181,1,18,6577.0
181,1,19,7714.0
181,1,20,8727.0
181,1,21,8226.0
181,1,22,10065.0
181,1,23,9007.0
181,1,24,8794.0
181,1,25,8556.0
181,1,26,7511.0
181,1,27,7536.0
181,1,28,8381.0
181,1,29,7721.0
181,1,30,9853.0
181,2,1,8991.0
181,2,2,9461.0
181,2,3,6176.0
181,2,4,8774.0
181,2,5,6979.0
181,2,6,9649.0
181,2,7,8922.0
181,2,8,9061.0
181,2,9,9111.0
181,2,10,7828.0
181,2,11,10197.0
181,2,12,8981.0
181,2,13,8577.0
181,2,14,7927.0
181,2,15,8290.0
181,2,16,9594.0
181,2,17,
181,2,18,9113.0
181,2,19,7958.0
181,2,20,8528.0
181,2,21,8759.0
181,2,22,7406.0
181,2,23,7536.0
181,2,24,9097.0
181,2,25,9514.0
181,2,26,10073.0
181,2,27,7752.0
181,2,28,10455.0
181,2,29,8567.0
181,2,30,8012.0
181,3,1,6840.0
181,3,2,0.0
181,3,3,8261.0
181,3,4,7056.0
181,3,5,8473.0
181,3,6,7753.0
181,3,7,0.0
181,3,8,7598.0
181,3,9,8817.0
181,3,10,5932.0
181,3,11,8130.0
181,3,12,0.0
181,3,13,7537.0
181,3,14,9942.0
181,3,15,9924.0
181,3,16,9084.0
181,3,17,8890.0
181,3,18,8676.0
181,3,19,8949.0
181,3,20,10639.0
181,3,21,7206.0
181,3,22,8391.0
181,3,23,7899.0
181,3,24,0.0
181,3,25,8473.0
181,3,26,8239.0
181,3,27,8348.0
181,3,28,7825.0
181,3,29,9131.0
181,3,30,9513.0
182,1,1,8149.0
182,1,2,6738.0
182,1,3,9481.0
182,1,4,8402.0
182,1,5,7805.0
182,1,6,8860.0
182,1,7,9363.0
182,1,8,0.0
182,1,9,8363.0
182,1,10,10177.0
182,1,11,9827.0
182,1,12,8726.0
182,1,13,9888.0
182,1,14,0.0
182,1,15,8596.0
182,1,16,9818.0
182,1,17,9202.0
182,1,18,9811.0
182,1,19,9309.0
182,1,20,7723.0
182,1,21,7297.0
182,1,22,10786.0
182,1,23,7554.0
182,1,24,9233.0
182,1,25,8567.0
182,1,26,8958.0
182,1,27,10193.0
182,1,28,8938.0
182,1,29,10042.0
182,1,30,10672.0
182,2,1,9725.0
182,2,2,8275.0
182,2,3,9017.0
182,2,4,9887.0
182,2,5,9131.0
182,2,6,8338.0
182,2,7,10416.0
182,2,8,0.0
182,2,9,8831.0
182,2,10,9075.0
182,2,11,9997.0
182,2,12,9769.0
182,2,13,8803.0
182,2,14,10102.0
182,2,15,8442.0
182,2,16,10162.0
182,2,17,9434.0
182,2,18,9734.0
182,2,19,
182,2,20,10087.0
182,2,21,12616.0
182,2,22,9525.0
182,2,23,8539.0
182,2,24,7766.0
182,2,25,9045.0
182,2,26,9090.0
182,2,27,10094.0
182,2,28,10479.0
182,2,29,0.0
182,2,30,9726.0
182,3,1,8265.0
182,3,2,8547.0
182,3,3,0.0
182,3,4,8182.0
182,3,5,9809.0
182,3,6,10000.0
182,3,7,9165.0
182,3,8,11499.0
182,3,9,0.0
182,3,10,8923.0
182,3,11,8908.0
182,3,12,8753.0
182,3,13,11673.0
182,3,14,9857.0
182,3,15,11242.0
182,3,16,8708.0
182,3,17,8231.0
182,3,18,9435.0
182,3,19,9222.0
182,3,20,9854.0
182,3,21,10157.0
182,3,22,7420.0
182,3,23,11317.0
182,3,24,9480.0
182,3,25,9785.0
182,3,26,10735.0
182,3,27,8423.0
182,3,28,9097.0
182,3,29,8140.0
182,3,30,8278.0
183,1,1,7759.0
183,1,2,4906.0
183,1,3,0.0
183,1,4,7391.0
183,1,5,6656.0
183,1,6,6266.0
183,1,7,7709.0
183,1,8,5429.0
183,1,9,7373.0
183,1,10,5552.0
183,1,11,0.0
183,1,12,6347.0
183,1,13,7976.0
183,1,14,6437.0
183,1,15,6586.0
183,1,16,5532.0
183,1,17,0.0
183,1,18,5578.0
183,1,19,6302.0
183,1,20,6353.0
183,1,21,4780.0
183,1,22,0.0
183,1,23,7756.0
183,1,24,8075.0
183,1,25,6208.0
183,1,26,6760.0
183,1,27,4839.0
183,1,28,6440.0
183,1,29,
183,1,30,8290.0
183,2,1,5961.0
183,2,2,6577.0
183,2,3,5951.0
183,2,4,7004.0
183,2,5,
183,2,6,6982.0
183,2,7,0.0
183,2,8,
183,2,9,0.0
183,2,10,5564.0
183,2,11,0.0
183,2,12,7103.0
183,2,13,8011.0
183,2,14,7247.0
183,2,15,6431.0
183,2,16,6815.0
183,2,17,7760.0
183,2,18,6757.0
183,2,19,5119.0
183,2,20,7250.0
183,2,21,7293.0
183,2,22,6721.0
183,2,23,5896.0
183,2,24,7185.0
183,2,25,5285.0
183,2,26,0.0
183,2,27,0.0
183,2,28,6800.0
183,2,29,7536.0
183,2,30,6045.0
183,3,1,0.0
183,3,2,0.0
183,3,3,0.0
183,3,4,0.0
183,3,5,7574.0
183,3,6,6999.0
183,3,7,0.0
183,3,8,0.0
183,3,9,
183,3,10,6833.0
183,3,11,
183,3,12,6963.0
183,3,13,
183,3,14,
183,3,15,0.0
183,3,16,6949.0
183,3,17,0.0
183,3,18,0.0
183,3,19,0.0
183,3,20,
183,3,21,0.0
183,3,22,7373.0
183,3,23,0.0
183,3,24,4397.0
183,3,25,0.0
183,3,26,6048.0
183,3,27,6922.0
183,3,28,
183,3,29,0.0
183,3,30,9607.0
184,1,1,0.0
184,1,2,2194.0
184,1,3,1925.0
184,1,4,1341.0
184,1,5,
184,1,6,0.0
184,1,7,1192.0
184,1,8,1503.0
184,1,9,964.0
184,1,10,
184,1,11,113.0
184,1,12,2623.0
184,1,13,3197.0
184,1,14,624.0
184,1,15,3610.0
184,1,16,0.0
184,1,17,981.0
184,1,18,2574.0
184,1,19,1395.0
184,1,20,1750.0
184,1,21,1680.0
184,1,22,892.0
184,1,23,3462.0
184,1,24,
184,1,25,4172.0
184,1,26,1119.0
184,1,27,2061.0
184,1,28,307.0
184,1,29,1864.0
184,1,30,2236.0
184,2,1,1317.0
184,2,2,471.0
184,2,3,
184,2,4,3644.0
184,2,5,0.0
184,2,6,807.0
184,2,7,
184,2,8,910.0
184,2,9,
184,2,10,1157.0
184,2,11,
184,2,12,
184,2,13,0.0
184,2,14,3083.0
184,2,15,3197.0
184,2,16,2215.0
184,2,17,0.0
184,2,18,535.0
184,2,19,800.0
184,2,20,860.0
184,2,21,1773.0
184,2,22,0.0
184,2,23,0.0
184,2,24,1727.0
184,2,25,716.0
184,2,26,1604.0
184,2,27,1584.0
184,2,28,872.0
184,2,29,3217.0
184,2,30,2980.0
184,3,1,0.0
184,3,2,
184,3,3,584.0
184,3,4,831.0
184,3,5,0.0
184,3,6,2227.0
184,3,7,0.0
184,3,8,2037.0
184,3,9,1635.0
184,3,10,
184,3,11,1284.0
184,3,12,1207.0
184,3,13,2548.0
184,3,14,0.0
184,3,15,
184,3,16,0.0
184,3,17,2823.0
184,3,18,3105.0
184,3,19,2015.0
184,3,20,3792.0
184,3,21,0.0
184,3,22,
184,3,23,1492.0
184,3,24,166.0
184,3,25,1378.0
184,3,26,1848.0
184,3,27,457.0
184,3,28,
184,3,29,1450.0
184,3,30,0.0
185,1,1,5278.0
185,1,2,6648.0
185,1,3,7465.0
185,1,4,0.0
185,1,5,5615.0
185,1,6,7415.0
185,1,7,6792.0
185,1,8,5866.0
185,1,9,7796.0
185,1,10,7550.0
185,1,11,7800.0
185,1,12,0.0
185,1,13,7816.0
185,1,14,6715.0
185,1,15,8221.0
185,1,16,7670.0
185,1,17,8128.0
185,1,18,0.0
185,1,19,5614.0
185,1,20,5714.0
185,1,21,6420.0
185,1,22,8452.0
185,1,23,6531.0
185,1,24,5723.0
185,1,25,0.0
185,1,26,7483.0
185,1,27,5400.0
185,1,28,0.0
185,1,29,7226.0
185,1,30,6169.0
185,2,1,7194.0
185,2,2,6415.0
185,2,3,8659.0
185,2,4,
185,2,5,0.0
185,2,6,0.0
185,2,7,8506.0
185,2,8,7811.0
185,2,9,7869.0
185,2,10,8018.0
185,2,11,0.0
185,2,12,6530.0
185,2,13,0.0
185,2,14,5652.0
185,2,15,6571.0
185,2,16,0.0
185,2,17,8451.0
185,2,18,5841.0
185,2,19,7168.0
185,2,20,7230.0
185,2,21,0.0
185,2,22,7951.0
185,2,23,7323.0
185,2,24,0.0
185,2,25,7274.0
185,2,26,6441.0
185,2,27,0.0
185,2,28,7674.0
185,2,29,8012.0
185,2,30,0.0
185,3,1,7341.0
185,3,2,7521.0
185,3,3,7491.0
185,3,4,6950.0
185,3,5,8459.0
185,3,6,5650.0
185,3,7,5097.0
185,3,8,7143.0
185,3,9,7383.0
185,3,10,7141.0
185,3,11,6501.0
185,3,12,0.0
185,3,13,7439.0
185,3,14,0.0
185,3,15,0.0
185,3,16,
185,3,17,0.0
185,3,18,0.0
185,3,19,6490.0
185,3,20,
185,3,21,5940.0
185,3,22,7232.0
185,3,23,0.0
185,3,24,
185,3,25,0.0
185,3,26,7265.0
185,3,27,5542.0
185,3,28,6933.0
185,3,29,6252.0
185,3,30,0.0
186,1,1,8506.0
186,1,2,6091.0
186,1,3,0.0
186,1,4,9738.0
186,1,5,
186,1,6,7429.0
186,1,7,0.0
186,1,8,0.0
186,1,9,9208.0
186,1,10,8698.0
186,1,11,7404.0
186,1,12,
186,1,13,9603.0
186,1,14,8859.0
186,1,15,8253.0
186,1,16,8744.0
186,1,17,6927.0
186,1,18,7298.0
186,1,19,8433.0
186,1,20,9224.0
186,1,21,0.0
186,1,22,8107.0
186,1,23,
186,1,24,10239.0
186,1,25,8849.0
186,1,26,8032.0
186,1,27,7684.0
186,1,28,0.0
186,1,29,9063.0
186,1,30,7309.0
186,2,1,8608.0
186,2,2,7426.0
186,2,3,8904.0
186,2,4,8211.0
186,2,5,0.0
186,2,6,9550.0
186,2,7,6731.0
186,2,8,0.0
186,2,9,9628.0
186,2,10,7110.0
186,2,11,8526.0
186,2,12,10502.0
186,2,13,8345.0
186,2,14,0.0
186,2,15,
186,2,16,8330.0
186,2,17,7921.0
186,2,18,0.0
186,2,19,0.0
186,2,20,10322.0
186,2,21,8705.0
186,2,22,7108.0
186,2,23,10141.0
186,2,24,7938.0
186,2,25,8459.0
186,2,26,9503.0
186,2,27,10915.0
186,2,28,8446.0
186,2,29,9274.0
186,2,30,9122.0
186,3,1,8346.0
186,3,2,7861.0
186,3,3,8842.0
186,3,4,6964.0
186,3,5,8238.0
186,3,6,8461.0
186,3,7,9343.0
186,3,8,0.0
186,3,9,9194.0
186,3,10,9112.0
186,3,11,8543.0
186,3,12,9518.0
186,3,13,0.0
186,3,14,0.0
186,3,15,11004.0
186,3,16,8608.0
186,3,17,8301.0
186,3,18,7751.0
186,3,19,8320.0
186,3,20,0.0
186,3,21,9825.0
186,3,22,10207.0
186,3,23,0.0
186,3,24,0.0
186,3,25,8087.0
186,3,26,0.0
186,3,27,
186,3,28,9821.0
186,3,29,0.0
186,3,30,
187,1,1,3604.0
187,1,2,4641.0
187,1,3,3621.0
187,1,4,3697.0
187,1,5,0.0
187,1,6,6148.0
187,1,7,7211.0
187,1,8,4261.0
187,1,9,3636.0
187,1,10,5750.0
187,1,11,4692.0
187,1,12,5967.0
187,1,13,5830.0
187,1,14,3795.0
187,1,15,5718.0
187,1,16,0.0
187,1,17,4806.0
187,1,18,5481.0
187,1,19,5248.0
187,1,20,3870.0
187,1,21,
187,1,22,3456.0
187,1,23,0.0
187,1,24,5791.0
187,1,25,5552.0
187,1,26,6127.0
187,1,27,4216.0
187,1,28,4573.0
187,1,29,4165.0
187,1,30,4279.0
187,2,1,0.0
187,2,2,5745.0
187,2,3,2702.0
187,2,4,6369.0
187,2,5,6438.0
187,2,6,0.0
187,2,7,6634.0
187,2,8,4977.0
187,2,9,3773.0
187,2,10,0.0
187,2,11,4027.0
187,2,12,0.0
187,2,13,4847.0
187,2,14,7332.0
187,2,15,5662.0
187,2,16,4880.0
187,2,17,5480.0
187,2,18,4443.0
187,2,19,4611.0
187,2,20,5122.0
187,2,21,5515.0
187,2,22,
187,2,23,3804.0
187,2,24,5214.0
187,2,25,3982.0
187,2,26,0.0
187,2,27,4150.0
187,2,28,
187,2,29,5209.0
187,2,30,
187,3,1,4114.0
187,3,2,6140.0
187,3,3,5176.0
187,3,4,0.0
187,3,5,6786.0
187,3,6,4012.0
187,3,7,4165.0
187,3,8,6076.0
187,3,9,5261.0
187,3,10,0.0
187,3,11,0.0
187,3,12,0.0
187,3,13,
187,3,14,0.0
187,3,15,4959.0
187,3,16,3873.0
187,3,17,3892.0
187,3,18,0.0
187,3,19,4882.0
187,3,20,2703.0
187,3,21,3536.0
187,3,22,
187,3,23,5442.0
187,3,24,5598.0
187,3,25,
187,3,26,7610.0
187,3,27,0.0
187,3,28,4345.0
187,3,29,4579.0
187,3,30,0.0
188,1,1,9330.0
188,1,2,7739.0
188,1,3,6921.0
188,1,4,7947.0
188,1,5,7517.0
188,1,6,0.0
188,1,7,7809.0
188,1,8,6973.0
188,1,9,9310.0
188,1,10,7874.0
188,1,11,7178.0
188,1,12,
188,1,13,8082.0
188,1,14,8007.0
188,1,15,6844.0
188,1,16,
188,1,17,6539.0
188,1,18,8703.0
188,1,19,6584.0
188,1,20,8910.0
188,1,21,6102.0
188,1,22,0.0
188,1,23,6097.0
188,1,24,6827.0
188,1,25,7980.0
188,1,26,0.0
188,1,27,7898.0
188,1,28,7326.0
188,1,29,6536.0
188,1,30,6977.0
188,2,1,0.0
188,2,2,8309.0
188,2,3,7001.0
188,2,4,8392.0
188,2,5,0.0
188,2,6,8691.0
188,2,7,0.0
188,2,8,6152.0
188,2,9,5969.0
188,2,10,6803.0
188,2,11,7271.0
188,2,12,7841.0
188,2,13,8041.0
188,2,14,7624.0
188,2,15,7403.0
188,2,16,6522.0
188,2,17,
188,2,18,0.0
188,2,19,7932.0
188,2,20,7298.0
188,2,21,8214.0
188,2,22,6946.0
188,2,23,7015.0
188,2,24,8005.0
188,2,25,7071.0
188,2,26,7428.0
188,2,27,8223.0
188,2,28,8298.0
188,2,29,0.0
188,2,30,8656.0
188,3,1,0.0
188,3,2,
188,3,3,7420.0
188,3,4,7550.0
188,3,5,
188,3,6,
188,3,7,7949.0
188,3,8,5372.0
188,3,9,8424.0
188,3,10,
188,3,11,8064.0
188,3,12,
188,3,13,7378.0
188,3,14,
188,3,15,0.0
188,3,16,8239.0
188,3,17,
188,3,18,0.0
188,3,19,0.0
188,3,20,7731.0
188,3,21,0.0
188,3,22,6703.0
188,3,23,0.0
188,3,24,6893.0
188,3,25,7609.0
188,3,26,7554.0
188,3,27,6761.0
188,3,28,
188,3,29,0.0
188,3,30,8132.0
189,1,1,
189,1,2,0.0
189,1,3,4087.0
189,1,4,5294.0
189,1,5,4322.0
189,1,6,5954.0
189,1,7,4804.0
189,1,8,5854.0
189,1,9,4621.0
189,1,10,0.0
189,1,11,4647.0
189,1,12,5808.0
189,1,13,4677.0
189,1,14,0.0
189,1,15,6105.0
189,1,16,6132.0
189,1,17,6015.0
189,1,18,4669.0
189,1,19,3629.0
189,1,20,4051.0
189,1,21,6225.0
189,1,22,0.0
189,1,23,3151.0
189,1,24,3988.0
189,1,25,
189,1,26,0.0
189,1,27,5802.0
189,1,28,5121.0
189,1,29,5281.0
189,1,30,3370.0
189,2,1,5369.0
189,2,2,7777.0
189,2,3,4603.0
189,2,4,0.0
189,2,5,5218.0
189,2,6,5678.0
189,2,7,4388.0
189,2,8,6924.0
189,2,9,5327.0
189,2,10,4894.0
189,2,11,5273.0
189,2,12,3939.0
189,2,13,5800.0
189,2,14,0.0
189,2,15,0.0
189,2,16,0.0
189,2,17,4646.0
189,2,18,0.0
189,2,19,0.0
189,2,20,0.0
189,2,21,4929.0
189,2,22,6120.0
189,2,23,0.0
189,2,24,0.0
189,2,25,0.0
189,2,26,3532.0
189,2,27,5812.0
189,2,28,4546.0
189,2,29,5695.0
189,2,30,5381.0
189,3,1,
189,3,2,
189,3,3,0.0
189,3,4,0.0
189,3,5,5772.0
189,3,6,4141.0
189,3,7,0.0
189,3,8,
189,3,9,3642.0
189,3,10,
189,3,11,0.0
189,3,12,
189,3,13,4752.0
189,3,14,5092.0
189,3,15,4878.0
189,3,16,7028.0
189,3,17,0.0
189,3,18,5342.0
189,3,19,0.0
189,3,20,0.0
189,3,21,
189,3,22,0.0
189,3,23,7062.0
189,3,24,
189,3,25,4832.0
189,3,26,0.0
189,3,27,5884.0
189,3,28,4932.0
189,3,29,4246.0
189,3,30,6263.0
190,1,1,9265.0
190,1,2,7489.0
190,1,3,7885.0
190,1,4,6470.0
190,1,5,8398.0
190,1,6,5713.0
190,1,7,6382.0
190,1,8,8281.0
190,1,9,0.0
190,1,10,7088.0
190,1,11,8941.0
190,1,12,5805.0
190,1,13,8075.0
190,1,14,8830.0
190,1,15,8256.0
190,1,16,7833.0
190,1,17,10784.0
190,1,18,0.0
190,1,19,9092.0
190,1,20,
190,1,21,8252.0
190,1,22,0.0
190,1,23,9718.0
190,1,24,7173.0
190,1,25,6184.0
190,1,26,8094.0
190,1,27,8008.0
190,1,28,7136.0
190,1,29,8004.0
190,1,30,8601.0
190,2,1,0.0
190,2,2,6789.0
190,2,3,
190,2,4,7495.0
190,2,5,8273.0
190,2,6,6932.0
190,2,7,8098.0
190,2,8,0.0
190,2,9,0.0
190,2,10,8130.0
190,2,11,7547.0
190,2,12,8537.0
190,2,13,6177.0
190,2,14,0.0
190,2,15,5840.0
190,2,16,6479.0
190,2,17,8150.0
190,2,18,0.0
190,2,19,0.0
190,2,20,0.0
190,2,21,
190,2,22,8811.0
190,2,23,
190,2,24,
190,2,25,7741.0
190,2,26,0.0
190,2,27,
190,2,28,0.0
190,2,29,7401.0
190,2,30,9065.0
190,3,1,7528.0
190,3,2,0.0
190,3,3,0.0
190,3,4,8402.0
190,3,5,9817.0
190,3,6,8421.0
190,3,7,7563.0
190,3,8,0.0
190,3,9,0.0
190,3,10,6462.0
190,3,11,6961.0
190,3,12,9088.0
190,3,13,0.0
190,3,14,9065.0
190,3,15,6321.0
190,3,16,5986.0
190,3,17,0.0
190,3,18,0.0
190,3,19,7091.0
190,3,20,8146.0
190,3,21,6936.0
190,3,22,
190,3,23,7526.0
190,3,24,
190,3,25,7990.0
190,3,26,
190,3,27,
190,3,28,8628.0
190,3,29,
190,3,30,0.0
191,1,1,5778.0
191,1,2,6835.0
191,1,3,4310.0
191,1,4,6897.0
191,1,5,0.0
191,1,6,5713.0
191,1,7,5201.0
191,1,8,0.0
191,1,9,6085.0
191,1,10,6302.0
191,1,11,8341.0
191,1,12,5622.0
191,1,13,5664.0
191,1,14,4629.0
191,1,15,7292.0
191,1,16,0.0
191,1,17,6210.0
191,1,18,
191,1,19,5438.0
191,1,20,0.0
191,1,21,0.0
191,1,22,5825.0
191,1,23,7837.0
191,1,24,6851.0
191,1,25,
191,1,26,
191,1,27,6203.0
191,1,28,4778.0
191,1,29,4892.0
191,1,30,7009.0
191,2,1,0.0
191,2,2,4842.0
191,2,3,4738.0
191,2,4,5890.0
191,2,5,5688.0
191,2,6,5188.0
191,2,7,0.0
191,2,8,6633.0
191,2,9,5592.0
191,2,10,5268.0
191,2,11,0.0
191,2,12,6501.0
191,2,13,4168.0
191,2,14,0.0
191,2,15,0.0
191,2,16,0.0
191,2,17,
191,2,18,4767.0
191,2,19,6206.0
191,2,20,5697.0
191,2,21,4913.0
191,2,22,
191,2,23,5285.0
191,2,24,0.0
191,2,25,6858.0
191,2,26,
191,2,27,2706.0
191,2,28,0.0
191,2,29,4833.0
191,2,30,0.0
191,3,1,6194.0
191,3,2,0.0
191,3,3,4482.0
191,3,4,7518.0
191,3,5,0.0
191,3,6,4917.0
191,3,7,6761.0
191,3,8,5828.0
191,3,9,5827.0
191,3,10,0.0
191,3,11,4987.0
191,3,12,7083.0
191,3,13,6857.0
191,3,14,
191,3,15,0.0
191,3,16,7160.0
191,3,17,
191,3,18,0.0
191,3,19,5210.0
191,3,20,5109.0
191,3,21,
191,3,22,
191,3,23,
191,3,24,4169.0
191,3,25,6474.0
191,3,26,
191,3,27,0.0
191,3,28,0.0
191,3,29,
191,3,30,6161.0
192,1,1,6221.0
192,1,2,0.0
192,1,3,4904.0
192,1,4,5337.0
192,1,5,4636.0
192,1,6,7000.0
192,1,7,5950.0
192,1,8,6403.0
192,1,9,5802.0
192,1,10,5756.0
192,1,11,4655.0
192,1,12,6739.0
192,1,13,6275.0
192,1,14,5834.0
192,1,15,6480.0
192,1,16,5689.0
192,1,17,5144.0
192,1,18,5167.0
192,1,19,7841.0
192,1,20,6623.0
192,1,21,7262.0
192,1,22,5820.0
192,1,23,6683.0
192,1,24,6509.0
192,1,25,4509.0
192,1,26,6801.0
192,1,27,6749.0
192,1,28,6520.0
192,1,29,
192,1,30,6866.0
192,2,1,5522.0
192,2,2,5876.0
192,2,3,7348.0
192,2,4,
192,2,5,6274.0
192,2,6,8406.0
192,2,7,7784.0
192,2,8,0.0
192,2,9,3808.0
192,2,10,
192,2,11,5515.0
192,2,12,4844.0
192,2,13,6225.0
192,2,14,7171.0
192,2,15,5869.0
192,2,16,4500.0
192,2,17,0.0
192,2,18,0.0
192,2,19,0.0
192,2,20,4966.0
192,2,21,7914.0
192,2,22,5694.0
192,2,23,0.0
192,2,24,4141.0
192,2,25,5771.0
192,2,26,5838.0
192,2,27,6818.0
192,2,28,6493.0
192,2,29,0.0
192,2,30,
192,3,1,0.0
192,3,2,5257.0
192,3,3,
192,3,4,
192,3,5,6420.0
192,3,6,6128.0
192,3,7,
192,3,8,6045.0
192,3,9,5489.0
192,3,10,0.0
192,3,11,5301.0
192,3,12,7014.0
192,3,13,
192,3,14,6378.0
192,3,15,0.0
192,3,16,0.0
192,3,17,6551.0
192,3,18,6726.0
192,3,19,7495.0
192,3,20,5590.0
192,3,21,7963.0
192,3,22,6597.0
192,3,23,0.0
192,3,24,5802.0
192,3,25,7046.0
192,3,26,0.0
192,3,27,
192,3,28,6398.0
192,3,29,7677.0
192,3,30,6701.0
193,1,1,4639.0
193,1,2,4889.0
193,1,3,5849.0
193,1,4,5554.0
193,1,5,5398.0
193,1,6,4653.0
193,1,7,
193,1,8,4916.0
193,1,9,5460.0
193,1,10,5749.0
193,1,11,5554.0
193,1,12,6195.0
193,1,13,5673.0
193,1,14,6220.0
193,1,15,7417.0
193,1,16,5565.0
193,1,17,0.0
193,1,18,6012.0
193,1,19,6357.0
193,1,20,4960.0
193,1,21,0.0
193,1,22,5700.0
193,1,23,6458.0
193,1,24,
193,1,25,5688.0
193,1,26,6359.0
193,1,27,4570.0
193,1,28,5375.0
193,1,29,5566.0
193,1,30,6307.0
193,2,1,6853.0
193,2,2,4494.0
193,2,3,5699.0
193,2,4,4426.0
193,2,5,0.0
193,2,6,6852.0
193,2,7,0.0
193,2,8,5695.0
193,2,9,5251.0
193,2,10,6912.0
193,2,11,6168.0
193,2,12,
193,2,13,6087.0
193,2,14,4438.0
193,2,15,6059.0
193,2,16,6160.0
193,2,17,
193,2,18,6164.0
193,2,19,5572.0
193,2,20,0.0
193,2,21,5943.0
193,2,22,0.0
193,2,23,6285.0
193,2,24,3930.0
193,2,25,4432.0
193,2,26,3728.0
193,2,27,3896.0
193,2,28,4732.0
193,2,29,0.0
193,2,30,0.0
193,3,1,
193,3,2,0.0
193,3,3,0.0
193,3,4,0.0
193,3,5,5586.0
193,3,6,6027.0
193,3,7,0.0
193,3,8,5211.0
193,3,9,4760.0
193,3,10,4766.0
193,3,11,0.0
193,3,12,5826.0
193,3,13,7194.0
193,3,14,
193,3,15,0.0
193,3,16,0.0
193,3,17,7579.0
193,3,18,4626.0
193,3,19,0.0
193,3,20,0.0
193,3,21,5577.0
193,3,22,0.0
193,3,23,4652.0
193,3,24,
193,3,25,6426.0
193,3,26,
193,3,27,4905.0
193,3,28,6852.0
193,3,29,5833.0
193,3,30,0.0
194,1,1,4312.0
194,1,2,4584.0
194,1,3,4724.0
194,1,4,0.0
194,1,5,5512.0
194,1,6,4631.0
194,1,7,6057.0
194,1,8,6074.0
194,1,9,5879.0
194,1,10,
194,1,11,4067.0
194,1,12,0.0
194,1,13,5791.0
194,1,14,6054.0
194,1,15,5680.0
194,1,16,0.0
194,1,17,6263.0
194,1,18,4806.0
194,1,19,5519.0
194,1,20,4269.0
194,1,21,7981.0
194,1,22,4511.0
194,1,23,4166.0
194,1,24,3459.0
194,1,25,3408.0
194,1,26,3518.0
194,1,27,5194.0
194,1,28,4369.0
194,1,29,4801.0
194,1,30,5767.0
194,2,1,0.0
194,2,2,0.0
194,2,3,3913.0
194,2,4,3330.0
194,2,5,3992.0
194,2,6,
194,2,7,5808.0
194,2,8,3396.0
194,2,9,5046.0
194,2,10,0.0
194,2,11,
194,2,12,3531.0
194,2,13,4912.0
194,2,14,4749.0
194,2,15,4857.0
194,2,16,4501.0
194,2,17,5680.0
194,2,18,0.0
194,2,19,0.0
194,2,20,4462.0
194,2,21,5942.0
194,2,22,5835.0
194,2,23,4646.0
194,2,24,1931.0
194,2,25,4705.0
194,2,26,0.0
194,2,27,
194,2,28,4536.0
194,2,29,0.0
194,2,30,6086.0
194,3,1,
194,3,2,0.0
194,3,3,
194,3,4,5061.0
194,3,5,4715.0
194,3,6,4626.0
194,3,7,3052.0
194,3,8,
194,3,9,4529.0
194,3,10,0.0
194,3,11,6741.0
194,3,12,4982.0
194,3,13,5005.0
194,3,14,
194,3,15,0.0
194,3,16,7036.0
194,3,17,0.0
194,3,18,4018.0
194,3,19,3784.0
194,3,20,6774.0
194,3,21,4301.0
194,3,22,4352.0
194,3,23,4892.0
194,3,24,3405.0
194,3,25,6441.0
194,3,26,5613.0
194,3,27,0.0
194,3,28,0.0
194,3,29,
194,3,30,0.0
195,1,1,11361.0
195,1,2,10458.0
195,1,3,11407.0
195,1,4,9694.0
195,1,5,0.0
195,1,6,11069.0
195,1,7,9750.0
195,1,8,11430.0
195,1,9,9709.0
195,1,10,10156.0
195,1,11,11575.0
195,1,12,10391.0
195,1,13,10714.0
195,1,14,9870.0
195,1,15,10800.0
195,1,16,0.0
195,1,17,10767.0
195,1,18,9871.0
195,1,19,9736.0
195,1,20,10302.0
195,1,21,11214.0
195,1,22,9667.0
195,1,23,11060.0
195,1,24,9710.0
195,1,25,8963.0
195,1,26,9375.0
195,1,27,10152.0
195,1,28,9807.0
195,1,29,12139.0
195,1,30,11651.0
195,2,1,0.0
195,2,2,11704.0
195,2,3,10837.0
195,2,4,11824.0
195,2,5,11205.0
195,2,6,9917.0
195,2,7,10901.0
195,2,8,10414.0
195,2,9,11582.0
195,2,10,11175.0
195,2,11,11166.0
195,2,12,9860.0
195,2,13,9832.0
195,2,14,0.0
195,2,15,10970.0
195,2,16,11863.0
195,2,17,11113.0
195,2,18,10831.0
195,2,19,11945.0
195,2,20,11137.0
195,2,21,11479.0
195,2,22,11539.0
195,2,23,10405.0
195,2,24,12786.0
195,2,25,11077.0
195,2,26,10773.0
195,2,27,10710.0
195,2,28,11223.0
195,2,29,10527.0
195,2,30,10201.0
195,3,1,9690.0
195,3,2,8277.0
195,3,3,10311.0
195,3,4,10768.0
195,3,5,11166.0
195,3,6,10467.0
195,3,7,10155.0
195,3,8,11578.0
195,3,9,10964.0
195,3,10,10958.0
195,3,11,10998.0
195,3,12,12598.0
195,3,13,11494.0
195,3,14,10900.0
195,3,15,11348.0
195,3,16,11298.0
195,3,17,11532.0
195,3,18,12103.0
195,3,19,9399.0
195,3,20,11275.0
195,3,21,10586.0
195,3,22,9922.0
195,3,23,10776.0
195,3,24,9265.0
195,3,25,11953.0
195,3,26,10982.0
195,3,27,0.0
195,3,28,10784.0
195,3,29,11916.0
195,3,30,0.0
196,1,1,10063.0
196,1,2,10322.0
196,1,3,12656.0
196,1,4,10601.0
196,1,5,12544.0
196,1,6,11989.0
196,1,7,10063.0
196,1,8,10367.0
196,1,9,12124.0
196,1,10,0.0
196,1,11,11467.0
196,1,12,11906.0
196,1,13,11488.0
196,1,14,11592.0
196,1,15,9857.0
196,1,16,12687.0
196,1,17,11841.0
196,1,18,9927.0
196,1,19,10490.0
196,1,20,11600.0
196,1,21,10331.0
196,1,22,11926.0
196,1,23,11351.0
196,1,24,12244.0
196,1,25,11031.0
196,1,26,11624.0
196,1,27,10623.0
196,1,28,13329.0
196,1,29,11311.0
196,1,30,10092.0
196,2,1,12403.0
196,2,2,10994.0
196,2,3,12345.0
196,2,4,11013.0
196,2,5,9276.0
196,2,6,10316.0
196,2,7,11291.0
196,2,8,10033.0
196,2,9,0.0
196,2,10,10972.0
196,2,11,11546.0
196,2,12,11853.0
196,2,13,10723.0
196,2,14,11470.0
196,2,15,11415.0
196,2,16,12436.0
196,2,17,11954.0
196,2,18,10680.0
196,2,19,10495.0
196,2,20,11858.0
196,2,21,10792.0
196,2,22,12052.0
196,2,23,13152.0
196,2,24,0.0
196,2,25,12303.0
196,2,26,10972.0
196,2,27,10246.0
196,2,28,12094.0
196,2,29,11494.0
196,2,30,0.0
196,3,1,7902.0
196,3,2,13011.0
196,3,3,11009.0
196,3,4,0.0
196,3,5,11265.0
196,3,6,10582.0
196,3,7,12203.0
196,3,8,10987.0
196,3,9,11208.0
196,3,10,12296.0
196,3,11,10683.0
196,3,12,11626.0
196,3,13,10413.0
196,3,14,12062.0
196,3,15,0.0
196,3,16,11845.0
196,3,17,11286.0
196,3,18,10504.0
196,3,19,11996.0
196,3,20,11793.0
196,3,21,
196,3,22,13213.0
196,3,23,10991.0
196,3,24,10049.0
196,3,25,11398.0
196,3,26,11905.0
196,3,27,12273.0
196,3,28,10788.0
196,3,29,11561.0
196,3,30,12018.0
197,1,1,4794.0
197,1,2,7716.0
197,1,3,5455.0
197,1,4,2988.0
197,1,5,2918.0
197,1,6,4720.0
197,1,7,7113.0
197,1,8,0.0
197,1,9,5390.0
197,1,10,6187.0
197,1,11,5689.0
197,1,12,4409.0
197,1,13,5779.0
197,1,14,0.0
197,1,15,
197,1,16,0.0
197,1,17,5095.0
197,1,18,4691.0
197,1,19,3276.0
197,1,20,0.0
197,1,21,3650.0
197,1,22,4095.0
197,1,23,5727.0
197,1,24,4724.0
197,1,25,
197,1,26,5724.0
197,1,27,4692.0
197,1,28,4555.0
197,1,29,
197,1,30,6943.0
197,2,1,
197,2,2,5319.0
197,2,3,
197,2,4,0.0
197,2,5,5504.0
197,2,6,4037.0
197,2,7,5066.0
197,2,8,2791.0
197,2,9,
197,2,10,3531.0
197,2,11,4126.0
197,2,12,6151.0
197,2,13,4620.0
197,2,14,4139.0
197,2,15,0.0
197,2,16,4273.0
197,2,17,0.0
197,2,18,0.0
197,2,19,5269.0
197,2,20,5784.0
197,2,21,5222.0
197,2,22,7033.0
197,2,23,4683.0
197,2,24,4099.0
197,2,25,5839.0
197,2,26,5360.0
197,2,27,4136.0
197,2,28,5632.0
197,2,29,6163.0
197,2,30,0.0
197,3,1,5405.0
197,3,2,0.0
197,3,3,6718.0
197,3,4,
197,3,5,0.0
197,3,6,2993.0
197,3,7,5662.0
197,3,8,7968.0
197,3,9,3629.0
197,3,10,3706.0
197,3,11,
197,3,12,0.0
197,3,13,0.0
197,3,14,0.0
197,3,15,3874.0
197,3,16,4608.0
197,3,17,4703.0
197,3,18,
197,3,19,
197,3,20,0.0
197,3,21,0.0
197,3,22,6017.0
197,3,23,5589.0
197,3,24,5808.0
197,3,25,5137.0
197,3,26,0.0
197,3,27,0.0
197,3,28,5582.0
197,3,29,0.0
197,3,30,6586.0
198,1,1,13231.0
198,1,2,10919.0
198,1,3,12693.0
198,1,4,12770.0
198,1,5,12040.0
198,1,6,10970.0
198,1,7,11747.0
198,1,8,10691.0
198,1,9,12524.0
198,1,10,13026.0
198,1,11,10920.0
198,1,12,14442.0
198,1,13,13472.0
198,1,14,11801.0
198,1,15,10878.0
198,1,16,12208.0
198,1,17,12696.0
198,1,18,12396.0
198,1,19,12528.0
198,1,20,12415.0
198,1,21,11085.0
198,1,22,12215.0
198,1,23,12576.0
198,1,24,11295.0
198,1,25,11041.0
198,1,26,10114.0
198,1,27,10755.0
198,1,28,11710.0
198,1,29,12390.0
198,1,30,12365.0
198,2,1,10481.0
198,2,2,10639.0
198,2,3,13509.0
198,2,4,11085.0
198,2,5,12337.0
198,2,6,12296.0
198,2,7,9368.0
198,2,8,10113.0
198,2,9,11951.0
198,2,10,11835.0
198,2,11,12225.0
198,2,12,10560.0
198,2,13,10657.0
198,2,14,10971.0
198,2,15,10109.0
198,2,16,11326.0
198,2,17,10266.0
198,2,18,10716.0
198,2,19,12007.0
198,2,20,11530.0
198,2,21,11606.0
198,2,22,11054.0
198,2,23,12610.0
198,2,24,11136.0
198,2,25,13834.0
198,2,26,10476.0
198,2,27,10280.0
198,2,28,11253.0
198,2,29,11695.0
198,2,30,10379.0
198,3,1,10699.0
198,3,2,11823.0
198,3,3,11808.0
198,3,4,11357.0
198,3,5,11611.0
198,3,6,10720.0
198,3,7,10269.0
198,3,8,11459.0
198,3,9,10980.0
198,3,10,13271.0
198,3,11,11423.0
198,3,12,0.0
198,3,13,9786.0
198,3,14,10354.0
198,3,15,11389.0
198,3,16,12329.0
198,3,17,13270.0
198,3,18,11448.0
198,3,19,13038.0
198,3,20,10324.0
198,3,21,12281.0
198,3,22,11068.0
198,3,23,13727.0
198,3,24,10779.0
198,3,25,0.0
198,3,26,11693.0
198,3,27,12373.0
198,3,28,10200.0
198,3,29,11059.0
198,3,30,11817.0
199,1,1,0.0
199,1,2,8919.0
199,1,3,8056.0
199,1,4,7814.0
199,1,5,7050.0
199,1,6,7041.0
199,1,7,0.0
199,1,8,8059.0
199,1,9,6817.0
199,1,10,7880.0
199,1,11,0.0
199,1,12,7661.0
199,1,13,0.0
199,1,14,6400.0
199,1,15,0.0
199,1,16,7735.0
199,1,17,6552.0
199,1,18,7175.0
199,1,19,5887.0
199,1,20,8070.0
199,1,21,7804.0
199,1,22,8848.0
199,1,23,0.0
199,1,24,7682.0
199,1,25,8628.0
199,1,26,7279.0
199,1,27,7235.0
199,1,28,
199,1,29,7369.0
199,1,30,6728.0
199,2,1,0.0
199,2,2,6411.0
199,2,3,0.0
199,2,4,8430.0
199,2,5,8092.0
199,2,6,0.0
199,2,7,8573.0
199,2,8,9191.0
199,2,9,10166.0
199,2,10,7843.0
199,2,11,7639.0
199,2,12,6791.0
199,2,13,7754.0
199,2,14,6533.0
199,2,15,6478.0
199,2,16,0.0
199,2,17,7504.0
199,2,18,0.0
199,2,19,8048.0
199,2,20,6601.0
199,2,21,5978.0
199,2,22,6100.0
199,2,23,7443.0
199,2,24,7867.0
199,2,25,0.0
199,2,26,0.0
199,2,27,0.0
199,2,28,0.0
199,2,29,0.0
199,2,30,8424.0
199,3,1,9000.0
199,3,2,8295.0
199,3,3,7671.0
199,3,4,
199,3,5,
199,3,6,5772.0
199,3,7,6769.0
199,3,8,
199,3,9,8719.0
199,3,10,
199,3,11,0.0
199,3,12,0.0
199,3,13,7260.0
199,3,14,4527.0
199,3,15,7156.0
199,3,16,8438.0
199,3,17,5537.0
199,3,18,5819.0
199,3,19,8561.0
199,3,20,7844.0
199,3,21,0.0
199,3,22,0.0
199,3,23,7161.0
199,3,24,6869.0
199,3,25,0.0
199,3,26,
199,3,27,6055.0
199,3,28,7622.0
199,3,29,6081.0
199,3,30,0.0
200,1,1,3739.0
200,1,2,
200,1,3,0.0
200,1,4,2890.0
200,1,5,
200,1,6,1524.0
200,1,7,0.0
200,1,8,0.0
200,1,9,3306.0
200,1,10,1002.0
200,1,11,3579.0
200,1,12,0.0
200,1,13,3391.0
200,1,14,4106.0
200,1,15,1904.0
200,1,16,1999.0
200,1,17,0.0
200,1,18,0.0
200,1,19,3865.0
200,1,20,3009.0
200,1,21,1707.0
200,1,22,0.0
200,1,23,
200,1,24,3355.0
200,1,25,
200,1,26,2306.0
200,1,27,2962.0
200,1,28,2261.0
200,1,29,0.0
200,1,30,1523.0
200,2,1,2216.0
200,2,2,2943.0
200,2,3,0.0
200,2,4,
200,2,5,3588.0
200,2,6,2056.0
200,2,7,4108.0
200,2,8,1145.0
200,2,9,3047.0
200,2,10,3352.0
200,2,11,0.0
200,2,12,0.0
200,2,13,0.0
200,2,14,3326.0
200,2,15,1558.0
200,2,16,3259.0
200,2,17,
200,2,18,1577.0
200,2,19,
200,2,20,
200,2,21,2219.0
200,2,22,3456.0
200,2,23,
200,2,24,
200,2,25,3351.0
200,2,26,1783.0
200,2,27,2609.0
200,2,28,1647.0
200,2,29,2748.0
200,2,30,1709.0
200,3,1,0.0
200,3,2,1761.0
200,3,3,
200,3,4,
200,3,5,0.0
200,3,6,2731.0
200,3,7,3458.0
200,3,8,0.0
200,3,9,0.0
200,3,10,4149.0
200,3,11,2910.0
200,3,12,0.0
200,3,13,2735.0
200,3,14,2454.0
200,3,15,2552.0
200,3,16,0.0
200,3,17,
200,3,18,4051.0
200,3,19,3307.0
200,3,20,1783.0
200,3,21,0.0
200,3,22,3482.0
200,3,23,0.0
200,3,24,2520.0
200,3,25,2493.0
200,3,26,0.0
200,3,27,2917.0
200,3,28,0.0
200,3,29,0.0
200,3,30,0.0
201,1,1,6613.0
201,1,2,0.0
201,1,3,4965.0
201,1,4,6273.0
201,1,5,5249.0
201,1,6,6627.0
201,1,7,5729.0
201,1,8,6604.0
201,1,9,5530.0
201,1,10,6494.0
201,1,11,5904.0
201,1,12,6132.0
201,1,13,6664.0
201,1,14,5756.0
201,1,15,6147.0
201,1,16,4728.0
201,1,17,6391.0
201,1,18,4184.0
201,1,19,6631.0
201,1,20,3966.0
201,1,21,6675.0
201,1,22,6187.0
201,1,23,5724.0
201,1,24,9079.0
201,1,25,6457.0
201,1,26,7296.0
201,1,27,5228.0
201,1,28,0.0
201,1,29,5136.0
201,1,30,6505.0
201,2,1,4943.0
201,2,2,0.0
201,2,3,0.0
201,2,4,6057.0
201,2,5,6377.0
201,2,6,0.0
201,2,7,0.0
201,2,8,5342.0
201,2,9,0.0
201,2,10,5310.0
201,2,11,5936.0
201,2,12,5605.0
201,2,13,6442.0
201,2,14,0.0
201,2,15,6165.0
201,2,16,4958.0
201,2,17,
201,2,18,0.0
201,2,19,
201,2,20,
201,2,21,7486.0
201,2,22,6684.0
201,2,23,6556.0
201,2,24,5825.0
201,2,25,4336.0
201,2,26,3735.0
201,2,27,0.0
201,2,28,6664.0
201,2,29,6574.0
201,2,30,6131.0
201,3,1,0.0
201,3,2,5502.0
201,3,3,
201,3,4,0.0
201,3,5,0.0
201,3,6,5512.0
201,3,7,0.0
201,3,8,0.0
201,3,9,0.0
201,3,10,0.0
201,3,11,5646.0
201,3,12,0.0
201,3,13,0.0
201,3,14,6499.0
201,3,15,0.0
201,3,16,0.0
201,3,17,0.0
201,3,18,5638.0
201,3,19,6503.0
201,3,20,5074.0
201,3,21,
201,3,22,5090.0
201,3,23,
201,3,24,6503.0
201,3,25,6260.0
201,3,26,5566.0
201,3,27,5778.0
201,3,28,
201,3,29,4991.0
201,3,30,5632.0
202,1,1,1557.0
202,1,2,1387.0
202,1,3,2834.0
202,1,4,2879.0
202,1,5,1344.0
202,1,6,1940.0
202,1,7,624.0
202,1,8,1339.0
202,1,9,2286.0
202,1,10,4055.0
202,1,11,0.0
202,1,12,2528.0
202,1,13,2310.0
202,1,14,1634.0
202,1,15,1420.0
202,1,16,1396.0
202,1,17,1684.0
202,1,18,0.0
202,1,19,1791.0
202,1,20,2923.0
202,1,21,2193.0
202,1,22,
202,1,23,3032.0
202,1,24,2130.0
202,1,25,1966.0
202,1,26,603.0
202,1,27,2044.0
202,1,28,2943.0
202,1,29,1564.0
202,1,30,
202,2,1,4060.0
202,2,2,2092.0
202,2,3,3662.0
202,2,4,0.0
202,2,5,3310.0
202,2,6,2004.0
202,2,7,1812.0
202,2,8,3991.0
202,2,9,2063.0
202,2,10,2667.0
202,2,11,
202,2,12,0.0
202,2,13,981.0
202,2,14,1370.0
202,2,15,
202,2,16,1270.0
202,2,17,654.0
202,2,18,4295.0
202,2,19,701.0
202,2,20,1595.0
202,2,21,1258.0
202,2,22,0.0
202,2,23,
202,2,24,0.0
202,2,25,152.0
202,2,26,2762.0
202,2,27,1676.0
202,2,28,
202,2,29,35.0
202,2,30,262.0
202,3,1,532.0
202,3,2,1884.0
202,3,3,2128.0
202,3,4,1802.0
202,3,5,1690.0
202,3,6,0.0
202,3,7,
202,3,8,0.0
202,3,9,0.0
202,3,10,0.0
202,3,11,1665.0
202,3,12,
202,3,13,1815.0
202,3,14,1848.0
202,3,15,1743.0
202,3,16,0.0
202,3,17,807.0
202,3,18,2355.0
202,3,19,0.0
202,3,20,0.0
202,3,21,0.0
202,3,22,1765.0
202,3,23,
202,3,24,1041.0
202,3,25,0.0
202,3,26,0.0
202,3,27,3076.0
202,3,28,0.0
202,3,29,2765.0
202,3,30,4387.0
203,1,1,6557.0
203,1,2,4706.0
203,1,3,5865.0
203,1,4,8335.0
203,1,5,7354.0
203,1,6,4650.0
203,1,7,4302.0
203,1,8,7307.0
203,1,9,7868.0
203,1,10,0.0
203,1,11,5535.0
203,1,12,7549.0
203,1,13,7450.0
203,1,14,7421.0
203,1,15,0.0
203,1,16,5584.0
203,1,17,0.0
203,1,18,7143.0
203,1,19,
203,1,20,6584.0
203,1,21,0.0
203,1,22,7427.0
203,1,23,0.0
203,1,24,8918.0
203,1,25,7614.0
203,1,26,0.0
203,1,27,5816.0
203,1,28,6772.0
203,1,29,6923.0
203,1,30,7528.0
203,2,1,
203,2,2,0.0
203,2,3,6931.0
203,2,4,0.0
203,2,5,6202.0
203,2,6,6289.0
203,2,7,7497.0
203,2,8,0.0
203,2,9,7096.0
203,2,10,6446.0
203,2,11,0.0
203,2,12,0.0
203,2,13,7715.0
203,2,14,
203,2,15,5657.0
203,2,16,0.0
203,2,17,
203,2,18,5311.0
203,2,19,6332.0
203,2,20,7073.0
203,2,21,0.0
203,2,22,4691.0
203,2,23,
203,2,24,7577.0
203,2,25,
203,2,26,8040.0
203,2,27,7213.0
203,2,28,0.0
203,2,29,7794.0
203,2,30,5682.0
203,3,1,7205.0
203,3,2,5862.0
203,3,3,0.0
203,3,4,6798.0
203,3,5,6256.0
203,3,6,5597.0
203,3,7,4753.0
203,3,8,6416.0
203,3,9,0.0
203,3,10,6762.0
203,3,11,0.0
203,3,12,6376.0
203,3,13,8313.0
203,3,14,6573.0
203,3,15,6191.0
203,3,16,6557.0
203,3,17,
203,3,18,
203,3,19,5960.0
203,3,20,0.0
203,3,21,5031.0
203,3,22,6618.0
203,3,23,
203,3,24,6864.0
203,3,25,6618.0
203,3,26,0.0
203,3,27,0.0
203,3,28,6074.0
203,3,29,0.0
203,3,30,
204,1,1,11543.0
204,1,2,11510.0
204,1,3,11641.0
204,1,4,11023.0
204,1,5,0.0
204,1,6,11142.0
204,1,7,12535.0
204,1,8,12384.0
204,1,9,13686.0
204,1,10,10736.0
204,1,11,12594.0
204,1,12,10881.0
204,1,13,11990.0
204,1,14,10407.0
204,1,15,11914.0
204,1,16,11245.0
204,1,17,11222.0
204,1,18,11796.0
204,1,19,10639.0
204,1,20,10633.0
204,1,21,11283.0
204,1,22,12565.0
204,1,23,11307.0
204,1,24,13713.0
204,1,25,14068.0
204,1,26,11549.0
204,1,27,13245.0
204,1,28,9142.0
204,1,29,10763.0
204,1,30,11662.0
204,2,1,11840.0
204,2,2,12195.0
204,2,3,10258.0
204,2,4,11775.0
204,2,5,12879.0
204,2,6,9621.0
204,2,7,10819.0
204,2,8,12906.0
204,2,9,11030.0
204,2,10,11742.0
204,2,11,12023.0
204,2,12,10823.0
204,2,13,10505.0
204,2,14,11412.0
204,2,15,12678.0
204,2,16,11783.0
204,2,17,10526.0
204,2,18,12401.0
204,2,19,10573.0
204,2,20,11995.0
204,2,21,11462.0
204,2,22,11182.0
204,2,23,11362.0
204,2,24,11489.0
204,2,25,11577.0
204,2,26,11841.0
204,2,27,12560.0
204,2,28,13405.0
204,2,29,11612.0
204,2,30,12437.0
204,3,1,11723.0
204,3,2,11305.0
204,3,3,11890.0
204,3,4,10250.0
204,3,5,10703.0
204,3,6,10457.0
204,3,7,11834.0
204,3,8,9804.0
204,3,9,10362.0
204,3,10,9987.0
204,3,11,11630.0
204,3,12,11167.0
204,3,13,
204,3,14,11369.0
204,3,15,11665.0
204,3,16,11698.0
204,3,17,11585.0
204,3,18,11770.0
204,3,19,10728.0
204,3,20,12749.0
204,3,21,13497.0
204,3,22,9617.0
204,3,23,10886.0
204,3,24,11107.0
204,3,25,11880.0
204,3,26,12328.0
204,3,27,0.0
204,3,28,12693.0
204,3,29,13038.0
204,3,30,10758.0
205,1,1,4995.0
205,1,2,0.0
205,1,3,0.0
205,1,4,4188.0
205,1,5,4992.0
205,1,6,
205,1,7,3986.0
205,1,8,3933.0
205,1,9,5275.0
205,1,10,6846.0
205,1,11,
205,1,12,4699.0
205,1,13,3074.0
205,1,14,4110.0
205,1,15,3753.0
205,1,16,4872.0
205,1,17,8012.0
205,1,18,4462.0
205,1,19,2855.0
205,1,20,4228.0
205,1,21,4656.0
205,1,22,5022.0
205,1,23,1816.0
205,1,24,4220.0
205,1,25,5148.0
205,1,26,2744.0
205,1,27,4454.0
205,1,28,5254.0
205,1,29,6238.0
205,1,30,4557.0
205,2,1,4864.0
205,2,2,0.0
205,2,3,4757.0
205,2,4,5510.0
205,2,5,
205,2,6,0.0
205,2,7,4191.0
205,2,8,
205,2,9,0.0
205,2,10,4700.0
205,2,11,5903.0
205,2,12,0.0
205,2,13,3355.0
205,2,14,3497.0
205,2,15,
205,2,16,3307.0
205,2,17,3890.0
205,2,18,4344.0
205,2,19,2915.0
205,2,20,4601.0
205,2,21,
205,2,22,5194.0
205,2,23,5005.0
205,2,24,4716.0
205,2,25,
205,2,26,4421.0
205,2,27,3324.0
205,2,28,4353.0
205,2,29,3193.0
205,2,30,5144.0
205,3,1,4630.0
205,3,2,4956.0
205,3,3,0.0
205,3,4,0.0
205,3,5,0.0
205,3,6,6310.0
205,3,7,5141.0
205,3,8,4478.0
205,3,9,5046.0
205,3,10,3391.0
205,3,11,5209.0
205,3,12,0.0
205,3,13,3240.0
205,3,14,3738.0
205,3,15,3789.0
205,3,16,5902.0
205,3,17,4679.0
205,3,18,0.0
205,3,19,4433.0
205,3,20,0.0
205,3,21,
205,3,22,0.0
205,3,23,4420.0
205,3,24,4098.0
205,3,25,
205,3,26,4283.0
205,3,27,3377.0
205,3,28,0.0
205,3,29,4503.0
205,3,30,0.0
206,1,1,5980.0
206,1,2,4909.0
206,1,3,6293.0
206,1,4,6590.0
206,1,5,5083.0
206,1,6,0.0
206,1,7,5314.0
206,1,8,0.0
206,1,9,5320.0
206,1,10,6547.0
206,1,11,0.0
206,1,12,6236.0
206,1,13,5478.0
206,1,14,5613.0
206,1,15,6434.0
206,1,16,6432.0
206,1,17,0.0
206,1,18,3553.0
206,1,19,5630.0
206,1,20,3661.0
206,1,21,6252.0
206,1,22,4791.0
206,1,23,
206,1,24,4316.0
206,1,25,0.0
206,1,26,5040.0
206,1,27,7146.0
206,1,28,5313.0
206,1,29,5142.0
206,1,30,5887.0
206,2,1,7721.0
206,2,2,5603.0
206,2,3,5652.0
206,2,4,5007.0
206,2,5,6882.0
206,2,6,7824.0
206,2,7,0.0
206,2,8,0.0
206,2,9,
206,2,10,4455.0
206,2,11,6336.0
206,2,12,6920.0
206,2,13,4914.0
206,2,14,5572.0
206,2,15,0.0
206,2,16,5843.0
206,2,17,0.0
206,2,18,0.0
206,2,19,6164.0
206,2,20,0.0
206,2,21,6075.0
206,2,22,0.0
206,2,23,4091.0
206,2,24,6876.0
206,2,25,7061.0
206,2,26,0.0
206,2,27,5583.0
206,2,28,
206,2,29,
206,2,30,7959.0
206,3,1,0.0
206,3,2,5630.0
206,3,3,4837.0
206,3,4,4679.0
206,3,5,0.0
206,3,6,0.0
206,3,7,0.0
206,3,8,0.0
206,3,9,
206,3,10,5921.0
206,3,11,
206,3,12,0.0
206,3,13,4782.0
206,3,14,
206,3,15,7374.0
206,3,16,
206,3,17,4912.0
206,3,18,7818.0
206,3,19,6544.0
206,3,20,
206,3,21,0.0
206,3,22,
206,3,23,
206,3,24,
206,3,25,0.0
206,3,26,0.0
206,3,27,7520.0
206,3,28,5604.0
206,3,29,0.0
206,3,30,8748.0
207,1,1,7391.0
207,1,2,6740.0
207,1,3,9702.0
207,1,4,6291.0
207,1,5,6162.0
207,1,6,7204.0
207,1,7,5680.0
207,1,8,7363.0
207,1,9,6043.0
207,1,10,5580.0
207,1,11,7812.0
207,1,12,6939.0
207,1,13,6327.0
207,1,14,8000.0
207,1,15,0.0
207,1,16,6311.0
207,1,17,5555.0
207,1,18,6452.0
207,1,19,6340.0
207,1,20,7430.0
207,1,21,4765.0
207,1,22,5576.0
207,1,23,6015.0
207,1,24,7034.0
207,1,25,0.0
207,1,26,6021.0
207,1,27,5525.0
207,1,28,5095.0
207,1,29,5382.0
207,1,30,7117.0
207,2,1,6367.0
207,2,2,0.0
207,2,3,0.0
207,2,4,5006.0
207,2,5,6030.0
207,2,6,0.0
207,2,7,
207,2,8,7163.0
207,2,9,0.0
207,2,10,
207,2,11,3866.0
207,2,12,6526.0
207,2,13,8112.0
207,2,14,0.0
207,2,15,
207,2,16,0.0
207,2,17,5954.0
207,2,18,
207,2,19,6929.0
207,2,20,5766.0
207,2,21,7165.0
207,2,22,6710.0
207,2,23,4845.0
207,2,24,0.0
207,2,25,6408.0
207,2,26,0.0
207,2,27,7370.0
207,2,28,0.0
207,2,29,0.0
207,2,30,5597.0
207,3,1,6589.0
207,3,2,
207,3,3,6711.0
207,3,4,6865.0
207,3,5,0.0
207,3,6,4574.0
207,3,7,0.0
207,3,8,0.0
207,3,9,6160.0
207,3,10,0.0
207,3,11,6486.0
207,3,12,7154.0
207,3,13,
207,3,14,6302.0
207,3,15,0.0
207,3,16,0.0
207,3,17,0.0
207,3,18,5246.0
207,3,19,0.0
207,3,20,6741.0
207,3,21,6273.0
207,3,22,5197.0
207,3,23,0.0
207,3,24,6187.0
207,3,25,7226.0
207,3,26,
207,3,27,
207,3,28,6651.0
207,3,29,0.0
207,3,30,6828.0
208,1,1,4154.0
208,1,2,4154.0
208,1,3,4793.0
208,1,4,0.0
208,1,5,6481.0
208,1,6,5746.0
208,1,7,0.0
208,1,8,6032.0
208,1,9,5151.0
208,1,10,6966.0
208,1,11,6145.0
208,1,12,4803.0
208,1,13,5045.0
208,1,14,
208,1,15,4318.0
208,1,16,5217.0
208,1,17,3507.0
208,1,18,4526.0
208,1,19,5106.0
208,1,20,5416.0
208,1,21,6511.0
208,1,22,5332.0
208,1,23,3851.0
208,1,24,4224.0
208,1,25,
208,1,26,5966.0
208,1,27,3683.0
208,1,28,0.0
208,1,29,5951.0
208,1,30,4512.0
208,2,1,4655.0
208,2,2,6029.0
208,2,3,0.0
208,2,4,4137.0
208,2,5,3793.0
208,2,6,0.0
208,2,7,
208,2,8,5915.0
208,2,9,
208,2,10,0.0
208,2,11,0.0
208,2,12,4369.0
208,2,13,5816.0
208,2,14,
208,2,15,4536.0
208,2,16,4477.0
208,2,17,4508.0
208,2,18,0.0
208,2,19,0.0
208,2,20,6577.0
208,2,21,5130.0
208,2,22,5342.0
208,2,23,6187.0
208,2,24,0.0
208,2,25,0.0
208,2,26,
208,2,27,3549.0
208,2,28,5637.0
208,2,29,5596.0
208,2,30,
208,3,1,6444.0
208,3,2,0.0
208,3,3,
208,3,4,0.0
208,3,5,5141.0
208,3,6,6000.0
208,3,7,
208,3,8,0.0
208,3,9,4776.0
208,3,10,0.0
208,3,11,0.0
208,3,12,4682.0
208,3,13,0.0
208,3,14,4128.0
208,3,15,0.0
208,3,16,0.0
208,3,17,
208,3,18,3030.0
208,3,19,0.0
208,3,20,
208,3,21,3839.0
208,3,22,
208,3,23,
208,3,24,0.0
208,3,25,4779.0
208,3,26,0.0
208,3,27,5890.0
208,3,28,5621.0
208,3,29,0.0
208,3,30,5532.0
209,1,1,13868.0
209,1,2,13296.0
209,1,3,12324.0
209,1,4,12928.0
209,1,5,14178.0
209,1,6,14127.0
209,1,7,11744.0
209,1,8,13453.0
209,1,9,13644.0
209,1,10,13505.0
209,1,11,15550.0
209,1,12,12771.0
209,1,13,13731.0
209,1,14,14630.0
209,1,15,12508.0
209,1,16,13517.0
209,1,17,14487.0
209,1,18,13269.0
209,1,19,13758.0
209,1,20,13083.0
209,1,21,13853.0
209,1,22,13491.0
209,1,23,12898.0
209,1,24,13053.0
209,1,25,13163.0
209,1,26,14321.0
209,1,27,13805.0
209,1,28,14017.0
209,1,29,13230.0
209,1,30,0.0
209,2,1,13391.0
209,2,2,13539.0
209,2,3,12192.0
209,2,4,13001.0
209,2,5,13017.0
209,2,6,16022.0
209,2,7,12804.0
209,2,8,13520.0
209,2,9,0.0
209,2,10,13833.0
209,2,11,13353.0
209,2,12,14484.0
209,2,13,13701.0
209,2,14,13636.0
209,2,15,12531.0
209,2,16,13295.0
209,2,17,12124.0
209,2,18,13922.0
209,2,19,14451.0
209,2,20,13649.0
209,2,21,13551.0
209,2,22,15062.0
209,2,23,14652.0
209,2,24,14112.0
209,2,25,13334.0
209,2,26,12259.0
209,2,27,14504.0
209,2,28,14134.0
209,2,29,15588.0
209,2,30,14334.0
209,3,1,12752.0
209,3,2,13605.0
209,3,3,13630.0
209,3,4,12895.0
209,3,5,14476.0
209,3,6,14068.0
209,3,7,13568.0
209,3,8,13927.0
209,3,9,14072.0
209,3,10,16404.0
209,3,11,13064.0
209,3,12,12653.0
209,3,13,12081.0
209,3,14,12712.0
209,3,15,12001.0
209,3,16,15152.0
209,3,17,14140.0
209,3,18,14283.0
209,3,19,14830.0
209,3,20,14052.0
209,3,21,15206.0
209,3,22,14928.0
209,3,23,14253.0
209,3,24,15441.0
209,3,25,14432.0
209,3,26,13725.0
209,3,27,14663.0
209,3,28,13680.0
209,3,29,0.0
209,3,30,13877.0
210,1,1,4383.0
210,1,2,5340.0
210,1,3,5727.0
210,1,4,4235.0
210,1,5,6256.0
210,1,6,4534.0
210,1,7,0.0
210,1,8,4758.0
210,1,9,5110.0
210,1,10,5072.0
210,1,11,6050.0
210,1,12,
210,1,13,6028.0
210,1,14,2850.0
210,1,15,5544.0
210,1,16,4459.0
210,1,17,4146.0
210,1,18,6115.0
210,1,19,5457.0
210,1,20,5850.0
210,1,21,5978.0
210,1,22,4289.0
210,1,23,6023.0
210,1,24,0.0
210,1,25,6317.0
210,1,26,5139.0
210,1,27,6309.0
210,1,28,6608.0
210,1,29,
210,1,30,5527.0
210,2,1,0.0
210,2,2,5454.0
210,2,3,5518.0
210,2,4,0.0
210,2,5,
210,2,6,4660.0
210,2,7,5853.0
210,2,8,5730.0
210,2,9,5508.0
210,2,10,0.0
210,2,11,5198.0
210,2,12,6815.0
210,2,13,5777.0
210,2,14,4730.0
210,2,15,
210,2,16,0.0
210,2,17,0.0
210,2,18,4697.0
210,2,19,5116.0
210,2,20,6824.0
210,2,21,0.0
210,2,22,4407.0
210,2,23,6264.0
210,2,24,0.0
210,2,25,5835.0
210,2,26,0.0
210,2,27,0.0
210,2,28,
210,2,29,
210,2,30,0.0
210,3,1,
210,3,2,6636.0
210,3,3,0.0
210,3,4,0.0
210,3,5,6444.0
210,3,6,0.0
210,3,7,6536.0
210,3,8,4626.0
210,3,9,6115.0
210,3,10,0.0
210,3,11,5088.0
210,3,12,4998.0
210,3,13,0.0
210,3,14,
210,3,15,6295.0
210,3,16,3772.0
210,3,17,2931.0
210,3,18,0.0
210,3,19,6071.0
210,3,20,5480.0
210,3,21,3318.0
210,3,22,0.0
210,3,23,
210,3,24,7627.0
210,3,25,6418.0
210,3,26,5533.0
210,3,27,4167.0
210,3,28,5893.0
210,3,29,0.0
210,3,30,5231.0
211,1,1,3331.0
211,1,2,481.0
211,1,3,3774.0
211,1,4,2106.0
211,1,5,2011.0
211,1,6,2448.0
211,1,7,2285.0
211,1,8,2300.0
211,1,9,4082.0
211,1,10,3113.0
211,1,11,1172.0
211,1,12,1674.0
211,1,13,2194.0
211,1,14,3377.0
211,1,15,1539.0
211,1,16,1881.0
211,1,17,2425.0
211,1,18,938.0
211,1,19,0.0
211,1,20,1012.0
211,1,21,3971.0
211,1,22,611.0
211,1,23,0.0
211,1,24,1106.0
211,1,25,956.0
211,1,26,3080.0
211,1,27,0.0
211,1,28,3402.0
211,1,29,2994.0
211,1,30,1680.0
211,2,1,2435.0
211,2,2,0.0
211,2,3,1041.0
211,2,4,0.0
211,2,5,3091.0
211,2,6,0.0
211,2,7,2647.0
211,2,8,2335.0
211,2,9,3513.0
211,2,10,313.0
211,2,11,2383.0
211,2,12,1183.0
211,2,13,1896.0
211,2,14,2723.0
211,2,15,0.0
211,2,16,2061.0
211,2,17,975.0
211,2,18,1258.0
211,2,19,2382.0
211,2,20,2435.0
211,2,21,3390.0
211,2,22,2582.0
211,2,23,2426.0
211,2,24,1592.0
211,2,25,3525.0
211,2,26,2144.0
211,2,27,1651.0
211,2,28,1519.0
211,2,29,0.0
211,2,30,0.0
211,3,1,993.0
211,3,2,991.0
211,3,3,
211,3,4,3627.0
211,3,5,2743.0
211,3,6,0.0
211,3,7,0.0
211,3,8,3175.0
211,3,9,
211,3,10,0.0
211,3,11,
211,3,12,0.0
211,3,13,2705.0
211,3,14,3735.0
211,3,15,
211,3,16,3459.0
211,3,17,964.0
211,3,18,3447.0
211,3,19,0.0
211,3,20,1977.0
211,3,21,0.0
211,3,22,1229.0
211,3,23,2530.0
211,3,24,0.0
211,3,25,3032.0
211,3,26,2904.0
211,3,27,
211,3,28,0.0
211,3,29,1531.0
211,3,30,1618.0
212,1,1,6938.0
212,1,2,7249.0
212,1,3,0.0
212,1,4,5310.0
212,1,5,7548.0
212,1,6,4391.0
212,1,7,0.0
212,1,8,7331.0
212,1,9,7002.0
212,1,10,6632.0
212,1,11,4390.0
212,1,12,7283.0
212,1,13,6568.0
212,1,14,6571.0
212,1,15,5638.0
212,1,16,7348.0
212,1,17,5484.0
212,1,18,6314.0
212,1,19,8236.0
212,1,20,5833.0
212,1,21,5857.0
212,1,22,7302.0
212,1,23,6290.0
212,1,24,6406.0
212,1,25,7835.0
212,1,26,7782.0
212,1,27,6285.0
212,1,28,6980.0
212,1,29,7222.0
212,1,30,5868.0
212,2,1,4857.0
212,2,2,
212,2,3,0.0
212,2,4,7565.0
212,2,5,
212,2,6,5519.0
212,2,7,6036.0
212,2,8,5321.0
212,2,9,6140.0
212,2,10,4140.0
212,2,11,6611.0
212,2,12,6919.0
212,2,13,
212,2,14,5908.0
212,2,15,4856.0
212,2,16,6785.0
212,2,17,0.0
212,2,18,
212,2,19,4817.0
212,2,20,8601.0
212,2,21,5318.0
212,2,22,0.0
212,2,23,0.0
212,2,24,6499.0
212,2,25,7782.0
212,2,26,6100.0
212,2,27,6556.0
212,2,28,6184.0
212,2,29,6729.0
212,2,30,6880.0
212,3,1,0.0
212,3,2,0.0
212,3,3,6519.0
212,3,4,0.0
212,3,5,7264.0
212,3,6,0.0
212,3,7,0.0
212,3,8,6300.0
212,3,9,5965.0
212,3,10,0.0
212,3,11,6439.0
212,3,12,6723.0
212,3,13,3839.0
212,3,14,6221.0
212,3,15,7211.0
212,3,16,7600.0
212,3,17,5303.0
212,3,18,6360.0
212,3,19,
212,3,20,6926.0
212,3,21,7393.0
212,3,22,6509.0
212,3,23,0.0
212,3,24,0.0
212,3,25,5760.0
212,3,26,2993.0
212,3,27,0.0
212,3,28,6817.0
212,3,29,0.0
212,3,30,0.0
213,1,1,4215.0
213,1,2,3910.0
213,1,3,5935.0
213,1,4,0.0
213,1,5,6394.0
213,1,6,4477.0
213,1,7,5292.0
213,1,8,3716.0
213,1,9,4434.0
213,1,10,0.0
213,1,11,3728.0
213,1,12,0.0
213,1,13,5390.0
213,1,14,3873.0
213,1,15,0.0
213,1,16,3233.0
213,1,17,5398.0
213,1,18,4720.0
213,1,19,0.0
213,1,20,
213,1,21,2226.0
213,1,22,4958.0
213,1,23,5952.0
213,1,24,2709.0
213,1,25,0.0
213,1,26,3660.0
213,1,27,3810.0
213,1,28,3451.0
213,1,29,4673.0
213,1,30,4755.0
213,2,1,5137.0
213,2,2,4790.0
213,2,3,2586.0
213,2,4,4366.0
213,2,5,4193.0
213,2,6,4525.0
213,2,7,5347.0
213,2,8,
213,2,9,3230.0
213,2,10,4750.0
213,2,11,4626.0
213,2,12,3013.0
213,2,13,5527.0
213,2,14,4438.0
213,2,15,0.0
213,2,16,2471.0
213,2,17,4472.0
213,2,18,
213,2,19,4385.0
213,2,20,3983.0
213,2,21,3514.0
213,2,22,5190.0
213,2,23,
213,2,24,4163.0
213,2,25,2893.0
213,2,26,5041.0
213,2,27,6089.0
213,2,28,0.0
213,2,29,5158.0
213,2,30,3206.0
213,3,1,3930.0
213,3,2,0.0
213,3,3,4114.0
213,3,4,0.0
213,3,5,4695.0
213,3,6,0.0
213,3,7,0.0
213,3,8,0.0
213,3,9,0.0
213,3,10,0.0
213,3,11,5849.0
213,3,12,0.0
213,3,13,4358.0
213,3,14,0.0
213,3,15,3065.0
213,3,16,0.0
213,3,17,
213,3,18,
213,3,19,4451.0
213,3,20,0.0
213,3,21,4837.0
213,3,22,0.0
213,3,23,0.0
213,3,24,3835.0
213,3,25,5807.0
213,3,26,5320.0
213,3,27,5577.0
213,3,28,5647.0
213,3,29,
213,3,30,6395.0
214,1,1,12910.0
214,1,2,12888.0
214,1,3,10550.0
214,1,4,9572.0
214,1,5,11563.0
214,1,6,10593.0
214,1,7,11700.0
214,1,8,10428.0
214,1,9,12584.0
214,1,10,11166.0
214,1,11,13173.0
214,1,12,11456.0
214,1,13,12149.0
214,1,14,11348.0
214,1,15,10954.0
214,1,16,9639.0
214,1,17,0.0
214,1,18,9284.0
214,1,19,9277.0
214,1,20,10295.0
214,1,21,11581.0
214,1,22,10157.0
214,1,23,11383.0
214,1,24,10798.0
214,1,25,10495.0
214,1,26,12055.0
214,1,27,11199.0
214,1,28,11528.0
214,1,29,10789.0
214,1,30,11896.0
214,2,1,9964.0
214,2,2,0.0
214,2,3,9868.0
214,2,4,11210.0
214,2,5,10305.0
214,2,6,9087.0
214,2,7,11395.0
214,2,8,10718.0
214,2,9,11485.0
214,2,10,10964.0
214,2,11,10835.0
214,2,12,11038.0
214,2,13,9996.0
214,2,14,9630.0
214,2,15,12525.0
214,2,16,10580.0
214,2,17,10881.0
214,2,18,12924.0
214,2,19,10911.0
214,2,20,10617.0
214,2,21,12634.0
214,2,22,11592.0
214,2,23,11057.0
214,2,24,9371.0
214,2,25,10078.0
214,2,26,
214,2,27,9222.0
214,2,28,11772.0
214,2,29,11938.0
214,2,30,10146.0
214,3,1,11708.0
214,3,2,
214,3,3,10817.0
214,3,4,11007.0
214,3,5,10230.0
214,3,6,11288.0
214,3,7,11003.0
214,3,8,11054.0
214,3,9,10900.0
214,3,10,10338.0
214,3,11,10475.0
214,3,12,10061.0
214,3,13,10528.0
214,3,14,11076.0
214,3,15,10485.0
214,3,16,0.0
214,3,17,11212.0
214,3,18,12385.0
214,3,19,12722.0
214,3,20,12471.0
214,3,21,11443.0
214,3,22,11436.0
214,3,23,10420.0
214,3,24,10345.0
214,3,25,10818.0
214,3,26,8992.0
214,3,27,13018.0
214,3,28,12203.0
214,3,29,12606.0
214,3,30,0.0
215,1,1,6277.0
215,1,2,8642.0
215,1,3,7174.0
215,1,4,8613.0
215,1,5,0.0
215,1,6,8230.0
215,1,7,8546.0
215,1,8,8675.0
215,1,9,9757.0
215,1,10,11205.0
215,1,11,9073.0
215,1,12,9685.0
215,1,13,8679.0
215,1,14,7932.0
215,1,15,8413.0
215,1,16,8842.0
215,1,17,9462.0
215,1,18,10950.0
215,1,19,8987.0
215,1,20,8515.0
215,1,21,8508.0
215,1,22,9309.0
215,1,23,9283.0
215,1,24,9203.0
215,1,25,8890.0
215,1,26,9810.0
215,1,27,7102.0
215,1,28,9606.0
215,1,29,8594.0
215,1,30,9414.0
215,2,1,9578.0
215,2,2,8492.0
215,2,3,11395.0
215,2,4,0.0
215,2,5,8063.0
215,2,6,9465.0
215,2,7,10154.0
215,2,8,8705.0
215,2,9,9531.0
215,2,10,8963.0
215,2,11,9651.0
215,2,12,10117.0
215,2,13,8309.0
215,2,14,9379.0
215,2,15,9713.0
215,2,16,6551.0
215,2,17,8108.0
215,2,18,8818.0
215,2,19,8005.0
215,2,20,9577.0
215,2,21,9677.0
215,2,22,10476.0
215,2,23,9731.0
215,2,24,7793.0
215,2,25,10421.0
215,2,26,8803.0
215,2,27,10539.0
215,2,28,8775.0
215,2,29,9944.0
215,2,30,9103.0
215,3,1,8595.0
215,3,2,7594.0
215,3,3,9754.0
215,3,4,8983.0
215,3,5,7638.0
215,3,6,8152.0
215,3,7,8256.0
215,3,8,8511.0
215,3,9,9266.0
215,3,10,8830.0
215,3,11,8319.0
215,3,12,9964.0
215,3,13,8993.0
215,3,14,6378.0
215,3,15,8492.0
215,3,16,8610.0
215,3,17,7336.0
215,3,18,9048.0
215,3,19,0.0
215,3,20,8147.0
215,3,21,9946.0
215,3,22,7774.0
215,3,23,8182.0
215,3,24,8981.0
215,3,25,9639.0
215,3,26,0.0
215,3,27,7780.0
215,3,28,9974.0
215,3,29,8758.0
215,3,30,9217.0
216,1,1,4918.0
216,1,2,5711.0
216,1,3,3622.0
216,1,4,0.0
216,1,5,6934.0
216,1,6,5489.0
216,1,7,5599.0
216,1,8,4305.0
216,1,9,
216,1,10,4206.0
216,1,11,4362.0
216,1,12,4553.0
216,1,13,3129.0
216,1,14,4454.0
216,1,15,5919.0
216,1,16,4156.0
216,1,17,5169.0
216,1,18,
216,1,19,0.0
216,1,20,6030.0
216,1,21,3725.0
216,1,22,4515.0
216,1,23,5030.0
216,1,24,6050.0
216,1,25,6028.0
216,1,26,
216,1,27,5315.0
216,1,28,6048.0
216,1,29,3913.0
216,1,30,4433.0
216,2,1,5064.0
216,2,2,6795.0
216,2,3,5196.0
216,2,4,
216,2,5,0.0
216,2,6,3102.0
216,2,7,4730.0
216,2,8,5204.0
216,2,9,6229.0
216,2,10,4972.0
216,2,11,3284.0
216,2,12,
216,2,13,0.0
216,2,14,0.0
216,2,15,4967.0
216,2,16,3874.0
216,2,17,6295.0
216,2,18,3271.0
216,2,19,0.0
216,2,20,4593.0
216,2,21,3668.0
216,2,22,5570.0
216,2,23,6007.0
216,2,24,0.0
216,2,25,5620.0
216,2,26,
216,2,27,4703.0
216,2,28,3330.0
216,2,29,6123.0
216,2,30,6023.0
216,3,1,0.0
216,3,2,
216,3,3,6137.0
216,3,4,0.0
216,3,5,3189.0
216,3,6,6000.0
216,3,7,5672.0
216,3,8,0.0
216,3,9,5360.0
216,3,10,0.0
216,3,11,2987.0
216,3,12,5561.0
216,3,13,
216,3,14,
216,3,15,
216,3,16,0.0
216,3,17,2609.0
216,3,18,
216,3,19,0.0
216,3,20,0.0
216,3,21,4884.0
216,3,22,4796.0
216,3,23,0.0
216,3,24,5828.0
216,3,25,5351.0
216,3,26,3051.0
216,3,27,4898.0
216,3,28,0.0
216,3,29,4543.0
216,3,30,2145.0
217,1,1,4701.0
217,1,2,4324.0
217,1,3,5379.0
217,1,4,5981.0
217,1,5,5017.0
217,1,6,4321.0
217,1,7,6241.0
217,1,8,4011.0
217,1,9,4848.0
217,1,10,6089.0
217,1,11,4767.0
217,1,12,3657.0
217,1,13,5222.0
217,1,14,6273.0
217,1,15,4489.0
217,1,16,4605.0
217,1,17,0.0
217,1,18,0.0
217,1,19,0.0
217,1,20,4552.0
217,1,21,4969.0
217,1,22,5547.0
217,1,23,5444.0
217,1,24,5454.0
217,1,25,4525.0
217,1,26,5343.0
217,1,27,5665.0
217,1,28,4604.0
217,1,29,5435.0
217,1,30,0.0
217,2,1,3410.0
217,2,2,0.0
217,2,3,5380.0
217,2,4,4937.0
217,2,5,
217,2,6,
217,2,7,2229.0
217,2,8,5861.0
217,2,9,
217,2,10,2987.0
217,2,11,0.0
217,2,12,
217,2,13,0.0
217,2,14,
217,2,15,0.0
217,2,16,4050.0
217,2,17,5876.0
217,2,18,5891.0
217,2,19,0.0
217,2,20,0.0
217,2,21,4286.0
217,2,22,0.0
217,2,23,5065.0
217,2,24,4376.0
217,2,25,
217,2,26,6712.0
217,2,27,4696.0
217,2,28,3232.0
217,2,29,0.0
217,2,30,
217,3,1,4832.0
217,3,2,0.0
217,3,3,
217,3,4,
217,3,5,0.0
217,3,6,
217,3,7,0.0
217,3,8,
217,3,9,
217,3,10,4757.0
217,3,11,5775.0
217,3,12,
217,3,13,5200.0
217,3,14,5287.0
217,3,15,5746.0
217,3,16,0.0
217,3,17,
217,3,18,3623.0
217,3,19,3960.0
217,3,20,0.0
217,3,21,5381.0
217,3,22,3179.0
217,3,23,
217,3,24,
217,3,25,0.0
217,3,26,3895.0
217,3,27,4421.0
217,3,28,
217,3,29,6037.0
217,3,30,6695.0
218,1,1,5433.0
218,1,2,
218,1,3,3976.0
218,1,4,3522.0
218,1,5,3716.0
218,1,6,4691.0
218,1,7,3821.0
218,1,8,1978.0
218,1,9,4728.0
218,1,10,3677.0
218,1,11,5274.0
218,1,12,4953.0
218,1,13,5268.0
218,1,14,4541.0
218,1,15,0.0
218,1,16,4113.0
218,1,17,4523.0
218,1,18,3996.0
218,1,19,2305.0
218,1,20,4061.0
218,1,21,3560.0
218,1,22,4423.0
218,1,23,2639.0
218,1,24,4275.0
218,1,25,4702.0
218,1,26,4465.0
218,1,27,4369.0
218,1,28,4841.0
218,1,29,4889.0
218,1,30,2923.0
218,2,1,3232.0
218,2,2,5441.0
218,2,3,4759.0
218,2,4,
218,2,5,5103.0
218,2,6,4070.0
218,2,7,4416.0
218,2,8,3701.0
218,2,9,3485.0
218,2,10,4733.0
218,2,11,3664.0
218,2,12,0.0
218,2,13,4069.0
218,2,14,0.0
218,2,15,3181.0
218,2,16,3814.0
218,2,17,3631.0
218,2,18,4858.0
218,2,19,3994.0
218,2,20,3418.0
218,2,21,
218,2,22,0.0
218,2,23,4930.0
218,2,24,4255.0
218,2,25,0.0
218,2,26,2471.0
218,2,27,0.0
218,2,28,
218,2,29,3248.0
218,2,30,3645.0
218,3,1,4555.0
218,3,2,4228.0
218,3,3,
218,3,4,
218,3,5,0.0
218,3,6,
218,3,7,3930.0
218,3,8,0.0
218,3,9,0.0
218,3,10,3665.0
218,3,11,0.0
218,3,12,0.0
218,3,13,4080.0
218,3,14,5777.0
218,3,15,2683.0
218,3,16,
218,3,17,0.0
218,3,18,
218,3,19,5376.0
218,3,20,0.0
218,3,21,
218,3,22,6575.0
218,3,23,0.0
218,3,24,4718.0
218,3,25,3467.0
218,3,26,2618.0
218,3,27,0.0
218,3,28,0.0
218,3,29,0.0
218,3,30,
219,1,1,4815.0
219,1,2,5083.0
219,1,3,4801.0
219,1,4,5290.0
219,1,5,4439.0
219,1,6,5950.0
219,1,7,5680.0
219,1,8,4940.0
219,1,9,4152.0
219,1,10,3172.0
219,1,11,0.0
219,1,12,5140.0
219,1,13,2798.0
219,1,14,
219,1,15,4705.0
219,1,16,5900.0
219,1,17,4269.0
219,1,18,
219,1,19,5557.0
219,1,20,4319.0
219,1,21,4272.0
219,1,22,4812.0
219,1,23,4397.0
219,1,24,4537.0
219,1,25,5977.0
219,1,26,5613.0
219,1,27,5210.0
219,1,28,3394.0
219,1,29,5390.0
219,1,30,4774.0
219,2,1,1933.0
219,2,2,4411.0
219,2,3,0.0
219,2,4,5437.0
219,2,5,5423.0
219,2,6,
219,2,7,5783.0
219,2,8,4527.0
219,2,9,0.0
219,2,10,5478.0
219,2,11,6630.0
219,2,12,0.0
219,2,13,0.0
219,2,14,5577.0
219,2,15,4890.0
219,2,16,4132.0
219,2,17,0.0
219,2,18,
219,2,19,2335.0
219,2,20,4315.0
219,2,21,3273.0
219,2,22,4451.0
219,2,23,4304.0
219,2,24,
219,2,25,3554.0
219,2,26,6387.0
219,2,27,4356.0
219,2,28,4235.0
219,2,29,5625.0
219,2,30,4983.0
219,3,1,0.0
219,3,2,0.0
219,3,3,0.0
219,3,4,3770.0
219,3,5,2662.0
219,3,6,4680.0
219,3,7,3837.0
219,3,8,4000.0
219,3,9,0.0
219,3,10,5167.0
219,3,11,5540.0
219,3,12,0.0
219,3,13,6918.0
219,3,14,4029.0
219,3,15,6946.0
219,3,16,0.0
219,3,17,0.0
219,3,18,5674.0
219,3,19,0.0
219,3,20,
219,3,21,4854.0
219,3,22,0.0
219,3,23,0.0
219,3,24,4877.0
219,3,25,0.0
219,3,26,5276.0
219,3,27,4423.0
219,3,28,5250.0
219,3,29,5913.0
219,3,30,0.0
220,1,1,6586.0
220,1,2,6388.0
220,1,3,6419.0
220,1,4,8858.0
220,1,5,8819.0
220,1,6,7026.0
220,1,7,8297.0
220,1,8,6570.0
220,1,9,5467.0
220,1,10,6567.0
220,1,11,5805.0
220,1,12,7161.0
220,1,13,6478.0
220,1,14,6076.0
220,1,15,8519.0
220,1,16,6920.0
220,1,17,7451.0
220,1,18,7358.0
220,1,19,7401.0
220,1,20,8303.0
220,1,21,4743.0
220,1,22,7267.0
220,1,23,0.0
220,1,24,9289.0
220,1,25,8546.0
220,1,26,7575.0
220,1,27,6512.0
220,1,28,7780.0
220,1,29,5573.0
220,1,30,8636.0
220,2,1,8358.0
220,2,2,7449.0
220,2,3,6029.0
220,2,4,6621.0
220,2,5,4884.0
220,2,6,4916.0
220,2,7,6753.0
220,2,8,5944.0
220,2,9,5157.0
220,2,10,0.0
220,2,11,0.0
220,2,12,0.0
220,2,13,7048.0
220,2,14,0.0
220,2,15,6369.0
220,2,16,0.0
220,2,17,7324.0
220,2,18,7946.0
220,2,19,7169.0
220,2,20,0.0
220,2,21,5252.0
220,2,22,7297.0
220,2,23,7353.0
220,2,24,6972.0
220,2,25,6533.0
220,2,26,6015.0
220,2,27,5393.0
220,2,28,6017.0
220,2,29,6525.0
220,2,30,6614.0
220,3,1,9576.0
220,3,2,7836.0
220,3,3,7303.0
220,3,4,7577.0
220,3,5,0.0
220,3,6,0.0
220,3,7,9260.0
220,3,8,0.0
220,3,9,0.0
220,3,10,4588.0
220,3,11,0.0
220,3,12,0.0
220,3,13,0.0
220,3,14,0.0
220,3,15,0.0
220,3,16,6737.0
220,3,17,7497.0
220,3,18,0.0
220,3,19,0.0
220,3,20,
220,3,21,8119.0
220,3,22,7087.0
220,3,23,6130.0
220,3,24,5321.0
220,3,25,0.0
220,3,26,6891.0
220,3,27,5898.0
220,3,28,7021.0
220,3,29,5149.0
220,3,30,0.0
221,1,1,10815.0
221,1,2,11204.0
221,1,3,11540.0
221,1,4,10754.0
221,1,5,9629.0
221,1,6,8925.0
221,1,7,9375.0
221,1,8,
221,1,9,10751.0
221,1,10,11451.0
221,1,11,9828.0
221,1,12,10060.0
221,1,13,9285.0
221,1,14,10449.0
221,1,15,10547.0
221,1,16,9589.0
221,1,17,9018.0
221,1,18,
221,1,19,10249.0
221,1,20,10886.0
221,1,21,10257.0
221,1,22,12116.0
221,1,23,10624.0
221,1,24,10733.0
221,1,25,10413.0
221,1,26,11263.0
221,1,27,9710.0
221,1,28,9448.0
221,1,29,11111.0
221,1,30,10619.0
221,2,1,11126.0
221,2,2,10111.0
221,2,3,10551.0
221,2,4,9986.0
221,2,5,10362.0
221,2,6,8944.0
221,2,7,8387.0
221,2,8,9073.0
221,2,9,11235.0
221,2,10,11200.0
221,2,11,12169.0
221,2,12,11146.0
221,2,13,10047.0
221,2,14,10389.0
221,2,15,8365.0
221,2,16,10060.0
221,2,17,10553.0
221,2,18,11445.0
221,2,19,10470.0
221,2,20,9311.0
221,2,21,11375.0
221,2,22,9936.0
221,2,23,9622.0
221,2,24,10334.0
221,2,25,9925.0
221,2,26,10552.0
221,2,27,11062.0
221,2,28,10063.0
221,2,29,10083.0
221,2,30,11067.0
221,3,1,11070.0
221,3,2,10644.0
221,3,3,0.0
221,3,4,8400.0
221,3,5,9788.0
221,3,6,10630.0
221,3,7,10169.0
221,3,8,10576.0
221,3,9,0.0
221,3,10,11503.0
221,3,11,9183.0
221,3,12,10556.0
221,3,13,11705.0
221,3,14,11312.0
221,3,15,8605.0
221,3,16,11657.0
221,3,17,9897.0
221,3,18,10903.0
221,3,19,10394.0
221,3,20,9820.0
221,3,21,
221,3,22,11118.0
221,3,23,12027.0
221,3,24,10353.0
221,3,25,11852.0
221,3,26,11081.0
221,3,27,9762.0
221,3,28,11540.0
221,3,29,12664.0
221,3,30,6260.0
222,1,1,3758.0
222,1,2,5924.0
222,1,3,
222,1,4,6638.0
222,1,5,3589.0
222,1,6,5141.0
222,1,7,4903.0
222,1,8,5193.0
222,1,9,4531.0
222,1,10,0.0
222,1,11,0.0
222,1,12,4661.0
222,1,13,3701.0
222,1,14,5236.0
222,1,15,7014.0
222,1,16,7811.0
222,1,17,4734.0
222,1,18,5534.0
222,1,19,6334.0
222,1,20,
222,1,21,6088.0
222,1,22,4698.0
222,1,23,5400.0
222,1,24,3110.0
222,1,25,0.0
222,1,26,0.0
222,1,27,4681.0
222,1,28,5832.0
222,1,29,4707.0
222,1,30,5076.0
222,2,1,
222,2,2,4158.0
222,2,3,6551.0
222,2,4,0.0
222,2,5,0.0
222,2,6,4595.0
222,2,7,5818.0
222,2,8,0.0
222,2,9,0.0
222,2,10,0.0
222,2,11,6983.0
222,2,12,0.0
222,2,13,
222,2,14,5414.0
222,2,15,0.0
222,2,16,0.0
222,2,17,5897.0
222,2,18,0.0
222,2,19,6567.0
222,2,20,3792.0
222,2,21,4583.0
222,2,22,5427.0
222,2,23,4619.0
222,2,24,4593.0
222,2,25,4424.0
222,2,26,6619.0
222,2,27,4542.0
222,2,28,5673.0
222,2,29,4481.0
222,2,30,
222,3,1,0.0
222,3,2,
222,3,3,5369.0
222,3,4,5391.0
222,3,5,5629.0
222,3,6,0.0
222,3,7,0.0
222,3,8,
222,3,9,3544.0
222,3,10,
222,3,11,6897.0
222,3,12,0.0
222,3,13,4992.0
222,3,14,4601.0
222,3,15,5095.0
222,3,16,0.0
222,3,17,5781.0
222,3,18,0.0
222,3,19,6346.0
222,3,20,0.0
222,3,21,
222,3,22,6799.0
222,3,23,5130.0
222,3,24,0.0
222,3,25,0.0
222,3,26,6357.0
222,3,27,4362.0
222,3,28,4035.0
222,3,29,0.0
222,3,30,0.0
223,1,1,6313.0
223,1,2,
223,1,3,4975.0
223,1,4,5871.0
223,1,5,3507.0
223,1,6,6943.0
223,1,7,6302.0
223,1,8,5997.0
223,1,9,6092.0
223,1,10,6409.0
223,1,11,6249.0
223,1,12,5385.0
223,1,13,4776.0
223,1,14,
223,1,15,5191.0
223,1,16,0.0
223,1,17,7071.0
223,1,18,0.0
223,1,19,6793.0
223,1,20,6487.0
223,1,21,7106.0
223,1,22,5828.0
223,1,23,3926.0
223,1,24,4880.0
223,1,25,4699.0
223,1,26,5096.0
223,1,27,6040.0
223,1,28,6034.0
223,1,29,3678.0
223,1,30,5101.0
223,2,1,7577.0
223,2,2,4504.0
223,2,3,7040.0
223,2,4,5364.0
223,2,5,5856.0
223,2,6,0.0
223,2,7,7185.0
223,2,8,4366.0
223,2,9,5706.0
223,2,10,0.0
223,2,11,4473.0
223,2,12,0.0
223,2,13,6801.0
223,2,14,7583.0
223,2,15,7332.0
223,2,16,5876.0
223,2,17,
223,2,18,6638.0
223,2,19,0.0
223,2,20,5626.0
223,2,21,5975.0
223,2,22,4873.0
223,2,23,4786.0
223,2,24,0.0
223,2,25,
223,2,26,
223,2,27,5479.0
223,2,28,6596.0
223,2,29,0.0
223,2,30,
223,3,1,5699.0
223,3,2,0.0
223,3,3,0.0
223,3,4,0.0
223,3,5,
223,3,6,5948.0
223,3,7,7757.0
223,3,8,6716.0
223,3,9,5607.0
223,3,10,0.0
223,3,11,7464.0
223,3,12,6042.0
223,3,13,4795.0
223,3,14,
223,3,15,8103.0
223,3,16,0.0
223,3,17,0.0
223,3,18,
223,3,19,0.0
223,3,20,6214.0
223,3,21,4296.0
223,3,22,
223,3,23,6123.0
223,3,24,0.0
223,3,25,6544.0
223,3,26,
223,3,27,6485.0
223,3,28,0.0
223,3,29,8029.0
223,3,30,
224,1,1,
224,1,2,
224,1,3,1986.0
224,1,4,
224,1,5,2618.0
224,1,6,3774.0
224,1,7,2338.0
224,1,8,3767.0
224,1,9,2529.0
224,1,10,3334.0
224,1,11,
224,1,12,1896.0
224,1,13,
224,1,14,4053.0
224,1,15,4519.0
224,1,16,3813.0
224,1,17,0.0
224,1,18,
224,1,19,
224,1,20,0.0
224,1,21,3314.0
224,1,22,1928.0
224,1,23,3269.0
224,1,24,3225.0
224,1,25,3611.0
224,1,26,2771.0
224,1,27,0.0
224,1,28,3463.0
224,1,29,3039.0
224,1,30,0.0
224,2,1,2670.0
224,2,2,4941.0
224,2,3,2941.0
224,2,4,
224,2,5,
224,2,6,
224,2,7,1641.0
224,2,8,1227.0
224,2,9,2725.0
224,2,10,2689.0
224,2,11,0.0
224,2,12,2692.0
224,2,13,3110.0
224,2,14,1596.0
224,2,15,3412.0
224,2,16,3058.0
224,2,17,2408.0
224,2,18,0.0
224,2,19,3295.0
224,2,20,1890.0
224,2,21,3189.0
224,2,22,3512.0
224,2,23,2006.0
224,2,24,0.0
224,2,25,0.0
224,2,26,
224,2,27,3447.0
224,2,28,4488.0
224,2,29,2844.0
224,2,30,2213.0
224,3,1,3250.0
224,3,2,3579.0
224,3,3,0.0
224,3,4,0.0
224,3,5,2856.0
224,3,6,
224,3,7,0.0
224,3,8,3318.0
224,3,9,2547.0
224,3,10,4412.0
224,3,11,2969.0
224,3,12,0.0
224,3,13,1787.0
224,3,14,3484.0
224,3,15,3369.0
224,3,16,0.0
224,3,17,0.0
224,3,18,1445.0
224,3,19,2883.0
224,3,20,0.0
224,3,21,
224,3,22,
224,3,23,0.0
224,3,24,0.0
224,3,25,2542.0
224,3,26,0.0
224,3,27,0.0
224,3,28,3734.0
224,3,29,0.0
224,3,30,0.0
225,1,1,
225,1,2,2666.0
225,1,3,1170.0
225,1,4,4912.0
225,1,5,4887.0
225,1,6,3377.0
225,1,7,0.0
225,1,8,3824.0
225,1,9,1907.0
225,1,10,3205.0
225,1,11,0.0
225,1,12,3849.0
225,1,13,2199.0
225,1,14,3115.0
225,1,15,3919.0
225,1,16,3727.0
225,1,17,2857.0
225,1,18,2474.0
225,1,19,5376.0
225,1,20,3443.0
225,1,21,2924.0
225,1,22,1521.0
225,1,23,
225,1,24,3201.0
225,1,25,4199.0
225,1,26,1443.0
225,1,27,3841.0
225,1,28,0.0
225,1,29,0.0
225,1,30,1720.0
225,2,1,2707.0
225,2,2,3720.0
225,2,3,0.0
225,2,4,2504.0
225,2,5,0.0
225,2,6,0.0
225,2,7,2989.0
225,2,8,4308.0
225,2,9,1698.0
225,2,10,3380.0
225,2,11,1916.0
225,2,12,
225,2,13,2527.0
225,2,14,0.0
225,2,15,2747.0
225,2,16,2940.0
225,2,17,3026.0
225,2,18,3855.0
225,2,19,0.0
225,2,20,
225,2,21,4740.0
225,2,22,2822.0
225,2,23,
225,2,24,4171.0
225,2,25,3198.0
225,2,26,4345.0
225,2,27,4056.0
225,2,28,5695.0
225,2,29,2845.0
225,2,30,2642.0
225,3,1,1967.0
225,3,2,
225,3,3,0.0
225,3,4,
225,3,5,3066.0
225,3,6,4043.0
225,3,7,2807.0
225,3,8,
225,3,9,3702.0
225,3,10,
225,3,11,0.0
225,3,12,2327.0
225,3,13,
225,3,14,0.0
225,3,15,0.0
225,3,16,2986.0
225,3,17,0.0
225,3,18,3615.0
225,3,19,0.0
225,3,20,4115.0
225,3,21,2532.0
225,3,22,
225,3,23,1399.0
225,3,24,
225,3,25,0.0
225,3,26,0.0
225,3,27,0.0
225,3,28,4085.0
225,3,29,3669.0
225,3,30,4223.0
226,1,1,3720.0
226,1,2,0.0
226,1,3,4689.0
226,1,4,4074.0
226,1,5,5091.0
226,1,6,3794.0
226,1,7,2927.0
226,1,8,0.0
226,1,9,4645.0
226,1,10,0.0
226,1,11,3674.0
226,1,12,4085.0
226,1,13,4836.0
226,1,14,3726.0
226,1,15,4114.0
226,1,16,2474.0
226,1,17,3992.0
226,1,18,3893.0
226,1,19,5776.0
226,1,20,0.0
226,1,21,
226,1,22,5204.0
226,1,23,5619.0
226,1,24,3095.0
226,1,25,5239.0
226,1,26,3962.0
226,1,27,3597.0
226,1,28,5049.0
226,1,29,3224.0
226,1,30,6126.0
226,2,1,4456.0
226,2,2,3684.0
226,2,3,0.0
226,2,4,3627.0
226,2,5,0.0
226,2,6,3738.0
226,2,7,0.0
226,2,8,4536.0
226,2,9,0.0
226,2,10,3306.0
226,2,11,2782.0
226,2,12,0.0
226,2,13,
226,2,14,0.0
226,2,15,3012.0
226,2,16,
226,2,17,4473.0
226,2,18,5586.0
226,2,19,1897.0
226,2,20,3263.0
226,2,21,2978.0
226,2,22,4655.0
226,2,23,4856.0
226,2,24,5264.0
226,2,25,4715.0
226,2,26,0.0
226,2,27,0.0
226,2,28,
226,2,29,2955.0
226,2,30,5304.0
226,3,1,3517.0
226,3,2,3846.0
226,3,3,0.0
226,3,4,
226,3,5,4090.0
226,3,6,0.0
226,3,7,3154.0
226,3,8,3709.0
226,3,9,5646.0
226,3,10,0.0
226,3,11,
226,3,12,4030.0
226,3,13,5181.0
226,3,14,3996.0
226,3,15,0.0
226,3,16,0.0
226,3,17,
226,3,18,4127.0
226,3,19,4414.0
226,3,20,3415.0
226,3,21,0.0
226,3,22,2951.0
226,3,23,3899.0
226,3,24,2431.0
226,3,25,
226,3,26,4223.0
226,3,27,2946.0
226,3,28,0.0
226,3,29,3045.0
226,3,30,3535.0
227,1,1,4191.0
227,1,2,4488.0
227,1,3,4165.0
227,1,4,4776.0
227,1,5,0.0
227,1,6,4167.0
227,1,7,
227,1,8,
227,1,9,4482.0
227,1,10,4229.0
227,1,11,4913.0
227,1,12,3493.0
227,1,13,4800.0
227,1,14,4870.0
227,1,15,4163.0
227,1,16,1910.0
227,1,17,0.0
227,1,18,0.0
227,1,19,4051.0
227,1,20,3955.0
227,1,21,2739.0
227,1,22,4794.0
227,1,23,4441.0
227,1,24,3503.0
227,1,25,5119.0
227,1,26,6138.0
227,1,27,3816.0
227,1,28,3847.0
227,1,29,5895.0
227,1,30,0.0
227,2,1,4524.0
227,2,2,5916.0
227,2,3,4420.0
227,2,4,4843.0
227,2,5,1580.0
227,2,6,5768.0
227,2,7,5148.0
227,2,8,4603.0
227,2,9,4027.0
227,2,10,4537.0
227,2,11,0.0
227,2,12,3678.0
227,2,13,3212.0
227,2,14,5827.0
227,2,15,4598.0
227,2,16,5724.0
227,2,17,4991.0
227,2,18,5342.0
227,2,19,4004.0
227,2,20,2779.0
227,2,21,4472.0
227,2,22,5584.0
227,2,23,
227,2,24,3746.0
227,2,25,5767.0
227,2,26,0.0
227,2,27,4843.0
227,2,28,4381.0
227,2,29,
227,2,30,7214.0
227,3,1,4385.0
227,3,2,5595.0
227,3,3,5487.0
227,3,4,0.0
227,3,5,0.0
227,3,6,4618.0
227,3,7,
227,3,8,0.0
227,3,9,4954.0
227,3,10,0.0
227,3,11,4349.0
227,3,12,0.0
227,3,13,4897.0
227,3,14,5202.0
227,3,15,4666.0
227,3,16,0.0
227,3,17,0.0
227,3,18,4495.0
227,3,19,4974.0
227,3,20,
227,3,21,5204.0
227,3,22,4809.0
227,3,23,
227,3,24,0.0
227,3,25,4849.0
227,3,26,4881.0
227,3,27,5391.0
227,3,28,3598.0
227,3,29,0.0
227,3,30,3101.0
228,1,1,3622.0
228,1,2,4549.0
228,1,3,2863.0
228,1,4,0.0
228,1,5,0.0
228,1,6,2900.0
228,1,7,0.0
228,1,8,4499.0
228,1,9,4146.0
228,1,10,2845.0
228,1,11,2831.0
228,1,12,3641.0
228,1,13,3438.0
228,1,14,4723.0
228,1,15,3921.0
228,1,16,2457.0
228,1,17,3362.0
228,1,18,3257.0
228,1,19,2827.0
228,1,20,0.0
228,1,21,4368.0
228,1,22,3729.0
228,1,23,4970.0
228,1,24,3337.0
228,1,25,3956.0
228,1,26,2120.0
228,1,27,3671.0
228,1,28,1931.0
228,1,29,0.0
228,1,30,4355.0
228,2,1,4050.0
228,2,2,
228,2,3,4061.0
228,2,4,
228,2,5,2770.0
228,2,6,
228,2,7,
228,2,8,3697.0
228,2,9,0.0
228,2,10,3766.0
228,2,11,3832.0
228,2,12,
228,2,13,
228,2,14,4838.0
228,2,15,1819.0
228,2,16,2975.0
228,2,17,4412.0
228,2,18,0.0
228,2,19,0.0
228,2,20,5140.0
228,2,21,3563.0
228,2,22,3534.0
228,2,23,5714.0
228,2,24,4805.0
228,2,25,4019.0
228,2,26,0.0
228,2,27,1925.0
228,2,28,2848.0
228,2,29,
228,2,30,3192.0
228,3,1,
228,3,2,4688.0
228,3,3,5251.0
228,3,4,0.0
228,3,5,5391.0
228,3,6,
228,3,7,2097.0
228,3,8,0.0
228,3,9,6106.0
228,3,10,4604.0
228,3,11,2689.0
228,3,12,1022.0
228,3,13,0.0
228,3,14,
228,3,15,0.0
228,3,16,3100.0
228,3,17,0.0
228,3,18,3302.0
228,3,19,2574.0
228,3,20,4866.0
228,3,21,4344.0
228,3,22,3708.0
228,3,23,3750.0
228,3,24,0.0
228,3,25,0.0
228,3,26,4356.0
228,3,27,4680.0
228,3,28,0.0
228,3,29,0.0
228,3,30,
229,1,1,5892.0
229,1,2,5159.0
229,1,3,5783.0
229,1,4,0.0
229,1,5,2652.0
229,1,6,4536.0
229,1,7,6211.0
229,1,8,5014.0
229,1,9,0.0
229,1,10,2912.0
229,1,11,4940.0
229,1,12,5098.0
229,1,13,4728.0
229,1,14,4744.0
229,1,15,5490.0
229,1,16,3906.0
229,1,17,4926.0
229,1,18,5161.0
229,1,19,4156.0
229,1,20,4452.0
229,1,21,6277.0
229,1,22,4879.0
229,1,23,
229,1,24,3250.0
229,1,25,5405.0
229,1,26,3752.0
229,1,27,5119.0
229,1,28,5884.0
229,1,29,4231.0
229,1,30,4455.0
229,2,1,5655.0
229,2,2,5259.0
229,2,3,0.0
229,2,4,0.0
229,2,5,
229,2,6,0.0
229,2,7,3489.0
229,2,8,4344.0
229,2,9,5428.0
229,2,10,0.0
229,2,11,5542.0
229,2,12,5828.0
229,2,13,4096.0
229,2,14,5984.0
229,2,15,6204.0
229,2,16,5111.0
229,2,17,0.0
229,2,18,6321.0
229,2,19,4661.0
229,2,20,3853.0
229,2,21,0.0
229,2,22,0.0
229,2,23,
229,2,24,4538.0
229,2,25,5052.0
229,2,26,3809.0
229,2,27,0.0
229,2,28,4502.0
229,2,29,6477.0
229,2,30,4298.0
229,3,1,5677.0
229,3,2,2795.0
229,3,3,3739.0
229,3,4,
229,3,5,
229,3,6,6126.0
229,3,7,
229,3,8,0.0
229,3,9,0.0
229,3,10,4174.0
229,3,11,0.0
229,3,12,4237.0
229,3,13,6428.0
229,3,14,5206.0
229,3,15,4136.0
229,3,16,4783.0
229,3,17,5572.0
229,3,18,
229,3,19,5318.0
229,3,20,4733.0
229,3,21,4631.0
229,3,22,4157.0
229,3,23,
229,3,24,0.0
229,3,25,5379.0
229,3,26,4876.0
229,3,27,4379.0
229,3,28,6330.0
229,3,29,0.0
229,3,30,0.0
230,1,1,2012.0
230,1,2,
230,1,3,1983.0
230,1,4,3346.0
230,1,5,4226.0
230,1,6,4195.0
230,1,7,3271.0
230,1,8,5352.0
230,1,9,4082.0
230,1,10,3841.0
230,1,11,2957.0
230,1,12,3359.0
230,1,13,3814.0
230,1,14,3867.0
230,1,15,4321.0
230,1,16,2788.0
230,1,17,4168.0
230,1,18,0.0
230,1,19,5421.0
230,1,20,4132.0
230,1,21,2873.0
230,1,22,2586.0
230,1,23,0.0
230,1,24,4320.0
230,1,25,4571.0
230,1,26,3403.0
230,1,27,4006.0
230,1,28,5307.0
230,1,29,4322.0
230,1,30,3388.0
230,2,1,
230,2,2,4597.0
230,2,3,0.0
230,2,4,4295.0
230,2,5,6294.0
230,2,6,3265.0
230,2,7,0.0
230,2,8,
230,2,9,4746.0
230,2,10,3700.0
230,2,11,
230,2,12,0.0
230,2,13,0.0
230,2,14,3473.0
230,2,15,0.0
230,2,16,2781.0
230,2,17,4332.0
230,2,18,2159.0
230,2,19,4442.0
230,2,20,2451.0
230,2,21,0.0
230,2,22,
230,2,23,0.0
230,2,24,
230,2,25,3734.0
230,2,26,2714.0
230,2,27,3984.0
230,2,28,
230,2,29,
230,2,30,0.0
230,3,1,0.0
230,3,2,
230,3,3,0.0
230,3,4,5929.0
230,3,5,
230,3,6,4369.0
230,3,7,4385.0
230,3,8,
230,3,9,0.0
230,3,10,
230,3,11,
230,3,12,0.0
230,3,13,3313.0
230,3,14,3339.0
230,3,15,
230,3,16,0.0
230,3,17,0.0
230,3,18,6350.0
230,3,19,
230,3,20,4367.0
230,3,21,0.0
230,3,22,4161.0
230,3,23,4765.0
230,3,24,
230,3,25,0.0
230,3,26,3297.0
230,3,27,5952.0
230,3,28,0.0
230,3,29,0.0
230,3,30,0.0
231,1,1,5367.0
231,1,2,5083.0
231,1,3,6306.0
231,1,4,4974.0
231,1,5,5425.0
231,1,6,4330.0
231,1,7,0.0
231,1,8,5863.0
231,1,9,3984.0
231,1,10,4162.0
231,1,11,5557.0
231,1,12,4995.0
231,1,13,4257.0
231,1,14,2979.0
231,1,15,7030.0
231,1,16,3559.0
231,1,17,5566.0
231,1,18,3955.0
231,1,19,4803.0
231,1,20,3732.0
231,1,21,0.0
231,1,22,4690.0
231,1,23,2993.0
231,1,24,0.0
231,1,25,5023.0
231,1,26,6060.0
231,1,27,0.0
231,1,28,8072.0
231,1,29,5562.0
231,1,30,5753.0
231,2,1,
231,2,2,3212.0
231,2,3,3459.0
231,2,4,0.0
231,2,5,
231,2,6,
231,2,7,0.0
231,2,8,
231,2,9,0.0
231,2,10,4051.0
231,2,11,4621.0
231,2,12,0.0
231,2,13,3174.0
231,2,14,5639.0
231,2,15,4132.0
231,2,16,5017.0
231,2,17,4410.0
231,2,18,3796.0
231,2,19,5954.0
231,2,20,5149.0
231,2,21,5676.0
231,2,22,4822.0
231,2,23,3840.0
231,2,24,5228.0
231,2,25,
231,2,26,5221.0
231,2,27,5980.0
231,2,28,2398.0
231,2,29,0.0
231,2,30,7384.0
231,3,1,
231,3,2,5116.0
231,3,3,0.0
231,3,4,3607.0
231,3,5,4324.0
231,3,6,3088.0
231,3,7,0.0
231,3,8,0.0
231,3,9,
231,3,10,3424.0
231,3,11,4535.0
231,3,12,0.0
231,3,13,5681.0
231,3,14,0.0
231,3,15,0.0
231,3,16,0.0
231,3,17,4753.0
231,3,18,4533.0
231,3,19,0.0
231,3,20,
231,3,21,1777.0
231,3,22,4319.0
231,3,23,
231,3,24,0.0
231,3,25,3340.0
231,3,26,0.0
231,3,27,0.0
231,3,28,4499.0
231,3,29,0.0
231,3,30,0.0
232,1,1,682.0
232,1,2,2318.0
232,1,3,2857.0
232,1,4,1915.0
232,1,5,2226.0
232,1,6,3511.0
232,1,7,0.0
232,1,8,4003.0
232,1,9,1782.0
232,1,10,2112.0
232,1,11,3976.0
232,1,12,2065.0
232,1,13,
232,1,14,1816.0
232,1,15,2061.0
232,1,16,3973.0
232,1,17,2722.0
232,1,18,2758.0
232,1,19,3772.0
232,1,20,0.0
232,1,21,1632.0
232,1,22,2490.0
232,1,23,1702.0
232,1,24,3947.0
232,1,25,2738.0
232,1,26,1244.0
232,1,27,1768.0
232,1,28,2601.0
232,1,29,3641.0
232,1,30,1439.0
232,2,1,1548.0
232,2,2,2532.0
232,2,3,
232,2,4,0.0
232,2,5,
232,2,6,0.0
232,2,7,1154.0
232,2,8,1451.0
232,2,9,2680.0
232,2,10,0.0
232,2,11,0.0
232,2,12,3480.0
232,2,13,2946.0
232,2,14,2622.0
232,2,15,0.0
232,2,16,2292.0
232,2,17,2790.0
232,2,18,1037.0
232,2,19,3210.0
232,2,20,0.0
232,2,21,0.0
232,2,22,2788.0
232,2,23,3742.0
232,2,24,2196.0
232,2,25,3266.0
232,2,26,2037.0
232,2,27,1648.0
232,2,28,0.0
232,2,29,0.0
232,2,30,4902.0
232,3,1,1693.0
232,3,2,3769.0
232,3,3,4289.0
232,3,4,
232,3,5,
232,3,6,2022.0
232,3,7,0.0
232,3,8,2507.0
232,3,9,2858.0
232,3,10,0.0
232,3,11,1870.0
232,3,12,1387.0
232,3,13,2635.0
232,3,14,2574.0
232,3,15,3559.0
232,3,16,0.0
232,3,17,
232,3,18,1516.0
232,3,19,
232,3,20,1250.0
232,3,21,0.0
232,3,22,2854.0
232,3,23,1037.0
232,3,24,2701.0
232,3,25,3206.0
232,3,26,0.0
232,3,27,
232,3,28,2974.0
232,3,29,2476.0
232,3,30,4600.0
233,1,1,6258.0
233,1,2,7652.0
233,1,3,4940.0
233,1,4,5333.0
233,1,5,4677.0
233,1,6,5663.0
233,1,7,4694.0
233,1,8,6288.0
233,1,9,5504.0
233,1,10,2717.0
233,1,11,0.0
233,1,12,4933.0
233,1,13,5374.0
233,1,14,4779.0
233,1,15,6381.0
233,1,16,7420.0
233,1,17,3830.0
233,1,18,7540.0
233,1,19,4936.0
233,1,20,
233,1,21,6282.0
233,1,22,4488.0
233,1,23,0.0
233,1,24,4113.0
233,1,25,4349.0
233,1,26,5686.0
233,1,27,3589.0
233,1,28,4503.0
233,1,29,0.0
233,1,30,0.0
233,2,1,5180.0
233,2,2,0.0
233,2,3,
233,2,4,6901.0
233,2,5,
233,2,6,7333.0
233,2,7,7259.0
233,2,8,0.0
233,2,9,5917.0
233,2,10,7870.0
233,2,11,3145.0
233,2,12,5103.0
233,2,13,0.0
233,2,14,6467.0
233,2,15,0.0
233,2,16,4809.0
233,2,17,5016.0
233,2,18,
233,2,19,0.0
233,2,20,3899.0
233,2,21,6523.0
233,2,22,0.0
233,2,23,6692.0
233,2,24,5298.0
233,2,25,4611.0
233,2,26,0.0
233,2,27,5829.0
233,2,28,0.0
233,2,29,2662.0
233,2,30,5872.0
233,3,1,
233,3,2,4395.0
233,3,3,0.0
233,3,4,0.0
233,3,5,7136.0
233,3,6,
233,3,7,4500.0
233,3,8,4693.0
233,3,9,6861.0
233,3,10,6110.0
233,3,11,6349.0
233,3,12,5469.0
233,3,13,3616.0
233,3,14,0.0
233,3,15,
233,3,16,5857.0
233,3,17,0.0
233,3,18,0.0
233,3,19,4702.0
233,3,20,5736.0
233,3,21,0.0
233,3,22,3983.0
233,3,23,
233,3,24,0.0
233,3,25,
233,3,26,0.0
233,3,27,5651.0
233,3,28,0.0
233,3,29,7562.0
233,3,30,0.0
234,1,1,5217.0
234,1,2,5883.0
234,1,3,5263.0
234,1,4,6286.0
234,1,5,4138.0
234,1,6,0.0
234,1,7,4012.0
234,1,8,5644.0
234,1,9,7746.0
234,1,10,0.0
234,1,11,6644.0
234,1,12,4711.0
234,1,13,5523.0
234,1,14,0.0
234,1,15,
234,1,16,4787.0
234,1,17,0.0
234,1,18,6562.0
234,1,19,4753.0
234,1,20,8044.0
234,1,21,5942.0
234,1,22,5262.0
234,1,23,0.0
234,1,24,4571.0
234,1,25,5138.0
234,1,26,6526.0
234,1,27,6934.0
234,1,28,6220.0
234,1,29,4931.0
234,1,30,5158.0
234,2,1,4560.0
234,2,2,5492.0
234,2,3,6886.0
234,2,4,6544.0
234,2,5,6350.0
234,2,6,6830.0
234,2,7,5425.0
234,2,8,0.0
234,2,9,6883.0
234,2,10,6212.0
234,2,11,0.0
234,2,12,4542.0
234,2,13,6022.0
234,2,14,6020.0
234,2,15,4537.0
234,2,16,7781.0
234,2,17,6028.0
234,2,18,6162.0
234,2,19,6883.0
234,2,20,5786.0
234,2,21,6100.0
234,2,22,4842.0
234,2,23,4778.0
234,2,24,0.0
234,2,25,6908.0
234,2,26,6692.0
234,2,27,0.0
234,2,28,
234,2,29,7802.0
234,2,30,6975.0
234,3,1,7322.0
234,3,2,5906.0
234,3,3,1407.0
234,3,4,
234,3,5,6761.0
234,3,6,5914.0
234,3,7,6041.0
234,3,8,4962.0
234,3,9,5826.0
234,3,10,5246.0
234,3,11,6165.0
234,3,12,
234,3,13,5630.0
234,3,14,0.0
234,3,15,5042.0
234,3,16,0.0
234,3,17,0.0
234,3,18,7483.0
234,3,19,6534.0
234,3,20,6376.0
234,3,21,5120.0
234,3,22,6543.0
234,3,23,0.0
234,3,24,4405.0
234,3,25,0.0
234,3,26,4999.0
234,3,27,
234,3,28,4832.0
234,3,29,
234,3,30,0.0
235,1,1,4431.0
235,1,2,2714.0
235,1,3,3941.0
235,1,4,1600.0
235,1,5,3035.0
235,1,6,3022.0
235,1,7,
235,1,8,4725.0
235,1,9,2760.0
235,1,10,0.0
235,1,11,3473.0
235,1,12,2678.0
235,1,13,3877.0
235,1,14,4201.0
235,1,15,4432.0
235,1,16,3133.0
235,1,17,3743.0
235,1,18,3774.0
235,1,19,1854.0
235,1,20,0.0
235,1,21,4102.0
235,1,22,0.0
235,1,23,3795.0
235,1,24,2022.0
235,1,25,4053.0
235,1,26,0.0
235,1,27,3506.0
235,1,28,2686.0
235,1,29,3201.0
235,1,30,3147.0
235,2,1,2925.0
235,2,2,0.0
235,2,3,3965.0
235,2,4,3887.0
235,2,5,4254.0
235,2,6,2170.0
235,2,7,2089.0
235,2,8,2009.0
235,2,9,2384.0
235,2,10,4400.0
235,2,11,4520.0
235,2,12,3272.0
235,2,13,5821.0
235,2,14,
235,2,15,2551.0
235,2,16,4636.0
235,2,17,3405.0
235,2,18,5066.0
235,2,19,
235,2,20,0.0
235,2,21,2618.0
235,2,22,
235,2,23,6188.0
235,2,24,
235,2,25,4111.0
235,2,26,0.0
235,2,27,5213.0
235,2,28,3862.0
235,2,29,2709.0
235,2,30,2274.0
235,3,1,
235,3,2,2342.0
235,3,3,5712.0
235,3,4,2652.0
235,3,5,2488.0
235,3,6,2731.0
235,3,7,3629.0
235,3,8,3711.0
235,3,9,2034.0
235,3,10,2563.0
235,3,11,
235,3,12,4490.0
235,3,13,4441.0
235,3,14,0.0
235,3,15,4392.0
235,3,16,0.0
235,3,17,0.0
235,3,18,0.0
235,3,19,3424.0
235,3,20,0.0
235,3,21,4839.0
235,3,22,
235,3,23,2732.0
235,3,24,0.0
235,3,25,4236.0
235,3,26,2115.0
235,3,27,2172.0
235,3,28,2488.0
235,3,29,3043.0
235,3,30,3381.0
236,1,1,0.0
236,1,2,7822.0
236,1,3,5264.0
236,1,4,8109.0
236,1,5,7657.0
236,1,6,8318.0
236,1,7,0.0
236,1,8,7824.0
236,1,9,8598.0
236,1,10,0.0
236,1,11,
236,1,12,5923.0
236,1,13,7426.0
236,1,14,6582.0
236,1,15,7141.0
236,1,16,5557.0
236,1,17,6404.0
236,1,18,5019.0
236,1,19,8046.0
236,1,20,6321.0
236,1,21,7155.0
236,1,22,6960.0
236,1,23,
236,1,24,8208.0
236,1,25,6663.0
236,1,26,8759.0
236,1,27,8828.0
236,1,28,0.0
236,1,29,6378.0
236,1,30,5887.0
236,2,1,6928.0
236,2,2,7738.0
236,2,3,5842.0
236,2,4,0.0
236,2,5,0.0
236,2,6,0.0
236,2,7,5373.0
236,2,8,6945.0
236,2,9,0.0
236,2,10,8958.0
236,2,11,6439.0
236,2,12,6428.0
236,2,13,4769.0
236,2,14,6779.0
236,2,15,6864.0
236,2,16,0.0
236,2,17,
236,2,18,0.0
236,2,19,7733.0
236,2,20,0.0
236,2,21,5644.0
236,2,22,7822.0
236,2,23,7637.0
236,2,24,6571.0
236,2,25,7339.0
236,2,26,7513.0
236,2,27,5190.0
236,2,28,5499.0
236,2,29,0.0
236,2,30,8132.0
236,3,1,5303.0
236,3,2,7452.0
236,3,3,0.0
236,3,4,
236,3,5,8101.0
236,3,6,6210.0
236,3,7,0.0
236,3,8,5828.0
236,3,9,0.0
236,3,10,0.0
236,3,11,0.0
236,3,12,6466.0
236,3,13,
236,3,14,7612.0
236,3,15,0.0
236,3,16,
236,3,17,4853.0
236,3,18,6479.0
236,3,19,0.0
236,3,20,0.0
236,3,21,0.0
236,3,22,6068.0
236,3,23,
236,3,24,7118.0
236,3,25,5667.0
236,3,26,7302.0
236,3,27,5485.0
236,3,28,0.0
236,3,29,0.0
236,3,30,6769.0
237,1,1,786.0
237,1,2,218.0
237,1,3,3886.0
237,1,4,2461.0
237,1,5,394.0
237,1,6,2009.0
237,1,7,2255.0
237,1,8,3573.0
237,1,9,0.0
237,1,10,2832.0
237,1,11,2380.0
237,1,12,
237,1,13,2935.0
237,1,14,
237,1,15,419.0
237,1,16,
237,1,17,0.0
237,1,18,1866.0
237,1,19,3903.0
237,1,20,1731.0
237,1,21,0.0
237,1,22,1568.0
237,1,23,474.0
237,1,24,2031.0
237,1,25,369.0
237,1,26,2351.0
237,1,27,2972.0
237,1,28,2109.0
237,1,29,668.0
237,1,30,3106.0
237,2,1,3656.0
237,2,2,
237,2,3,0.0
237,2,4,2259.0
237,2,5,3633.0
237,2,6,0.0
237,2,7,2037.0
237,2,8,3110.0
237,2,9,2241.0
237,2,10,3818.0
237,2,11,2336.0
237,2,12,0.0
237,2,13,2952.0
237,2,14,2539.0
237,2,15,2593.0
237,2,16,2850.0
237,2,17,3878.0
237,2,18,3095.0
237,2,19,3179.0
237,2,20,1022.0
237,2,21,2336.0
237,2,22,3512.0
237,2,23,0.0
237,2,24,1722.0
237,2,25,3806.0
237,2,26,2722.0
237,2,27,2436.0
237,2,28,2282.0
237,2,29,3728.0
237,2,30,
237,3,1,0.0
237,3,2,1753.0
237,3,3,0.0
237,3,4,3768.0
237,3,5,
237,3,6,0.0
237,3,7,0.0
237,3,8,1169.0
237,3,9,2303.0
237,3,10,
237,3,11,883.0
237,3,12,1903.0
237,3,13,2276.0
237,3,14,3408.0
237,3,15,4286.0
237,3,16,
237,3,17,3299.0
237,3,18,1080.0
237,3,19,1998.0
237,3,20,3047.0
237,3,21,2214.0
237,3,22,1619.0
237,3,23,0.0
237,3,24,4753.0
237,3,25,2135.0
237,3,26,0.0
237,3,27,655.0
237,3,28,1730.0
237,3,29,
237,3,30,
238,1,1,5396.0
238,1,2,5973.0
238,1,3,6022.0
238,1,4,6704.0
238,1,5,
238,1,6,6833.0
238,1,7,0.0
238,1,8,6148.0
238,1,9,7946.0
238,1,10,6449.0
238,1,11,6170.0
238,1,12,
238,1,13,8449.0
238,1,14,7494.0
238,1,15,6256.0
238,1,16,6748.0
238,1,17,4631.0
238,1,18,7752.0
238,1,19,5007.0
238,1,20,6737.0
238,1,21,6731.0
238,1,22,6910.0
238,1,23,5364.0
238,1,24,6247.0
238,1,25,7018.0
238,1,26,6917.0
238,1,27,8358.0
238,1,28,7674.0
238,1,29,6141.0
238,1,30,6107.0
238,2,1,0.0
238,2,2,5175.0
238,2,3,4565.0
238,2,4,6920.0
238,2,5,5865.0
238,2,6,0.0
238,2,7,
238,2,8,6678.0
238,2,9,0.0
238,2,10,6113.0
238,2,11,5057.0
238,2,12,7457.0
238,2,13,8845.0
238,2,14,6596.0
238,2,15,6106.0
238,2,16,0.0
238,2,17,6714.0
238,2,18,0.0
238,2,19,5913.0
238,2,20,6495.0
238,2,21,5858.0
238,2,22,7305.0
238,2,23,6448.0
238,2,24,5544.0
238,2,25,
238,2,26,
238,2,27,6283.0
238,2,28,5237.0
238,2,29,4178.0
238,2,30,0.0
238,3,1,0.0
238,3,2,0.0
238,3,3,7188.0
238,3,4,0.0
238,3,5,0.0
238,3,6,5473.0
238,3,7,5905.0
238,3,8,5558.0
238,3,9,
238,3,10,6759.0
238,3,11,6519.0
238,3,12,6654.0
238,3,13,7830.0
238,3,14,5858.0
238,3,15,0.0
238,3,16,0.0
238,3,17,0.0
238,3,18,
238,3,19,0.0
238,3,20,6446.0
238,3,21,0.0
238,3,22,0.0
238,3,23,0.0
238,3,24,6915.0
238,3,25,7442.0
238,3,26,4170.0
238,3,27,
238,3,28,0.0
238,3,29,6009.0
238,3,30,0.0
239,1,1,4604.0
239,1,2,4351.0
239,1,3,5057.0
239,1,4,6202.0
239,1,5,5563.0
239,1,6,5678.0
239,1,7,4551.0
239,1,8,5862.0
239,1,9,5962.0
239,1,10,5676.0
239,1,11,6064.0
239,1,12,7186.0
239,1,13,6497.0
239,1,14,4284.0
239,1,15,0.0
239,1,16,6068.0
239,1,17,0.0
239,1,18,4026.0
239,1,19,0.0
239,1,20,4358.0
239,1,21,
239,1,22,5296.0
239,1,23,3946.0
239,1,24,0.0
239,1,25,6049.0
239,1,26,5542.0
239,1,27,4501.0
239,1,28,3639.0
239,1,29,4030.0
239,1,30,4428.0
239,2,1,5085.0
239,2,2,
239,2,3,4500.0
239,2,4,
239,2,5,5273.0
239,2,6,4605.0
239,2,7,0.0
239,2,8,7047.0
239,2,9,4393.0
239,2,10,6589.0
239,2,11,
239,2,12,
239,2,13,3861.0
239,2,14,6359.0
239,2,15,4747.0
239,2,16,0.0
239,2,17,4901.0
239,2,18,
239,2,19,3448.0
239,2,20,5721.0
239,2,21,3957.0
239,2,22,0.0
239,2,23,5691.0
239,2,24,0.0
239,2,25,
239,2,26,5498.0
239,2,27,6190.0
239,2,28,5808.0
239,2,29,
239,2,30,6387.0
239,3,1,3868.0
239,3,2,0.0
239,3,3,
239,3,4,0.0
239,3,5,4808.0
239,3,6,5707.0
239,3,7,0.0
239,3,8,3319.0
239,3,9,4837.0
239,3,10,5371.0
239,3,11,5836.0
239,3,12,
239,3,13,0.0
239,3,14,0.0
239,3,15,5269.0
239,3,16,4786.0
239,3,17,4494.0
239,3,18,4186.0
239,3,19,4805.0
239,3,20,0.0
239,3,21,7136.0
239,3,22,4872.0
239,3,23,0.0
239,3,24,5069.0
239,3,25,
239,3,26,5716.0
239,3,27,4936.0
239,3,28,3772.0
239,3,29,0.0
239,3,30,5902.0
240,1,1,4060.0
240,1,2,6272.0
240,1,3,5980.0
240,1,4,6104.0
240,1,5,5291.0
240,1,6,6191.0
240,1,7,6124.0
240,1,8,0.0
240,1,9,6143.0
240,1,10,6373.0
240,1,11,5446.0
240,1,12,0.0
240,1,13,6291.0
240,1,14,5776.0
240,1,15,5176.0
240,1,16,
240,1,17,5776.0
240,1,18,6833.0
240,1,19,5738.0
240,1,20,6430.0
240,1,21,6297.0
240,1,22,4659.0
240,1,23,5754.0
240,1,24,6759.0
240,1,25,7540.0
240,1,26,4143.0
240,1,27,3916.0
240,1,28,4515.0
240,1,29,5491.0
240,1,30,7724.0
240,2,1,0.0
240,2,2,5511.0
240,2,3,0.0
240,2,4,3711.0
240,2,5,7471.0
240,2,6,4669.0
240,2,7,0.0
240,2,8,0.0
240,2,9,5079.0
240,2,10,6383.0
240,2,11,6850.0
240,2,12,4984.0
240,2,13,5629.0
240,2,14,
240,2,15,6762.0
240,2,16,5556.0
240,2,17,7331.0
240,2,18,
240,2,19,6217.0
240,2,20,4751.0
240,2,21,0.0
240,2,22,5430.0
240,2,23,0.0
240,2,24,4271.0
240,2,25,
240,2,26,4367.0
240,2,27,6891.0
240,2,28,7111.0
240,2,29,5742.0
240,2,30,0.0
240,3,1,4946.0
240,3,2,4342.0
240,3,3,3695.0
240,3,4,
240,3,5,6029.0
240,3,6,
240,3,7,0.0
240,3,8,4793.0
240,3,9,
240,3,10,0.0
240,3,11,0.0
240,3,12,7006.0
240,3,13,
240,3,14,
240,3,15,0.0
240,3,16,5532.0
240,3,17,6476.0
240,3,18,5657.0
240,3,19,0.0
240,3,20,0.0
240,3,21,0.0
240,3,22,0.0
240,3,23,7266.0
240,3,24,0.0
240,3,25,7024.0
240,3,26,0.0
240,3,27,7124.0
240,3,28,4538.0
240,3,29,
240,3,30,5362.0
241,1,1,5553.0
241,1,2,4796.0
241,1,3,5907.0
241,1,4,5523.0
241,1,5,7378.0
241,1,6,6917.0
241,1,7,5279.0
241,1,8,5124.0
241,1,9,5578.0
241,1,10,0.0
241,1,11,0.0
241,1,12,
241,1,13,6084.0
241,1,14,4805.0
241,1,15,6839.0
241,1,16,0.0
241,1,17,7795.0
241,1,18,5961.0
241,1,19,6998.0
241,1,20,7106.0
241,1,21,6119.0
241,1,22,5656.0
241,1,23,4799.0
241,1,24,
241,1,25,5367.0
241,1,26,0.0
241,1,27,5777.0
241,1,28,7992.0
241,1,29,5888.0
241,1,30,6598.0
241,2,1,7119.0
241,2,2,0.0
241,2,3,7854.0
241,2,4,5419.0
241,2,5,0.0
241,2,6,6215.0
241,2,7,6415.0
241,2,8,5140.0
241,2,9,5558.0
241,2,10,6145.0
241,2,11,0.0
241,2,12,6844.0
241,2,13,5778.0
241,2,14,4466.0
241,2,15,0.0
241,2,16,5990.0
241,2,17,5573.0
241,2,18,0.0
241,2,19,5344.0
241,2,20,8035.0
241,2,21,6686.0
241,2,22,0.0
241,2,23,5288.0
241,2,24,6245.0
241,2,25,7534.0
241,2,26,5190.0
241,2,27,6376.0
241,2,28,0.0
241,2,29,8415.0
241,2,30,0.0
241,3,1,6741.0
241,3,2,7068.0
241,3,3,6330.0
241,3,4,
241,3,5,
241,3,6,
241,3,7,0.0
241,3,8,0.0
241,3,9,7978.0
241,3,10,6343.0
241,3,11,6796.0
241,3,12,5319.0
241,3,13,6722.0
241,3,14,7330.0
241,3,15,7181.0
241,3,16,6706.0
241,3,17,
241,3,18,6822.0
241,3,19,0.0
241,3,20,4468.0
241,3,21,0.0
241,3,22,5133.0
241,3,23,8264.0
241,3,24,6482.0
241,3,25,0.0
241,3,26,6916.0
241,3,27,0.0
241,3,28,6242.0
241,3,29,0.0
241,3,30,
242,1,1,11892.0
242,1,2,14019.0
242,1,3,13038.0
242,1,4,12929.0
242,1,5,
242,1,6,13374.0
242,1,7,13716.0
242,1,8,12923.0
242,1,9,14935.0
242,1,10,13076.0
242,1,11,13109.0
242,1,12,12797.0
242,1,13,12426.0
242,1,14,13637.0
242,1,15,14319.0
242,1,16,13563.0
242,1,17,14071.0
242,1,18,12706.0
242,1,19,13434.0
242,1,20,14706.0
242,1,21,14064.0
242,1,22,14498.0
242,1,23,14093.0
242,1,24,14372.0
242,1,25,12394.0
242,1,26,12148.0
242,1,27,12663.0
242,1,28,12497.0
242,1,29,12277.0
242,1,30,14377.0
242,2,1,11648.0
242,2,2,14075.0
242,2,3,13513.0
242,2,4,9902.0
242,2,5,14713.0
242,2,6,12440.0
242,2,7,12315.0
242,2,8,12068.0
242,2,9,12053.0
242,2,10,12183.0
242,2,11,12102.0
242,2,12,12437.0
242,2,13,12171.0
242,2,14,12298.0
242,2,15,14893.0
242,2,16,13401.0
242,2,17,14222.0
242,2,18,11675.0
242,2,19,12261.0
242,2,20,12002.0
242,2,21,15017.0
242,2,22,13773.0
242,2,23,12720.0
242,2,24,13938.0
242,2,25,12684.0
242,2,26,0.0
242,2,27,12711.0
242,2,28,12747.0
242,2,29,11961.0
242,2,30,15167.0
242,3,1,9864.0
242,3,2,12072.0
242,3,3,14690.0
242,3,4,10735.0
242,3,5,11672.0
242,3,6,12830.0
242,3,7,11992.0
242,3,8,12867.0
242,3,9,13227.0
242,3,10,12743.0
242,3,11,13831.0
242,3,12,14194.0
242,3,13,14174.0
242,3,14,11848.0
242,3,15,14146.0
242,3,16,15160.0
242,3,17,13277.0
242,3,18,12824.0
242,3,19,12904.0
242,3,20,11487.0
242,3,21,13420.0
242,3,22,0.0
242,3,23,10828.0
242,3,24,12576.0
242,3,25,12332.0
242,3,26,14295.0
242,3,27,13564.0
242,3,28,0.0
242,3,29,12871.0
242,3,30,14135.0
243,1,1,0.0
243,1,2,0.0
243,1,3,52.0
243,1,4,1932.0
243,1,5,1350.0
243,1,6,0.0
243,1,7,0.0
243,1,8,1547.0
243,1,9,0.0
243,1,10,0.0
243,1,11,163.0
243,1,12,0.0
243,1,13,0.0
243,1,14,335.0
243,1,15,1191.0
243,1,16,250.0
243,1,17,0.0
243,1,18,233.0
243,1,19,0.0
243,1,20,0.0
243,1,21,304.0
243,1,22,1294.0
243,1,23,39.0
243,1,24,1369.0
243,1,25,0.0
243,1,26,0.0
243,1,27,222.0
243,1,28,0.0
243,1,29,0.0
243,1,30,0.0
243,2,1,577.0
243,2,2,1233.0
243,2,3,0.0
243,2,4,392.0
243,2,5,803.0
243,2,6,1021.0
243,2,7,0.0
243,2,8,0.0
243,2,9,0.0
243,2,10,0.0
243,2,11,
243,2,12,0.0
243,2,13,1875.0
243,2,14,0.0
243,2,15,0.0
243,2,16,
243,2,17,1096.0
243,2,18,0.0
243,2,19,0.0
243,2,20,1659.0
243,2,21,0.0
243,2,22,0.0
243,2,23,19.0
243,2,24,0.0
243,2,25,0.0
243,2,26,0.0
243,2,27,0.0
243,2,28,872.0
243,2,29,0.0
243,2,30,0.0
243,3,1,0.0
243,3,2,0.0
243,3,3,
243,3,4,0.0
243,3,5,0.0
243,3,6,94.0
243,3,7,0.0
243,3,8,
243,3,9,0.0
243,3,10,0.0
243,3,11,0.0
243,3,12,0.0
243,3,13,0.0
243,3,14,0.0
243,3,15,0.0
243,3,16,
243,3,17,0.0
243,3,18,1196.0
243,3,19,0.0
243,3,20,0.0
243,3,21,499.0
243,3,22,0.0
243,3,23,0.0
243,3,24,0.0
243,3,25,0.0
243,3,26,513.0
243,3,27,0.0
243,3,28,0.0
243,3,29,0.0
243,3,30,0.0
244,1,1,13702.0
244,1,2,11778.0
244,1,3,12212.0
244,1,4,14478.0
244,1,5,12439.0
244,1,6,12557.0
244,1,7,12531.0
244,1,8,0.0
244,1,9,11898.0
244,1,10,11098.0
244,1,11,12181.0
244,1,12,14971.0
244,1,13,10753.0
244,1,14,12386.0
244,1,15,12366.0
244,1,16,12197.0
244,1,17,12794.0
244,1,18,13230.0
244,1,19,13811.0
244,1,20,15432.0
244,1,21,13635.0
244,1,22,14058.0
244,1,23,12423.0
244,1,24,0.0
244,1,25,12825.0
244,1,26,12386.0
244,1,27,12759.0
244,1,28,11948.0
244,1,29,12940.0
244,1,30,13678.0
244,2,1,12693.0
244,2,2,10936.0
244,2,3,13437.0
244,2,4,13205.0
244,2,5,13920.0
244,2,6,12815.0
244,2,7,13793.0
244,2,8,11243.0
244,2,9,11881.0
244,2,10,12588.0
244,2,11,12945.0
244,2,12,13869.0
244,2,13,13209.0
244,2,14,11974.0
244,2,15,13497.0
244,2,16,12213.0
244,2,17,12513.0
244,2,18,13564.0
244,2,19,12134.0
244,2,20,13522.0
244,2,21,11308.0
244,2,22,0.0
244,2,23,13771.0
244,2,24,11496.0
244,2,25,12558.0
244,2,26,14080.0
244,2,27,11961.0
244,2,28,11030.0
244,2,29,13823.0
244,2,30,13164.0
244,3,1,12809.0
244,3,2,12574.0
244,3,3,11965.0
244,3,4,
244,3,5,13831.0
244,3,6,15038.0
244,3,7,13965.0
244,3,8,
244,3,9,13533.0
244,3,10,12950.0
244,3,11,12458.0
244,3,12,11880.0
244,3,13,11668.0
244,3,14,0.0
244,3,15,14936.0
244,3,16,12438.0
244,3,17,13352.0
244,3,18,12639.0
244,3,19,13518.0
244,3,20,11761.0
244,3,21,12185.0
244,3,22,12047.0
244,3,23,11386.0
244,3,24,14234.0
244,3,25,12349.0
244,3,26,13892.0
244,3,27,12415.0
244,3,28,12995.0
244,3,29,14794.0
244,3,30,13911.0
245,1,1,6237.0
245,1,2,5248.0
245,1,3,5515.0
245,1,4,6242.0
245,1,5,8083.0
245,1,6,
245,1,7,0.0
245,1,8,6952.0
245,1,9,6896.0
245,1,10,7270.0
245,1,11,6867.0
245,1,12,8458.0
245,1,13,6253.0
245,1,14,0.0
245,1,15,7548.0
245,1,16,0.0
245,1,17,6596.0
245,1,18,4784.0
245,1,19,6435.0
245,1,20,0.0
245,1,21,6944.0
245,1,22,6878.0
245,1,23,5829.0
245,1,24,5567.0
245,1,25,5405.0
245,1,26,8012.0
245,1,27,
245,1,28,5957.0
245,1,29,8687.0
245,1,30,6336.0
245,2,1,5069.0
245,2,2,0.0
245,2,3,6013.0
245,2,4,6109.0
245,2,5,0.0
245,2,6,0.0
245,2,7,7679.0
245,2,8,6138.0
245,2,9,6984.0
245,2,10,6755.0
245,2,11,7534.0
245,2,12,
245,2,13,6139.0
245,2,14,4067.0
245,2,15,6625.0
245,2,16,6837.0
245,2,17,4820.0
245,2,18,6356.0
245,2,19,6865.0
245,2,20,7496.0
245,2,21,7674.0
245,2,22,7031.0
245,2,23,
245,2,24,5994.0
245,2,25,0.0
245,2,26,6804.0
245,2,27,6064.0
245,2,28,
245,2,29,0.0
245,2,30,6979.0
245,3,1,6955.0
245,3,2,7242.0
245,3,3,
245,3,4,
245,3,5,
245,3,6,7411.0
245,3,7,
245,3,8,
245,3,9,5382.0
245,3,10,0.0
245,3,11,6787.0
245,3,12,7831.0
245,3,13,
245,3,14,6412.0
245,3,15,
245,3,16,6310.0
245,3,17,6831.0
245,3,18,7041.0
245,3,19,6947.0
245,3,20,4691.0
245,3,21,8250.0
245,3,22,
245,3,23,7135.0
245,3,24,
245,3,25,
245,3,26,6046.0
245,3,27,6600.0
245,3,28,6603.0
245,3,29,0.0
245,3,30,6336.0
246,1,1,6418.0
246,1,2,5011.0
246,1,3,8205.0
246,1,4,7197.0
246,1,5,3984.0
246,1,6,6536.0
246,1,7,7162.0
246,1,8,6587.0
246,1,9,7897.0
246,1,10,0.0
246,1,11,6217.0
246,1,12,0.0
246,1,13,
246,1,14,6166.0
246,1,15,6028.0
246,1,16,5605.0
246,1,17,6386.0
246,1,18,4173.0
246,1,19,7290.0
246,1,20,5530.0
246,1,21,7819.0
246,1,22,7051.0
246,1,23,6152.0
246,1,24,7566.0
246,1,25,6600.0
246,1,26,8226.0
246,1,27,0.0
246,1,28,6912.0
246,1,29,6978.0
246,1,30,7624.0
246,2,1,6717.0
246,2,2,0.0
246,2,3,5562.0
246,2,4,7219.0
246,2,5,0.0
246,2,6,5291.0
246,2,7,7789.0
246,2,8,5235.0
246,2,9,8263.0
246,2,10,7502.0
246,2,11,6170.0
246,2,12,
246,2,13,4710.0
246,2,14,6243.0
246,2,15,
246,2,16,6088.0
246,2,17,5405.0
246,2,18,7260.0
246,2,19,0.0
246,2,20,7149.0
246,2,21,5785.0
246,2,22,6027.0
246,2,23,3929.0
246,2,24,6120.0
246,2,25,5453.0
246,2,26,5727.0
246,2,27,7095.0
246,2,28,0.0
246,2,29,6340.0
246,2,30,0.0
246,3,1,7250.0
246,3,2,7053.0
246,3,3,5953.0
246,3,4,0.0
246,3,5,6906.0
246,3,6,5162.0
246,3,7,5872.0
246,3,8,0.0
246,3,9,8491.0
246,3,10,
246,3,11,5849.0
246,3,12,
246,3,13,7549.0
246,3,14,5656.0
246,3,15,
246,3,16,0.0
246,3,17,5772.0
246,3,18,0.0
246,3,19,3928.0
246,3,20,6280.0
246,3,21,0.0
246,3,22,0.0
246,3,23,
246,3,24,7510.0
246,3,25,4804.0
246,3,26,6686.0
246,3,27,7367.0
246,3,28,
246,3,29,6590.0
246,3,30,5981.0
247,1,1,5057.0
247,1,2,0.0
247,1,3,5643.0
247,1,4,5713.0
247,1,5,0.0
247,1,6,4902.0
247,1,7,
247,1,8,0.0
247,1,9,4266.0
247,1,10,3278.0
247,1,11,4576.0
247,1,12,0.0
247,1,13,4266.0
247,1,14,5501.0
247,1,15,4222.0
247,1,16,4137.0
247,1,17,3471.0
247,1,18,4929.0
247,1,19,
247,1,20,5483.0
247,1,21,4463.0
247,1,22,5266.0
247,1,23,2933.0
247,1,24,5898.0
247,1,25,4023.0
247,1,26,3126.0
247,1,27,4177.0
247,1,28,4366.0
247,1,29,2729.0
247,1,30,
247,2,1,5117.0
247,2,2,4654.0
247,2,3,0.0
247,2,4,0.0
247,2,5,4284.0
247,2,6,0.0
247,2,7,3844.0
247,2,8,
247,2,9,
247,2,10,0.0
247,2,11,5439.0
247,2,12,4518.0
247,2,13,0.0
247,2,14,0.0
247,2,15,0.0
247,2,16,3973.0
247,2,17,
247,2,18,4567.0
247,2,19,3611.0
247,2,20,
247,2,21,2911.0
247,2,22,4892.0
247,2,23,4946.0
247,2,24,5994.0
247,2,25,4922.0
247,2,26,4008.0
247,2,27,4646.0
247,2,28,3625.0
247,2,29,4485.0
247,2,30,4849.0
247,3,1,0.0
247,3,2,0.0
247,3,3,0.0
247,3,4,
247,3,5,0.0
247,3,6,0.0
247,3,7,6021.0
247,3,8,4229.0
247,3,9,5013.0
247,3,10,
247,3,11,4038.0
247,3,12,3949.0
247,3,13,
247,3,14,0.0
247,3,15,0.0
247,3,16,3359.0
247,3,17,
247,3,18,4703.0
247,3,19,0.0
247,3,20,
247,3,21,
247,3,22,5620.0
247,3,23,3509.0
247,3,24,0.0
247,3,25,4403.0
247,3,26,3821.0
247,3,27,0.0
247,3,28,0.0
247,3,29,5253.0
247,3,30,0.0
248,1,1,3592.0
248,1,2,2728.0
248,1,3,2431.0
248,1,4,2945.0
248,1,5,2366.0
248,1,6,5269.0
248,1,7,4136.0
248,1,8,4439.0
248,1,9,4064.0
248,1,10,3228.0
248,1,11,0.0
248,1,12,4977.0
248,1,13,3197.0
248,1,14,0.0
248,1,15,2320.0
248,1,16,2493.0
248,1,17,4523.0
248,1,18,3679.0
248,1,19,2317.0
248,1,20,2041.0
248,1,21,0.0
248,1,22,2207.0
248,1,23,2991.0
248,1,24,3664.0
248,1,25,2557.0
248,1,26,0.0
248,1,27,4202.0
248,1,28,0.0
248,1,29,3636.0
248,1,30,3127.0
248,2,1,2935.0
248,2,2,2793.0
248,2,3,4002.0
248,2,4,0.0
248,2,5,2684.0
248,2,6,4293.0
248,2,7,1709.0
248,2,8,2127.0
248,2,9,4209.0
248,2,10,2677.0
248,2,11,4848.0
248,2,12,4448.0
248,2,13,2229.0
248,2,14,3582.0
248,2,15,3091.0
248,2,16,1423.0
248,2,17,0.0
248,2,18,
248,2,19,2281.0
248,2,20,2147.0
248,2,21,0.0
248,2,22,0.0
248,2,23,3492.0
248,2,24,
248,2,25,0.0
248,2,26,3047.0
248,2,27,2006.0
248,2,28,5769.0
248,2,29,4214.0
248,2,30,1158.0
248,3,1,4210.0
248,3,2,
248,3,3,2621.0
248,3,4,0.0
248,3,5,3978.0
248,3,6,
248,3,7,4095.0
248,3,8,3170.0
248,3,9,
248,3,10,0.0
248,3,11,3901.0
248,3,12,4809.0
248,3,13,0.0
248,3,14,2787.0
248,3,15,3583.0
248,3,16,0.0
248,3,17,0.0
248,3,18,
248,3,19,1856.0
248,3,20,2591.0
248,3,21,0.0
248,3,22,0.0
248,3,23,2992.0
248,3,24,0.0
248,3,25,2330.0
248,3,26,3681.0
248,3,27,
248,3,28,0.0
248,3,29,2011.0
248,3,30,
249,1,1,0.0
249,1,2,
249,1,3,0.0
249,1,4,3691.0
249,1,5,2694.0
249,1,6,1896.0
249,1,7,3642.0
249,1,8,1415.0
249,1,9,1100.0
249,1,10,3462.0
249,1,11,3378.0
249,1,12,2050.0
249,1,13,1905.0
249,1,14,3335.0
249,1,15,1596.0
249,1,16,1746.0
249,1,17,2877.0
249,1,18,0.0
249,1,19,4384.0
249,1,20,0.0
249,1,21,3138.0
249,1,22,2944.0
249,1,23,3409.0
249,1,24,0.0
249,1,25,5046.0
249,1,26,2571.0
249,1,27,0.0
249,1,28,3143.0
249,1,29,2279.0
249,1,30,2240.0
249,2,1,
249,2,2,1076.0
249,2,3,3246.0
249,2,4,
249,2,5,2599.0
249,2,6,4728.0
249,2,7,2964.0
249,2,8,3776.0
249,2,9,4097.0
249,2,10,4559.0
249,2,11,3513.0
249,2,12,2335.0
249,2,13,2107.0
249,2,14,4530.0
249,2,15,2694.0
249,2,16,0.0
249,2,17,1405.0
249,2,18,3027.0
249,2,19,2612.0
249,2,20,2544.0
249,2,21,
249,2,22,4492.0
249,2,23,1855.0
249,2,24,0.0
249,2,25,0.0
249,2,26,2284.0
249,2,27,1186.0
249,2,28,4111.0
249,2,29,2430.0
249,2,30,2914.0
249,3,1,3954.0
249,3,2,3215.0
249,3,3,2845.0
249,3,4,0.0
249,3,5,2608.0
249,3,6,0.0
249,3,7,1698.0
249,3,8,0.0
249,3,9,0.0
249,3,10,0.0
249,3,11,0.0
249,3,12,
249,3,13,2467.0
249,3,14,0.0
249,3,15,
249,3,16,0.0
249,3,17,3338.0
249,3,18,3020.0
249,3,19,2366.0
249,3,20,2094.0
249,3,21,3223.0
249,3,22,
249,3,23,0.0
249,3,24,
249,3,25,0.0
249,3,26,0.0
249,3,27,0.0
249,3,28,4286.0
249,3,29,0.0
249,3,30,0.0
250,1,1,2191.0
250,1,2,2622.0
250,1,3,3380.0
250,1,4,2874.0
250,1,5,0.0
250,1,6,2648.0
250,1,7,5174.0
250,1,8,2684.0
250,1,9,4744.0
250,1,10,
250,1,11,1473.0
250,1,12,3641.0
250,1,13,4837.0
250,1,14,3887.0
250,1,15,3900.0
250,1,16,3411.0
250,1,17,4692.0
250,1,18,2268.0
250,1,19,4393.0
250,1,20,6192.0
250,1,21,4684.0
250,1,22,4264.0
250,1,23,2786.0
250,1,24,5512.0
250,1,25,2707.0
250,1,26,3553.0
250,1,27,3614.0
250,1,28,1253.0
250,1,29,0.0
250,1,30,3862.0
250,2,1,5284.0
250,2,2,3428.0
250,2,3,3800.0
250,2,4,
250,2,5,3936.0
250,2,6,2166.0
250,2,7,4399.0
250,2,8,2609.0
250,2,9,2713.0
250,2,10,4056.0
250,2,11,1800.0
250,2,12,0.0
250,2,13,2635.0
250,2,14,
250,2,15,3514.0
250,2,16,0.0
250,2,17,4118.0
250,2,18,3911.0
250,2,19,4154.0
250,2,20,1985.0
250,2,21,3757.0
250,2,22,4138.0
250,2,23,4709.0
250,2,24,0.0
250,2,25,2700.0
250,2,26,3303.0
250,2,27,2468.0
250,2,28,0.0
250,2,29,1405.0
250,2,30,3557.0
250,3,1,3612.0
250,3,2,3218.0
250,3,3,2478.0
250,3,4,0.0
250,3,5,3747.0
250,3,6,
250,3,7,2636.0
250,3,8,3473.0
250,3,9,0.0
250,3,10,0.0
250,3,11,0.0
250,3,12,4386.0
250,3,13,
250,3,14,4509.0
250,3,15,2037.0
250,3,16,2562.0
250,3,17,
250,3,18,5206.0
250,3,19,0.0
250,3,20,0.0
250,3,21,2539.0
250,3,22,3777.0
250,3,23,0.0
250,3,24,2697.0
250,3,25,5785.0
250,3,26,
250,3,27,3737.0
250,3,28,3297.0
250,3,29,0.0
250,3,30,3826.0
251,1,1,5767.0
251,1,2,5779.0
251,1,3,6520.0
251,1,4,5720.0
251,1,5,
251,1,6,0.0
251,1,7,4154.0
251,1,8,5180.0
251,1,9,4827.0
251,1,10,
251,1,11,4833.0
251,1,12,0.0
251,1,13,3797.0
251,1,14,5968.0
251,1,15,5786.0
251,1,16,6304.0
251,1,17,6126.0
251,1,18,4963.0
251,1,19,5275.0
251,1,20,3862.0
251,1,21,5565.0
251,1,22,4628.0
251,1,23,5861.0
251,1,24,4806.0
251,1,25,5297.0
251,1,26,5104.0
251,1,27,5330.0
251,1,28,6786.0
251,1,29,5311.0
251,1,30,5992.0
251,2,1,5381.0
251,2,2,5285.0
251,2,3,4207.0
251,2,4,3582.0
251,2,5,
251,2,6,
251,2,7,4481.0
251,2,8,7063.0
251,2,9,
251,2,10,5764.0
251,2,11,6607.0
251,2,12,2558.0
251,2,13,5811.0
251,2,14,0.0
251,2,15,4750.0
251,2,16,6446.0
251,2,17,
251,2,18,6260.0
251,2,19,5401.0
251,2,20,0.0
251,2,21,4690.0
251,2,22,5805.0
251,2,23,
251,2,24,0.0
251,2,25,0.0
251,2,26,4648.0
251,2,27,5090.0
251,2,28,5156.0
251,2,29,5506.0
251,2,30,4113.0
251,3,1,
251,3,2,
251,3,3,0.0
251,3,4,5753.0
251,3,5,4849.0
251,3,6,2320.0
251,3,7,4684.0
251,3,8,3014.0
251,3,9,
251,3,10,4074.0
251,3,11,6386.0
251,3,12,4494.0
251,3,13,0.0
251,3,14,6107.0
251,3,15,0.0
251,3,16,4627.0
251,3,17,0.0
251,3,18,
251,3,19,
251,3,20,5967.0
251,3,21,0.0
251,3,22,3992.0
251,3,23,4486.0
251,3,24,0.0
251,3,25,4862.0
251,3,26,5767.0
251,3,27,0.0
251,3,28,0.0
251,3,29,4350.0
251,3,30,0.0
252,1,1,6285.0
252,1,2,6486.0
252,1,3,5284.0
252,1,4,7798.0
252,1,5,
252,1,6,6437.0
252,1,7,6666.0
252,1,8,0.0
252,1,9,6792.0
252,1,10,6177.0
252,1,11,4753.0
252,1,12,4600.0
252,1,13,0.0
252,1,14,6896.0
252,1,15,6891.0
252,1,16,6950.0
252,1,17,6087.0
252,1,18,7207.0
252,1,19,5670.0
252,1,20,4959.0
252,1,21,6676.0
252,1,22,6343.0
252,1,23,6374.0
252,1,24,7855.0
252,1,25,6368.0
252,1,26,7070.0
252,1,27,3337.0
252,1,28,6338.0
252,1,29,4729.0
252,1,30,5894.0
252,2,1,5610.0
252,2,2,7589.0
252,2,3,7661.0
252,2,4,0.0
252,2,5,7773.0
252,2,6,5908.0
252,2,7,5516.0
252,2,8,6545.0
252,2,9,6481.0
252,2,10,0.0
252,2,11,7564.0
252,2,12,0.0
252,2,13,7604.0
252,2,14,5625.0
252,2,15,5811.0
252,2,16,6680.0
252,2,17,0.0
252,2,18,
252,2,19,0.0
252,2,20,6864.0
252,2,21,
252,2,22,5194.0
252,2,23,6656.0
252,2,24,6779.0
252,2,25,0.0
252,2,26,6126.0
252,2,27,4897.0
252,2,28,4256.0
252,2,29,6118.0
252,2,30,5745.0
252,3,1,8155.0
252,3,2,6894.0
252,3,3,0.0
252,3,4,0.0
252,3,5,0.0
252,3,6,0.0
252,3,7,4820.0
252,3,8,6641.0
252,3,9,5856.0
252,3,10,5766.0
252,3,11,0.0
252,3,12,7018.0
252,3,13,
252,3,14,6145.0
252,3,15,5426.0
252,3,16,5741.0
252,3,17,7575.0
252,3,18,7471.0
252,3,19,
252,3,20,0.0
252,3,21,
252,3,22,0.0
252,3,23,5789.0
252,3,24,4988.0
252,3,25,0.0
252,3,26,0.0
252,3,27,0.0
252,3,28,0.0
252,3,29,7277.0
252,3,30,6021.0
253,1,1,9470.0
253,1,2,7537.0
253,1,3,7206.0
253,1,4,6617.0
253,1,5,6780.0
253,1,6,8342.0
253,1,7,8451.0
253,1,8,9067.0
253,1,9,8620.0
253,1,10,8564.0
253,1,11,7460.0
253,1,12,9521.0
253,1,13,8790.0
253,1,14,8282.0
253,1,15,8672.0
253,1,16,9176.0
253,1,17,7360.0
253,1,18,7769.0
253,1,19,11377.0
253,1,20,6430.0
253,1,21,8415.0
253,1,22,8929.0
253,1,23,8815.0
253,1,24,9187.0
253,1,25,9100.0
253,1,26,8475.0
253,1,27,9018.0
253,1,28,10027.0
253,1,29,9429.0
253,1,30,9345.0
253,2,1,8068.0
253,2,2,8167.0
253,2,3,9559.0
253,2,4,7315.0
253,2,5,8563.0
253,2,6,9420.0
253,2,7,8586.0
253,2,8,8351.0
253,2,9,9181.0
253,2,10,8926.0
253,2,11,9334.0
253,2,12,10522.0
253,2,13,8233.0
253,2,14,9078.0
253,2,15,0.0
253,2,16,8249.0
253,2,17,8194.0
253,2,18,7451.0
253,2,19,9536.0
253,2,20,7812.0
253,2,21,9300.0
253,2,22,9722.0
253,2,23,9605.0
253,2,24,9276.0
253,2,25,7294.0
253,2,26,8318.0
253,2,27,7927.0
253,2,28,0.0
253,2,29,7755.0
253,2,30,8354.0
253,3,1,9595.0
253,3,2,9870.0
253,3,3,7242.0
253,3,4,8517.0
253,3,5,7694.0
253,3,6,6742.0
253,3,7,7852.0
253,3,8,7832.0
253,3,9,9194.0
253,3,10,8738.0
253,3,11,9389.0
253,3,12,7986.0
253,3,13,9501.0
253,3,14,8329.0
253,3,15,7762.0
253,3,16,6783.0
253,3,17,7288.0
253,3,18,7882.0
253,3,19,8668.0
253,3,20,7719.0
253,3,21,10604.0
253,3,22,9133.0
253,3,23,7461.0
253,3,24,8035.0
253,3,25,8160.0
253,3,26,8807.0
253,3,27,6818.0
253,3,28,10146.0
253,3,29,10516.0
253,3,30,8933.0
254,1,1,7097.0
254,1,2,6570.0
254,1,3,5892.0
254,1,4,7288.0
254,1,5,0.0
254,1,6,4574.0
254,1,7,6925.0
254,1,8,5480.0
254,1,9,7243.0
254,1,10,5840.0
254,1,11,7929.0
254,1,12,8961.0
254,1,13,0.0
254,1,14,0.0
254,1,15,6682.0
254,1,16,5384.0
254,1,17,8252.0
254,1,18,7444.0
254,1,19,8141.0
254,1,20,6081.0
254,1,21,6739.0
254,1,22,6273.0
254,1,23,
254,1,24,7058.0
254,1,25,7651.0
254,1,26,8055.0
254,1,27,
254,1,28,7935.0
254,1,29,6294.0
254,1,30,
254,2,1,7426.0
254,2,2,6854.0
254,2,3,0.0
254,2,4,7368.0
254,2,5,0.0
254,2,6,6574.0
254,2,7,8647.0
254,2,8,5748.0
254,2,9,6038.0
254,2,10,0.0
254,2,11,4585.0
254,2,12,
254,2,13,5291.0
254,2,14,7103.0
254,2,15,5866.0
254,2,16,
254,2,17,6745.0
254,2,18,7068.0
254,2,19,7540.0
254,2,20,7789.0
254,2,21,6798.0
254,2,22,0.0
254,2,23,8222.0
254,2,24,7509.0
254,2,25,6755.0
254,2,26,4692.0
254,2,27,5182.0
254,2,28,6871.0
254,2,29,
254,2,30,0.0
254,3,1,0.0
254,3,2,0.0
254,3,3,0.0
254,3,4,0.0
254,3,5,7935.0
254,3,6,0.0
254,3,7,5856.0
254,3,8,0.0
254,3,9,0.0
254,3,10,6565.0
254,3,11,6390.0
254,3,12,7265.0
254,3,13,6764.0
254,3,14,
254,3,15,9288.0
254,3,16,8123.0
254,3,17,0.0
254,3,18,5167.0
254,3,19,6581.0
254,3,20,5013.0
254,3,21,7559.0
254,3,22,0.0
254,3,23,0.0
254,3,24,7893.0
254,3,25,8637.0
254,3,26,0.0
254,3,27,0.0
254,3,28,5792.0
254,3,29,6053.0
254,3,30,6339.0
255,1,1,3780.0
255,1,2,3788.0
255,1,3,2593.0
255,1,4,5299.0
255,1,5,3989.0
255,1,6,4429.0
255,1,7,0.0
255,1,8,4835.0
255,1,9,6747.0
255,1,10,4197.0
255,1,11,4071.0
255,1,12,4223.0
255,1,13,4867.0
255,1,14,3957.0
255,1,15,3544.0
255,1,16,4121.0
255,1,17,5437.0
255,1,18,4105.0
255,1,19,5532.0
255,1,20,4048.0
255,1,21,4963.0
255,1,22,4378.0
255,1,23,4061.0
255,1,24,3626.0
255,1,25,4007.0
255,1,26,4600.0
255,1,27,2988.0
255,1,28,0.0
255,1,29,4519.0
255,1,30,3573.0
255,2,1,5293.0
255,2,2,3814.0
255,2,3,4550.0
255,2,4,0.0
255,2,5,5860.0
255,2,6,6212.0
255,2,7,5846.0
255,2,8,3082.0
255,2,9,4738.0
255,2,10,0.0
255,2,11,0.0
255,2,12,0.0
255,2,13,4818.0
255,2,14,0.0
255,2,15,4231.0
255,2,16,
255,2,17,0.0
255,2,18,4840.0
255,2,19,4837.0
255,2,20,0.0
255,2,21,0.0
255,2,22,3555.0
255,2,23,0.0
255,2,24,3376.0
255,2,25,0.0
255,2,26,4620.0
255,2,27,
255,2,28,
255,2,29,4669.0
255,2,30,3789.0
255,3,1,5037.0
255,3,2,4238.0
255,3,3,0.0
255,3,4,0.0
255,3,5,5312.0
255,3,6,0.0
255,3,7,
255,3,8,0.0
255,3,9,4619.0
255,3,10,4637.0
255,3,11,3145.0
255,3,12,
255,3,13,
255,3,14,0.0
255,3,15,0.0
255,3,16,2288.0
255,3,17,
255,3,18,
255,3,19,5639.0
255,3,20,5275.0
255,3,21,3624.0
255,3,22,0.0
255,3,23,4092.0
255,3,24,4077.0
255,3,25,0.0
255,3,26,4504.0
255,3,27,2725.0
255,3,28,3918.0
255,3,29,2493.0
255,3,30,4319.0
256,1,1,5262.0
256,1,2,7025.0
256,1,3,6993.0
256,1,4,4227.0
256,1,5,4192.0
256,1,6,7238.0
256,1,7,5016.0
256,1,8,5091.0
256,1,9,0.0
256,1,10,4329.0
256,1,11,6445.0
256,1,12,4785.0
256,1,13,6834.0
256,1,14,5596.0
256,1,15,5313.0
256,1,16,6624.0
256,1,17,5855.0
256,1,18,5975.0
256,1,19,4671.0
256,1,20,7782.0
256,1,21,7422.0
256,1,22,5898.0
256,1,23,5456.0
256,1,24,6240.0
256,1,25,4370.0
256,1,26,6128.0
256,1,27,3489.0
256,1,28,5534.0
256,1,29,4720.0
256,1,30,6470.0
256,2,1,5260.0
256,2,2,4591.0
256,2,3,
256,2,4,8386.0
256,2,5,6063.0
256,2,6,6751.0
256,2,7,4608.0
256,2,8,0.0
256,2,9,0.0
256,2,10,7960.0
256,2,11,7114.0
256,2,12,
256,2,13,6419.0
256,2,14,0.0
256,2,15,5193.0
256,2,16,4340.0
256,2,17,0.0
256,2,18,4641.0
256,2,19,0.0
256,2,20,4796.0
256,2,21,6178.0
256,2,22,4990.0
256,2,23,0.0
256,2,24,
256,2,25,0.0
256,2,26,8164.0
256,2,27,6163.0
256,2,28,0.0
256,2,29,6236.0
256,2,30,8406.0
256,3,1,
256,3,2,
256,3,3,4845.0
256,3,4,0.0
256,3,5,6622.0
256,3,6,5650.0
256,3,7,7034.0
256,3,8,
256,3,9,6424.0
256,3,10,4561.0
256,3,11,6078.0
256,3,12,6043.0
256,3,13,0.0
256,3,14,7466.0
256,3,15,6721.0
256,3,16,0.0
256,3,17,0.0
256,3,18,5307.0
256,3,19,5797.0
256,3,20,0.0
256,3,21,0.0
256,3,22,6837.0
256,3,23,0.0
256,3,24,5052.0
256,3,25,0.0
256,3,26,0.0
256,3,27,6586.0
256,3,28,4818.0
256,3,29,0.0
256,3,30,
257,1,1,10950.0
257,1,2,11105.0
257,1,3,8754.0
257,1,4,11569.0
257,1,5,10353.0
257,1,6,10953.0
257,1,7,10965.0
257,1,8,10147.0
257,1,9,11253.0
257,1,10,0.0
257,1,11,10390.0
257,1,12,9296.0
257,1,13,12344.0
257,1,14,11169.0
257,1,15,12830.0
257,1,16,8672.0
257,1,17,10808.0
257,1,18,8068.0
257,1,19,10286.0
257,1,20,10651.0
257,1,21,8823.0
257,1,22,11930.0
257,1,23,8783.0
257,1,24,11501.0
257,1,25,11524.0
257,1,26,0.0
257,1,27,8995.0
257,1,28,9997.0
257,1,29,8968.0
257,1,30,11343.0
257,2,1,8665.0
257,2,2,10642.0
257,2,3,8622.0
257,2,4,9789.0
257,2,5,10002.0
257,2,6,
257,2,7,11651.0
257,2,8,11917.0
257,2,9,8861.0
257,2,10,0.0
257,2,11,9195.0
257,2,12,9237.0
257,2,13,9592.0
257,2,14,10027.0
257,2,15,10043.0
257,2,16,11108.0
257,2,17,9702.0
257,2,18,11008.0
257,2,19,10502.0
257,2,20,0.0
257,2,21,7539.0
257,2,22,0.0
257,2,23,9312.0
257,2,24,10670.0
257,2,25,10197.0
257,2,26,8439.0
257,2,27,8865.0
257,2,28,10786.0
257,2,29,9650.0
257,2,30,10377.0
257,3,1,11230.0
257,3,2,10004.0
257,3,3,11319.0
257,3,4,8917.0
257,3,5,11291.0
257,3,6,9318.0
257,3,7,10463.0
257,3,8,10951.0
257,3,9,11912.0
257,3,10,12607.0
257,3,11,8990.0
257,3,12,12117.0
257,3,13,10595.0
257,3,14,9571.0
257,3,15,11550.0
257,3,16,10764.0
257,3,17,10380.0
257,3,18,10349.0
257,3,19,0.0
257,3,20,11586.0
257,3,21,10537.0
257,3,22,10675.0
257,3,23,9564.0
257,3,24,11391.0
257,3,25,10797.0
257,3,26,9526.0
257,3,27,9413.0
257,3,28,9942.0
257,3,29,10229.0
257,3,30,10115.0
258,1,1,
258,1,2,4042.0
258,1,3,0.0
258,1,4,4676.0
258,1,5,
258,1,6,4665.0
258,1,7,5156.0
258,1,8,4678.0
258,1,9,2957.0
258,1,10,0.0
258,1,11,5016.0
258,1,12,4242.0
258,1,13,4246.0
258,1,14,4642.0
258,1,15,
258,1,16,5349.0
258,1,17,4979.0
258,1,18,4750.0
258,1,19,4812.0
258,1,20,3941.0
258,1,21,4972.0
258,1,22,4256.0
258,1,23,4810.0
258,1,24,
258,1,25,5331.0
258,1,26,5506.0
258,1,27,0.0
258,1,28,3146.0
258,1,29,6356.0
258,1,30,4035.0
258,2,1,5015.0
258,2,2,0.0
258,2,3,6082.0
258,2,4,5768.0
258,2,5,3981.0
258,2,6,3935.0
258,2,7,6723.0
258,2,8,5927.0
258,2,9,4652.0
258,2,10,0.0
258,2,11,4129.0
258,2,12,
258,2,13,4622.0
258,2,14,4399.0
258,2,15,
258,2,16,5120.0
258,2,17,5616.0
258,2,18,5344.0
258,2,19,3510.0
258,2,20,0.0
258,2,21,0.0
258,2,22,5268.0
258,2,23,5195.0
258,2,24,5974.0
258,2,25,0.0
258,2,26,0.0
258,2,27,5628.0
258,2,28,4971.0
258,2,29,0.0
258,2,30,0.0
258,3,1,6814.0
258,3,2,0.0
258,3,3,
258,3,4,5821.0
258,3,5,6569.0
258,3,6,4958.0
258,3,7,3884.0
258,3,8,
258,3,9,0.0
258,3,10,5993.0
258,3,11,4848.0
258,3,12,5539.0
258,3,13,5909.0
258,3,14,7062.0
258,3,15,0.0
258,3,16,6547.0
258,3,17,0.0
258,3,18,5759.0
258,3,19,3870.0
258,3,20,6053.0
258,3,21,6910.0
258,3,22,0.0
258,3,23,0.0
258,3,24,0.0
258,3,25,6771.0
258,3,26,3340.0
258,3,27,4264.0
258,3,28,0.0
258,3,29,3538.0
258,3,30,0.0
259,1,1,0.0
259,1,2,5278.0
259,1,3,6718.0
259,1,4,5078.0
259,1,5,2902.0
259,1,6,3677.0
259,1,7,0.0
259,1,8,0.0
259,1,9,4056.0
259,1,10,4136.0
259,1,11,
259,1,12,6613.0
259,1,13,3820.0
259,1,14,5335.0
259,1,15,3165.0
259,1,16,4756.0
259,1,17,5017.0
259,1,18,0.0
259,1,19,2028.0
259,1,20,4271.0
259,1,21,0.0
259,1,22,3748.0
259,1,23,0.0
259,1,24,4788.0
259,1,25,4903.0
259,1,26,3081.0
259,1,27,4731.0
259,1,28,4661.0
259,1,29,3137.0
259,1,30,5690.0
259,2,1,3698.0
259,2,2,
259,2,3,4364.0
259,2,4,
259,2,5,5753.0
259,2,6,3293.0
259,2,7,3666.0
259,2,8,4489.0
259,2,9,4597.0
259,2,10,5055.0
259,2,11,6487.0
259,2,12,0.0
259,2,13,
259,2,14,5882.0
259,2,15,5751.0
259,2,16,2308.0
259,2,17,5184.0
259,2,18,3778.0
259,2,19,4628.0
259,2,20,0.0
259,2,21,4119.0
259,2,22,3012.0
259,2,23,4237.0
259,2,24,6043.0
259,2,25,6019.0
259,2,26,4977.0
259,2,27,4991.0
259,2,28,5461.0
259,2,29,4474.0
259,2,30,4357.0
259,3,1,0.0
259,3,2,3316.0
259,3,3,
259,3,4,4161.0
259,3,5,5537.0
259,3,6,4906.0
259,3,7,3770.0
259,3,8,0.0
259,3,9,3396.0
259,3,10,3986.0
259,3,11,5761.0
259,3,12,
259,3,13,5816.0
259,3,14,3329.0
259,3,15,5196.0
259,3,16,3633.0
259,3,17,0.0
259,3,18,
259,3,19,3851.0
259,3,20,5814.0
259,3,21,5173.0
259,3,22,0.0
259,3,23,4926.0
259,3,24,
259,3,25,4960.0
259,3,26,0.0
259,3,27,2329.0
259,3,28,4541.0
259,3,29,5011.0
259,3,30,
260,1,1,9682.0
260,1,2,8300.0
260,1,3,9168.0
260,1,4,9241.0
260,1,5,8530.0
260,1,6,8832.0
260,1,7,0.0
260,1,8,8737.0
260,1,9,0.0
260,1,10,10790.0
260,1,11,8591.0
260,1,12,9367.0
260,1,13,7937.0
260,1,14,8124.0
260,1,15,8763.0
260,1,16,9729.0
260,1,17,7599.0
260,1,18,9013.0
260,1,19,11592.0
260,1,20,9830.0
260,1,21,10890.0
260,1,22,8960.0
260,1,23,8600.0
260,1,24,8033.0
260,1,25,9682.0
260,1,26,9075.0
260,1,27,8765.0
260,1,28,9352.0
260,1,29,10178.0
260,1,30,7084.0
260,2,1,9206.0
260,2,2,11200.0
260,2,3,8267.0
260,2,4,9010.0
260,2,5,10807.0
260,2,6,9423.0
260,2,7,9806.0
260,2,8,9228.0
260,2,9,10904.0
260,2,10,8946.0
260,2,11,9649.0
260,2,12,10381.0
260,2,13,8792.0
260,2,14,8197.0
260,2,15,7530.0
260,2,16,10175.0
260,2,17,8507.0
260,2,18,9988.0
260,2,19,9933.0
260,2,20,8442.0
260,2,21,9734.0
260,2,22,11611.0
260,2,23,10230.0
260,2,24,12497.0
260,2,25,9065.0
260,2,26,9788.0
260,2,27,8736.0
260,2,28,11208.0
260,2,29,9293.0
260,2,30,8424.0
260,3,1,9776.0
260,3,2,9008.0
260,3,3,9963.0
260,3,4,9456.0
260,3,5,0.0
260,3,6,8431.0
260,3,7,
260,3,8,0.0
260,3,9,9739.0
260,3,10,9812.0
260,3,11,8875.0
260,3,12,9479.0
260,3,13,10036.0
260,3,14,8345.0
260,3,15,9571.0
260,3,16,
260,3,17,9884.0
260,3,18,8688.0
260,3,19,9939.0
260,3,20,8220.0
260,3,21,10088.0
260,3,22,11319.0
260,3,23,8194.0
260,3,24,10023.0
260,3,25,7831.0
260,3,26,9470.0
260,3,27,9425.0
260,3,28,9411.0
260,3,29,8114.0
260,3,30,7017.0
261,1,1,4912.0
261,1,2,2946.0
261,1,3,3183.0
261,1,4,5145.0
261,1,5,5975.0
261,1,6,5094.0
261,1,7,0.0
261,1,8,5218.0
261,1,9,4926.0
261,1,10,0.0
261,1,11,5176.0
261,1,12,3582.0
261,1,13,
261,1,14,0.0
261,1,15,5465.0
261,1,16,4445.0
261,1,17,
261,1,18,5716.0
261,1,19,3128.0
261,1,20,4897.0
261,1,21,
261,1,22,5098.0
261,1,23,6061.0
261,1,24,
261,1,25,4233.0
261,1,26,
261,1,27,6150.0
261,1,28,4480.0
261,1,29,5203.0
261,1,30,0.0
261,2,1,6163.0
261,2,2,
261,2,3,0.0
261,2,4,4091.0
261,2,5,4597.0
261,2,6,3627.0
261,2,7,4191.0
261,2,8,5208.0
261,2,9,5201.0
261,2,10,5995.0
261,2,11,0.0
261,2,12,4460.0
261,2,13,5348.0
261,2,14,3794.0
261,2,15,0.0
261,2,16,4352.0
261,2,17,5491.0
261,2,18,
261,2,19,4439.0
261,2,20,0.0
261,2,21,6120.0
261,2,22,3013.0
261,2,23,5473.0
261,2,24,3125.0
261,2,25,4549.0
261,2,26,6206.0
261,2,27,0.0
261,2,28,6834.0
261,2,29,5685.0
261,2,30,6241.0
261,3,1,
261,3,2,
261,3,3,4150.0
261,3,4,6350.0
261,3,5,5773.0
261,3,6,0.0
261,3,7,
261,3,8,4871.0
261,3,9,0.0
261,3,10,5656.0
261,3,11,5354.0
261,3,12,0.0
261,3,13,0.0
261,3,14,0.0
261,3,15,0.0
261,3,16,3208.0
261,3,17,4010.0
261,3,18,
261,3,19,
261,3,20,3834.0
261,3,21,
261,3,22,4564.0
261,3,23,0.0
261,3,24,6002.0
261,3,25,5151.0
261,3,26,5958.0
261,3,27,6779.0
261,3,28,
261,3,29,3781.0
261,3,30,0.0
262,1,1,3616.0
262,1,2,5486.0
262,1,3,3839.0
262,1,4,5335.0
262,1,5,3907.0
262,1,6,4119.0
262,1,7,0.0
262,1,8,3418.0
262,1,9,4634.0
262,1,10,5440.0
262,1,11,4462.0
262,1,12,4363.0
262,1,13,3193.0
262,1,14,4985.0
262,1,15,3235.0
262,1,16,5204.0
262,1,17,5694.0
262,1,18,4502.0
262,1,19,4475.0
262,1,20,4915.0
262,1,21,3796.0
262,1,22,0.0
262,1,23,0.0
262,1,24,2875.0
262,1,25,6591.0
262,1,26,5637.0
262,1,27,3868.0
262,1,28,4106.0
262,1,29,
262,1,30,4795.0
262,2,1,0.0
262,2,2,2932.0
262,2,3,
262,2,4,4417.0
262,2,5,0.0
262,2,6,4689.0
262,2,7,5022.0
262,2,8,0.0
262,2,9,
262,2,10,3961.0
262,2,11,0.0
262,2,12,4899.0
262,2,13,4079.0
262,2,14,4141.0
262,2,15,4181.0
262,2,16,0.0
262,2,17,2938.0
262,2,18,4380.0
262,2,19,5305.0
262,2,20,4367.0
262,2,21,0.0
262,2,22,0.0
262,2,23,2396.0
262,2,24,4840.0
262,2,25,3954.0
262,2,26,4747.0
262,2,27,3803.0
262,2,28,
262,2,29,5093.0
262,2,30,4751.0
262,3,1,
262,3,2,5785.0
262,3,3,4661.0
262,3,4,5131.0
262,3,5,4656.0
262,3,6,0.0
262,3,7,5043.0
262,3,8,4612.0
262,3,9,7331.0
262,3,10,4565.0
262,3,11,0.0
262,3,12,4367.0
262,3,13,4979.0
262,3,14,0.0
262,3,15,4446.0
262,3,16,
262,3,17,
262,3,18,4578.0
262,3,19,0.0
262,3,20,5465.0
262,3,21,3819.0
262,3,22,3541.0
262,3,23,3264.0
262,3,24,5163.0
262,3,25,4505.0
262,3,26,3342.0
262,3,27,0.0
262,3,28,4134.0
262,3,29,0.0
262,3,30,3783.0
263,1,1,7045.0
263,1,2,8476.0
263,1,3,9220.0
263,1,4,7880.0
263,1,5,9757.0
263,1,6,9498.0
263,1,7,7935.0
263,1,8,7336.0
263,1,9,
263,1,10,7422.0
263,1,11,7732.0
263,1,12,8371.0
263,1,13,8185.0
263,1,14,8854.0
263,1,15,8102.0
263,1,16,9187.0
263,1,17,8392.0
263,1,18,8259.0
263,1,19,0.0
263,1,20,7441.0
263,1,21,8248.0
263,1,22,8180.0
263,1,23,7292.0
263,1,24,7977.0
263,1,25,8288.0
263,1,26,8574.0
263,1,27,5883.0
263,1,28,6363.0
263,1,29,8363.0
263,1,30,7270.0
263,2,1,7799.0
263,2,2,6004.0
263,2,3,9766.0
263,2,4,6774.0
263,2,5,8011.0
263,2,6,6957.0
263,2,7,8883.0
263,2,8,8585.0
263,2,9,8717.0
263,2,10,8204.0
263,2,11,8464.0
263,2,12,7231.0
263,2,13,8988.0
263,2,14,7596.0
263,2,15,
263,2,16,6814.0
263,2,17,7756.0
263,2,18,5987.0
263,2,19,10033.0
263,2,20,6489.0
263,2,21,7098.0
263,2,22,8501.0
263,2,23,8525.0
263,2,24,7724.0
263,2,25,7145.0
263,2,26,8768.0
263,2,27,0.0
263,2,28,0.0
263,2,29,7370.0
263,2,30,8790.0
263,3,1,8480.0
263,3,2,7732.0
263,3,3,8796.0
263,3,4,8163.0
263,3,5,8339.0
263,3,6,
263,3,7,8039.0
263,3,8,7614.0
263,3,9,7526.0
263,3,10,8053.0
263,3,11,6637.0
263,3,12,
263,3,13,0.0
263,3,14,7254.0
263,3,15,7158.0
263,3,16,8482.0
263,3,17,7758.0
263,3,18,5468.0
263,3,19,9524.0
263,3,20,7437.0
263,3,21,8920.0
263,3,22,9151.0
263,3,23,7237.0
263,3,24,9705.0
263,3,25,7614.0
263,3,26,6911.0
263,3,27,7305.0
263,3,28,8306.0
263,3,29,8156.0
263,3,30,9195.0
264,1,1,2372.0
264,1,2,5321.0
264,1,3,2094.0
264,1,4,3818.0
264,1,5,661.0
264,1,6,2072.0
264,1,7,
264,1,8,2896.0
264,1,9,2898.0
264,1,10,3755.0
264,1,11,2835.0
264,1,12,
264,1,13,3795.0
264,1,14,2699.0
264,1,15,4200.0
264,1,16,2813.0
264,1,17,2708.0
264,1,18,
264,1,19,1139.0
264,1,20,
264,1,21,3978.0
264,1,22,1357.0
264,1,23,0.0
264,1,24,
264,1,25,3677.0
264,1,26,3380.0
264,1,27,4161.0
264,1,28,1098.0
264,1,29,4427.0
264,1,30,2348.0
264,2,1,2141.0
264,2,2,0.0
264,2,3,1698.0
264,2,4,3089.0
264,2,5,2352.0
264,2,6,0.0
264,2,7,2107.0
264,2,8,4520.0
264,2,9,0.0
264,2,10,3398.0
264,2,11,4657.0
264,2,12,2232.0
264,2,13,
264,2,14,0.0
264,2,15,2133.0
264,2,16,
264,2,17,3434.0
264,2,18,
264,2,19,
264,2,20,0.0
264,2,21,3317.0
264,2,22,3068.0
264,2,23,0.0
264,2,24,2842.0
264,2,25,3727.0
264,2,26,2602.0
264,2,27,3191.0
264,2,28,4870.0
264,2,29,1598.0
264,2,30,
264,3,1,0.0
264,3,2,0.0
264,3,3,
264,3,4,0.0
264,3,5,
264,3,6,2806.0
264,3,7,
264,3,8,4081.0
264,3,9,1658.0
264,3,10,
264,3,11,2377.0
264,3,12,0.0
264,3,13,3008.0
264,3,14,3119.0
264,3,15,2724.0
264,3,16,3122.0
264,3,17,0.0
264,3,18,3241.0
264,3,19,2457.0
264,3,20,0.0
264,3,21,0.0
264,3,22,
264,3,23,2478.0
264,3,24,3320.0
264,3,25,2061.0
264,3,26,0.0
264,3,27,0.0
264,3,28,0.0
264,3,29,1694.0
264,3,30,
265,1,1,4275.0
265,1,2,3543.0
265,1,3,2500.0
265,1,4,2445.0
265,1,5,3113.0
265,1,6,3353.0
265,1,7,3881.0
265,1,8,2900.0
265,1,9,4681.0
265,1,10,4214.0
265,1,11,1506.0
265,1,12,4486.0
265,1,13,2158.0
265,1,14,3753.0
265,1,15,
265,1,16,
265,1,17,1848.0
265,1,18,3909.0
265,1,19,4893.0
265,1,20,2287.0
265,1,21,2897.0
265,1,22,4365.0
265,1,23,4388.0
265,1,24,3871.0
265,1,25,3804.0
265,1,26,3182.0
265,1,27,4954.0
265,1,28,0.0
265,1,29,2350.0
265,1,30,956.0
265,2,1,0.0
265,2,2,5672.0
265,2,3,4257.0
265,2,4,3783.0
265,2,5,2825.0
265,2,6,4469.0
265,2,7,2788.0
265,2,8,0.0
265,2,9,0.0
265,2,10,3469.0
265,2,11,4127.0
265,2,12,0.0
265,2,13,0.0
265,2,14,0.0
265,2,15,0.0
265,2,16,4105.0
265,2,17,4296.0
265,2,18,4194.0
265,2,19,3353.0
265,2,20,2700.0
265,2,21,0.0
265,2,22,4213.0
265,2,23,4688.0
265,2,24,1610.0
265,2,25,
265,2,26,4355.0
265,2,27,3790.0
265,2,28,4297.0
265,2,29,0.0
265,2,30,0.0
265,3,1,3301.0
265,3,2,4002.0
265,3,3,0.0
265,3,4,4007.0
265,3,5,0.0
265,3,6,0.0
265,3,7,0.0
265,3,8,4231.0
265,3,9,4226.0
265,3,10,2938.0
265,3,11,0.0
265,3,12,0.0
265,3,13,5392.0
265,3,14,3454.0
265,3,15,0.0
265,3,16,3650.0
265,3,17,0.0
265,3,18,1780.0
265,3,19,
265,3,20,2096.0
265,3,21,0.0
265,3,22,0.0
265,3,23,0.0
265,3,24,4419.0
265,3,25,0.0
265,3,26,2416.0
265,3,27,3632.0
265,3,28,4567.0
265,3,29,0.0
265,3,30,
266,1,1,2747.0
266,1,2,0.0
266,1,3,4568.0
266,1,4,4049.0
266,1,5,2398.0
266,1,6,2513.0
266,1,7,969.0
266,1,8,3126.0
266,1,9,2241.0
266,1,10,2961.0
266,1,11,0.0
266,1,12,4687.0
266,1,13,
266,1,14,5180.0
266,1,15,2655.0
266,1,16,3184.0
266,1,17,3551.0
266,1,18,3744.0
266,1,19,4944.0
266,1,20,1134.0
266,1,21,3650.0
266,1,22,0.0
266,1,23,3481.0
266,1,24,3691.0
266,1,25,5000.0
266,1,26,2067.0
266,1,27,3040.0
266,1,28,2863.0
266,1,29,2376.0
266,1,30,2111.0
266,2,1,2819.0
266,2,2,3097.0
266,2,3,2482.0
266,2,4,3337.0
266,2,5,
266,2,6,
266,2,7,
266,2,8,0.0
266,2,9,2302.0
266,2,10,3908.0
266,2,11,2819.0
266,2,12,745.0
266,2,13,0.0
266,2,14,1800.0
266,2,15,0.0
266,2,16,1553.0
266,2,17,3335.0
266,2,18,3209.0
266,2,19,0.0
266,2,20,0.0
266,2,21,3629.0
266,2,22,3647.0
266,2,23,0.0
266,2,24,2597.0
266,2,25,2056.0
266,2,26,784.0
266,2,27,983.0
266,2,28,3775.0
266,2,29,1790.0
266,2,30,3488.0
266,3,1,
266,3,2,0.0
266,3,3,
266,3,4,5103.0
266,3,5,3108.0
266,3,6,1925.0
266,3,7,0.0
266,3,8,2630.0
266,3,9,0.0
266,3,10,4245.0
266,3,11,0.0
266,3,12,
266,3,13,0.0
266,3,14,1755.0
266,3,15,2508.0
266,3,16,1828.0
266,3,17,0.0
266,3,18,
266,3,19,3215.0
266,3,20,2075.0
266,3,21,3877.0
266,3,22,
266,3,23,
266,3,24,3803.0
266,3,25,
266,3,26,
266,3,27,1987.0
266,3,28,0.0
266,3,29,
266,3,30,4045.0
267,1,1,3772.0
267,1,2,2282.0
267,1,3,0.0
267,1,4,3758.0
267,1,5,5323.0
267,1,6,0.0
267,1,7,5458.0
267,1,8,2637.0
267,1,9,
267,1,10,3896.0
267,1,11,4898.0
267,1,12,0.0
267,1,13,4299.0
267,1,14,3742.0
267,1,15,4526.0
267,1,16,3029.0
267,1,17,3055.0
267,1,18,4612.0
267,1,19,3084.0
267,1,20,4326.0
267,1,21,
267,1,22,3421.0
267,1,23,3757.0
267,1,24,3383.0
267,1,25,4871.0
267,1,26,0.0
267,1,27,5152.0
267,1,28,4618.0
267,1,29,2763.0
267,1,30,
267,2,1,5760.0
267,2,2,2381.0
267,2,3,3442.0
267,2,4,4909.0
267,2,5,4685.0
267,2,6,3684.0
267,2,7,3845.0
267,2,8,
267,2,9,4206.0
267,2,10,5172.0
267,2,11,5002.0
267,2,12,
267,2,13,4926.0
267,2,14,4043.0
267,2,15,3944.0
267,2,16,0.0
267,2,17,0.0
267,2,18,
267,2,19,3952.0
267,2,20,0.0
267,2,21,3585.0
267,2,22,4574.0
267,2,23,5326.0
267,2,24,3262.0
267,2,25,4412.0
267,2,26,0.0
267,2,27,7391.0
267,2,28,4725.0
267,2,29,1476.0
267,2,30,0.0
267,3,1,
267,3,2,0.0
267,3,3,
267,3,4,3328.0
267,3,5,1484.0
267,3,6,3874.0
267,3,7,0.0
267,3,8,3859.0
267,3,9,3351.0
267,3,10,
267,3,11,0.0
267,3,12,0.0
267,3,13,4772.0
267,3,14,3716.0
267,3,15,3304.0
267,3,16,
267,3,17,5425.0
267,3,18,4247.0
267,3,19,3076.0
267,3,20,0.0
267,3,21,0.0
267,3,22,3591.0
267,3,23,
267,3,24,
267,3,25,0.0
267,3,26,5442.0
267,3,27,4960.0
267,3,28,5299.0
267,3,29,4521.0
267,3,30,0.0
268,1,1,5358.0
268,1,2,6148.0
268,1,3,4660.0
268,1,4,4657.0
268,1,5,4727.0
268,1,6,4451.0
268,1,7,4448.0
268,1,8,5211.0
268,1,9,4956.0
268,1,10,5692.0
268,1,11,7179.0
268,1,12,4686.0
268,1,13,5656.0
268,1,14,5323.0
268,1,15,
268,1,16,4204.0
268,1,17,5053.0
268,1,18,6818.0
268,1,19,6284.0
268,1,20,6918.0
268,1,21,5605.0
268,1,22,5360.0
268,1,23,4268.0
268,1,24,6786.0
268,1,25,4570.0
268,1,26,0.0
268,1,27,5347.0
268,1,28,
268,1,29,6103.0
268,1,30,5798.0
268,2,1,0.0
268,2,2,0.0
268,2,3,4480.0
268,2,4,4954.0
268,2,5,4823.0
268,2,6,0.0
268,2,7,0.0
268,2,8,5824.0
268,2,9,6186.0
268,2,10,7554.0
268,2,11,5835.0
268,2,12,
268,2,13,0.0
268,2,14,4114.0
268,2,15,4466.0
268,2,16,0.0
268,2,17,
268,2,18,0.0
268,2,19,5981.0
268,2,20,0.0
268,2,21,
268,2,22,4134.0
268,2,23,5208.0
268,2,24,0.0
268,2,25,5384.0
268,2,26,0.0
268,2,27,6888.0
268,2,28,5881.0
268,2,29,6340.0
268,2,30,4132.0
268,3,1,
268,3,2,0.0
268,3,3,0.0
268,3,4,6130.0
268,3,5,5429.0
268,3,6,0.0
268,3,7,
268,3,8,4952.0
268,3,9,5367.0
268,3,10,5497.0
268,3,11,3429.0
268,3,12,
268,3,13,0.0
268,3,14,0.0
268,3,15,4849.0
268,3,16,6702.0
268,3,17,0.0
268,3,18,5356.0
268,3,19,5583.0
268,3,20,5580.0
268,3,21,0.0
268,3,22,5029.0
268,3,23,5150.0
268,3,24,5594.0
268,3,25,5018.0
268,3,26,5154.0
268,3,27,0.0
268,3,28,3894.0
268,3,29,5604.0
268,3,30,
269,1,1,3011.0
269,1,2,2886.0
269,1,3,0.0
269,1,4,0.0
269,1,5,3978.0
269,1,6,1573.0
269,1,7,3555.0
269,1,8,3979.0
269,1,9,1450.0
269,1,10,3527.0
269,1,11,0.0
269,1,12,1980.0
269,1,13,0.0
269,1,14,1747.0
269,1,15,3979.0
269,1,16,0.0
269,1,17,2849.0
269,1,18,
269,1,19,0.0
269,1,20,2766.0
269,1,21,0.0
269,1,22,4803.0
269,1,23,3993.0
269,1,24,3430.0
269,1,25,2742.0
269,1,26,1638.0
269,1,27,2379.0
269,1,28,2424.0
269,1,29,4662.0
269,1,30,1538.0
269,2,1,2703.0
269,2,2,3555.0
269,2,3,3207.0
269,2,4,2777.0
269,2,5,2253.0
269,2,6,3514.0
269,2,7,2867.0
269,2,8,4670.0
269,2,9,0.0
269,2,10,3067.0
269,2,11,2600.0
269,2,12,4749.0
269,2,13,0.0
269,2,14,0.0
269,2,15,3072.0
269,2,16,2455.0
269,2,17,3982.0
269,2,18,2235.0
269,2,19,4462.0
269,2,20,0.0
269,2,21,4050.0
269,2,22,2822.0
269,2,23,3477.0
269,2,24,3562.0
269,2,25,2452.0
269,2,26,4977.0
269,2,27,2482.0
269,2,28,
269,2,29,0.0
269,2,30,2501.0
269,3,1,0.0
269,3,2,
269,3,3,0.0
269,3,4,
269,3,5,3763.0
269,3,6,3526.0
269,3,7,2453.0
269,3,8,3508.0
269,3,9,3442.0
269,3,10,1918.0
269,3,11,2484.0
269,3,12,1753.0
269,3,13,2086.0
269,3,14,1424.0
269,3,15,3336.0
269,3,16,3126.0
269,3,17,4089.0
269,3,18,797.0
269,3,19,0.0
269,3,20,0.0
269,3,21,3071.0
269,3,22,0.0
269,3,23,0.0
269,3,24,
269,3,25,4040.0
269,3,26,0.0
269,3,27,0.0
269,3,28,0.0
269,3,29,
269,3,30,3771.0
270,1,1,9547.0
270,1,2,8955.0
270,1,3,7985.0
270,1,4,10346.0
270,1,5,10376.0
270,1,6,7902.0
270,1,7,10029.0
270,1,8,8271.0
270,1,9,9415.0
270,1,10,7918.0
270,1,11,7950.0
270,1,12,8238.0
270,1,13,
270,1,14,9864.0
270,1,15,8077.0
270,1,16,8343.0
270,1,17,8070.0
270,1,18,9185.0
270,1,19,8074.0
270,1,20,8360.0
270,1,21,7624.0
270,1,22,8955.0
270,1,23,8083.0
270,1,24,8767.0
270,1,25,8205.0
270,1,26,9706.0
270,1,27,9223.0
270,1,28,7743.0
270,1,29,9801.0
270,1,30,8608.0
270,2,1,9841.0
270,2,2,9064.0
270,2,3,8619.0
270,2,4,7550.0
270,2,5,7720.0
270,2,6,10075.0
270,2,7,8134.0
270,2,8,9762.0
270,2,9,9873.0
270,2,10,9414.0
270,2,11,7609.0
270,2,12,
270,2,13,8300.0
270,2,14,9213.0
270,2,15,9915.0
270,2,16,6726.0
270,2,17,9106.0
270,2,18,7169.0
270,2,19,9420.0
270,2,20,9221.0
270,2,21,10310.0
270,2,22,9011.0
270,2,23,9964.0
270,2,24,9627.0
270,2,25,8804.0
270,2,26,9241.0
270,2,27,10172.0
270,2,28,11443.0
270,2,29,9630.0
270,2,30,9892.0
270,3,1,9451.0
270,3,2,10048.0
270,3,3,7238.0
270,3,4,9224.0
270,3,5,9004.0
270,3,6,8955.0
270,3,7,9274.0
270,3,8,9172.0
270,3,9,9184.0
270,3,10,0.0
270,3,11,8097.0
270,3,12,8904.0
270,3,13,8197.0
270,3,14,9237.0
270,3,15,10528.0
270,3,16,7606.0
270,3,17,9566.0
270,3,18,9581.0
270,3,19,
270,3,20,9347.0
270,3,21,8465.0
270,3,22,7910.0
270,3,23,7354.0
270,3,24,9312.0
270,3,25,9479.0
270,3,26,7979.0
270,3,27,9538.0
270,3,28,8966.0
270,3,29,0.0
270,3,30,9341.0
271,1,1,6828.0
271,1,2,
271,1,3,7202.0
271,1,4,5607.0
271,1,5,5900.0
271,1,6,5441.0
271,1,7,
271,1,8,5496.0
271,1,9,0.0
271,1,10,6985.0
271,1,11,6719.0
271,1,12,
271,1,13,6561.0
271,1,14,7402.0
271,1,15,6915.0
271,1,16,0.0
271,1,17,0.0
271,1,18,6864.0
271,1,19,5009.0
271,1,20,7180.0
271,1,21,7347.0
271,1,22,6577.0
271,1,23,4939.0
271,1,24,6002.0
271,1,25,7464.0
271,1,26,5742.0
271,1,27,7658.0
271,1,28,6385.0
271,1,29,7208.0
271,1,30,5529.0
271,2,1,
271,2,2,8058.0
271,2,3,6662.0
271,2,4,5820.0
271,2,5,8299.0
271,2,6,0.0
271,2,7,
271,2,8,6314.0
271,2,9,
271,2,10,6598.0
271,2,11,0.0
271,2,12,0.0
271,2,13,0.0
271,2,14,0.0
271,2,15,6807.0
271,2,16,
271,2,17,6755.0
271,2,18,
271,2,19,7382.0
271,2,20,
271,2,21,0.0
271,2,22,4562.0
271,2,23,0.0
271,2,24,0.0
271,2,25,5584.0
271,2,26,6417.0
271,2,27,
271,2,28,4974.0
271,2,29,0.0
271,2,30,7698.0
271,3,1,0.0
271,3,2,6934.0
271,3,3,6664.0
271,3,4,0.0
271,3,5,7170.0
271,3,6,8154.0
271,3,7,7236.0
271,3,8,5942.0
271,3,9,6387.0
271,3,10,4946.0
271,3,11,
271,3,12,
271,3,13,
271,3,14,0.0
271,3,15,0.0
271,3,16,0.0
271,3,17,7112.0
271,3,18,6318.0
271,3,19,5045.0
271,3,20,5135.0
271,3,21,0.0
271,3,22,0.0
271,3,23,5380.0
271,3,24,0.0
271,3,25,7274.0
271,3,26,0.0
271,3,27,5612.0
271,3,28,5505.0
271,3,29,0.0
271,3,30,0.0
272,1,1,0.0
272,1,2,5524.0
272,1,3,5135.0
272,1,4,6559.0
272,1,5,4299.0
272,1,6,6747.0
272,1,7,4394.0
272,1,8,6477.0
272,1,9,6044.0
272,1,10,5643.0
272,1,11,5827.0
272,1,12,5156.0
272,1,13,5243.0
272,1,14,5260.0
272,1,15,5646.0
272,1,16,6650.0
272,1,17,7096.0
272,1,18,0.0
272,1,19,5662.0
272,1,20,3639.0
272,1,21,5452.0
272,1,22,6217.0
272,1,23,5904.0
272,1,24,5648.0
272,1,25,6911.0
272,1,26,7106.0
272,1,27,4742.0
272,1,28,5540.0
272,1,29,5344.0
272,1,30,5234.0
272,2,1,0.0
272,2,2,0.0
272,2,3,5327.0
272,2,4,4796.0
272,2,5,6485.0
272,2,6,5541.0
272,2,7,5825.0
272,2,8,
272,2,9,3537.0
272,2,10,0.0
272,2,11,6374.0
272,2,12,0.0
272,2,13,6284.0
272,2,14,
272,2,15,4546.0
272,2,16,5730.0
272,2,17,5677.0
272,2,18,0.0
272,2,19,4774.0
272,2,20,6391.0
272,2,21,5878.0
272,2,22,5174.0
272,2,23,6431.0
272,2,24,8138.0
272,2,25,7340.0
272,2,26,6237.0
272,2,27,6164.0
272,2,28,5557.0
272,2,29,5907.0
272,2,30,0.0
272,3,1,5836.0
272,3,2,0.0
272,3,3,
272,3,4,5078.0
272,3,5,6494.0
272,3,6,0.0
272,3,7,
272,3,8,
272,3,9,0.0
272,3,10,
272,3,11,0.0
272,3,12,0.0
272,3,13,6171.0
272,3,14,
272,3,15,4903.0
272,3,16,5478.0
272,3,17,0.0
272,3,18,3758.0
272,3,19,3174.0
272,3,20,
272,3,21,
272,3,22,0.0
272,3,23,0.0
272,3,24,0.0
272,3,25,5238.0
272,3,26,5079.0
272,3,27,
272,3,28,5415.0
272,3,29,4237.0
272,3,30,
273,1,1,10436.0
273,1,2,9808.0
273,1,3,9000.0
273,1,4,7906.0
273,1,5,10125.0
273,1,6,10478.0
273,1,7,9233.0
273,1,8,11198.0
273,1,9,10081.0
273,1,10,9772.0
273,1,11,9479.0
273,1,12,10501.0
273,1,13,11122.0
273,1,14,11058.0
273,1,15,9631.0
273,1,16,11049.0
273,1,17,8971.0
273,1,18,10337.0
273,1,19,8864.0
273,1,20,10216.0
273,1,21,10213.0
273,1,22,9234.0
273,1,23,8997.0
273,1,24,10931.0
273,1,25,8659.0
273,1,26,8391.0
273,1,27,10023.0
273,1,28,9602.0
273,1,29,10007.0
273,1,30,9050.0
273,2,1,9126.0
273,2,2,9629.0
273,2,3,9645.0
273,2,4,9577.0
273,2,5,11104.0
273,2,6,11203.0
273,2,7,8601.0
273,2,8,0.0
273,2,9,
273,2,10,10022.0
273,2,11,8744.0
273,2,12,
273,2,13,8842.0
273,2,14,10310.0
273,2,15,10962.0
273,2,16,8677.0
273,2,17,9866.0
273,2,18,7491.0
273,2,19,10557.0
273,2,20,8369.0
273,2,21,8696.0
273,2,22,0.0
273,2,23,9158.0
273,2,24,9673.0
273,2,25,8194.0
273,2,26,9033.0
273,2,27,9906.0
273,2,28,7742.0
273,2,29,10076.0
273,2,30,8384.0
273,3,1,9089.0
273,3,2,11119.0
273,3,3,11146.0
273,3,4,10176.0
273,3,5,9799.0
273,3,6,0.0
273,3,7,8030.0
273,3,8,8960.0
273,3,9,9529.0
273,3,10,9604.0
273,3,11,10620.0
273,3,12,10507.0
273,3,13,10805.0
273,3,14,
273,3,15,9775.0
273,3,16,9184.0
273,3,17,9331.0
273,3,18,11039.0
273,3,19,9583.0
273,3,20,10603.0
273,3,21,9048.0
273,3,22,10771.0
273,3,23,9061.0
273,3,24,8674.0
273,3,25,9300.0
273,3,26,6650.0
273,3,27,9063.0
273,3,28,7135.0
273,3,29,9377.0
273,3,30,11038.0
274,1,1,4453.0
274,1,2,2777.0
274,1,3,4971.0
274,1,4,3758.0
274,1,5,3368.0
274,1,6,3348.0
274,1,7,6290.0
274,1,8,2303.0
274,1,9,4799.0
274,1,10,
274,1,11,2443.0
274,1,12,3348.0
274,1,13,5022.0
274,1,14,4201.0
274,1,15,5075.0
274,1,16,3365.0
274,1,17,5206.0
274,1,18,3754.0
274,1,19,2896.0
274,1,20,4104.0
274,1,21,0.0
274,1,22,3775.0
274,1,23,
274,1,24,3823.0
274,1,25,4011.0
274,1,26,5154.0
274,1,27,4538.0
274,1,28,4731.0
274,1,29,4612.0
274,1,30,3386.0
274,2,1,2252.0
274,2,2,4005.0
274,2,3,4574.0
274,2,4,4371.0
274,2,5,0.0
274,2,6,4232.0
274,2,7,0.0
274,2,8,4193.0
274,2,9,
274,2,10,3482.0
274,2,11,4628.0
274,2,12,0.0
274,2,13,4369.0
274,2,14,4837.0
274,2,15,3463.0
274,2,16,2868.0
274,2,17,5659.0
274,2,18,3660.0
274,2,19,5111.0
274,2,20,2738.0
274,2,21,3378.0
274,2,22,
274,2,23,0.0
274,2,24,0.0
274,2,25,0.0
274,2,26,0.0
274,2,27,4316.0
274,2,28,4801.0
274,2,29,3630.0
274,2,30,2292.0
274,3,1,3842.0
274,3,2,0.0
274,3,3,7592.0
274,3,4,2997.0
274,3,5,0.0
274,3,6,3818.0
274,3,7,5832.0
274,3,8,3900.0
274,3,9,4811.0
274,3,10,3072.0
274,3,11,
274,3,12,4799.0
274,3,13,0.0
274,3,14,3768.0
274,3,15,
274,3,16,0.0
274,3,17,
274,3,18,0.0
274,3,19,4085.0
274,3,20,3398.0
274,3,21,
274,3,22,
274,3,23,
274,3,24,4347.0
274,3,25,4590.0
274,3,26,0.0
274,3,27,0.0
274,3,28,0.0
274,3,29,
274,3,30,3346.0
275,1,1,1982.0
275,1,2,3169.0
275,1,3,
275,1,4,3366.0
275,1,5,1895.0
275,1,6,4340.0
275,1,7,3695.0
275,1,8,2236.0
275,1,9,4368.0
275,1,10,2855.0
275,1,11,0.0
275,1,12,0.0
275,1,13,3622.0
275,1,14,0.0
275,1,15,4029.0
275,1,16,2605.0
275,1,17,2920.0
275,1,18,4025.0
275,1,19,3884.0
275,1,20,2215.0
275,1,21,0.0
275,1,22,2770.0
275,1,23,0.0
275,1,24,4989.0
275,1,25,0.0
275,1,26,2052.0
275,1,27,4711.0
275,1,28,0.0
275,1,29,5173.0
275,1,30,4074.0
275,2,1,2586.0
275,2,2,3438.0
275,2,3,2864.0
275,2,4,1571.0
275,2,5,2066.0
275,2,6,2954.0
275,2,7,2761.0
275,2,8,
275,2,9,4532.0
275,2,10,3831.0
275,2,11,3038.0
275,2,12,2399.0
275,2,13,4098.0
275,2,14,4269.0
275,2,15,2472.0
275,2,16,2885.0
275,2,17,1838.0
275,2,18,3867.0
275,2,19,1380.0
275,2,20,0.0
275,2,21,3252.0
275,2,22,298.0
275,2,23,0.0
275,2,24,0.0
275,2,25,0.0
275,2,26,3605.0
275,2,27,3346.0
275,2,28,3664.0
275,2,29,0.0
275,2,30,0.0
275,3,1,1663.0
275,3,2,2619.0
275,3,3,
275,3,4,2053.0
275,3,5,3732.0
275,3,6,3524.0
275,3,7,
275,3,8,2386.0
275,3,9,1609.0
275,3,10,3608.0
275,3,11,3028.0
275,3,12,
275,3,13,3164.0
275,3,14,4172.0
275,3,15,1273.0
275,3,16,0.0
275,3,17,0.0
275,3,18,0.0
275,3,19,3424.0
275,3,20,3237.0
275,3,21,0.0
275,3,22,1821.0
275,3,23,3457.0
275,3,24,2828.0
275,3,25,
275,3,26,3100.0
275,3,27,0.0
275,3,28,3174.0
275,3,29,3378.0
275,3,30,3345.0
276,1,1,4144.0
276,1,2,4552.0
276,1,3,5986.0
276,1,4,3153.0
276,1,5,4972.0
276,1,6,4747.0
276,1,7,4535.0
276,1,8,5417.0
276,1,9,3227.0
276,1,10,5784.0
276,1,11,2057.0
276,1,12,4306.0
276,1,13,3110.0
276,1,14,0.0
276,1,15,2776.0
276,1,16,2959.0
276,1,17,3558.0
276,1,18,4099.0
276,1,19,3558.0
276,1,20,4704.0
276,1,21,
276,1,22,4622.0
276,1,23,0.0
276,1,24,
276,1,25,4304.0
276,1,26,4757.0
276,1,27,3882.0
276,1,28,4722.0
276,1,29,5476.0
276,1,30,2830.0
276,2,1,6115.0
276,2,2,3693.0
276,2,3,3076.0
276,2,4,4167.0
276,2,5,3448.0
276,2,6,
276,2,7,4388.0
276,2,8,5458.0
276,2,9,3671.0
276,2,10,4694.0
276,2,11,0.0
276,2,12,0.0
276,2,13,5432.0
276,2,14,3714.0
276,2,15,4132.0
276,2,16,3110.0
276,2,17,0.0
276,2,18,4855.0
276,2,19,4461.0
276,2,20,4747.0
276,2,21,4572.0
276,2,22,4273.0
276,2,23,0.0
276,2,24,2619.0
276,2,25,3777.0
276,2,26,5259.0
276,2,27,5042.0
276,2,28,2652.0
276,2,29,7701.0
276,2,30,4591.0
276,3,1,
276,3,2,0.0
276,3,3,0.0
276,3,4,5033.0
276,3,5,0.0
276,3,6,0.0
276,3,7,
276,3,8,0.0
276,3,9,0.0
276,3,10,0.0
276,3,11,6071.0
276,3,12,0.0
276,3,13,5799.0
276,3,14,6213.0
276,3,15,
276,3,16,
276,3,17,3971.0
276,3,18,4033.0
276,3,19,0.0
276,3,20,0.0
276,3,21,4601.0
276,3,22,0.0
276,3,23,0.0
276,3,24,0.0
276,3,25,
276,3,26,
276,3,27,4117.0
276,3,28,4610.0
276,3,29,4383.0
276,3,30,0.0
277,1,1,3057.0
277,1,2,4588.0
277,1,3,
277,1,4,2201.0
277,1,5,3528.0
277,1,6,2826.0
277,1,7,0.0
277,1,8,4991.0
277,1,9,4654.0
277,1,10,4562.0
277,1,11,4248.0
277,1,12,4677.0
277,1,13,2460.0
277,1,14,3019.0
277,1,15,2764.0
277,1,16,3736.0
277,1,17,1743.0
277,1,18,
277,1,19,4768.0
277,1,20,
277,1,21,3940.0
277,1,22,4258.0
277,1,23,2680.0
277,1,24,0.0
277,1,25,3534.0
277,1,26,5369.0
277,1,27,4024.0
277,1,28,3185.0
277,1,29,1459.0
277,1,30,
277,2,1,0.0
277,2,2,1953.0
277,2,3,1447.0
277,2,4,4593.0
277,2,5,2987.0
277,2,6,3140.0
277,2,7,2854.0
277,2,8,2655.0
277,2,9,3356.0
277,2,10,
277,2,11,4080.0
277,2,12,0.0
277,2,13,2794.0
277,2,14,2433.0
277,2,15,3613.0
277,2,16,2489.0
277,2,17,3904.0
277,2,18,2890.0
277,2,19,3225.0
277,2,20,
277,2,21,4128.0
277,2,22,3356.0
277,2,23,3596.0
277,2,24,3774.0
277,2,25,0.0
277,2,26,2422.0
277,2,27,3749.0
277,2,28,4808.0
277,2,29,0.0
277,2,30,0.0
277,3,1,0.0
277,3,2,3562.0
277,3,3,4363.0
277,3,4,5434.0
277,3,5,4565.0
277,3,6,
277,3,7,0.0
277,3,8,0.0
277,3,9,3250.0
277,3,10,3902.0
277,3,11,4676.0
277,3,12,3307.0
277,3,13,2757.0
277,3,14,3604.0
277,3,15,5215.0
277,3,16,3045.0
277,3,17,0.0
277,3,18,3511.0
277,3,19,1970.0
277,3,20,
277,3,21,0.0
277,3,22,5125.0
277,3,23,2750.0
277,3,24,5121.0
277,3,25,2790.0
277,3,26,6064.0
277,3,27,
277,3,28,2736.0
277,3,29,0.0
277,3,30,2336.0
278,1,1,4224.0
278,1,2,4291.0
278,1,3,4509.0
278,1,4,2807.0
278,1,5,3709.0
278,1,6,3953.0
278,1,7,6167.0
278,1,8,3937.0
278,1,9,0.0
278,1,10,5257.0
278,1,11,3578.0
278,1,12,6416.0
278,1,13,
278,1,14,
278,1,15,4278.0
278,1,16,4376.0
278,1,17,5816.0
278,1,18,5359.0
278,1,19,3650.0
278,1,20,1952.0
278,1,21,5062.0
278,1,22,4916.0
278,1,23,5420.0
278,1,24,0.0
278,1,25,4750.0
278,1,26,4205.0
278,1,27,
278,1,28,4489.0
278,1,29,0.0
278,1,30,0.0
278,2,1,0.0
278,2,2,
278,2,3,0.0
278,2,4,3351.0
278,2,5,4248.0
278,2,6,5542.0
278,2,7,4483.0
278,2,8,3478.0
278,2,9,4497.0
278,2,10,6912.0
278,2,11,5030.0
278,2,12,3644.0
278,2,13,4830.0
278,2,14,5289.0
278,2,15,5528.0
278,2,16,0.0
278,2,17,4233.0
278,2,18,3852.0
278,2,19,0.0
278,2,20,0.0
278,2,21,5053.0
278,2,22,0.0
278,2,23,5849.0
278,2,24,3302.0
278,2,25,5207.0
278,2,26,
278,2,27,0.0
278,2,28,4028.0
278,2,29,0.0
278,2,30,2453.0
278,3,1,0.0
278,3,2,0.0
278,3,3,0.0
278,3,4,0.0
278,3,5,0.0
278,3,6,5842.0
278,3,7,4788.0
278,3,8,0.0
278,3,9,4434.0
278,3,10,
278,3,11,6888.0
278,3,12,0.0
278,3,13,0.0
278,3,14,3186.0
278,3,15,3847.0
278,3,16,
278,3,17,
278,3,18,
278,3,19,0.0
278,3,20,3302.0
278,3,21,5206.0
278,3,22,5304.0
278,3,23,4661.0
278,3,24,5270.0
278,3,25,4752.0
278,3,26,
278,3,27,3975.0
278,3,28,6673.0
278,3,29,4592.0
278,3,30,4409.0
279,1,1,7039.0
279,1,2,5910.0
279,1,3,4473.0
279,1,4,6222.0
279,1,5,6447.0
279,1,6,7170.0
279,1,7,6727.0
279,1,8,0.0
279,1,9,5990.0
279,1,10,4450.0
279,1,11,6664.0
279,1,12,5378.0
279,1,13,7666.0
279,1,14,5733.0
279,1,15,0.0
279,1,16,5964.0
279,1,17,5719.0
279,1,18,8341.0
279,1,19,5104.0
279,1,20,6835.0
279,1,21,6895.0
279,1,22,6965.0
279,1,23,0.0
279,1,24,4928.0
279,1,25,0.0
279,1,26,
279,1,27,5868.0
279,1,28,5656.0
279,1,29,5563.0
279,1,30,5307.0
279,2,1,0.0
279,2,2,7658.0
279,2,3,5738.0
279,2,4,5914.0
279,2,5,0.0
279,2,6,5621.0
279,2,7,6999.0
279,2,8,6456.0
279,2,9,4804.0
279,2,10,0.0
279,2,11,0.0
279,2,12,5971.0
279,2,13,
279,2,14,8213.0
279,2,15,7826.0
279,2,16,7589.0
279,2,17,6710.0
279,2,18,5705.0
279,2,19,6804.0
279,2,20,8027.0
279,2,21,6866.0
279,2,22,6544.0
279,2,23,
279,2,24,6547.0
279,2,25,4950.0
279,2,26,6289.0
279,2,27,
279,2,28,7074.0
279,2,29,6150.0
279,2,30,7829.0
279,3,1,6714.0
279,3,2,
279,3,3,0.0
279,3,4,5338.0
279,3,5,
279,3,6,
279,3,7,0.0
279,3,8,6301.0
279,3,9,5957.0
279,3,10,0.0
279,3,11,
279,3,12,6456.0
279,3,13,8800.0
279,3,14,0.0
279,3,15,5960.0
279,3,16,
279,3,17,5198.0
279,3,18,4840.0
279,3,19,8013.0
279,3,20,0.0
279,3,21,
279,3,22,6350.0
279,3,23,0.0
279,3,24,6835.0
279,3,25,0.0
279,3,26,6407.0
279,3,27,7471.0
279,3,28,5289.0
279,3,29,6740.0
279,3,30,
280,1,1,2914.0
280,1,2,2064.0
280,1,3,2525.0
280,1,4,1596.0
280,1,5,
280,1,6,1688.0
280,1,7,1270.0
280,1,8,4926.0
280,1,9,
280,1,10,5164.0
280,1,11,2430.0
280,1,12,2875.0
280,1,13,3960.0
280,1,14,1758.0
280,1,15,3786.0
280,1,16,3746.0
280,1,17,1073.0
280,1,18,2951.0
280,1,19,2360.0
280,1,20,1886.0
280,1,21,2633.0
280,1,22,3636.0
280,1,23,
280,1,24,2901.0
280,1,25,3120.0
280,1,26,1376.0
280,1,27,2399.0
280,1,28,1570.0
280,1,29,1399.0
280,1,30,0.0
280,2,1,3693.0
280,2,2,0.0
280,2,3,2463.0
280,2,4,2453.0
280,2,5,2517.0
280,2,6,2533.0
280,2,7,1325.0
280,2,8,2146.0
280,2,9,4235.0
280,2,10,0.0
280,2,11,2499.0
280,2,12,0.0
280,2,13,4076.0
280,2,14,0.0
280,2,15,3131.0
280,2,16,3251.0
280,2,17,1650.0
280,2,18,2778.0
280,2,19,3007.0
280,2,20,3201.0
280,2,21,4284.0
280,2,22,4857.0
280,2,23,2770.0
280,2,24,3607.0
280,2,25,0.0
280,2,26,1993.0
280,2,27,2837.0
280,2,28,0.0
280,2,29,4424.0
280,2,30,1726.0
280,3,1,3577.0
280,3,2,3798.0
280,3,3,0.0
280,3,4,
280,3,5,891.0
280,3,6,0.0
280,3,7,2929.0
280,3,8,
280,3,9,0.0
280,3,10,2722.0
280,3,11,2054.0
280,3,12,2937.0
280,3,13,0.0
280,3,14,3017.0
280,3,15,782.0
280,3,16,0.0
280,3,17,0.0
280,3,18,
280,3,19,
280,3,20,0.0
280,3,21,3454.0
280,3,22,
280,3,23,0.0
280,3,24,3205.0
280,3,25,2134.0
280,3,26,0.0
280,3,27,
280,3,28,1343.0
280,3,29,0.0
280,3,30,2874.0
281,1,1,3721.0
281,1,2,5529.0
281,1,3,0.0
281,1,4,7131.0
281,1,5,6346.0
281,1,6,5667.0
281,1,7,5035.0
281,1,8,5810.0
281,1,9,7491.0
281,1,10,5793.0
281,1,11,7792.0
281,1,12,5401.0
281,1,13,6792.0
281,1,14,7472.0
281,1,15,5549.0
281,1,16,5046.0
281,1,17,0.0
281,1,18,
281,1,19,3471.0
281,1,20,6146.0
281,1,21,5522.0
281,1,22,6184.0
281,1,23,6725.0
281,1,24,6165.0
281,1,25,4956.0
281,1,26,5330.0
281,1,27,5033.0
281,1,28,6080.0
281,1,29,5226.0
281,1,30,5077.0
281,2,1,5034.0
281,2,2,7664.0
281,2,3,6140.0
281,2,4,0.0
281,2,5,4698.0
281,2,6,
281,2,7,6740.0
281,2,8,7814.0
281,2,9,0.0
281,2,10,6107.0
281,2,11,5313.0
281,2,12,6665.0
281,2,13,5153.0
281,2,14,5375.0
281,2,15,5865.0
281,2,16,5938.0
281,2,17,0.0
281,2,18,
281,2,19,5829.0
281,2,20,5116.0
281,2,21,8250.0
281,2,22,5289.0
281,2,23,0.0
281,2,24,0.0
281,2,25,4463.0
281,2,26,0.0
281,2,27,5125.0
281,2,28,4596.0
281,2,29,5849.0
281,2,30,5378.0
281,3,1,5551.0
281,3,2,6462.0
281,3,3,4938.0
281,3,4,7634.0
281,3,5,0.0
281,3,6,6531.0
281,3,7,0.0
281,3,8,0.0
281,3,9,0.0
281,3,10,6346.0
281,3,11,
281,3,12,
281,3,13,0.0
281,3,14,0.0
281,3,15,0.0
281,3,16,
281,3,17,7359.0
281,3,18,6699.0
281,3,19,
281,3,20,0.0
281,3,21,3956.0
281,3,22,5401.0
281,3,23,7821.0
281,3,24,0.0
281,3,25,6566.0
281,3,26,
281,3,27,0.0
281,3,28,6084.0
281,3,29,0.0
281,3,30,7028.0
282,1,1,8570.0
282,1,2,8455.0
282,1,3,8429.0
282,1,4,7604.0
282,1,5,7139.0
282,1,6,8753.0
282,1,7,10376.0
282,1,8,9989.0
282,1,9,9277.0
282,1,10,8889.0
282,1,11,10912.0
282,1,12,9414.0
282,1,13,8373.0
282,1,14,8930.0
282,1,15,10257.0
282,1,16,7122.0
282,1,17,10091.0
282,1,18,8897.0
282,1,19,8720.0
282,1,20,8188.0
282,1,21,9248.0
282,1,22,9330.0
282,1,23,8970.0
282,1,24,8265.0
282,1,25,9515.0
282,1,26,10421.0
282,1,27,10356.0
282,1,28,8361.0
282,1,29,8295.0
282,1,30,9052.0
282,2,1,7746.0
282,2,2,9397.0
282,2,3,8346.0
282,2,4,0.0
282,2,5,8198.0
282,2,6,9931.0
282,2,7,10227.0
282,2,8,9717.0
282,2,9,9042.0
282,2,10,9670.0
282,2,11,9537.0
282,2,12,9515.0
282,2,13,8217.0
282,2,14,10376.0
282,2,15,9890.0
282,2,16,9192.0
282,2,17,8227.0
282,2,18,9853.0
282,2,19,0.0
282,2,20,11245.0
282,2,21,8960.0
282,2,22,6989.0
282,2,23,8071.0
282,2,24,8470.0
282,2,25,10338.0
282,2,26,11146.0
282,2,27,7512.0
282,2,28,9715.0
282,2,29,7425.0
282,2,30,0.0
282,3,1,10856.0
282,3,2,8700.0
282,3,3,9323.0
282,3,4,8026.0
282,3,5,7739.0
282,3,6,10307.0
282,3,7,7537.0
282,3,8,11250.0
282,3,9,0.0
282,3,10,9215.0
282,3,11,10180.0
282,3,12,9564.0
282,3,13,
282,3,14,9451.0
282,3,15,
282,3,16,7962.0
282,3,17,10154.0
282,3,18,7846.0
282,3,19,10261.0
282,3,20,8050.0
282,3,21,8316.0
282,3,22,10336.0
282,3,23,
282,3,24,6739.0
282,3,25,8874.0
282,3,26,8648.0
282,3,27,7898.0
282,3,28,9776.0
282,3,29,9097.0
282,3,30,10191.0
283,1,1,7320.0
283,1,2,5946.0
283,1,3,
283,1,4,5728.0
283,1,5,4878.0
283,1,6,5309.0
283,1,7,7158.0
283,1,8,4860.0
283,1,9,6702.0
283,1,10,5928.0
283,1,11,
283,1,12,6253.0
283,1,13,5006.0
283,1,14,8332.0
283,1,15,7229.0
283,1,16,4355.0
283,1,17,5677.0
283,1,18,6249.0
283,1,19,6644.0
283,1,20,6351.0
283,1,21,6048.0
283,1,22,6121.0
283,1,23,4946.0
283,1,24,8411.0
283,1,25,6745.0
283,1,26,5682.0
283,1,27,4767.0
283,1,28,6675.0
283,1,29,7056.0
283,1,30,5506.0
283,2,1,6298.0
283,2,2,0.0
283,2,3,7525.0
283,2,4,5420.0
283,2,5,6534.0
283,2,6,8155.0
283,2,7,5620.0
283,2,8,0.0
283,2,9,7357.0
283,2,10,5703.0
283,2,11,7641.0
283,2,12,5496.0
283,2,13,6751.0
283,2,14,5801.0
283,2,15,5978.0
283,2,16,5584.0
283,2,17,0.0
283,2,18,7165.0
283,2,19,6686.0
283,2,20,
283,2,21,5679.0
283,2,22,4335.0
283,2,23,9245.0
283,2,24,0.0
283,2,25,5983.0
283,2,26,5776.0
283,2,27,7646.0
283,2,28,0.0
283,2,29,7661.0
283,2,30,6854.0
283,3,1,0.0
283,3,2,0.0
283,3,3,0.0
283,3,4,0.0
283,3,5,0.0
283,3,6,6299.0
283,3,7,6408.0
283,3,8,5543.0
283,3,9,0.0
283,3,10,6474.0
283,3,11,6391.0
283,3,12,7752.0
283,3,13,
283,3,14,7236.0
283,3,15,5940.0
283,3,16,7391.0
283,3,17,6742.0
283,3,18,0.0
283,3,19,5147.0
283,3,20,5964.0
283,3,21,
283,3,22,5585.0
283,3,23,7398.0
283,3,24,6349.0
283,3,25,0.0
283,3,26,0.0
283,3,27,0.0
283,3,28,5090.0
283,3,29,5869.0
283,3,30,5783.0
284,1,1,9323.0
284,1,2,9190.0
284,1,3,7762.0
284,1,4,7479.0
284,1,5,8336.0
284,1,6,7687.0
284,1,7,7736.0
284,1,8,8061.0
284,1,9,9791.0
284,1,10,6528.0
284,1,11,9400.0
284,1,12,8076.0
284,1,13,0.0
284,1,14,8171.0
284,1,15,8071.0
284,1,16,8159.0
284,1,17,8069.0
284,1,18,0.0
284,1,19,8508.0
284,1,20,7052.0
284,1,21,8418.0
284,1,22,9493.0
284,1,23,9173.0
284,1,24,6698.0
284,1,25,7759.0
284,1,26,6665.0
284,1,27,8633.0
284,1,28,8347.0
284,1,29,9178.0
284,1,30,8380.0
284,2,1,7808.0
284,2,2,6878.0
284,2,3,7320.0
284,2,4,9166.0
284,2,5,6860.0
284,2,6,0.0
284,2,7,0.0
284,2,8,7126.0
284,2,9,
284,2,10,9077.0
284,2,11,7531.0
284,2,12,7076.0
284,2,13,9005.0
284,2,14,6976.0
284,2,15,8414.0
284,2,16,8442.0
284,2,17,7928.0
284,2,18,8498.0
284,2,19,8750.0
284,2,20,7746.0
284,2,21,7496.0
284,2,22,8047.0
284,2,23,8057.0
284,2,24,8932.0
284,2,25,7790.0
284,2,26,9025.0
284,2,27,9245.0
284,2,28,0.0
284,2,29,8111.0
284,2,30,9777.0
284,3,1,8903.0
284,3,2,8604.0
284,3,3,9207.0
284,3,4,8701.0
284,3,5,6654.0
284,3,6,6900.0
284,3,7,5350.0
284,3,8,7682.0
284,3,9,0.0
284,3,10,9036.0
284,3,11,8157.0
284,3,12,9133.0
284,3,13,8992.0
284,3,14,7310.0
284,3,15,8875.0
284,3,16,9971.0
284,3,17,8178.0
284,3,18,8986.0
284,3,19,10234.0
284,3,20,7961.0
284,3,21,8520.0
284,3,22,8459.0
284,3,23,8328.0
284,3,24,10214.0
284,3,25,6911.0
284,3,26,8201.0
284,3,27,8102.0
284,3,28,8126.0
284,3,29,7330.0
284,3,30,9285.0
285,1,1,10417.0
285,1,2,10615.0
285,1,3,10029.0
285,1,4,10717.0
285,1,5,11325.0
285,1,6,9822.0
285,1,7,10817.0
285,1,8,12897.0
285,1,9,9497.0
285,1,10,10503.0
285,1,11,11381.0
285,1,12,8344.0
285,1,13,10770.0
285,1,14,9780.0
285,1,15,11326.0
285,1,16,10938.0
285,1,17,10492.0
285,1,18,10733.0
285,1,19,10748.0
285,1,20,10245.0
285,1,21,12160.0
285,1,22,
285,1,23,11759.0
285,1,24,13865.0
285,1,25,13294.0
285,1,26,11040.0
285,1,27,10719.0
285,1,28,8765.0
285,1,29,10825.0
285,1,30,11286.0
285,2,1,12216.0
285,2,2,11417.0
285,2,3,11213.0
285,2,4,10180.0
285,2,5,11100.0
285,2,6,10588.0
285,2,7,9912.0
285,2,8,10196.0
285,2,9,11874.0
285,2,10,12344.0
285,2,11,11263.0
285,2,12,10610.0
285,2,13,11181.0
285,2,14,10393.0
285,2,15,9160.0
285,2,16,9566.0
285,2,17,9952.0
285,2,18,10092.0
285,2,19,12007.0
285,2,20,11188.0
285,2,21,0.0
285,2,22,9182.0
285,2,23,9930.0
285,2,24,10781.0
285,2,25,10918.0
285,2,26,11057.0
285,2,27,11119.0
285,2,28,9900.0
285,2,29,11319.0
285,2,30,10295.0
285,3,1,11207.0
285,3,2,9594.0
285,3,3,12219.0
285,3,4,11079.0
285,3,5,10875.0
285,3,6,12084.0
285,3,7,11589.0
285,3,8,
285,3,9,12184.0
285,3,10,10824.0
285,3,11,12071.0
285,3,12,12237.0
285,3,13,11338.0
285,3,14,12371.0
285,3,15,10811.0
285,3,16,9994.0
285,3,17,10064.0
285,3,18,
285,3,19,12146.0
285,3,20,10379.0
285,3,21,9876.0
285,3,22,10270.0
285,3,23,10486.0
285,3,24,11017.0
285,3,25,11019.0
285,3,26,9040.0
285,3,27,10589.0
285,3,28,12717.0
285,3,29,11630.0
285,3,30,0.0
286,1,1,6238.0
286,1,2,4779.0
286,1,3,3828.0
286,1,4,5017.0
286,1,5,7046.0
286,1,6,5917.0
286,1,7,5641.0
286,1,8,3701.0
286,1,9,0.0
286,1,10,4753.0
286,1,11,0.0
286,1,12,5053.0
286,1,13,3767.0
286,1,14,5519.0
286,1,15,5369.0
286,1,16,5768.0
286,1,17,5043.0
286,1,18,5732.0
286,1,19,0.0
286,1,20,6617.0
286,1,21,5915.0
286,1,22,4532.0
286,1,23,4956.0
286,1,24,5250.0
286,1,25,5578.0
286,1,26,5991.0
286,1,27,
286,1,28,5596.0
286,1,29,5914.0
286,1,30,0.0
286,2,1,0.0
286,2,2,5748.0
286,2,3,0.0
286,2,4,0.0
286,2,5,0.0
286,2,6,4359.0
286,2,7,5386.0
286,2,8,6231.0
286,2,9,0.0
286,2,10,4136.0
286,2,11,5937.0
286,2,12,0.0
286,2,13,6548.0
286,2,14,6392.0
286,2,15,5543.0
286,2,16,
286,2,17,5502.0
286,2,18,
286,2,19,0.0
286,2,20,5354.0
286,2,21,6426.0
286,2,22,6535.0
286,2,23,5715.0
286,2,24,5360.0
286,2,25,4855.0
286,2,26,7199.0
286,2,27,0.0
286,2,28,
286,2,29,0.0
286,2,30,0.0
286,3,1,5884.0
286,3,2,6229.0
286,3,3,0.0
286,3,4,0.0
286,3,5,4824.0
286,3,6,0.0
286,3,7,
286,3,8,5347.0
286,3,9,0.0
286,3,10,0.0
286,3,11,5535.0
286,3,12,5696.0
286,3,13,0.0
286,3,14,6237.0
286,3,15,5359.0
286,3,16,0.0
286,3,17,3806.0
286,3,18,0.0
286,3,19,6653.0
286,3,20,0.0
286,3,21,4697.0
286,3,22,0.0
286,3,23,5391.0
286,3,24,4310.0
286,3,25,5307.0
286,3,26,4665.0
286,3,27,5148.0
286,3,28,4889.0
286,3,29,0.0
286,3,30,4130.0
287,1,1,4452.0
287,1,2,5137.0
287,1,3,0.0
287,1,4,7784.0
287,1,5,4725.0
287,1,6,5728.0
287,1,7,5482.0
287,1,8,7730.0
287,1,9,6111.0
287,1,10,0.0
287,1,11,7114.0
287,1,12,7173.0
287,1,13,5724.0
287,1,14,6740.0
287,1,15,6264.0
287,1,16,0.0
287,1,17,6833.0
287,1,18,
287,1,19,7140.0
287,1,20,6114.0
287,1,21,
287,1,22,7490.0
287,1,23,6436.0
287,1,24,5726.0
287,1,25,6785.0
287,1,26,5773.0
287,1,27,6999.0
287,1,28,5344.0
287,1,29,7538.0
287,1,30,6105.0
287,2,1,7524.0
287,2,2,7975.0
287,2,3,5480.0
287,2,4,3470.0
287,2,5,3274.0
287,2,6,0.0
287,2,7,0.0
287,2,8,4743.0
287,2,9,4600.0
287,2,10,5465.0
287,2,11,6966.0
287,2,12,5620.0
287,2,13,6280.0
287,2,14,6666.0
287,2,15,0.0
287,2,16,6556.0
287,2,17,6054.0
287,2,18,4125.0
287,2,19,0.0
287,2,20,0.0
287,2,21,0.0
287,2,22,3398.0
287,2,23,6027.0
287,2,24,0.0
287,2,25,5429.0
287,2,26,4909.0
287,2,27,
287,2,28,0.0
287,2,29,0.0
287,2,30,0.0
287,3,1,0.0
287,3,2,0.0
287,3,3,7243.0
287,3,4,6325.0
287,3,5,6731.0
287,3,6,7232.0
287,3,7,5217.0
287,3,8,
287,3,9,4983.0
287,3,10,0.0
287,3,11,4447.0
287,3,12,0.0
287,3,13,3714.0
287,3,14,7076.0
287,3,15,0.0
287,3,16,4357.0
287,3,17,5360.0
287,3,18,5795.0
287,3,19,
287,3,20,4451.0
287,3,21,7248.0
287,3,22,4537.0
287,3,23,
287,3,24,7289.0
287,3,25,3335.0
287,3,26,6697.0
287,3,27,6758.0
287,3,28,7086.0
287,3,29,5820.0
287,3,30,5755.0
288,1,1,11927.0
288,1,2,14305.0
288,1,3,14493.0
288,1,4,12310.0
288,1,5,12346.0
288,1,6,11978.0
288,1,7,12119.0
288,1,8,12766.0
288,1,9,12588.0
288,1,10,14461.0
288,1,11,12541.0
288,1,12,14659.0
288,1,13,13823.0
288,1,14,11853.0
288,1,15,13949.0
288,1,16,13095.0
288,1,17,13446.0
288,1,18,12358.0
288,1,19,13842.0
288,1,20,13547.0
288,1,21,12771.0
288,1,22,11012.0
288,1,23,13870.0
288,1,24,11786.0
288,1,25,14854.0
288,1,26,12403.0
288,1,27,11799.0
288,1,28,12814.0
288,1,29,13440.0
288,1,30,14595.0
288,2,1,12249.0
288,2,2,11897.0
288,2,3,13008.0
288,2,4,13898.0
288,2,5,12689.0
288,2,6,12895.0
288,2,7,11351.0
288,2,8,12563.0
288,2,9,11641.0
288,2,10,12758.0
288,2,11,13290.0
288,2,12,15371.0
288,2,13,13159.0
288,2,14,13056.0
288,2,15,12930.0
288,2,16,12242.0
288,2,17,15023.0
288,2,18,13703.0
288,2,19,0.0
288,2,20,13753.0
288,2,21,12631.0
288,2,22,12344.0
288,2,23,12853.0
288,2,24,14771.0
288,2,25,12053.0
288,2,26,11340.0
288,2,27,14219.0
288,2,28,12345.0
288,2,29,11372.0
288,2,30,12843.0
288,3,1,13032.0
288,3,2,12803.0
288,3,3,14143.0
288,3,4,14704.0
288,3,5,12359.0
288,3,6,13713.0
288,3,7,12485.0
288,3,8,14204.0
288,3,9,11556.0
288,3,10,12971.0
288,3,11,13455.0
288,3,12,13482.0
288,3,13,12427.0
288,3,14,12714.0
288,3,15,13371.0
288,3,16,12998.0
288,3,17,0.0
288,3,18,
288,3,19,12939.0
288,3,20,12394.0
288,3,21,11919.0
288,3,22,13941.0
288,3,23,11843.0
288,3,24,14152.0
288,3,25,14375.0
288,3,26,13665.0
288,3,27,12462.0
288,3,28,11259.0
288,3,29,13467.0
288,3,30,11604.0
289,1,1,6071.0
289,1,2,8567.0
289,1,3,8128.0
289,1,4,8292.0
289,1,5,9180.0
289,1,6,5650.0
289,1,7,11334.0
289,1,8,9563.0
289,1,9,10149.0
289,1,10,8495.0
289,1,11,11026.0
289,1,12,0.0
289,1,13,8923.0
289,1,14,10035.0
289,1,15,6133.0
289,1,16,9206.0
289,1,17,7133.0
289,1,18,9011.0
289,1,19,7127.0
289,1,20,8476.0
289,1,21,8670.0
289,1,22,8814.0
289,1,23,10081.0
289,1,24,9666.0
289,1,25,10161.0
289,1,26,10045.0
289,1,27,9298.0
289,1,28,7431.0
289,1,29,9111.0
289,1,30,10047.0
289,2,1,8204.0
289,2,2,8247.0
289,2,3,8202.0
289,2,4,9094.0
289,2,5,9211.0
289,2,6,9647.0
289,2,7,10047.0
289,2,8,9990.0
289,2,9,8181.0
289,2,10,9330.0
289,2,11,8152.0
289,2,12,10292.0
289,2,13,9335.0
289,2,14,9148.0
289,2,15,10984.0
289,2,16,7008.0
289,2,17,9565.0
289,2,18,0.0
289,2,19,9069.0
289,2,20,8682.0
289,2,21,10028.0
289,2,22,9057.0
289,2,23,9687.0
289,2,24,9637.0
289,2,25,8974.0
289,2,26,9840.0
289,2,27,9101.0
289,2,28,7876.0
289,2,29,8932.0
289,2,30,11003.0
289,3,1,8234.0
289,3,2,10918.0
289,3,3,6702.0
289,3,4,7633.0
289,3,5,8142.0
289,3,6,7750.0
289,3,7,10066.0
289,3,8,7495.0
289,3,9,8243.0
289,3,10,9827.0
289,3,11,9343.0
289,3,12,8992.0
289,3,13,8854.0
289,3,14,9777.0
289,3,15,7843.0
289,3,16,8170.0
289,3,17,9536.0
289,3,18,8238.0
289,3,19,0.0
289,3,20,9135.0
289,3,21,7964.0
289,3,22,7753.0
289,3,23,10583.0
289,3,24,8993.0
289,3,25,6960.0
289,3,26,8132.0
289,3,27,0.0
289,3,28,0.0
289,3,29,8451.0
289,3,30,9369.0
290,1,1,0.0
290,1,2,6187.0
290,1,3,4002.0
290,1,4,2869.0
290,1,5,2546.0
290,1,6,4364.0
290,1,7,4236.0
290,1,8,4472.0
290,1,9,4492.0
290,1,10,5661.0
290,1,11,3496.0
290,1,12,5390.0
290,1,13,4620.0
290,1,14,3794.0
290,1,15,3596.0
290,1,16,0.0
290,1,17,4844.0
290,1,18,4555.0
290,1,19,3681.0
290,1,20,3725.0
290,1,21,2400.0
290,1,22,2426.0
290,1,23,
290,1,24,5437.0
290,1,25,5256.0
290,1,26,3129.0
290,1,27,4455.0
290,1,28,4162.0
290,1,29,3593.0
290,1,30,0.0
290,2,1,3203.0
290,2,2,4882.0
290,2,3,0.0
290,2,4,0.0
290,2,5,0.0
290,2,6,3230.0
290,2,7,0.0
290,2,8,4303.0
290,2,9,5027.0
290,2,10,4880.0
290,2,11,2771.0
290,2,12,
290,2,13,2737.0
290,2,14,3941.0
290,2,15,5201.0
290,2,16,2082.0
290,2,17,2974.0
290,2,18,4921.0
290,2,19,3797.0
290,2,20,3961.0
290,2,21,0.0
290,2,22,4341.0
290,2,23,0.0
290,2,24,4673.0
290,2,25,4290.0
290,2,26,3026.0
290,2,27,3087.0
290,2,28,5325.0
290,2,29,0.0
290,2,30,4776.0
290,3,1,1894.0
290,3,2,4924.0
290,3,3,4883.0
290,3,4,
290,3,5,3681.0
290,3,6,3512.0
290,3,7,5187.0
290,3,8,3392.0
290,3,9,2952.0
290,3,10,5029.0
290,3,11,0.0
290,3,12,4300.0
290,3,13,4471.0
290,3,14,4297.0
290,3,15,0.0
290,3,16,
290,3,17,4426.0
290,3,18,4289.0
290,3,19,0.0
290,3,20,0.0
290,3,21,4302.0
290,3,22,5369.0
290,3,23,3047.0
290,3,24,5165.0
290,3,25,0.0
290,3,26,5768.0
290,3,27,0.0
290,3,28,4628.0
290,3,29,3100.0
290,3,30,
291,1,1,0.0
291,1,2,6407.0
291,1,3,3864.0
291,1,4,5502.0
291,1,5,6470.0
291,1,6,5908.0
291,1,7,5357.0
291,1,8,6558.0
291,1,9,4887.0
291,1,10,6776.0
291,1,11,6183.0
291,1,12,6266.0
291,1,13,5340.0
291,1,14,
291,1,15,6483.0
291,1,16,5389.0
291,1,17,4140.0
291,1,18,5933.0
291,1,19,7089.0
291,1,20,5623.0
291,1,21,5694.0
291,1,22,4178.0
291,1,23,0.0
291,1,24,0.0
291,1,25,6730.0
291,1,26,6390.0
291,1,27,5758.0
291,1,28,4182.0
291,1,29,5505.0
291,1,30,5749.0
291,2,1,4755.0
291,2,2,
291,2,3,6030.0
291,2,4,5975.0
291,2,5,7363.0
291,2,6,0.0
291,2,7,5705.0
291,2,8,6143.0
291,2,9,3668.0
291,2,10,6226.0
291,2,11,5926.0
291,2,12,5604.0
291,2,13,6033.0
291,2,14,
291,2,15,3849.0
291,2,16,
291,2,17,7036.0
291,2,18,
291,2,19,4319.0
291,2,20,5850.0
291,2,21,6029.0
291,2,22,5354.0
291,2,23,6062.0
291,2,24,6766.0
291,2,25,5931.0
291,2,26,5075.0
291,2,27,
291,2,28,0.0
291,2,29,6050.0
291,2,30,6155.0
291,3,1,6707.0
291,3,2,0.0
291,3,3,5526.0
291,3,4,0.0
291,3,5,
291,3,6,0.0
291,3,7,5688.0
291,3,8,0.0
291,3,9,6881.0
291,3,10,0.0
291,3,11,5727.0
291,3,12,
291,3,13,6378.0
291,3,14,4104.0
291,3,15,5331.0
291,3,16,5509.0
291,3,17,
291,3,18,6154.0
291,3,19,0.0
291,3,20,
291,3,21,5559.0
291,3,22,0.0
291,3,23,
291,3,24,
291,3,25,5711.0
291,3,26,7027.0
291,3,27,0.0
291,3,28,2990.0
291,3,29,0.0
291,3,30,
292,1,1,8681.0
292,1,2,9513.0
292,1,3,10078.0
292,1,4,8529.0
292,1,5,11034.0
292,1,6,9245.0
292,1,7,9088.0
292,1,8,10785.0
292,1,9,11057.0
292,1,10,
292,1,11,9240.0
292,1,12,10461.0
292,1,13,11161.0
292,1,14,11135.0
292,1,15,10588.0
292,1,16,10934.0
292,1,17,9502.0
292,1,18,9270.0
292,1,19,7548.0
292,1,20,9306.0
292,1,21,9418.0
292,1,22,7925.0
292,1,23,8816.0
292,1,24,11601.0
292,1,25,9680.0
292,1,26,8839.0
292,1,27,9557.0
292,1,28,9984.0
292,1,29,9722.0
292,1,30,9078.0
292,2,1,10492.0
292,2,2,12047.0
292,2,3,10828.0
292,2,4,9543.0
292,2,5,9632.0
292,2,6,10287.0
292,2,7,9919.0
292,2,8,10780.0
292,2,9,10969.0
292,2,10,0.0
292,2,11,8241.0
292,2,12,9597.0
292,2,13,10154.0
292,2,14,9325.0
292,2,15,7865.0
292,2,16,
292,2,17,8282.0
292,2,18,10015.0
292,2,19,11108.0
292,2,20,11077.0
292,2,21,10198.0
292,2,22,
292,2,23,0.0
292,2,24,9263.0
292,2,25,8721.0
292,2,26,9208.0
292,2,27,9859.0
292,2,28,9926.0
292,2,29,8486.0
292,2,30,10717.0
292,3,1,7161.0
292,3,2,10297.0
292,3,3,10608.0
292,3,4,10800.0
292,3,5,9804.0
292,3,6,9910.0
292,3,7,10670.0
292,3,8,10001.0
292,3,9,9073.0
292,3,10,9997.0
292,3,11,0.0
292,3,12,9126.0
292,3,13,
292,3,14,11383.0
292,3,15,0.0
292,3,16,10351.0
292,3,17,0.0
292,3,18,0.0
292,3,19,10305.0
292,3,20,10801.0
292,3,21,10346.0
292,3,22,8731.0
292,3,23,9028.0
292,3,24,9888.0
292,3,25,11704.0
292,3,26,0.0
292,3,27,9317.0
292,3,28,8930.0
292,3,29,0.0
292,3,30,10223.0
293,1,1,1357.0
293,1,2,2058.0
293,1,3,2934.0
293,1,4,3293.0
293,1,5,1596.0
293,1,6,0.0
293,1,7,1852.0
293,1,8,1862.0
293,1,9,2889.0
293,1,10,1336.0
293,1,11,1344.0
293,1,12,2809.0
293,1,13,0.0
293,1,14,3180.0
293,1,15,679.0
293,1,16,1332.0
293,1,17,2340.0
293,1,18,2084.0
293,1,19,3051.0
293,1,20,0.0
293,1,21,2385.0
293,1,22,2760.0
293,1,23,1502.0
293,1,24,1540.0
293,1,25,0.0
293,1,26,1856.0
293,1,27,0.0
293,1,28,703.0
293,1,29,2764.0
293,1,30,0.0
293,2,1,1879.0
293,2,2,1350.0
293,2,3,0.0
293,2,4,1925.0
293,2,5,2030.0
293,2,6,1742.0
293,2,7,1130.0
293,2,8,2015.0
293,2,9,0.0
293,2,10,0.0
293,2,11,2598.0
293,2,12,0.0
293,2,13,2214.0
293,2,14,0.0
293,2,15,3875.0
293,2,16,1080.0
293,2,17,1.0
293,2,18,1704.0
293,2,19,2237.0
293,2,20,3660.0
293,2,21,0.0
293,2,22,0.0
293,2,23,1852.0
293,2,24,0.0
293,2,25,1055.0
293,2,26,3746.0
293,2,27,0.0
293,2,28,2247.0
293,2,29,2497.0
293,2,30,1988.0
293,3,1,2065.0
293,3,2,3176.0
293,3,3,0.0
293,3,4,1787.0
293,3,5,191.0
293,3,6,2122.0
293,3,7,0.0
293,3,8,2713.0
293,3,9,2580.0
293,3,10,2797.0
293,3,11,2059.0
293,3,12,2424.0
293,3,13,0.0
293,3,14,
293,3,15,3271.0
293,3,16,0.0
293,3,17,3250.0
293,3,18,716.0
293,3,19,3748.0
293,3,20,0.0
293,3,21,1921.0
293,3,22,1049.0
293,3,23,0.0
293,3,24,
293,3,25,1702.0
293,3,26,0.0
293,3,27,3281.0
293,3,28,699.0
293,3,29,0.0
293,3,30,2211.0
294,1,1,2654.0
294,1,2,
294,1,3,0.0
294,1,4,4444.0
294,1,5,5111.0
294,1,6,3745.0
294,1,7,1812.0
294,1,8,3247.0
294,1,9,4662.0
294,1,10,3962.0
294,1,11,
294,1,12,4011.0
294,1,13,3265.0
294,1,14,2292.0
294,1,15,4287.0
294,1,16,3274.0
294,1,17,3352.0
294,1,18,
294,1,19,0.0
294,1,20,3032.0
294,1,21,2861.0
294,1,22,5123.0
294,1,23,
294,1,24,1556.0
294,1,25,4196.0
294,1,26,3437.0
294,1,27,3568.0
294,1,28,4107.0
294,1,29,2087.0
294,1,30,0.0
294,2,1,3115.0
294,2,2,5202.0
294,2,3,3636.0
294,2,4,0.0
294,2,5,2408.0
294,2,6,4274.0
294,2,7,2536.0
294,2,8,3781.0
294,2,9,3939.0
294,2,10,3701.0
294,2,11,4131.0
294,2,12,2695.0
294,2,13,3117.0
294,2,14,4285.0
294,2,15,0.0
294,2,16,827.0
294,2,17,4354.0
294,2,18,3892.0
294,2,19,3597.0
294,2,20,3567.0
294,2,21,5208.0
294,2,22,4621.0
294,2,23,4742.0
294,2,24,3866.0
294,2,25,2030.0
294,2,26,0.0
294,2,27,2845.0
294,2,28,4578.0
294,2,29,3491.0
294,2,30,3226.0
294,3,1,2883.0
294,3,2,4604.0
294,3,3,2307.0
294,3,4,3698.0
294,3,5,0.0
294,3,6,3512.0
294,3,7,0.0
294,3,8,2894.0
294,3,9,
294,3,10,2954.0
294,3,11,3890.0
294,3,12,1538.0
294,3,13,0.0
294,3,14,
294,3,15,4143.0
294,3,16,3777.0
294,3,17,
294,3,18,4514.0
294,3,19,
294,3,20,3423.0
294,3,21,0.0
294,3,22,0.0
294,3,23,4665.0
294,3,24,4132.0
294,3,25,
294,3,26,0.0
294,3,27,0.0
294,3,28,
294,3,29,0.0
294,3,30,
295,1,1,
295,1,2,5174.0
295,1,3,0.0
295,1,4,5927.0
295,1,5,7171.0
295,1,6,
295,1,7,7192.0
295,1,8,6516.0
295,1,9,3825.0
295,1,10,4408.0
295,1,11,4828.0
295,1,12,4315.0
295,1,13,5783.0
295,1,14,4785.0
295,1,15,6412.0
295,1,16,6252.0
295,1,17,0.0
295,1,18,6549.0
295,1,19,6052.0
295,1,20,4741.0
295,1,21,0.0
295,1,22,5150.0
295,1,23,5876.0
295,1,24,6854.0
295,1,25,4598.0
295,1,26,4149.0
295,1,27,6875.0
295,1,28,6597.0
295,1,29,5608.0
295,1,30,5525.0
295,2,1,
295,2,2,5607.0
295,2,3,0.0
295,2,4,3619.0
295,2,5,5413.0
295,2,6,4682.0
295,2,7,4973.0
295,2,8,4909.0
295,2,9,6950.0
295,2,10,0.0
295,2,11,7227.0
295,2,12,4465.0
295,2,13,4308.0
295,2,14,6100.0
295,2,15,3613.0
295,2,16,3987.0
295,2,17,6025.0
295,2,18,
295,2,19,
295,2,20,7304.0
295,2,21,5514.0
295,2,22,4898.0
295,2,23,
295,2,24,0.0
295,2,25,5694.0
295,2,26,4764.0
295,2,27,0.0
295,2,28,
295,2,29,4738.0
295,2,30,6063.0
295,3,1,6885.0
295,3,2,0.0
295,3,3,4311.0
295,3,4,3225.0
295,3,5,4586.0
295,3,6,6313.0
295,3,7,5792.0
295,3,8,6688.0
295,3,9,
295,3,10,4860.0
295,3,11,5376.0
295,3,12,6926.0
295,3,13,0.0
295,3,14,6329.0
295,3,15,
295,3,16,0.0
295,3,17,6253.0
295,3,18,
295,3,19,0.0
295,3,20,
295,3,21,6167.0
295,3,22,0.0
295,3,23,0.0
295,3,24,
295,3,25,6882.0
295,3,26,6260.0
295,3,27,4549.0
295,3,28,4539.0
295,3,29,5565.0
295,3,30,
296,1,1,2082.0
296,1,2,3787.0
296,1,3,3172.0
296,1,4,3648.0
296,1,5,2549.0
296,1,6,3955.0
296,1,7,4394.0
296,1,8,3233.0
296,1,9,0.0
296,1,10,0.0
296,1,11,2076.0
296,1,12,3751.0
296,1,13,2090.0
296,1,14,3871.0
296,1,15,3905.0
296,1,16,4962.0
296,1,17,3825.0
296,1,18,2746.0
296,1,19,4481.0
296,1,20,5191.0
296,1,21,4125.0
296,1,22,3391.0
296,1,23,2131.0
296,1,24,3293.0
296,1,25,4493.0
296,1,26,3155.0
296,1,27,2016.0
296,1,28,4047.0
296,1,29,3456.0
296,1,30,2967.0
296,2,1,2657.0
296,2,2,
296,2,3,4485.0
296,2,4,1395.0
296,2,5,2565.0
296,2,6,0.0
296,2,7,5513.0
296,2,8,2768.0
296,2,9,3204.0
296,2,10,3898.0
296,2,11,3247.0
296,2,12,2303.0
296,2,13,4977.0
296,2,14,4346.0
296,2,15,2012.0
296,2,16,3755.0
296,2,17,2903.0
296,2,18,0.0
296,2,19,4681.0
296,2,20,0.0
296,2,21,2587.0
296,2,22,4477.0
296,2,23,0.0
296,2,24,2590.0
296,2,25,
296,2,26,2776.0
296,2,27,3629.0
296,2,28,0.0
296,2,29,2369.0
296,2,30,2865.0
296,3,1,4046.0
296,3,2,2108.0
296,3,3,4472.0
296,3,4,
296,3,5,2927.0
296,3,6,5674.0
296,3,7,0.0
296,3,8,4758.0
296,3,9,2256.0
296,3,10,
296,3,11,2344.0
296,3,12,2326.0
296,3,13,3917.0
296,3,14,3023.0
296,3,15,
296,3,16,4116.0
296,3,17,2665.0
296,3,18,3387.0
296,3,19,4035.0
296,3,20,
296,3,21,4306.0
296,3,22,
296,3,23,
296,3,24,0.0
296,3,25,
296,3,26,5848.0
296,3,27,2464.0
296,3,28,2446.0
296,3,29,3134.0
296,3,30,0.0
297,1,1,3892.0
297,1,2,4600.0
297,1,3,6317.0
297,1,4,2755.0
297,1,5,0.0
297,1,6,5127.0
297,1,7,4304.0
297,1,8,4815.0
297,1,9,3498.0
297,1,10,3699.0
297,1,11,
297,1,12,6391.0
297,1,13,3366.0
297,1,14,4048.0
297,1,15,5393.0
297,1,16,3817.0
297,1,17,5056.0
297,1,18,2405.0
297,1,19,4068.0
297,1,20,5372.0
297,1,21,6538.0
297,1,22,3939.0
297,1,23,5085.0
297,1,24,3901.0
297,1,25,4408.0
297,1,26,5277.0
297,1,27,3727.0
297,1,28,4406.0
297,1,29,
297,1,30,
297,2,1,4968.0
297,2,2,4037.0
297,2,3,
297,2,4,5615.0
297,2,5,
297,2,6,3981.0
297,2,7,3756.0
297,2,8,3876.0
297,2,9,3797.0
297,2,10,4875.0
297,2,11,0.0
297,2,12,3901.0
297,2,13,0.0
297,2,14,5900.0
297,2,15,4087.0
297,2,16,5148.0
297,2,17,4805.0
297,2,18,0.0
297,2,19,3591.0
297,2,20,4679.0
297,2,21,3647.0
297,2,22,3945.0
297,2,23,5072.0
297,2,24,
297,2,25,0.0
297,2,26,3676.0
297,2,27,0.0
297,2,28,0.0
297,2,29,3707.0
297,2,30,5888.0
297,3,1,0.0
297,3,2,6119.0
297,3,3,0.0
297,3,4,0.0
297,3,5,4092.0
297,3,6,6577.0
297,3,7,0.0
297,3,8,5087.0
297,3,9,4946.0
297,3,10,4662.0
297,3,11,6624.0
297,3,12,5508.0
297,3,13,
297,3,14,4691.0
297,3,15,0.0
297,3,16,4737.0
297,3,17,
297,3,18,
297,3,19,5982.0
297,3,20,0.0
297,3,21,0.0
297,3,22,
297,3,23,4625.0
297,3,24,0.0
297,3,25,0.0
297,3,26,3382.0
297,3,27,0.0
297,3,28,0.0
297,3,29,4896.0
297,3,30,3172.0
298,1,1,6568.0
298,1,2,6397.0
298,1,3,5997.0
298,1,4,7500.0
298,1,5,5459.0
298,1,6,
298,1,7,5992.0
298,1,8,5400.0
298,1,9,3680.0
298,1,10,5261.0
298,1,11,6780.0
298,1,12,3940.0
298,1,13,6256.0
298,1,14,7436.0
298,1,15,4651.0
298,1,16,5622.0
298,1,17,7706.0
298,1,18,0.0
298,1,19,0.0
298,1,20,
298,1,21,5957.0
298,1,22,6333.0
298,1,23,7222.0
298,1,24,7572.0
298,1,25,6723.0
298,1,26,7987.0
298,1,27,5251.0
298,1,28,6973.0
298,1,29,6320.0
298,1,30,6219.0
298,2,1,0.0
298,2,2,6092.0
298,2,3,5642.0
298,2,4,8352.0
298,2,5,
298,2,6,5041.0
298,2,7,7390.0
298,2,8,6754.0
298,2,9,
298,2,10,7479.0
298,2,11,0.0
298,2,12,0.0
298,2,13,6738.0
298,2,14,7433.0
298,2,15,8112.0
298,2,16,
298,2,17,5925.0
298,2,18,5208.0
298,2,19,5252.0
298,2,20,6900.0
298,2,21,7323.0
298,2,22,4961.0
298,2,23,6216.0
298,2,24,
298,2,25,0.0
298,2,26,4737.0
298,2,27,6599.0
298,2,28,5227.0
298,2,29,5034.0
298,2,30,0.0
298,3,1,
298,3,2,0.0
298,3,3,
298,3,4,0.0
298,3,5,
298,3,6,0.0
298,3,7,6746.0
298,3,8,6744.0
298,3,9,5012.0
298,3,10,0.0
298,3,11,0.0
298,3,12,6829.0
298,3,13,6757.0
298,3,14,7667.0
298,3,15,6022.0
298,3,16,
298,3,17,5349.0
298,3,18,0.0
298,3,19,6143.0
298,3,20,5447.0
298,3,21,0.0
298,3,22,0.0
298,3,23,6375.0
298,3,24,3607.0
298,3,25,4627.0
298,3,26,5377.0
298,3,27,4471.0
298,3,28,0.0
298,3,29,6381.0
298,3,30,4214.0
299,1,1,0.0
299,1,2,4045.0
299,1,3,4715.0
299,1,4,6106.0
299,1,5,5068.0
299,1,6,5212.0
299,1,7,7698.0
299,1,8,6039.0
299,1,9,6750.0
299,1,10,6465.0
299,1,11,5941.0
299,1,12,4689.0
299,1,13,3071.0
299,1,14,5457.0
299,1,15,5126.0
299,1,16,4103.0
299,1,17,5752.0
299,1,18,
299,1,19,4735.0
299,1,20,6646.0
299,1,21,
299,1,22,6316.0
299,1,23,4490.0
299,1,24,6568.0
299,1,25,5770.0
299,1,26,6402.0
299,1,27,5625.0
299,1,28,4993.0
299,1,29,6648.0
299,1,30,
299,2,1,4352.0
299,2,2,0.0
299,2,3,
299,2,4,0.0
299,2,5,5174.0
299,2,6,5627.0
299,2,7,5182.0
299,2,8,4235.0
299,2,9,0.0
299,2,10,5168.0
299,2,11,7006.0
299,2,12,6656.0
299,2,13,0.0
299,2,14,5828.0
299,2,15,0.0
299,2,16,7013.0
299,2,17,4114.0
299,2,18,0.0
299,2,19,0.0
299,2,20,6591.0
299,2,21,5753.0
299,2,22,0.0
299,2,23,0.0
299,2,24,7009.0
299,2,25,4654.0
299,2,26,
299,2,27,0.0
299,2,28,7020.0
299,2,29,5638.0
299,2,30,6111.0
299,3,1,4844.0
299,3,2,
299,3,3,0.0
299,3,4,6958.0
299,3,5,6957.0
299,3,6,8329.0
299,3,7,
299,3,8,0.0
299,3,9,5794.0
299,3,10,6193.0
299,3,11,6406.0
299,3,12,0.0
299,3,13,0.0
299,3,14,
299,3,15,7485.0
299,3,16,6594.0
299,3,17,
299,3,18,
299,3,19,6209.0
299,3,20,0.0
299,3,21,5243.0
299,3,22,
299,3,23,0.0
299,3,24,7163.0
299,3,25,0.0
299,3,26,6486.0
299,3,27,5340.0
299,3,28,0.0
299,3,29,0.0
299,3,30,0.0
300,1,1,0.0
300,1,2,0.0
300,1,3,6889.0
300,1,4,5842.0
300,1,5,6059.0
300,1,6,6843.0
300,1,7,5266.0
300,1,8,7596.0
300,1,9,7348.0
300,1,10,6169.0
300,1,11,6742.0
300,1,12,6166.0
300,1,13,5959.0
300,1,14,6338.0
300,1,15,7050.0
300,1,16,6938.0
300,1,17,5386.0
300,1,18,6013.0
300,1,19,4928.0
300,1,20,6597.0
300,1,21,6754.0
300,1,22,0.0
300,1,23,6508.0
300,1,24,6059.0
300,1,25,5803.0
300,1,26,6126.0
300,1,27,8473.0
300,1,28,0.0
300,1,29,5191.0
300,1,30,6857.0
300,2,1,7084.0
300,2,2,0.0
300,2,3,0.0
300,2,4,5817.0
300,2,5,5607.0
300,2,6,5641.0
300,2,7,6299.0
300,2,8,0.0
300,2,9,6028.0
300,2,10,0.0
300,2,11,5510.0
300,2,12,0.0
300,2,13,0.0
300,2,14,5141.0
300,2,15,
300,2,16,7522.0
300,2,17,7235.0
300,2,18,6186.0
300,2,19,7360.0
300,2,20,5113.0
300,2,21,4927.0
300,2,22,4426.0
300,2,23,6270.0
300,2,24,4670.0
300,2,25,5586.0
300,2,26,5257.0
300,2,27,4542.0
300,2,28,5633.0
300,2,29,5353.0
300,2,30,5773.0
300,3,1,0.0
300,3,2,6240.0
300,3,3,0.0
300,3,4,6572.0
300,3,5,4920.0
300,3,6,7715.0
300,3,7,0.0
300,3,8,
300,3,9,5823.0
300,3,10,7908.0
300,3,11,0.0
300,3,12,4275.0
300,3,13,5818.0
300,3,14,6045.0
300,3,15,6539.0
300,3,16,0.0
300,3,17,6333.0
300,3,18,7017.0
300,3,19,5626.0
300,3,20,5445.0
300,3,21,6833.0
300,3,22,6014.0
300,3,23,7285.0
300,3,24,
300,3,25,8445.0
300,3,26,
300,3,27,6903.0
300,3,28,
300,3,29,5764.0
300,3,30,6402.0
301,1,1,6658.0
301,1,2,6126.0
301,1,3,4912.0
301,1,4,6634.0
301,1,5,5311.0
301,1,6,5626.0
301,1,7,5137.0
301,1,8,4825.0
301,1,9,5589.0
301,1,10,6220.0
301,1,11,5418.0
301,1,12,5098.0
301,1,13,5926.0
301,1,14,4231.0
301,1,15,3644.0
301,1,16,6839.0
301,1,17,4648.0
301,1,18,6017.0
301,1,19,6853.0
301,1,20,6038.0
301,1,21,0.0
301,1,22,5183.0
301,1,23,0.0
301,1,24,5951.0
301,1,25,5293.0
301,1,26,2921.0
301,1,27,5546.0
301,1,28,4431.0
301,1,29,0.0
301,1,30,3671.0
301,2,1,7373.0
301,2,2,4422.0
301,2,3,5935.0
301,2,4,6394.0
301,2,5,
301,2,6,0.0
301,2,7,6311.0
301,2,8,5326.0
301,2,9,7184.0
301,2,10,6807.0
301,2,11,0.0
301,2,12,7204.0
301,2,13,0.0
301,2,14,5003.0
301,2,15,0.0
301,2,16,4973.0
301,2,17,6700.0
301,2,18,5709.0
301,2,19,5142.0
301,2,20,5403.0
301,2,21,0.0
301,2,22,5773.0
301,2,23,5156.0
301,2,24,4402.0
301,2,25,5115.0
301,2,26,6943.0
301,2,27,8173.0
301,2,28,6959.0
301,2,29,5989.0
301,2,30,
301,3,1,0.0
301,3,2,6834.0
301,3,3,6429.0
301,3,4,5204.0
301,3,5,0.0
301,3,6,0.0
301,3,7,6753.0
301,3,8,8530.0
301,3,9,5738.0
301,3,10,0.0
301,3,11,5758.0
301,3,12,0.0
301,3,13,5897.0
301,3,14,
301,3,15,0.0
301,3,16,0.0
301,3,17,4485.0
301,3,18,5794.0
301,3,19,6198.0
301,3,20,6156.0
301,3,21,4930.0
301,3,22,0.0
301,3,23,
301,3,24,0.0
301,3,25,5300.0
301,3,26,5031.0
301,3,27,0.0
301,3,28,
301,3,29,0.0
301,3,30,5040.0
302,1,1,9131.0
302,1,2,8723.0
302,1,3,8347.0
302,1,4,
302,1,5,8576.0
302,1,6,9848.0
302,1,7,8037.0
302,1,8,8317.0
302,1,9,8739.0
302,1,10,9484.0
302,1,11,8036.0
302,1,12,8996.0
302,1,13,9578.0
302,1,14,8262.0
302,1,15,9890.0
302,1,16,8656.0
302,1,17,9186.0
302,1,18,9526.0
302,1,19,7442.0
302,1,20,9193.0
302,1,21,8480.0
302,1,22,8169.0
302,1,23,10003.0
302,1,24,10390.0
302,1,25,0.0
302,1,26,9625.0
302,1,27,10014.0
302,1,28,8468.0
302,1,29,9301.0
302,1,30,9496.0
302,2,1,9832.0
302,2,2,7599.0
302,2,3,6930.0
302,2,4,9332.0
302,2,5,9564.0
302,2,6,0.0
302,2,7,9010.0
302,2,8,8183.0
302,2,9,9513.0
302,2,10,
302,2,11,7988.0
302,2,12,9910.0
302,2,13,7949.0
302,2,14,8588.0
302,2,15,8983.0
302,2,16,8506.0
302,2,17,10038.0
302,2,18,9715.0
302,2,19,7999.0
302,2,20,10031.0
302,2,21,6943.0
302,2,22,6904.0
302,2,23,11319.0
302,2,24,9714.0
302,2,25,7535.0
302,2,26,8359.0
302,2,27,8360.0
302,2,28,9520.0
302,2,29,9240.0
302,2,30,9956.0
302,3,1,7915.0
302,3,2,9598.0
302,3,3,0.0
302,3,4,8991.0
302,3,5,7790.0
302,3,6,9488.0
302,3,7,8638.0
302,3,8,8635.0
302,3,9,7437.0
302,3,10,9238.0
302,3,11,
302,3,12,
302,3,13,8704.0
302,3,14,0.0
302,3,15,8866.0
302,3,16,9135.0
302,3,17,8974.0
302,3,18,6678.0
302,3,19,8015.0
302,3,20,0.0
302,3,21,9688.0
302,3,22,8472.0
302,3,23,0.0
302,3,24,9481.0
302,3,25,9574.0
302,3,26,9347.0
302,3,27,10067.0
302,3,28,7913.0
302,3,29,
302,3,30,8437.0
303,1,1,0.0
303,1,2,8061.0
303,1,3,0.0
303,1,4,7204.0
303,1,5,6516.0
303,1,6,5814.0
303,1,7,0.0
303,1,8,6017.0
303,1,9,8438.0
303,1,10,7352.0
303,1,11,8063.0
303,1,12,4954.0
303,1,13,6700.0
303,1,14,
303,1,15,6458.0
303,1,16,
303,1,17,6503.0
303,1,18,0.0
303,1,19,
303,1,20,0.0
303,1,21,8460.0
303,1,22,5067.0
303,1,23,0.0
303,1,24,8466.0
303,1,25,6871.0
303,1,26,8838.0
303,1,27,7980.0
303,1,28,6203.0
303,1,29,
303,1,30,7974.0
303,2,1,0.0
303,2,2,0.0
303,2,3,7026.0
303,2,4,
303,2,5,0.0
303,2,6,8922.0
303,2,7,5882.0
303,2,8,5230.0
303,2,9,
303,2,10,6528.0
303,2,11,7810.0
303,2,12,7952.0
303,2,13,7259.0
303,2,14,0.0
303,2,15,0.0
303,2,16,7858.0
303,2,17,7145.0
303,2,18,6104.0
303,2,19,7694.0
303,2,20,0.0
303,2,21,0.0
303,2,22,5760.0
303,2,23,8794.0
303,2,24,7977.0
303,2,25,8524.0
303,2,26,6800.0
303,2,27,
303,2,28,0.0
303,2,29,6490.0
303,2,30,5472.0
303,3,1,4926.0
303,3,2,6729.0
303,3,3,
303,3,4,0.0
303,3,5,6423.0
303,3,6,
303,3,7,6988.0
303,3,8,7273.0
303,3,9,8958.0
303,3,10,5633.0
303,3,11,0.0
303,3,12,
303,3,13,6640.0
303,3,14,4044.0
303,3,15,0.0
303,3,16,7080.0
303,3,17,0.0
303,3,18,
303,3,19,5410.0
303,3,20,
303,3,21,6349.0
303,3,22,0.0
303,3,23,5268.0
303,3,24,0.0
303,3,25,7267.0
303,3,26,
303,3,27,5805.0
303,3,28,8113.0
303,3,29,9158.0
303,3,30,0.0
304,1,1,7898.0
304,1,2,7434.0
304,1,3,8869.0
304,1,4,8563.0
304,1,5,7509.0
304,1,6,8276.0
304,1,7,8729.0
304,1,8,7833.0
304,1,9,7908.0
304,1,10,9973.0
304,1,11,8132.0
304,1,12,6770.0
304,1,13,7697.0
304,1,14,8305.0
304,1,15,7528.0
304,1,16,9533.0
304,1,17,7679.0
304,1,18,9642.0
304,1,19,7701.0
304,1,20,8445.0
304,1,21,6930.0
304,1,22,7345.0
304,1,23,7148.0
304,1,24,8069.0
304,1,25,8719.0
304,1,26,
304,1,27,9544.0
304,1,28,
304,1,29,7911.0
304,1,30,7318.0
304,2,1,0.0
304,2,2,6811.0
304,2,3,9382.0
304,2,4,8186.0
304,2,5,0.0
304,2,6,0.0
304,2,7,8246.0
304,2,8,7818.0
304,2,9,8492.0
304,2,10,7404.0
304,2,11,7116.0
304,2,12,8632.0
304,2,13,8863.0
304,2,14,
304,2,15,8527.0
304,2,16,8261.0
304,2,17,10582.0
304,2,18,0.0
304,2,19,7786.0
304,2,20,7972.0
304,2,21,
304,2,22,9482.0
304,2,23,0.0
304,2,24,6930.0
304,2,25,0.0
304,2,26,0.0
304,2,27,7528.0
304,2,28,0.0
304,2,29,0.0
304,2,30,0.0
304,3,1,0.0
304,3,2,6811.0
304,3,3,10481.0
304,3,4,8275.0
304,3,5,8759.0
304,3,6,7967.0
304,3,7,9013.0
304,3,8,0.0
304,3,9,8224.0
304,3,10,7877.0
304,3,11,
304,3,12,
304,3,13,6420.0
304,3,14,9667.0
304,3,15,7043.0
304,3,16,0.0
304,3,17,0.0
304,3,18,7709.0
304,3,19,0.0
304,3,20,7754.0
304,3,21,
304,3,22,7603.0
304,3,23,8153.0
304,3,24,0.0
304,3,25,7770.0
304,3,26,8552.0
304,3,27,0.0
304,3,28,0.0
304,3,29,0.0
304,3,30,7789.0
305,1,1,2279.0
305,1,2,2657.0
305,1,3,3244.0
305,1,4,1295.0
305,1,5,3665.0
305,1,6,
305,1,7,2494.0
305,1,8,1088.0
305,1,9,5285.0
305,1,10,0.0
305,1,11,2407.0
305,1,12,2942.0
305,1,13,0.0
305,1,14,3758.0
305,1,15,3118.0
305,1,16,3236.0
305,1,17,0.0
305,1,18,601.0
305,1,19,2096.0
305,1,20,1574.0
305,1,21,1672.0
305,1,22,1686.0
305,1,23,3403.0
305,1,24,3380.0
305,1,25,2129.0
305,1,26,
305,1,27,3573.0
305,1,28,
305,1,29,1708.0
305,1,30,2196.0
305,2,1,3192.0
305,2,2,1692.0
305,2,3,0.0
305,2,4,2995.0
305,2,5,1832.0
305,2,6,3148.0
305,2,7,0.0
305,2,8,0.0
305,2,9,2745.0
305,2,10,2721.0
305,2,11,0.0
305,2,12,2527.0
305,2,13,2974.0
305,2,14,0.0
305,2,15,2383.0
305,2,16,2500.0
305,2,17,1714.0
305,2,18,
305,2,19,
305,2,20,
305,2,21,3164.0
305,2,22,2406.0
305,2,23,2223.0
305,2,24,3149.0
305,2,25,1509.0
305,2,26,0.0
305,2,27,787.0
305,2,28,2613.0
305,2,29,
305,2,30,0.0
305,3,1,3223.0
305,3,2,2404.0
305,3,3,2619.0
305,3,4,1529.0
305,3,5,0.0
305,3,6,2024.0
305,3,7,3017.0
305,3,8,0.0
305,3,9,496.0
305,3,10,1148.0
305,3,11,0.0
305,3,12,2641.0
305,3,13,4844.0
305,3,14,2624.0
305,3,15,2315.0
305,3,16,2710.0
305,3,17,2854.0
305,3,18,0.0
305,3,19,2356.0
305,3,20,3309.0
305,3,21,2558.0
305,3,22,3658.0
305,3,23,
305,3,24,1781.0
305,3,25,
305,3,26,0.0
305,3,27,
305,3,28,3938.0
305,3,29,3586.0
305,3,30,2755.0
306,1,1,4672.0
306,1,2,5618.0
306,1,3,2873.0
306,1,4,3343.0
306,1,5,2325.0
306,1,6,2685.0
306,1,7,2125.0
306,1,8,3792.0
306,1,9,5183.0
306,1,10,4036.0
306,1,11,4095.0
306,1,12,4006.0
306,1,13,4198.0
306,1,14,4310.0
306,1,15,0.0
306,1,16,4743.0
306,1,17,
306,1,18,4165.0
306,1,19,4557.0
306,1,20,5136.0
306,1,21,3521.0
306,1,22,3808.0
306,1,23,3388.0
306,1,24,4769.0
306,1,25,1855.0
306,1,26,3571.0
306,1,27,4937.0
306,1,28,4924.0
306,1,29,3448.0
306,1,30,3006.0
306,2,1,0.0
306,2,2,2687.0
306,2,3,0.0
306,2,4,4296.0
306,2,5,3037.0
306,2,6,4595.0
306,2,7,3562.0
306,2,8,2857.0
306,2,9,0.0
306,2,10,3353.0
306,2,11,3750.0
306,2,12,5069.0
306,2,13,3353.0
306,2,14,3720.0
306,2,15,1896.0
306,2,16,5201.0
306,2,17,5034.0
306,2,18,2804.0
306,2,19,3108.0
306,2,20,
306,2,21,
306,2,22,0.0
306,2,23,0.0
306,2,24,2726.0
306,2,25,0.0
306,2,26,
306,2,27,3306.0
306,2,28,4410.0
306,2,29,
306,2,30,
306,3,1,2279.0
306,3,2,2990.0
306,3,3,
306,3,4,2718.0
306,3,5,0.0
306,3,6,0.0
306,3,7,2707.0
306,3,8,
306,3,9,2706.0
306,3,10,2241.0
306,3,11,1471.0
306,3,12,3537.0
306,3,13,0.0
306,3,14,
306,3,15,5125.0
306,3,16,
306,3,17,2773.0
306,3,18,0.0
306,3,19,0.0
306,3,20,5252.0
306,3,21,3090.0
306,3,22,0.0
306,3,23,5453.0
306,3,24,3705.0
306,3,25,
306,3,26,
306,3,27,0.0
306,3,28,4442.0
306,3,29,4647.0
306,3,30,
307,1,1,5893.0
307,1,2,5837.0
307,1,3,4598.0
307,1,4,4742.0
307,1,5,4025.0
307,1,6,3976.0
307,1,7,4904.0
307,1,8,3902.0
307,1,9,6079.0
307,1,10,6582.0
307,1,11,5209.0
307,1,12,5414.0
307,1,13,
307,1,14,6661.0
307,1,15,7525.0
307,1,16,6762.0
307,1,17,5808.0
307,1,18,4958.0
307,1,19,6177.0
307,1,20,5187.0
307,1,21,
307,1,22,4146.0
307,1,23,5101.0
307,1,24,4253.0
307,1,25,7038.0
307,1,26,7657.0
307,1,27,5918.0
307,1,28,5344.0
307,1,29,5084.0
307,1,30,0.0
307,2,1,0.0
307,2,2,5061.0
307,2,3,4994.0
307,2,4,5893.0
307,2,5,5812.0
307,2,6,0.0
307,2,7,
307,2,8,5172.0
307,2,9,5411.0
307,2,10,0.0
307,2,11,3655.0
307,2,12,4311.0
307,2,13,
307,2,14,
307,2,15,0.0
307,2,16,0.0
307,2,17,0.0
307,2,18,
307,2,19,3132.0
307,2,20,0.0
307,2,21,5148.0
307,2,22,6360.0
307,2,23,6777.0
307,2,24,5664.0
307,2,25,5421.0
307,2,26,0.0
307,2,27,5513.0
307,2,28,4547.0
307,2,29,4752.0
307,2,30,7137.0
307,3,1,0.0
307,3,2,0.0
307,3,3,6343.0
307,3,4,
307,3,5,5834.0
307,3,6,6778.0
307,3,7,0.0
307,3,8,5998.0
307,3,9,
307,3,10,3938.0
307,3,11,4968.0
307,3,12,0.0
307,3,13,7266.0
307,3,14,6206.0
307,3,15,7972.0
307,3,16,0.0
307,3,17,6173.0
307,3,18,5945.0
307,3,19,5790.0
307,3,20,5747.0
307,3,21,0.0
307,3,22,5711.0
307,3,23,6891.0
307,3,24,4454.0
307,3,25,
307,3,26,5057.0
307,3,27,0.0
307,3,28,4869.0
307,3,29,4539.0
307,3,30,6490.0
308,1,1,5651.0
308,1,2,4004.0
308,1,3,3984.0
308,1,4,3491.0
308,1,5,4264.0
308,1,6,2516.0
308,1,7,5609.0
308,1,8,4775.0
308,1,9,4410.0
308,1,10,2582.0
308,1,11,3558.0
308,1,12,2315.0
308,1,13,0.0
308,1,14,4577.0
308,1,15,4265.0
308,1,16,0.0
308,1,17,5713.0
308,1,18,5099.0
308,1,19,3595.0
308,1,20,3906.0
308,1,21,4377.0
308,1,22,4835.0
308,1,23,3790.0
308,1,24,5119.0
308,1,25,0.0
308,1,26,4082.0
308,1,27,2780.0
308,1,28,4080.0
308,1,29,3782.0
308,1,30,3832.0
308,2,1,5630.0
308,2,2,3519.0
308,2,3,3253.0
308,2,4,4522.0
308,2,5,3977.0
308,2,6,5142.0
308,2,7,
308,2,8,4792.0
308,2,9,3949.0
308,2,10,5118.0
308,2,11,0.0
308,2,12,3543.0
308,2,13,5150.0
308,2,14,4906.0
308,2,15,0.0
308,2,16,4124.0
308,2,17,4099.0
308,2,18,4719.0
308,2,19,
308,2,20,5200.0
308,2,21,3486.0
308,2,22,
308,2,23,0.0
308,2,24,0.0
308,2,25,5290.0
308,2,26,
308,2,27,
308,2,28,4381.0
308,2,29,4044.0
308,2,30,4008.0
308,3,1,0.0
308,3,2,4855.0
308,3,3,
308,3,4,0.0
308,3,5,
308,3,6,5263.0
308,3,7,0.0
308,3,8,
308,3,9,5293.0
308,3,10,3889.0
308,3,11,4857.0
308,3,12,3859.0
308,3,13,0.0
308,3,14,0.0
308,3,15,0.0
308,3,16,4699.0
308,3,17,5346.0
308,3,18,0.0
308,3,19,4404.0
308,3,20,4188.0
308,3,21,3802.0
308,3,22,0.0
308,3,23,4616.0
308,3,24,
308,3,25,0.0
308,3,26,0.0
308,3,27,3718.0
308,3,28,2311.0
308,3,29,
308,3,30,0.0
309,1,1,1244.0
309,1,2,1927.0
309,1,3,219.0
309,1,4,1638.0
309,1,5,1634.0
309,1,6,3596.0
309,1,7,2172.0
309,1,8,1132.0
309,1,9,1500.0
309,1,10,1715.0
309,1,11,2560.0
309,1,12,2857.0
309,1,13,3180.0
309,1,14,472.0
309,1,15,1537.0
309,1,16,1270.0
309,1,17,630.0
309,1,18,3257.0
309,1,19,0.0
309,1,20,3022.0
309,1,21,1149.0
309,1,22,2080.0
309,1,23,2233.0
309,1,24,0.0
309,1,25,2684.0
309,1,26,
309,1,27,1810.0
309,1,28,
309,1,29,3587.0
309,1,30,3479.0
309,2,1,
309,2,2,2507.0
309,2,3,3058.0
309,2,4,711.0
309,2,5,1256.0
309,2,6,936.0
309,2,7,1481.0
309,2,8,0.0
309,2,9,644.0
309,2,10,2581.0
309,2,11,
309,2,12,3422.0
309,2,13,1399.0
309,2,14,2656.0
309,2,15,3220.0
309,2,16,2628.0
309,2,17,2504.0
309,2,18,4157.0
309,2,19,604.0
309,2,20,1995.0
309,2,21,1308.0
309,2,22,2384.0
309,2,23,0.0
309,2,24,0.0
309,2,25,
309,2,26,510.0
309,2,27,540.0
309,2,28,0.0
309,2,29,0.0
309,2,30,0.0
309,3,1,1953.0
309,3,2,1522.0
309,3,3,1341.0
309,3,4,4694.0
309,3,5,
309,3,6,3577.0
309,3,7,
309,3,8,1745.0
309,3,9,1159.0
309,3,10,2442.0
309,3,11,0.0
309,3,12,0.0
309,3,13,345.0
309,3,14,0.0
309,3,15,805.0
309,3,16,0.0
309,3,17,0.0
309,3,18,1370.0
309,3,19,0.0
309,3,20,0.0
309,3,21,1148.0
309,3,22,1488.0
309,3,23,0.0
309,3,24,1336.0
309,3,25,0.0
309,3,26,2000.0
309,3,27,1359.0
309,3,28,1225.0
309,3,29,765.0
309,3,30,0.0
310,1,1,5874.0
310,1,2,
310,1,3,7602.0
310,1,4,4190.0
310,1,5,4191.0
310,1,6,6595.0
310,1,7,4173.0
310,1,8,5189.0
310,1,9,5486.0
310,1,10,6539.0
310,1,11,5397.0
310,1,12,4016.0
310,1,13,5941.0
310,1,14,6031.0
310,1,15,5359.0
310,1,16,5020.0
310,1,17,6357.0
310,1,18,0.0
310,1,19,5730.0
310,1,20,
310,1,21,0.0
310,1,22,6001.0
310,1,23,5270.0
310,1,24,5893.0
310,1,25,3914.0
310,1,26,5256.0
310,1,27,6432.0
310,1,28,5182.0
310,1,29,6650.0
310,1,30,5175.0
310,2,1,0.0
310,2,2,5322.0
310,2,3,6512.0
310,2,4,4034.0
310,2,5,
310,2,6,6304.0
310,2,7,5619.0
310,2,8,3945.0
310,2,9,0.0
310,2,10,0.0
310,2,11,5270.0
310,2,12,5313.0
310,2,13,6691.0
310,2,14,5226.0
310,2,15,4803.0
310,2,16,6347.0
310,2,17,2686.0
310,2,18,5263.0
310,2,19,0.0
310,2,20,
310,2,21,4753.0
310,2,22,4445.0
310,2,23,6131.0
310,2,24,
310,2,25,5370.0
310,2,26,
310,2,27,
310,2,28,5161.0
310,2,29,5042.0
310,2,30,4834.0
310,3,1,5148.0
310,3,2,
310,3,3,
310,3,4,5822.0
310,3,5,6036.0
310,3,6,4424.0
310,3,7,7058.0
310,3,8,4034.0
310,3,9,6247.0
310,3,10,4133.0
310,3,11,0.0
310,3,12,0.0
310,3,13,0.0
310,3,14,4986.0
310,3,15,7348.0
310,3,16,0.0
310,3,17,0.0
310,3,18,0.0
310,3,19,
310,3,20,5449.0
310,3,21,0.0
310,3,22,
310,3,23,5958.0
310,3,24,4575.0
310,3,25,4138.0
310,3,26,0.0
310,3,27,5211.0
310,3,28,4000.0
310,3,29,4287.0
310,3,30,4427.0
311,1,1,6954.0
311,1,2,7711.0
311,1,3,8275.0
311,1,4,6923.0
311,1,5,4818.0
311,1,6,6480.0
311,1,7,8403.0
311,1,8,7770.0
311,1,9,6544.0
311,1,10,7035.0
311,1,11,0.0
311,1,12,6935.0
311,1,13,5874.0
311,1,14,7026.0
311,1,15,7509.0
311,1,16,6399.0
311,1,17,6476.0
311,1,18,0.0
311,1,19,0.0
311,1,20,4536.0
311,1,21,8117.0
311,1,22,5638.0
311,1,23,6102.0
311,1,24,0.0
311,1,25,6177.0
311,1,26,6620.0
311,1,27,5554.0
311,1,28,6545.0
311,1,29,6337.0
311,1,30,7051.0
311,2,1,0.0
311,2,2,6137.0
311,2,3,6564.0
311,2,4,9054.0
311,2,5,7383.0
311,2,6,7173.0
311,2,7,5708.0
311,2,8,7503.0
311,2,9,8161.0
311,2,10,6491.0
311,2,11,6772.0
311,2,12,8571.0
311,2,13,7659.0
311,2,14,6028.0
311,2,15,8533.0
311,2,16,0.0
311,2,17,
311,2,18,7234.0
311,2,19,6394.0
311,2,20,0.0
311,2,21,5623.0
311,2,22,5133.0
311,2,23,7047.0
311,2,24,6577.0
311,2,25,8077.0
311,2,26,0.0
311,2,27,0.0
311,2,28,6041.0
311,2,29,5857.0
311,2,30,6255.0
311,3,1,7091.0
311,3,2,0.0
311,3,3,6838.0
311,3,4,5570.0
311,3,5,6262.0
311,3,6,0.0
311,3,7,
311,3,8,5046.0
311,3,9,0.0
311,3,10,5828.0
311,3,11,6142.0
311,3,12,
311,3,13,0.0
311,3,14,6091.0
311,3,15,4764.0
311,3,16,5520.0
311,3,17,0.0
311,3,18,7527.0
311,3,19,0.0
311,3,20,0.0
311,3,21,6630.0
311,3,22,6294.0
311,3,23,7204.0
311,3,24,
311,3,25,4417.0
311,3,26,6328.0
311,3,27,6983.0
311,3,28,5577.0
311,3,29,0.0
311,3,30,8243.0
312,1,1,5971.0
312,1,2,6836.0
312,1,3,5396.0
312,1,4,5454.0
312,1,5,7145.0
312,1,6,4849.0
312,1,7,5121.0
312,1,8,5001.0
312,1,9,6724.0
312,1,10,6788.0
312,1,11,5366.0
312,1,12,6616.0
312,1,13,4897.0
312,1,14,7425.0
312,1,15,5642.0
312,1,16,0.0
312,1,17,
312,1,18,5161.0
312,1,19,5113.0
312,1,20,6452.0
312,1,21,
312,1,22,6117.0
312,1,23,4820.0
312,1,24,5608.0
312,1,25,5572.0
312,1,26,6928.0
312,1,27,
312,1,28,5171.0
312,1,29,4244.0
312,1,30,7442.0
312,2,1,7175.0
312,2,2,5234.0
312,2,3,0.0
312,2,4,
312,2,5,7731.0
312,2,6,6554.0
312,2,7,6279.0
312,2,8,5916.0
312,2,9,7063.0
312,2,10,7535.0
312,2,11,6377.0
312,2,12,6082.0
312,2,13,6193.0
312,2,14,5670.0
312,2,15,6872.0
312,2,16,6754.0
312,2,17,6166.0
312,2,18,
312,2,19,0.0
312,2,20,
312,2,21,5776.0
312,2,22,
312,2,23,0.0
312,2,24,0.0
312,2,25,8219.0
312,2,26,5358.0
312,2,27,5753.0
312,2,28,5566.0
312,2,29,
312,2,30,0.0
312,3,1,4515.0
312,3,2,0.0
312,3,3,6181.0
312,3,4,6219.0
312,3,5,0.0
312,3,6,0.0
312,3,7,5879.0
312,3,8,5737.0
312,3,9,5693.0
312,3,10,
312,3,11,
312,3,12,5426.0
312,3,13,7151.0
312,3,14,6761.0
312,3,15,6268.0
312,3,16,6389.0
312,3,17,0.0
312,3,18,
312,3,19,6201.0
312,3,20,4860.0
312,3,21,5742.0
312,3,22,0.0
312,3,23,7957.0
312,3,24,7847.0
312,3,25,0.0
312,3,26,6805.0
312,3,27,7486.0
312,3,28,7327.0
312,3,29,7671.0
312,3,30,0.0
313,1,1,2473.0
313,1,2,847.0
313,1,3,1449.0
313,1,4,322.0
313,1,5,3330.0
313,1,6,2051.0
313,1,7,1698.0
313,1,8,732.0
313,1,9,555.0
313,1,10,643.0
313,1,11,
313,1,12,2028.0
313,1,13,666.0
313,1,14,0.0
313,1,15,2436.0
313,1,16,1931.0
313,1,17,1479.0
313,1,18,1579.0
313,1,19,861.0
313,1,20,0.0
313,1,21,335.0
313,1,22,3999.0
313,1,23,1672.0
313,1,24,0.0
313,1,25,0.0
313,1,26,0.0
313,1,27,2989.0
313,1,28,2081.0
313,1,29,1183.0
313,1,30,1993.0
313,2,1,1923.0
313,2,2,0.0
313,2,3,0.0
313,2,4,0.0
313,2,5,809.0
313,2,6,
313,2,7,2043.0
313,2,8,2912.0
313,2,9,0.0
313,2,10,
313,2,11,1545.0
313,2,12,2836.0
313,2,13,1418.0
313,2,14,0.0
313,2,15,125.0
313,2,16,0.0
313,2,17,0.0
313,2,18,1262.0
313,2,19,1154.0
313,2,20,2671.0
313,2,21,1820.0
313,2,22,0.0
313,2,23,2066.0
313,2,24,0.0
313,2,25,0.0
313,2,26,1899.0
313,2,27,2096.0
313,2,28,1223.0
313,2,29,2097.0
313,2,30,0.0
313,3,1,0.0
313,3,2,2526.0
313,3,3,1866.0
313,3,4,2449.0
313,3,5,0.0
313,3,6,185.0
313,3,7,2050.0
313,3,8,1664.0
313,3,9,2983.0
313,3,10,
313,3,11,1313.0
313,3,12,0.0
313,3,13,2316.0
313,3,14,1650.0
313,3,15,
313,3,16,0.0
313,3,17,
313,3,18,
313,3,19,0.0
313,3,20,942.0
313,3,21,0.0
313,3,22,123.0
313,3,23,1583.0
313,3,24,1745.0
313,3,25,1831.0
313,3,26,3596.0
313,3,27,0.0
313,3,28,376.0
313,3,29,0.0
313,3,30,0.0
314,1,1,8704.0
314,1,2,7335.0
314,1,3,6806.0
314,1,4,0.0
314,1,5,6346.0
314,1,6,5977.0
314,1,7,6955.0
314,1,8,5379.0
314,1,9,8310.0
314,1,10,6728.0
314,1,11,6718.0
314,1,12,7258.0
314,1,13,7561.0
314,1,14,
314,1,15,6112.0
314,1,16,6945.0
314,1,17,5198.0
314,1,18,6020.0
314,1,19,5652.0
314,1,20,0.0
314,1,21,5681.0
314,1,22,6933.0
314,1,23,5181.0
314,1,24,
314,1,25,8132.0
314,1,26,7030.0
314,1,27,0.0
314,1,28,7633.0
314,1,29,7219.0
314,1,30,
314,2,1,6457.0
314,2,2,6285.0
314,2,3,5912.0
314,2,4,0.0
314,2,5,5827.0
314,2,6,7904.0
314,2,7,
314,2,8,0.0
314,2,9,5902.0
314,2,10,7388.0
314,2,11,7756.0
314,2,12,
314,2,13,5177.0
314,2,14,6337.0
314,2,15,7531.0
314,2,16,7446.0
314,2,17,5080.0
314,2,18,4561.0
314,2,19,6169.0
314,2,20,5714.0
314,2,21,
314,2,22,8463.0
314,2,23,
314,2,24,6677.0
314,2,25,5891.0
314,2,26,5944.0
314,2,27,0.0
314,2,28,
314,2,29,4975.0
314,2,30,6951.0
314,3,1,0.0
314,3,2,0.0
314,3,3,6554.0
314,3,4,0.0
314,3,5,6466.0
314,3,6,7141.0
314,3,7,6570.0
314,3,8,
314,3,9,8097.0
314,3,10,0.0
314,3,11,0.0
314,3,12,6095.0
314,3,13,0.0
314,3,14,7282.0
314,3,15,0.0
314,3,16,0.0
314,3,17,7987.0
314,3,18,6847.0
314,3,19,6469.0
314,3,20,7394.0
314,3,21,6556.0
314,3,22,6654.0
314,3,23,
314,3,24,
314,3,25,0.0
314,3,26,
314,3,27,
314,3,28,
314,3,29,6297.0
314,3,30,4707.0
315,1,1,8179.0
315,1,2,9359.0
315,1,3,9535.0
315,1,4,6998.0
315,1,5,7962.0
315,1,6,8528.0
315,1,7,7413.0
315,1,8,9286.0
315,1,9,9706.0
315,1,10,0.0
315,1,11,
315,1,12,11455.0
315,1,13,8469.0
315,1,14,8520.0
315,1,15,9939.0
315,1,16,9785.0
315,1,17,9203.0
315,1,18,8069.0
315,1,19,7999.0
315,1,20,8374.0
315,1,21,8717.0
315,1,22,9022.0
315,1,23,9137.0
315,1,24,8796.0
315,1,25,8205.0
315,1,26,6924.0
315,1,27,9300.0
315,1,28,8726.0
315,1,29,8633.0
315,1,30,8381.0
315,2,1,10962.0
315,2,2,10004.0
315,2,3,9363.0
315,2,4,
315,2,5,8918.0
315,2,6,9450.0
315,2,7,6859.0
315,2,8,7696.0
315,2,9,8665.0
315,2,10,8315.0
315,2,11,8742.0
315,2,12,7575.0
315,2,13,8858.0
315,2,14,9854.0
315,2,15,10094.0
315,2,16,10176.0
315,2,17,8109.0
315,2,18,8398.0
315,2,19,9560.0
315,2,20,7490.0
315,2,21,9928.0
315,2,22,8688.0
315,2,23,8405.0
315,2,24,8727.0
315,2,25,6109.0
315,2,26,7871.0
315,2,27,8483.0
315,2,28,9486.0
315,2,29,8822.0
315,2,30,10138.0
315,3,1,9704.0
315,3,2,
315,3,3,8495.0
315,3,4,7415.0
315,3,5,9960.0
315,3,6,8049.0
315,3,7,7495.0
315,3,8,9124.0
315,3,9,9023.0
315,3,10,9821.0
315,3,11,10124.0
315,3,12,8486.0
315,3,13,10385.0
315,3,14,9906.0
315,3,15,6905.0
315,3,16,9299.0
315,3,17,7919.0
315,3,18,7821.0
315,3,19,10315.0
315,3,20,9844.0
315,3,21,9972.0
315,3,22,8709.0
315,3,23,0.0
315,3,24,7154.0
315,3,25,8209.0
315,3,26,8436.0
315,3,27,9082.0
315,3,28,9055.0
315,3,29,8654.0
315,3,30,10466.0
316,1,1,0.0
316,1,2,7418.0
316,1,3,0.0
316,1,4,7189.0
316,1,5,5445.0
316,1,6,0.0
316,1,7,6549.0
316,1,8,6503.0
316,1,9,
316,1,10,6156.0
316,1,11,5943.0
316,1,12,0.0
316,1,13,8519.0
316,1,14,5521.0
316,1,15,4717.0
316,1,16,
316,1,17,7633.0
316,1,18,7813.0
316,1,19,6273.0
316,1,20,6499.0
316,1,21,5776.0
316,1,22,5954.0
316,1,23,6430.0
316,1,24,7146.0
316,1,25,7784.0
316,1,26,6099.0
316,1,27,6425.0
316,1,28,6367.0
316,1,29,0.0
316,1,30,6167.0
316,2,1,6356.0
316,2,2,7915.0
316,2,3,
316,2,4,
316,2,5,7282.0
316,2,6,6785.0
316,2,7,0.0
316,2,8,0.0
316,2,9,6548.0
316,2,10,5393.0
316,2,11,7597.0
316,2,12,0.0
316,2,13,5704.0
316,2,14,7695.0
316,2,15,5792.0
316,2,16,6764.0
316,2,17,6004.0
316,2,18,8040.0
316,2,19,
316,2,20,6171.0
316,2,21,8184.0
316,2,22,6945.0
316,2,23,5290.0
316,2,24,0.0
316,2,25,6743.0
316,2,26,
316,2,27,5888.0
316,2,28,5918.0
316,2,29,5976.0
316,2,30,7287.0
316,3,1,0.0
316,3,2,7805.0
316,3,3,7341.0
316,3,4,7568.0
316,3,5,
316,3,6,0.0
316,3,7,0.0
316,3,8,8433.0
316,3,9,7932.0
316,3,10,7200.0
316,3,11,0.0
316,3,12,
316,3,13,0.0
316,3,14,
316,3,15,0.0
316,3,16,6042.0
316,3,17,7144.0
316,3,18,7161.0
316,3,19,
316,3,20,5590.0
316,3,21,6328.0
316,3,22,0.0
316,3,23,5293.0
316,3,24,0.0
316,3,25,
316,3,26,0.0
316,3,27,0.0
316,3,28,6642.0
316,3,29,
316,3,30,7320.0
317,1,1,2683.0
317,1,2,3923.0
317,1,3,5863.0
317,1,4,3656.0
317,1,5,4921.0
317,1,6,6364.0
317,1,7,3803.0
317,1,8,0.0
317,1,9,2648.0
317,1,10,3206.0
317,1,11,5815.0
317,1,12,5335.0
317,1,13,3722.0
317,1,14,0.0
317,1,15,5528.0
317,1,16,5340.0
317,1,17,5154.0
317,1,18,4139.0
317,1,19,5515.0
317,1,20,4004.0
317,1,21,4546.0
317,1,22,5095.0
317,1,23,0.0
317,1,24,6207.0
317,1,25,4358.0
317,1,26,5883.0
317,1,27,5692.0
317,1,28,3283.0
317,1,29,5040.0
317,1,30,0.0
317,2,1,5226.0
317,2,2,5462.0
317,2,3,2464.0
317,2,4,5957.0
317,2,5,5893.0
317,2,6,5319.0
317,2,7,2018.0
317,2,8,3894.0
317,2,9,5770.0
317,2,10,5117.0
317,2,11,6227.0
317,2,12,4132.0
317,2,13,2920.0
317,2,14,4361.0
317,2,15,4777.0
317,2,16,4666.0
317,2,17,3697.0
317,2,18,4278.0
317,2,19,4236.0
317,2,20,4381.0
317,2,21,
317,2,22,5227.0
317,2,23,3874.0
317,2,24,3926.0
317,2,25,5111.0
317,2,26,3313.0
317,2,27,3669.0
317,2,28,
317,2,29,4972.0
317,2,30,4584.0
317,3,1,4442.0
317,3,2,0.0
317,3,3,4692.0
317,3,4,0.0
317,3,5,0.0
317,3,6,0.0
317,3,7,3957.0
317,3,8,3795.0
317,3,9,0.0
317,3,10,
317,3,11,
317,3,12,3572.0
317,3,13,4013.0
317,3,14,0.0
317,3,15,
317,3,16,5047.0
317,3,17,4751.0
317,3,18,
317,3,19,0.0
317,3,20,5377.0
317,3,21,4492.0
317,3,22,5525.0
317,3,23,3754.0
317,3,24,4841.0
317,3,25,0.0
317,3,26,0.0
317,3,27,
317,3,28,5137.0
317,3,29,3219.0
317,3,30,0.0
318,1,1,9304.0
318,1,2,7816.0
318,1,3,9551.0
318,1,4,7789.0
318,1,5,6008.0
318,1,6,0.0
318,1,7,7531.0
318,1,8,7944.0
318,1,9,8875.0
318,1,10,8970.0
318,1,11,8888.0
318,1,12,7295.0
318,1,13,6981.0
318,1,14,7349.0
318,1,15,7148.0
318,1,16,8987.0
318,1,17,8119.0
318,1,18,8744.0
318,1,19,6673.0
318,1,20,8969.0
318,1,21,6925.0
318,1,22,7819.0
318,1,23,8325.0
318,1,24,8664.0
318,1,25,8195.0
318,1,26,8134.0
318,1,27,6930.0
318,1,28,7232.0
318,1,29,
318,1,30,8073.0
318,2,1,6168.0
318,2,2,8753.0
318,2,3,6941.0
318,2,4,8059.0
318,2,5,0.0
318,2,6,6912.0
318,2,7,6260.0
318,2,8,7787.0
318,2,9,5686.0
318,2,10,7968.0
318,2,11,8126.0
318,2,12,7749.0
318,2,13,6903.0
318,2,14,8928.0
318,2,15,8018.0
318,2,16,7744.0
318,2,17,7502.0
318,2,18,6392.0
318,2,19,7227.0
318,2,20,8006.0
318,2,21,8683.0
318,2,22,0.0
318,2,23,7313.0
318,2,24,7549.0
318,2,25,8450.0
318,2,26,8748.0
318,2,27,0.0
318,2,28,8318.0
318,2,29,7304.0
318,2,30,7682.0
318,3,1,7501.0
318,3,2,7896.0
318,3,3,7542.0
318,3,4,9248.0
318,3,5,9110.0
318,3,6,7116.0
318,3,7,8317.0
318,3,8,9239.0
318,3,9,7113.0
318,3,10,6782.0
318,3,11,7563.0
318,3,12,0.0
318,3,13,6555.0
318,3,14,8476.0
318,3,15,8561.0
318,3,16,7965.0
318,3,17,8839.0
318,3,18,7737.0
318,3,19,6107.0
318,3,20,0.0
318,3,21,7841.0
318,3,22,8484.0
318,3,23,8617.0
318,3,24,7674.0
318,3,25,9061.0
318,3,26,7038.0
318,3,27,7467.0
318,3,28,7394.0
318,3,29,8432.0
318,3,30,9388.0
319,1,1,5846.0
319,1,2,8880.0
319,1,3,5499.0
319,1,4,5542.0
319,1,5,5579.0
319,1,6,0.0
319,1,7,7241.0
319,1,8,6133.0
319,1,9,7361.0
319,1,10,7051.0
319,1,11,6398.0
319,1,12,6326.0
319,1,13,5520.0
319,1,14,4265.0
319,1,15,
319,1,16,7079.0
319,1,17,7075.0
319,1,18,7014.0
319,1,19,6112.0
319,1,20,5936.0
319,1,21,
319,1,22,7750.0
319,1,23,7358.0
319,1,24,7390.0
319,1,25,4069.0
319,1,26,6122.0
319,1,27,6226.0
319,1,28,6879.0
319,1,29,5775.0
319,1,30,6567.0
319,2,1,6158.0
319,2,2,5730.0
319,2,3,
319,2,4,6876.0
319,2,5,
319,2,6,6921.0
319,2,7,6899.0
319,2,8,7436.0
319,2,9,6032.0
319,2,10,7945.0
319,2,11,0.0
319,2,12,4913.0
319,2,13,6183.0
319,2,14,
319,2,15,7312.0
319,2,16,7441.0
319,2,17,6319.0
319,2,18,7147.0
319,2,19,7116.0
319,2,20,7877.0
319,2,21,6475.0
319,2,22,5996.0
319,2,23,6217.0
319,2,24,0.0
319,2,25,
319,2,26,7886.0
319,2,27,5769.0
319,2,28,6459.0
319,2,29,
319,2,30,7824.0
319,3,1,6533.0
319,3,2,4640.0
319,3,3,8648.0
319,3,4,7312.0
319,3,5,0.0
319,3,6,4776.0
319,3,7,5992.0
319,3,8,0.0
319,3,9,5558.0
319,3,10,5454.0
319,3,11,5772.0
319,3,12,8290.0
319,3,13,7648.0
319,3,14,6832.0
319,3,15,0.0
319,3,16,0.0
319,3,17,5453.0
319,3,18,6333.0
319,3,19,0.0
319,3,20,
319,3,21,6712.0
319,3,22,8337.0
319,3,23,
319,3,24,7887.0
319,3,25,7525.0
319,3,26,0.0
319,3,27,5601.0
319,3,28,0.0
319,3,29,
319,3,30,7249.0
320,1,1,4646.0
320,1,2,
320,1,3,3784.0
320,1,4,486.0
320,1,5,3581.0
320,1,6,4073.0
320,1,7,2352.0
320,1,8,2960.0
320,1,9,2781.0
320,1,10,2463.0
320,1,11,2183.0
320,1,12,0.0
320,1,13,3561.0
320,1,14,3391.0
320,1,15,2753.0
320,1,16,0.0
320,1,17,2102.0
320,1,18,3085.0
320,1,19,4378.0
320,1,20,2749.0
320,1,21,4456.0
320,1,22,3790.0
320,1,23,
320,1,24,4107.0
320,1,25,2011.0
320,1,26,2676.0
320,1,27,0.0
320,1,28,3209.0
320,1,29,2761.0
320,1,30,4314.0
320,2,1,2506.0
320,2,2,4527.0
320,2,3,
320,2,4,
320,2,5,
320,2,6,0.0
320,2,7,3293.0
320,2,8,2032.0
320,2,9,4018.0
320,2,10,0.0
320,2,11,
320,2,12,3866.0
320,2,13,0.0
320,2,14,4498.0
320,2,15,3333.0
320,2,16,0.0
320,2,17,3049.0
320,2,18,1177.0
320,2,19,
320,2,20,0.0
320,2,21,0.0
320,2,22,605.0
320,2,23,3059.0
320,2,24,2223.0
320,2,25,2973.0
320,2,26,4290.0
320,2,27,1925.0
320,2,28,0.0
320,2,29,0.0
320,2,30,808.0
320,3,1,0.0
320,3,2,3203.0
320,3,3,3542.0
320,3,4,4152.0
320,3,5,0.0
320,3,6,1390.0
320,3,7,
320,3,8,2398.0
320,3,9,3161.0
320,3,10,3451.0
320,3,11,3569.0
320,3,12,0.0
320,3,13,
320,3,14,0.0
320,3,15,0.0
320,3,16,0.0
320,3,17,2456.0
320,3,18,2491.0
320,3,19,
320,3,20,
320,3,21,0.0
320,3,22,
320,3,23,2303.0
320,3,24,
320,3,25,0.0
320,3,26,4905.0
320,3,27,4965.0
320,3,28,0.0
320,3,29,2767.0
320,3,30,0.0
321,1,1,7823.0
321,1,2,6165.0
321,1,3,6810.0
321,1,4,5735.0
321,1,5,8734.0
321,1,6,8068.0
321,1,7,7182.0
321,1,8,0.0
321,1,9,9337.0
321,1,10,8549.0
321,1,11,5448.0
321,1,12,8796.0
321,1,13,7208.0
321,1,14,7428.0
321,1,15,6640.0
321,1,16,8538.0
321,1,17,6183.0
321,1,18,7674.0
321,1,19,9378.0
321,1,20,8592.0
321,1,21,8181.0
321,1,22,7322.0
321,1,23,8737.0
321,1,24,7126.0
321,1,25,8335.0
321,1,26,8849.0
321,1,27,7055.0
321,1,28,7874.0
321,1,29,7838.0
321,1,30,8440.0
321,2,1,6907.0
321,2,2,8064.0
321,2,3,7602.0
321,2,4,8920.0
321,2,5,8224.0
321,2,6,8297.0
321,2,7,0.0
321,2,8,7206.0
321,2,9,9308.0
321,2,10,8152.0
321,2,11,6485.0
321,2,12,7759.0
321,2,13,7901.0
321,2,14,8958.0
321,2,15,7789.0
321,2,16,10135.0
321,2,17,8479.0
321,2,18,6467.0
321,2,19,7512.0
321,2,20,7277.0
321,2,21,7906.0
321,2,22,9719.0
321,2,23,7027.0
321,2,24,6069.0
321,2,25,7585.0
321,2,26,7206.0
321,2,27,8265.0
321,2,28,5725.0
321,2,29,9083.0
321,2,30,8130.0
321,3,1,8143.0
321,3,2,7848.0
321,3,3,6320.0
321,3,4,7890.0
321,3,5,7306.0
321,3,6,
321,3,7,8466.0
321,3,8,6034.0
321,3,9,8029.0
321,3,10,7287.0
321,3,11,8689.0
321,3,12,7112.0
321,3,13,9124.0
321,3,14,8531.0
321,3,15,6630.0
321,3,16,9281.0
321,3,17,8019.0
321,3,18,7684.0
321,3,19,6980.0
321,3,20,7927.0
321,3,21,8717.0
321,3,22,8179.0
321,3,23,8236.0
321,3,24,7851.0
321,3,25,8927.0
321,3,26,8026.0
321,3,27,
321,3,28,7618.0
321,3,29,6456.0
321,3,30,
322,1,1,6999.0
322,1,2,6521.0
322,1,3,5873.0
322,1,4,6238.0
322,1,5,6116.0
322,1,6,7237.0
322,1,7,4282.0
322,1,8,5849.0
322,1,9,5305.0
322,1,10,0.0
322,1,11,5981.0
322,1,12,6343.0
322,1,13,0.0
322,1,14,6998.0
322,1,15,6891.0
322,1,16,5253.0
322,1,17,6611.0
322,1,18,7747.0
322,1,19,6229.0
322,1,20,6376.0
322,1,21,0.0
322,1,22,5931.0
322,1,23,7783.0
322,1,24,6460.0
322,1,25,4361.0
322,1,26,
322,1,27,5442.0
322,1,28,7051.0
322,1,29,7762.0
322,1,30,
322,2,1,8452.0
322,2,2,0.0
322,2,3,0.0
322,2,4,
322,2,5,5159.0
322,2,6,7224.0
322,2,7,0.0
322,2,8,0.0
322,2,9,0.0
322,2,10,6721.0
322,2,11,6744.0
322,2,12,7476.0
322,2,13,5206.0
322,2,14,7118.0
322,2,15,5143.0
322,2,16,7337.0
322,2,17,6362.0
322,2,18,0.0
322,2,19,5370.0
322,2,20,
322,2,21,6305.0
322,2,22,
322,2,23,0.0
322,2,24,4892.0
322,2,25,0.0
322,2,26,6510.0
322,2,27,6434.0
322,2,28,7755.0
322,2,29,6490.0
322,2,30,0.0
322,3,1,5729.0
322,3,2,6795.0
322,3,3,0.0
322,3,4,8760.0
322,3,5,5914.0
322,3,6,0.0
322,3,7,0.0
322,3,8,
322,3,9,
322,3,10,6153.0
322,3,11,
322,3,12,0.0
322,3,13,0.0
322,3,14,8106.0
322,3,15,
322,3,16,6728.0
322,3,17,
322,3,18,
322,3,19,6556.0
322,3,20,0.0
322,3,21,5833.0
322,3,22,0.0
322,3,23,0.0
322,3,24,7561.0
322,3,25,5987.0
322,3,26,0.0
322,3,27,0.0
322,3,28,8313.0
322,3,29,5343.0
322,3,30,5312.0
323,1,1,3975.0
323,1,2,1468.0
323,1,3,1736.0
323,1,4,0.0
323,1,5,2957.0
323,1,6,2306.0
323,1,7,
323,1,8,1749.0
323,1,9,3320.0
323,1,10,2782.0
323,1,11,3191.0
323,1,12,1424.0
323,1,13,3558.0
323,1,14,0.0
323,1,15,0.0
323,1,16,4383.0
323,1,17,2001.0
323,1,18,3926.0
323,1,19,2372.0
323,1,20,3501.0
323,1,21,3115.0
323,1,22,1199.0
323,1,23,3812.0
323,1,24,1396.0
323,1,25,0.0
323,1,26,2369.0
323,1,27,0.0
323,1,28,1975.0
323,1,29,2021.0
323,1,30,1967.0
323,2,1,0.0
323,2,2,3852.0
323,2,3,817.0
323,2,4,2622.0
323,2,5,2357.0
323,2,6,0.0
323,2,7,125.0
323,2,8,1601.0
323,2,9,2822.0
323,2,10,
323,2,11,2942.0
323,2,12,2030.0
323,2,13,0.0
323,2,14,
323,2,15,3053.0
323,2,16,3380.0
323,2,17,2809.0
323,2,18,2666.0
323,2,19,2215.0
323,2,20,1575.0
323,2,21,1210.0
323,2,22,2306.0
323,2,23,3300.0
323,2,24,2877.0
323,2,25,0.0
323,2,26,1059.0
323,2,27,4141.0
323,2,28,2652.0
323,2,29,3250.0
323,2,30,1821.0
323,3,1,1896.0
323,3,2,0.0
323,3,3,0.0
323,3,4,
323,3,5,2280.0
323,3,6,
323,3,7,0.0
323,3,8,1211.0
323,3,9,2005.0
323,3,10,3128.0
323,3,11,0.0
323,3,12,1667.0
323,3,13,
323,3,14,0.0
323,3,15,3144.0
323,3,16,3579.0
323,3,17,0.0
323,3,18,2212.0
323,3,19,1194.0
323,3,20,
323,3,21,
323,3,22,1337.0
323,3,23,975.0
323,3,24,0.0
323,3,25,0.0
323,3,26,0.0
323,3,27,
323,3,28,2194.0
323,3,29,0.0
323,3,30,2965.0
324,1,1,8773.0
324,1,2,8616.0
324,1,3,8956.0
324,1,4,
324,1,5,7997.0
324,1,6,8945.0
324,1,7,7892.0
324,1,8,9028.0
324,1,9,8833.0
324,1,10,10545.0
324,1,11,8593.0
324,1,12,10450.0
324,1,13,8869.0
324,1,14,7774.0
324,1,15,8535.0
324,1,16,9740.0
324,1,17,9540.0
324,1,18,9282.0
324,1,19,10753.0
324,1,20,9563.0
324,1,21,11331.0
324,1,22,8211.0
324,1,23,7579.0
324,1,24,9378.0
324,1,25,9668.0
324,1,26,7967.0
324,1,27,9545.0
324,1,28,9439.0
324,1,29,8358.0
324,1,30,9588.0
324,2,1,8707.0
324,2,2,8613.0
324,2,3,10662.0
324,2,4,8264.0
324,2,5,8517.0
324,2,6,8354.0
324,2,7,10244.0
324,2,8,8744.0
324,2,9,10345.0
324,2,10,9267.0
324,2,11,7831.0
324,2,12,8863.0
324,2,13,10026.0
324,2,14,8978.0
324,2,15,7172.0
324,2,16,8154.0
324,2,17,10250.0
324,2,18,8829.0
324,2,19,8479.0
324,2,20,9249.0
324,2,21,9975.0
324,2,22,9469.0
324,2,23,9258.0
324,2,24,11729.0
324,2,25,9745.0
324,2,26,7886.0
324,2,27,8225.0
324,2,28,10712.0
324,2,29,8838.0
324,2,30,0.0
324,3,1,7789.0
324,3,2,9617.0
324,3,3,0.0
324,3,4,0.0
324,3,5,
324,3,6,8358.0
324,3,7,8943.0
324,3,8,8961.0
324,3,9,8329.0
324,3,10,9440.0
324,3,11,10098.0
324,3,12,6462.0
324,3,13,9034.0
324,3,14,10239.0
324,3,15,7255.0
324,3,16,8779.0
324,3,17,8816.0
324,3,18,10179.0
324,3,19,7756.0
324,3,20,10662.0
324,3,21,9873.0
324,3,22,7338.0
324,3,23,11136.0
324,3,24,0.0
324,3,25,9575.0
324,3,26,9227.0
324,3,27,6488.0
324,3,28,8386.0
324,3,29,9223.0
324,3,30,10611.0
325,1,1,8606.0
325,1,2,8831.0
325,1,3,9695.0
325,1,4,7714.0
325,1,5,7210.0
325,1,6,7681.0
325,1,7,8128.0
325,1,8,8746.0
325,1,9,9482.0
325,1,10,8840.0
325,1,11,7535.0
325,1,12,8281.0
325,1,13,8354.0
325,1,14,8585.0
325,1,15,0.0
325,1,16,9143.0
325,1,17,8175.0
325,1,18,6435.0
325,1,19,7173.0
325,1,20,8423.0
325,1,21,9487.0
325,1,22,9248.0
325,1,23,6591.0
325,1,24,8986.0
325,1,25,8583.0
325,1,26,8138.0
325,1,27,6970.0
325,1,28,9118.0
325,1,29,7852.0
325,1,30,6955.0
325,2,1,8233.0
325,2,2,6809.0
325,2,3,0.0
325,2,4,8254.0
325,2,5,7008.0
325,2,6,7524.0
325,2,7,6693.0
325,2,8,7764.0
325,2,9,8315.0
325,2,10,7879.0
325,2,11,8410.0
325,2,12,9039.0
325,2,13,8652.0
325,2,14,7675.0
325,2,15,8279.0
325,2,16,8051.0
325,2,17,8489.0
325,2,18,9964.0
325,2,19,8244.0
325,2,20,8219.0
325,2,21,7170.0
325,2,22,8957.0
325,2,23,8648.0
325,2,24,8382.0
325,2,25,6952.0
325,2,26,7583.0
325,2,27,7117.0
325,2,28,7266.0
325,2,29,7375.0
325,2,30,7319.0
325,3,1,7568.0
325,3,2,10097.0
325,3,3,8452.0
325,3,4,8098.0
325,3,5,8813.0
325,3,6,6530.0
325,3,7,8256.0
325,3,8,8895.0
325,3,9,9967.0
325,3,10,8297.0
325,3,11,7781.0
325,3,12,7189.0
325,3,13,8305.0
325,3,14,7788.0
325,3,15,7915.0
325,3,16,8376.0
325,3,17,7688.0
325,3,18,6934.0
325,3,19,8567.0
325,3,20,7584.0
325,3,21,9048.0
325,3,22,0.0
325,3,23,7329.0
325,3,24,8816.0
325,3,25,8856.0
325,3,26,9696.0
325,3,27,9608.0
325,3,28,8272.0
325,3,29,9692.0
325,3,30,8727.0
326,1,1,5494.0
326,1,2,5620.0
326,1,3,5059.0
326,1,4,5091.0
326,1,5,
326,1,6,5350.0
326,1,7,6346.0
326,1,8,0.0
326,1,9,
326,1,10,0.0
326,1,11,5462.0
326,1,12,0.0
326,1,13,4290.0
326,1,14,3549.0
326,1,15,4667.0
326,1,16,6405.0
326,1,17,5231.0
326,1,18,6405.0
326,1,19,5620.0
326,1,20,4291.0
326,1,21,5415.0
326,1,22,0.0
326,1,23,4931.0
326,1,24,5898.0
326,1,25,3632.0
326,1,26,5151.0
326,1,27,4995.0
326,1,28,6397.0
326,1,29,5823.0
326,1,30,4908.0
326,2,1,7323.0
326,2,2,0.0
326,2,3,4758.0
326,2,4,5427.0
326,2,5,0.0
326,2,6,7248.0
326,2,7,6775.0
326,2,8,4396.0
326,2,9,
326,2,10,0.0
326,2,11,
326,2,12,3208.0
326,2,13,6139.0
326,2,14,
326,2,15,4751.0
326,2,16,4336.0
326,2,17,0.0
326,2,18,4229.0
326,2,19,6051.0
326,2,20,0.0
326,2,21,4892.0
326,2,22,0.0
326,2,23,5908.0
326,2,24,
326,2,25,4829.0
326,2,26,5400.0
326,2,27,
326,2,28,0.0
326,2,29,4569.0
326,2,30,6208.0
326,3,1,0.0
326,3,2,4133.0
326,3,3,0.0
326,3,4,4294.0
326,3,5,0.0
326,3,6,5198.0
326,3,7,
326,3,8,
326,3,9,0.0
326,3,10,4971.0
326,3,11,
326,3,12,6260.0
326,3,13,0.0
326,3,14,0.0
326,3,15,5020.0
326,3,16,0.0
326,3,17,0.0
326,3,18,
326,3,19,5730.0
326,3,20,5011.0
326,3,21,0.0
326,3,22,4311.0
326,3,23,5317.0
326,3,24,0.0
326,3,25,4328.0
326,3,26,6606.0
326,3,27,0.0
326,3,28,
326,3,29,5127.0
326,3,30,5395.0
327,1,1,5614.0
327,1,2,4788.0
327,1,3,5881.0
327,1,4,
327,1,5,5439.0
327,1,6,5006.0
327,1,7,6168.0
327,1,8,6162.0
327,1,9,0.0
327,1,10,5939.0
327,1,11,6485.0
327,1,12,5707.0
327,1,13,5308.0
327,1,14,4776.0
327,1,15,8445.0
327,1,16,5710.0
327,1,17,5508.0
327,1,18,5952.0
327,1,19,2562.0
327,1,20,3585.0
327,1,21,4973.0
327,1,22,5867.0
327,1,23,5173.0
327,1,24,5401.0
327,1,25,5396.0
327,1,26,6436.0
327,1,27,4978.0
327,1,28,5194.0
327,1,29,3642.0
327,1,30,3610.0
327,2,1,4556.0
327,2,2,3733.0
327,2,3,7081.0
327,2,4,
327,2,5,7505.0
327,2,6,6273.0
327,2,7,0.0
327,2,8,5680.0
327,2,9,3180.0
327,2,10,
327,2,11,5679.0
327,2,12,4306.0
327,2,13,0.0
327,2,14,4666.0
327,2,15,5195.0
327,2,16,5407.0
327,2,17,
327,2,18,4952.0
327,2,19,4173.0
327,2,20,0.0
327,2,21,4790.0
327,2,22,
327,2,23,
327,2,24,5405.0
327,2,25,5799.0
327,2,26,4630.0
327,2,27,4631.0
327,2,28,5569.0
327,2,29,5032.0
327,2,30,0.0
327,3,1,0.0
327,3,2,0.0
327,3,3,4891.0
327,3,4,5620.0
327,3,5,5479.0
327,3,6,4909.0
327,3,7,0.0
327,3,8,4922.0
327,3,9,5222.0
327,3,10,4565.0
327,3,11,3122.0
327,3,12,0.0
327,3,13,5121.0
327,3,14,0.0
327,3,15,4285.0
327,3,16,0.0
327,3,17,0.0
327,3,18,
327,3,19,5821.0
327,3,20,
327,3,21,0.0
327,3,22,0.0
327,3,23,5526.0
327,3,24,0.0
327,3,25,5763.0
327,3,26,0.0
327,3,27,4273.0
327,3,28,5129.0
327,3,29,6857.0
327,3,30,
328,1,1,1001.0
328,1,2,2213.0
328,1,3,813.0
328,1,4,
328,1,5,3154.0
328,1,6,1320.0
328,1,7,3297.0
328,1,8,1756.0
328,1,9,2066.0
328,1,10,3494.0
328,1,11,1408.0
328,1,12,1884.0
328,1,13,2484.0
328,1,14,1226.0
328,1,15,1272.0
328,1,16,2238.0
328,1,17,2297.0
328,1,18,0.0
328,1,19,2001.0
328,1,20,0.0
328,1,21,2048.0
328,1,22,1638.0
328,1,23,686.0
328,1,24,209.0
328,1,25,2476.0
328,1,26,3066.0
328,1,27,475.0
328,1,28,2638.0
328,1,29,687.0
328,1,30,1044.0
328,2,1,4768.0
328,2,2,2656.0
328,2,3,2206.0
328,2,4,2294.0
328,2,5,1235.0
328,2,6,3055.0
328,2,7,4571.0
328,2,8,2819.0
328,2,9,2162.0
328,2,10,2483.0
328,2,11,627.0
328,2,12,3100.0
328,2,13,1912.0
328,2,14,2453.0
328,2,15,1737.0
328,2,16,
328,2,17,1343.0
328,2,18,
328,2,19,2054.0
328,2,20,
328,2,21,3028.0
328,2,22,0.0
328,2,23,0.0
328,2,24,3452.0
328,2,25,1299.0
328,2,26,3126.0
328,2,27,2302.0
328,2,28,4033.0
328,2,29,0.0
328,2,30,3200.0
328,3,1,3007.0
328,3,2,1863.0
328,3,3,
328,3,4,1411.0
328,3,5,1448.0
328,3,6,0.0
328,3,7,2806.0
328,3,8,1739.0
328,3,9,1759.0
328,3,10,0.0
328,3,11,0.0
328,3,12,2022.0
328,3,13,1635.0
328,3,14,0.0
328,3,15,0.0
328,3,16,0.0
328,3,17,136.0
328,3,18,2693.0
328,3,19,64.0
328,3,20,
328,3,21,3270.0
328,3,22,0.0
328,3,23,0.0
328,3,24,0.0
328,3,25,0.0
328,3,26,1136.0
328,3,27,
328,3,28,0.0
328,3,29,2073.0
328,3,30,1918.0
329,1,1,8711.0
329,1,2,9210.0
329,1,3,7728.0
329,1,4,6432.0
329,1,5,7130.0
329,1,6,8506.0
329,1,7,6899.0
329,1,8,8371.0
329,1,9,8558.0
329,1,10,7273.0
329,1,11,8452.0
329,1,12,7895.0
329,1,13,8769.0
329,1,14,8996.0
329,1,15,7705.0
329,1,16,10289.0
329,1,17,6849.0
329,1,18,7394.0
329,1,19,
329,1,20,8394.0
329,1,21,0.0
329,1,22,7159.0
329,1,23,7589.0
329,1,24,8561.0
329,1,25,7532.0
329,1,26,8622.0
329,1,27,8207.0
329,1,28,8956.0
329,1,29,9055.0
329,1,30,8009.0
329,2,1,9642.0
329,2,2,7967.0
329,2,3,8124.0
329,2,4,7857.0
329,2,5,8813.0
329,2,6,8394.0
329,2,7,7781.0
329,2,8,8447.0
329,2,9,8866.0
329,2,10,8615.0
329,2,11,7734.0
329,2,12,8553.0
329,2,13,7502.0
329,2,14,8009.0
329,2,15,7569.0
329,2,16,8283.0
329,2,17,8918.0
329,2,18,10135.0
329,2,19,7271.0
329,2,20,9604.0
329,2,21,10283.0
329,2,22,9234.0
329,2,23,9750.0
329,2,24,5589.0
329,2,25,
329,2,26,7268.0
329,2,27,8720.0
329,2,28,6360.0
329,2,29,8877.0
329,2,30,6963.0
329,3,1,
329,3,2,8398.0
329,3,3,8027.0
329,3,4,9869.0
329,3,5,6986.0
329,3,6,7729.0
329,3,7,8930.0
329,3,8,7267.0
329,3,9,8815.0
329,3,10,10804.0
329,3,11,10202.0
329,3,12,9176.0
329,3,13,
329,3,14,7304.0
329,3,15,7952.0
329,3,16,9417.0
329,3,17,7719.0
329,3,18,7420.0
329,3,19,8964.0
329,3,20,9436.0
329,3,21,7894.0
329,3,22,10518.0
329,3,23,7581.0
329,3,24,8038.0
329,3,25,8193.0
329,3,26,8758.0
329,3,27,0.0
329,3,28,7216.0
329,3,29,6655.0
329,3,30,7395.0
330,1,1,6363.0
330,1,2,3671.0
330,1,3,0.0
330,1,4,5427.0
330,1,5,0.0
330,1,6,3682.0
330,1,7,3251.0
330,1,8,3454.0
330,1,9,4913.0
330,1,10,4528.0
330,1,11,2958.0
330,1,12,4958.0
330,1,13,5480.0
330,1,14,5548.0
330,1,15,2836.0
330,1,16,
330,1,17,4649.0
330,1,18,3737.0
330,1,19,5002.0
330,1,20,5178.0
330,1,21,4267.0
330,1,22,5236.0
330,1,23,3798.0
330,1,24,4052.0
330,1,25,5567.0
330,1,26,4539.0
330,1,27,4673.0
330,1,28,3097.0
330,1,29,5160.0
330,1,30,5159.0
330,2,1,0.0
330,2,2,0.0
330,2,3,5451.0
330,2,4,3707.0
330,2,5,0.0
330,2,6,3341.0
330,2,7,5242.0
330,2,8,5000.0
330,2,9,0.0
330,2,10,4661.0
330,2,11,4880.0
330,2,12,3416.0
330,2,13,3767.0
330,2,14,0.0
330,2,15,4879.0
330,2,16,4347.0
330,2,17,5078.0
330,2,18,0.0
330,2,19,
330,2,20,
330,2,21,4708.0
330,2,22,4107.0
330,2,23,6299.0
330,2,24,2953.0
330,2,25,4816.0
330,2,26,5704.0
330,2,27,0.0
330,2,28,4688.0
330,2,29,6643.0
330,2,30,
330,3,1,
330,3,2,
330,3,3,0.0
330,3,4,4731.0
330,3,5,3406.0
330,3,6,
330,3,7,
330,3,8,3539.0
330,3,9,0.0
330,3,10,4808.0
330,3,11,0.0
330,3,12,3836.0
330,3,13,2969.0
330,3,14,
330,3,15,0.0
330,3,16,4096.0
330,3,17,0.0
330,3,18,0.0
330,3,19,
330,3,20,0.0
330,3,21,4475.0
330,3,22,0.0
330,3,23,3771.0
330,3,24,0.0
330,3,25,4075.0
330,3,26,0.0
330,3,27,3763.0
330,3,28,4367.0
330,3,29,
330,3,30,3270.0
331,1,1,6719.0
331,1,2,5604.0
331,1,3,5520.0
331,1,4,0.0
331,1,5,4931.0
331,1,6,6118.0
331,1,7,0.0
331,1,8,5938.0
331,1,9,7063.0
331,1,10,0.0
331,1,11,6683.0
331,1,12,
331,1,13,
331,1,14,
331,1,15,5431.0
331,1,16,6053.0
331,1,17,7086.0
331,1,18,4752.0
331,1,19,5739.0
331,1,20,7508.0
331,1,21,0.0
331,1,22,5880.0
331,1,23,0.0
331,1,24,6247.0
331,1,25,6641.0
331,1,26,5454.0
331,1,27,8229.0
331,1,28,7311.0
331,1,29,6215.0
331,1,30,5815.0
331,2,1,5231.0
331,2,2,0.0
331,2,3,5975.0
331,2,4,6411.0
331,2,5,6683.0
331,2,6,6995.0
331,2,7,4445.0
331,2,8,5370.0
331,2,9,4754.0
331,2,10,
331,2,11,7789.0
331,2,12,0.0
331,2,13,6207.0
331,2,14,5508.0
331,2,15,4975.0
331,2,16,4522.0
331,2,17,7656.0
331,2,18,6500.0
331,2,19,
331,2,20,4595.0
331,2,21,5254.0
331,2,22,5818.0
331,2,23,0.0
331,2,24,6303.0
331,2,25,6920.0
331,2,26,0.0
331,2,27,5415.0
331,2,28,5418.0
331,2,29,6702.0
331,2,30,6696.0
331,3,1,0.0
331,3,2,6853.0
331,3,3,6384.0
331,3,4,0.0
331,3,5,6070.0
331,3,6,0.0
331,3,7,0.0
331,3,8,0.0
331,3,9,
331,3,10,6302.0
331,3,11,6619.0
331,3,12,6163.0
331,3,13,
331,3,14,6862.0
331,3,15,0.0
331,3,16,5193.0
331,3,17,0.0
331,3,18,5307.0
331,3,19,0.0
331,3,20,0.0
331,3,21,6233.0
331,3,22,5544.0
331,3,23,7407.0
331,3,24,
331,3,25,
331,3,26,0.0
331,3,27,3735.0
331,3,28,7027.0
331,3,29,6224.0
331,3,30,6153.0
332,1,1,4198.0
332,1,2,4444.0
332,1,3,1442.0
332,1,4,4777.0
332,1,5,
332,1,6,5645.0
332,1,7,0.0
332,1,8,4674.0
332,1,9,6030.0
332,1,10,4755.0
332,1,11,4501.0
332,1,12,4310.0
332,1,13,4328.0
332,1,14,5445.0
332,1,15,4028.0
332,1,16,3395.0
332,1,17,3816.0
332,1,18,
332,1,19,4406.0
332,1,20,5851.0
332,1,21,2793.0
332,1,22,5155.0
332,1,23,5514.0
332,1,24,4155.0
332,1,25,4488.0
332,1,26,3198.0
332,1,27,2673.0
332,1,28,5151.0
332,1,29,2942.0
332,1,30,3637.0
332,2,1,3373.0
332,2,2,4218.0
332,2,3,4697.0
332,2,4,4199.0
332,2,5,5114.0
332,2,6,3178.0
332,2,7,4799.0
332,2,8,2945.0
332,2,9,0.0
332,2,10,4485.0
332,2,11,
332,2,12,3164.0
332,2,13,4364.0
332,2,14,4098.0
332,2,15,6063.0
332,2,16,4524.0
332,2,17,4343.0
332,2,18,4397.0
332,2,19,4703.0
332,2,20,
332,2,21,0.0
332,2,22,4361.0
332,2,23,4488.0
332,2,24,0.0
332,2,25,4448.0
332,2,26,3299.0
332,2,27,5394.0
332,2,28,4495.0
332,2,29,4240.0
332,2,30,4830.0
332,3,1,
332,3,2,4208.0
332,3,3,0.0
332,3,4,5043.0
332,3,5,5335.0
332,3,6,3296.0
332,3,7,2871.0
332,3,8,
332,3,9,3029.0
332,3,10,5309.0
332,3,11,3752.0
332,3,12,0.0
332,3,13,5354.0
332,3,14,1623.0
332,3,15,4727.0
332,3,16,
332,3,17,
332,3,18,4939.0
332,3,19,3598.0
332,3,20,3414.0
332,3,21,3439.0
332,3,22,3694.0
332,3,23,3883.0
332,3,24,4813.0
332,3,25,4319.0
332,3,26,0.0
332,3,27,5506.0
332,3,28,
332,3,29,4237.0
332,3,30,6618.0
333,1,1,5268.0
333,1,2,4460.0
333,1,3,5173.0
333,1,4,4455.0
333,1,5,6148.0
333,1,6,6715.0
333,1,7,5955.0
333,1,8,5565.0
333,1,9,5248.0
333,1,10,7411.0
333,1,11,5717.0
333,1,12,
333,1,13,7240.0
333,1,14,6197.0
333,1,15,5681.0
333,1,16,5436.0
333,1,17,0.0
333,1,18,0.0
333,1,19,0.0
333,1,20,0.0
333,1,21,5955.0
333,1,22,0.0
333,1,23,5326.0
333,1,24,6426.0
333,1,25,6189.0
333,1,26,5692.0
333,1,27,3527.0
333,1,28,4521.0
333,1,29,3438.0
333,1,30,6097.0
333,2,1,
333,2,2,6570.0
333,2,3,6088.0
333,2,4,0.0
333,2,5,6238.0
333,2,6,7604.0
333,2,7,5991.0
333,2,8,6076.0
333,2,9,6889.0
333,2,10,4721.0
333,2,11,0.0
333,2,12,6588.0
333,2,13,7287.0
333,2,14,6278.0
333,2,15,0.0
333,2,16,5420.0
333,2,17,6709.0
333,2,18,8047.0
333,2,19,5926.0
333,2,20,5724.0
333,2,21,4760.0
333,2,22,6172.0
333,2,23,0.0
333,2,24,5565.0
333,2,25,
333,2,26,4945.0
333,2,27,7652.0
333,2,28,5627.0
333,2,29,
333,2,30,5084.0
333,3,1,0.0
333,3,2,5720.0
333,3,3,6492.0
333,3,4,
333,3,5,0.0
333,3,6,5945.0
333,3,7,7471.0
333,3,8,5958.0
333,3,9,
333,3,10,0.0
333,3,11,
333,3,12,5230.0
333,3,13,0.0
333,3,14,6255.0
333,3,15,6003.0
333,3,16,6181.0
333,3,17,0.0
333,3,18,7379.0
333,3,19,
333,3,20,7007.0
333,3,21,6828.0
333,3,22,0.0
333,3,23,0.0
333,3,24,0.0
333,3,25,6533.0
333,3,26,0.0
333,3,27,0.0
333,3,28,5304.0
333,3,29,6409.0
333,3,30,6627.0
334,1,1,9554.0
334,1,2,11234.0
334,1,3,9100.0
334,1,4,9168.0
334,1,5,9703.0
334,1,6,9583.0
334,1,7,9346.0
334,1,8,11221.0
334,1,9,8833.0
334,1,10,11145.0
334,1,11,9913.0
334,1,12,9124.0
334,1,13,
334,1,14,9419.0
334,1,15,11863.0
334,1,16,10199.0
334,1,17,9174.0
334,1,18,9594.0
334,1,19,9387.0
334,1,20,9419.0
334,1,21,10452.0
334,1,22,9045.0
334,1,23,8868.0
334,1,24,11009.0
334,1,25,10244.0
334,1,26,7891.0
334,1,27,10116.0
334,1,28,8896.0
334,1,29,8699.0
334,1,30,11167.0
334,2,1,9167.0
334,2,2,9684.0
334,2,3,9989.0
334,2,4,11210.0
334,2,5,8867.0
334,2,6,10295.0
334,2,7,10089.0
334,2,8,10361.0
334,2,9,10186.0
334,2,10,9706.0
334,2,11,0.0
334,2,12,9973.0
334,2,13,9111.0
334,2,14,9873.0
334,2,15,10498.0
334,2,16,12271.0
334,2,17,9559.0
334,2,18,9414.0
334,2,19,8011.0
334,2,20,10424.0
334,2,21,11098.0
334,2,22,9005.0
334,2,23,11935.0
334,2,24,8683.0
334,2,25,9833.0
334,2,26,9683.0
334,2,27,8566.0
334,2,28,10354.0
334,2,29,10321.0
334,2,30,8464.0
334,3,1,10508.0
334,3,2,10276.0
334,3,3,11347.0
334,3,4,10519.0
334,3,5,12391.0
334,3,6,0.0
334,3,7,7947.0
334,3,8,9868.0
334,3,9,8296.0
334,3,10,10540.0
334,3,11,7874.0
334,3,12,11180.0
334,3,13,8819.0
334,3,14,10074.0
334,3,15,8975.0
334,3,16,8837.0
334,3,17,9390.0
334,3,18,10485.0
334,3,19,9321.0
334,3,20,6684.0
334,3,21,9194.0
334,3,22,9564.0
334,3,23,9695.0
334,3,24,9941.0
334,3,25,11714.0
334,3,26,12024.0
334,3,27,9983.0
334,3,28,10530.0
334,3,29,8195.0
334,3,30,11150.0
335,1,1,3614.0
335,1,2,6165.0
335,1,3,4448.0
335,1,4,5753.0
335,1,5,0.0
335,1,6,7682.0
335,1,7,6080.0
335,1,8,0.0
335,1,9,5270.0
335,1,10,5634.0
335,1,11,5398.0
335,1,12,4668.0
335,1,13,6327.0
335,1,14,0.0
335,1,15,5324.0
335,1,16,6791.0
335,1,17,5529.0
335,1,18,5403.0
335,1,19,4416.0
335,1,20,3498.0
335,1,21,4431.0
335,1,22,6372.0
335,1,23,4891.0
335,1,24,5555.0
335,1,25,6185.0
335,1,26,
335,1,27,4743.0
335,1,28,7463.0
335,1,29,4098.0
335,1,30,3571.0
335,2,1,4083.0
335,2,2,6319.0
335,2,3,3780.0
335,2,4,4248.0
335,2,5,
335,2,6,6885.0
335,2,7,4630.0
335,2,8,
335,2,9,5878.0
335,2,10,0.0
335,2,11,5138.0
335,2,12,6475.0
335,2,13,4191.0
335,2,14,5583.0
335,2,15,4571.0
335,2,16,
335,2,17,
335,2,18,5931.0
335,2,19,6159.0
335,2,20,4705.0
335,2,21,0.0
335,2,22,6367.0
335,2,23,0.0
335,2,24,0.0
335,2,25,5259.0
335,2,26,
335,2,27,4072.0
335,2,28,4316.0
335,2,29,4887.0
335,2,30,4289.0
335,3,1,3713.0
335,3,2,0.0
335,3,3,5069.0
335,3,4,3799.0
335,3,5,0.0
335,3,6,0.0
335,3,7,0.0
335,3,8,0.0
335,3,9,0.0
335,3,10,5316.0
335,3,11,5000.0
335,3,12,0.0
335,3,13,3479.0
335,3,14,
335,3,15,0.0
335,3,16,
335,3,17,6192.0
335,3,18,4556.0
335,3,19,6196.0
335,3,20,0.0
335,3,21,
335,3,22,5133.0
335,3,23,5865.0
335,3,24,3785.0
335,3,25,0.0
335,3,26,5032.0
335,3,27,5467.0
335,3,28,4161.0
335,3,29,0.0
335,3,30,4949.0
336,1,1,7843.0
336,1,2,8709.0
336,1,3,7484.0
336,1,4,8171.0
336,1,5,5879.0
336,1,6,7649.0
336,1,7,6466.0
336,1,8,9662.0
336,1,9,0.0
336,1,10,8243.0
336,1,11,7043.0
336,1,12,7000.0
336,1,13,8120.0
336,1,14,9058.0
336,1,15,0.0
336,1,16,6768.0
336,1,17,8946.0
336,1,18,6494.0
336,1,19,7374.0
336,1,20,7456.0
336,1,21,8728.0
336,1,22,10182.0
336,1,23,7269.0
336,1,24,8436.0
336,1,25,8095.0
336,1,26,7806.0
336,1,27,6739.0
336,1,28,8784.0
336,1,29,6745.0
336,1,30,7077.0
336,2,1,0.0
336,2,2,
336,2,3,7593.0
336,2,4,8779.0
336,2,5,0.0
336,2,6,9072.0
336,2,7,7354.0
336,2,8,8435.0
336,2,9,9402.0
336,2,10,8431.0
336,2,11,7860.0
336,2,12,
336,2,13,5494.0
336,2,14,
336,2,15,7895.0
336,2,16,8063.0
336,2,17,6406.0
336,2,18,9300.0
336,2,19,6461.0
336,2,20,
336,2,21,
336,2,22,6137.0
336,2,23,6857.0
336,2,24,
336,2,25,0.0
336,2,26,9412.0
336,2,27,
336,2,28,6030.0
336,2,29,0.0
336,2,30,0.0
336,3,1,0.0
336,3,2,7148.0
336,3,3,
336,3,4,0.0
336,3,5,8518.0
336,3,6,
336,3,7,8773.0
336,3,8,8305.0
336,3,9,
336,3,10,7928.0
336,3,11,
336,3,12,
336,3,13,0.0
336,3,14,7029.0
336,3,15,8819.0
336,3,16,8507.0
336,3,17,8680.0
336,3,18,7377.0
336,3,19,7632.0
336,3,20,0.0
336,3,21,7858.0
336,3,22,0.0
336,3,23,8809.0
336,3,24,
336,3,25,0.0
336,3,26,8498.0
336,3,27,8806.0
336,3,28,
336,3,29,0.0
336,3,30,8529.0
337,1,1,10702.0
337,1,2,11953.0
337,1,3,9525.0
337,1,4,11351.0
337,1,5,10563.0
337,1,6,13119.0
337,1,7,9720.0
337,1,8,11959.0
337,1,9,12169.0
337,1,10,11437.0
337,1,11,10623.0
337,1,12,9340.0
337,1,13,10305.0
337,1,14,12028.0
337,1,15,12920.0
337,1,16,9075.0
337,1,17,9911.0
337,1,18,11703.0
337,1,19,9760.0
337,1,20,11315.0
337,1,21,8379.0
337,1,22,10839.0
337,1,23,10547.0
337,1,24,12600.0
337,1,25,9654.0
337,1,26,10879.0
337,1,27,11063.0
337,1,28,8767.0
337,1,29,9946.0
337,1,30,10067.0
337,2,1,10151.0
337,2,2,0.0
337,2,3,11498.0
337,2,4,11733.0
337,2,5,9076.0
337,2,6,11528.0
337,2,7,9664.0
337,2,8,11283.0
337,2,9,11026.0
337,2,10,9040.0
337,2,11,12407.0
337,2,12,10232.0
337,2,13,11029.0
337,2,14,13016.0
337,2,15,12732.0
337,2,16,12900.0
337,2,17,11224.0
337,2,18,11405.0
337,2,19,10187.0
337,2,20,10343.0
337,2,21,12009.0
337,2,22,12118.0
337,2,23,10151.0
337,2,24,10460.0
337,2,25,11672.0
337,2,26,9592.0
337,2,27,11531.0
337,2,28,10232.0
337,2,29,11696.0
337,2,30,12148.0
337,3,1,0.0
337,3,2,10803.0
337,3,3,0.0
337,3,4,11253.0
337,3,5,12308.0
337,3,6,8299.0
337,3,7,12593.0
337,3,8,10703.0
337,3,9,11295.0
337,3,10,10231.0
337,3,11,9810.0
337,3,12,10202.0
337,3,13,11024.0
337,3,14,10744.0
337,3,15,9736.0
337,3,16,0.0
337,3,17,8816.0
337,3,18,11689.0
337,3,19,10212.0
337,3,20,12055.0
337,3,21,11963.0
337,3,22,9492.0
337,3,23,11068.0
337,3,24,12218.0
337,3,25,10633.0
337,3,26,13204.0
337,3,27,12306.0
337,3,28,10036.0
337,3,29,9960.0
337,3,30,9923.0
338,1,1,9679.0
338,1,2,8826.0
338,1,3,10471.0
338,1,4,9651.0
338,1,5,11090.0
338,1,6,9590.0
338,1,7,10496.0
338,1,8,11183.0
338,1,9,9329.0
338,1,10,10826.0
338,1,11,8660.0
338,1,12,10328.0
338,1,13,9081.0
338,1,14,9468.0
338,1,15,9522.0
338,1,16,0.0
338,1,17,9506.0
338,1,18,8589.0
338,1,19,9460.0
338,1,20,9188.0
338,1,21,9941.0
338,1,22,8544.0
338,1,23,8458.0
338,1,24,9462.0
338,1,25,9882.0
338,1,26,9652.0
338,1,27,9356.0
338,1,28,10011.0
338,1,29,8806.0
338,1,30,8566.0
338,2,1,0.0
338,2,2,8410.0
338,2,3,7414.0
338,2,4,10576.0
338,2,5,10215.0
338,2,6,9723.0
338,2,7,10380.0
338,2,8,10140.0
338,2,9,9817.0
338,2,10,9745.0
338,2,11,0.0
338,2,12,9902.0
338,2,13,11668.0
338,2,14,8698.0
338,2,15,8943.0
338,2,16,9509.0
338,2,17,6929.0
338,2,18,10207.0
338,2,19,10198.0
338,2,20,8879.0
338,2,21,9857.0
338,2,22,10192.0
338,2,23,9711.0
338,2,24,8440.0
338,2,25,10911.0
338,2,26,9211.0
338,2,27,10365.0
338,2,28,10420.0
338,2,29,10105.0
338,2,30,
338,3,1,9858.0
338,3,2,0.0
338,3,3,9203.0
338,3,4,9206.0
338,3,5,11364.0
338,3,6,7682.0
338,3,7,9646.0
338,3,8,10021.0
338,3,9,9118.0
338,3,10,0.0
338,3,11,10333.0
338,3,12,0.0
338,3,13,10293.0
338,3,14,10794.0
338,3,15,7593.0
338,3,16,8655.0
338,3,17,9860.0
338,3,18,9756.0
338,3,19,8251.0
338,3,20,8629.0
338,3,21,10651.0
338,3,22,9048.0
338,3,23,10126.0
338,3,24,9551.0
338,3,25,10321.0
338,3,26,10702.0
338,3,27,9974.0
338,3,28,0.0
338,3,29,10397.0
338,3,30,9077.0
339,1,1,4284.0
339,1,2,2709.0
339,1,3,4349.0
339,1,4,
339,1,5,3388.0
339,1,6,2610.0
339,1,7,3237.0
339,1,8,4920.0
339,1,9,2054.0
339,1,10,4650.0
339,1,11,3034.0
339,1,12,3156.0
339,1,13,2028.0
339,1,14,2542.0
339,1,15,4036.0
339,1,16,3837.0
339,1,17,4658.0
339,1,18,2424.0
339,1,19,3820.0
339,1,20,3236.0
339,1,21,0.0
339,1,22,1372.0
339,1,23,5453.0
339,1,24,3451.0
339,1,25,2822.0
339,1,26,0.0
339,1,27,2960.0
339,1,28,2768.0
339,1,29,2352.0
339,1,30,4449.0
339,2,1,3249.0
339,2,2,0.0
339,2,3,3244.0
339,2,4,3822.0
339,2,5,0.0
339,2,6,3556.0
339,2,7,1379.0
339,2,8,0.0
339,2,9,0.0
339,2,10,3059.0
339,2,11,2837.0
339,2,12,2937.0
339,2,13,0.0
339,2,14,4134.0
339,2,15,2998.0
339,2,16,0.0
339,2,17,3764.0
339,2,18,4564.0
339,2,19,2804.0
339,2,20,4451.0
339,2,21,0.0
339,2,22,3238.0
339,2,23,2902.0
339,2,24,0.0
339,2,25,0.0
339,2,26,3107.0
339,2,27,0.0
339,2,28,0.0
339,2,29,4354.0
339,2,30,3894.0
339,3,1,0.0
339,3,2,
339,3,3,0.0
339,3,4,0.0
339,3,5,2790.0
339,3,6,3587.0
339,3,7,0.0
339,3,8,5282.0
339,3,9,0.0
339,3,10,
339,3,11,3410.0
339,3,12,0.0
339,3,13,
339,3,14,3996.0
339,3,15,3528.0
339,3,16,528.0
339,3,17,3862.0
339,3,18,3791.0
339,3,19,3400.0
339,3,20,
339,3,21,2757.0
339,3,22,3561.0
339,3,23,0.0
339,3,24,0.0
339,3,25,2647.0
339,3,26,
339,3,27,0.0
339,3,28,3547.0
339,3,29,0.0
339,3,30,3238.0
340,1,1,4385.0
340,1,2,2086.0
340,1,3,3122.0
340,1,4,
340,1,5,3483.0
340,1,6,2817.0
340,1,7,
340,1,8,2639.0
340,1,9,5601.0
340,1,10,2923.0
340,1,11,3579.0
340,1,12,5603.0
340,1,13,3521.0
340,1,14,0.0
340,1,15,2134.0
340,1,16,
340,1,17,5231.0
340,1,18,4985.0
340,1,19,5024.0
340,1,20,2825.0
340,1,21,6289.0
340,1,22,5150.0
340,1,23,3693.0
340,1,24,4902.0
340,1,25,3580.0
340,1,26,
340,1,27,3591.0
340,1,28,4669.0
340,1,29,3928.0
340,1,30,4726.0
340,2,1,3703.0
340,2,2,4805.0
340,2,3,3021.0
340,2,4,3846.0
340,2,5,3920.0
340,2,6,1686.0
340,2,7,5259.0
340,2,8,
340,2,9,3129.0
340,2,10,2771.0
340,2,11,
340,2,12,3614.0
340,2,13,0.0
340,2,14,3916.0
340,2,15,2394.0
340,2,16,
340,2,17,5214.0
340,2,18,4877.0
340,2,19,3297.0
340,2,20,4653.0
340,2,21,0.0
340,2,22,0.0
340,2,23,6429.0
340,2,24,4761.0
340,2,25,0.0
340,2,26,3218.0
340,2,27,4258.0
340,2,28,2551.0
340,2,29,0.0
340,2,30,
340,3,1,3911.0
340,3,2,0.0
340,3,3,0.0
340,3,4,4894.0
340,3,5,0.0
340,3,6,0.0
340,3,7,2417.0
340,3,8,0.0
340,3,9,2847.0
340,3,10,3699.0
340,3,11,0.0
340,3,12,0.0
340,3,13,0.0
340,3,14,0.0
340,3,15,0.0
340,3,16,3700.0
340,3,17,0.0
340,3,18,4998.0
340,3,19,
340,3,20,0.0
340,3,21,2932.0
340,3,22,0.0
340,3,23,4364.0
340,3,24,5884.0
340,3,25,0.0
340,3,26,
340,3,27,
340,3,28,4886.0
340,3,29,4865.0
340,3,30,5115.0
341,1,1,5661.0
341,1,2,4500.0
341,1,3,
341,1,4,5811.0
341,1,5,6386.0
341,1,6,4711.0
341,1,7,6742.0
341,1,8,5821.0
341,1,9,0.0
341,1,10,5060.0
341,1,11,0.0
341,1,12,0.0
341,1,13,4805.0
341,1,14,3950.0
341,1,15,6797.0
341,1,16,7051.0
341,1,17,3595.0
341,1,18,2660.0
341,1,19,4969.0
341,1,20,4485.0
341,1,21,3097.0
341,1,22,4377.0
341,1,23,0.0
341,1,24,4170.0
341,1,25,6632.0
341,1,26,5292.0
341,1,27,5668.0
341,1,28,4636.0
341,1,29,3793.0
341,1,30,5014.0
341,2,1,3907.0
341,2,2,4676.0
341,2,3,5061.0
341,2,4,4949.0
341,2,5,3678.0
341,2,6,6020.0
341,2,7,5010.0
341,2,8,0.0
341,2,9,6215.0
341,2,10,0.0
341,2,11,6100.0
341,2,12,5889.0
341,2,13,
341,2,14,3873.0
341,2,15,5754.0
341,2,16,4223.0
341,2,17,4437.0
341,2,18,
341,2,19,0.0
341,2,20,5582.0
341,2,21,4935.0
341,2,22,4932.0
341,2,23,3832.0
341,2,24,5135.0
341,2,25,4113.0
341,2,26,0.0
341,2,27,3413.0
341,2,28,6189.0
341,2,29,0.0
341,2,30,4333.0
341,3,1,4307.0
341,3,2,6033.0
341,3,3,3814.0
341,3,4,5137.0
341,3,5,3339.0
341,3,6,
341,3,7,3009.0
341,3,8,4720.0
341,3,9,5014.0
341,3,10,5510.0
341,3,11,0.0
341,3,12,5518.0
341,3,13,3992.0
341,3,14,3277.0
341,3,15,0.0
341,3,16,2528.0
341,3,17,
341,3,18,0.0
341,3,19,0.0
341,3,20,6283.0
341,3,21,
341,3,22,6089.0
341,3,23,5339.0
341,3,24,0.0
341,3,25,0.0
341,3,26,
341,3,27,4490.0
341,3,28,
341,3,29,5758.0
341,3,30,5308.0
342,1,1,0.0
342,1,2,8434.0
342,1,3,11037.0
342,1,4,10435.0
342,1,5,8527.0
342,1,6,8385.0
342,1,7,10634.0
342,1,8,11210.0
342,1,9,9621.0
342,1,10,10940.0
342,1,11,9181.0
342,1,12,10796.0
342,1,13,10069.0
342,1,14,8972.0
342,1,15,10850.0
342,1,16,11625.0
342,1,17,10841.0
342,1,18,10582.0
342,1,19,9957.0
342,1,20,9263.0
342,1,21,8683.0
342,1,22,10318.0
342,1,23,10341.0
342,1,24,11829.0
342,1,25,11112.0
342,1,26,11133.0
342,1,27,10337.0
342,1,28,10478.0
342,1,29,12233.0
342,1,30,10934.0
342,2,1,9012.0
342,2,2,9578.0
342,2,3,11278.0
342,2,4,10051.0
342,2,5,10045.0
342,2,6,9157.0
342,2,7,9639.0
342,2,8,9589.0
342,2,9,10817.0
342,2,10,9910.0
342,2,11,0.0
342,2,12,9564.0
342,2,13,10326.0
342,2,14,8776.0
342,2,15,9618.0
342,2,16,10946.0
342,2,17,11991.0
342,2,18,9120.0
342,2,19,10087.0
342,2,20,9489.0
342,2,21,9789.0
342,2,22,11770.0
342,2,23,10170.0
342,2,24,11865.0
342,2,25,10239.0
342,2,26,10164.0
342,2,27,9710.0
342,2,28,10287.0
342,2,29,10924.0
342,2,30,8474.0
342,3,1,11345.0
342,3,2,8273.0
342,3,3,9798.0
342,3,4,9038.0
342,3,5,9780.0
342,3,6,10414.0
342,3,7,11257.0
342,3,8,11184.0
342,3,9,8990.0
342,3,10,10417.0
342,3,11,11493.0
342,3,12,10500.0
342,3,13,10937.0
342,3,14,9772.0
342,3,15,10065.0
342,3,16,7842.0
342,3,17,9812.0
342,3,18,9765.0
342,3,19,9189.0
342,3,20,8522.0
342,3,21,10980.0
342,3,22,11725.0
342,3,23,10284.0
342,3,24,9757.0
342,3,25,9763.0
342,3,26,12059.0
342,3,27,10435.0
342,3,28,10073.0
342,3,29,12360.0
342,3,30,11087.0
343,1,1,
343,1,2,5705.0
343,1,3,6347.0
343,1,4,8228.0
343,1,5,6279.0
343,1,6,0.0
343,1,7,7371.0
343,1,8,0.0
343,1,9,4577.0
343,1,10,6277.0
343,1,11,
343,1,12,5652.0
343,1,13,6573.0
343,1,14,5279.0
343,1,15,7306.0
343,1,16,6415.0
343,1,17,7074.0
343,1,18,5823.0
343,1,19,6594.0
343,1,20,7114.0
343,1,21,7038.0
343,1,22,6385.0
343,1,23,6556.0
343,1,24,6770.0
343,1,25,0.0
343,1,26,6990.0
343,1,27,5916.0
343,1,28,5508.0
343,1,29,5447.0
343,1,30,6758.0
343,2,1,0.0
343,2,2,6388.0
343,2,3,6301.0
343,2,4,0.0
343,2,5,8198.0
343,2,6,6576.0
343,2,7,0.0
343,2,8,0.0
343,2,9,7533.0
343,2,10,5754.0
343,2,11,
343,2,12,7146.0
343,2,13,5702.0
343,2,14,4405.0
343,2,15,0.0
343,2,16,6041.0
343,2,17,9198.0
343,2,18,
343,2,19,0.0
343,2,20,5654.0
343,2,21,7013.0
343,2,22,0.0
343,2,23,7077.0
343,2,24,5433.0
343,2,25,7053.0
343,2,26,4886.0
343,2,27,0.0
343,2,28,6058.0
343,2,29,7743.0
343,2,30,0.0
343,3,1,5867.0
343,3,2,6138.0
343,3,3,0.0
343,3,4,7264.0
343,3,5,7653.0
343,3,6,0.0
343,3,7,7256.0
343,3,8,0.0
343,3,9,
343,3,10,0.0
343,3,11,8383.0
343,3,12,6598.0
343,3,13,0.0
343,3,14,7038.0
343,3,15,4656.0
343,3,16,6165.0
343,3,17,6726.0
343,3,18,7159.0
343,3,19,0.0
343,3,20,7778.0
343,3,21,6144.0
343,3,22,6892.0
343,3,23,4333.0
343,3,24,6973.0
343,3,25,7616.0
343,3,26,
343,3,27,0.0
343,3,28,4961.0
343,3,29,5475.0
343,3,30,6550.0
344,1,1,3086.0
344,1,2,4735.0
344,1,3,1599.0
344,1,4,4270.0
344,1,5,1725.0
344,1,6,2517.0
344,1,7,476.0
344,1,8,1959.0
344,1,9,1571.0
344,1,10,1968.0
344,1,11,2326.0
344,1,12,2395.0
344,1,13,
344,1,14,2118.0
344,1,15,2790.0
344,1,16,4730.0
344,1,17,3383.0
344,1,18,3591.0
344,1,19,3457.0
344,1,20,651.0
344,1,21,4717.0
344,1,22,2480.0
344,1,23,3517.0
344,1,24,2861.0
344,1,25,1597.0
344,1,26,0.0
344,1,27,2159.0
344,1,28,1257.0
344,1,29,2804.0
344,1,30,2434.0
344,2,1,2192.0
344,2,2,2825.0
344,2,3,2131.0
344,2,4,1375.0
344,2,5,
344,2,6,1913.0
344,2,7,2840.0
344,2,8,4235.0
344,2,9,1877.0
344,2,10,4011.0
344,2,11,2230.0
344,2,12,
344,2,13,3397.0
344,2,14,2669.0
344,2,15,0.0
344,2,16,3733.0
344,2,17,2147.0
344,2,18,3921.0
344,2,19,2673.0
344,2,20,1598.0
344,2,21,2062.0
344,2,22,0.0
344,2,23,
344,2,24,1647.0
344,2,25,0.0
344,2,26,0.0
344,2,27,2746.0
344,2,28,3533.0
344,2,29,0.0
344,2,30,0.0
344,3,1,2196.0
344,3,2,0.0
344,3,3,0.0
344,3,4,1620.0
344,3,5,3237.0
344,3,6,0.0
344,3,7,4277.0
344,3,8,0.0
344,3,9,3830.0
344,3,10,3599.0
344,3,11,3384.0
344,3,12,0.0
344,3,13,0.0
344,3,14,2441.0
344,3,15,1712.0
344,3,16,0.0
344,3,17,0.0
344,3,18,0.0
344,3,19,4015.0
344,3,20,3598.0
344,3,21,
344,3,22,3699.0
344,3,23,3075.0
344,3,24,2700.0
344,3,25,0.0
344,3,26,
344,3,27,3620.0
344,3,28,2944.0
344,3,29,3356.0
344,3,30,1675.0
345,1,1,5982.0
345,1,2,0.0
345,1,3,6448.0
345,1,4,6032.0
345,1,5,4741.0
345,1,6,0.0
345,1,7,3641.0
345,1,8,
345,1,9,5606.0
345,1,10,1858.0
345,1,11,5290.0
345,1,12,4042.0
345,1,13,0.0
345,1,14,5830.0
345,1,15,3706.0
345,1,16,6827.0
345,1,17,
345,1,18,4774.0
345,1,19,0.0
345,1,20,4309.0
345,1,21,5102.0
345,1,22,5468.0
345,1,23,4798.0
345,1,24,5764.0
345,1,25,
345,1,26,6640.0
345,1,27,2621.0
345,1,28,5424.0
345,1,29,6098.0
345,1,30,5815.0
345,2,1,6070.0
345,2,2,4770.0
345,2,3,6913.0
345,2,4,0.0
345,2,5,6190.0
345,2,6,5299.0
345,2,7,6044.0
345,2,8,
345,2,9,4830.0
345,2,10,4290.0
345,2,11,4744.0
345,2,12,5515.0
345,2,13,0.0
345,2,14,
345,2,15,5408.0
345,2,16,5582.0
345,2,17,6999.0
345,2,18,
345,2,19,5052.0
345,2,20,5058.0
345,2,21,5503.0
345,2,22,4980.0
345,2,23,6232.0
345,2,24,5521.0
345,2,25,4871.0
345,2,26,5612.0
345,2,27,6513.0
345,2,28,6434.0
345,2,29,5805.0
345,2,30,6899.0
345,3,1,0.0
345,3,2,0.0
345,3,3,5354.0
345,3,4,6993.0
345,3,5,4854.0
345,3,6,5858.0
345,3,7,4981.0
345,3,8,
345,3,9,4278.0
345,3,10,0.0
345,3,11,0.0
345,3,12,0.0
345,3,13,0.0
345,3,14,4337.0
345,3,15,5581.0
345,3,16,0.0
345,3,17,5622.0
345,3,18,0.0
345,3,19,4560.0
345,3,20,0.0
345,3,21,
345,3,22,3156.0
345,3,23,0.0
345,3,24,6909.0
345,3,25,0.0
345,3,26,0.0
345,3,27,
345,3,28,4465.0
345,3,29,5128.0
345,3,30,5776.0
346,1,1,3523.0
346,1,2,2730.0
346,1,3,0.0
346,1,4,3471.0
346,1,5,3772.0
346,1,6,2861.0
346,1,7,560.0
346,1,8,1683.0
346,1,9,3087.0
346,1,10,2407.0
346,1,11,0.0
346,1,12,0.0
346,1,13,3102.0
346,1,14,2001.0
346,1,15,3562.0
346,1,16,2287.0
346,1,17,1795.0
346,1,18,2593.0
346,1,19,2772.0
346,1,20,2226.0
346,1,21,2832.0
346,1,22,2040.0
346,1,23,2476.0
346,1,24,1657.0
346,1,25,1571.0
346,1,26,2146.0
346,1,27,427.0
346,1,28,1970.0
346,1,29,1411.0
346,1,30,3563.0
346,2,1,0.0
346,2,2,3003.0
346,2,3,2494.0
346,2,4,5182.0
346,2,5,3861.0
346,2,6,3056.0
346,2,7,4246.0
346,2,8,3208.0
346,2,9,
346,2,10,0.0
346,2,11,2959.0
346,2,12,1834.0
346,2,13,2100.0
346,2,14,3252.0
346,2,15,2674.0
346,2,16,2299.0
346,2,17,0.0
346,2,18,1879.0
346,2,19,2644.0
346,2,20,0.0
346,2,21,2275.0
346,2,22,0.0
346,2,23,
346,2,24,3711.0
346,2,25,1678.0
346,2,26,0.0
346,2,27,2873.0
346,2,28,0.0
346,2,29,0.0
346,2,30,0.0
346,3,1,2113.0
346,3,2,1477.0
346,3,3,0.0
346,3,4,0.0
346,3,5,0.0
346,3,6,
346,3,7,1712.0
346,3,8,
346,3,9,3318.0
346,3,10,0.0
346,3,11,
346,3,12,0.0
346,3,13,0.0
346,3,14,3618.0
346,3,15,2565.0
346,3,16,2972.0
346,3,17,0.0
346,3,18,2702.0
346,3,19,0.0
346,3,20,2576.0
346,3,21,1743.0
346,3,22,3321.0
346,3,23,0.0
346,3,24,0.0
346,3,25,3265.0
346,3,26,2318.0
346,3,27,0.0
346,3,28,2709.0
346,3,29,0.0
346,3,30,3760.0
347,1,1,10155.0
347,1,2,10332.0
347,1,3,8626.0
347,1,4,10660.0
347,1,5,10707.0
347,1,6,9991.0
347,1,7,10509.0
347,1,8,9847.0
347,1,9,10199.0
347,1,10,10282.0
347,1,11,10085.0
347,1,12,10354.0
347,1,13,9691.0
347,1,14,10777.0
347,1,15,9527.0
347,1,16,9179.0
347,1,17,8551.0
347,1,18,10260.0
347,1,19,10695.0
347,1,20,11452.0
347,1,21,9935.0
347,1,22,11051.0
347,1,23,11876.0
347,1,24,10579.0
347,1,25,9569.0
347,1,26,9870.0
347,1,27,12385.0
347,1,28,10864.0
347,1,29,9388.0
347,1,30,9348.0
347,2,1,10248.0
347,2,2,9084.0
347,2,3,9106.0
347,2,4,10890.0
347,2,5,
347,2,6,9560.0
347,2,7,9044.0
347,2,8,10222.0
347,2,9,8769.0
347,2,10,11254.0
347,2,11,12163.0
347,2,12,10878.0
347,2,13,11447.0
347,2,14,11379.0
347,2,15,10867.0
347,2,16,11075.0
347,2,17,10506.0
347,2,18,10943.0
347,2,19,10842.0
347,2,20,11627.0
347,2,21,10414.0
347,2,22,12169.0
347,2,23,10373.0
347,2,24,10102.0
347,2,25,11487.0
347,2,26,10439.0
347,2,27,9952.0
347,2,28,9666.0
347,2,29,10381.0
347,2,30,10014.0
347,3,1,11495.0
347,3,2,0.0
347,3,3,11124.0
347,3,4,8807.0
347,3,5,10605.0
347,3,6,10708.0
347,3,7,11223.0
347,3,8,11658.0
347,3,9,10043.0
347,3,10,10770.0
347,3,11,11896.0
347,3,12,10136.0
347,3,13,9621.0
347,3,14,13419.0
347,3,15,10688.0
347,3,16,10824.0
347,3,17,10438.0
347,3,18,10806.0
347,3,19,10182.0
347,3,20,11001.0
347,3,21,9570.0
347,3,22,10183.0
347,3,23,9918.0
347,3,24,10090.0
347,3,25,10635.0
347,3,26,9970.0
347,3,27,9870.0
347,3,28,12011.0
347,3,29,12274.0
347,3,30,11274.0
348,1,1,11234.0
348,1,2,12068.0
348,1,3,12828.0
348,1,4,11372.0
348,1,5,11297.0
348,1,6,10518.0
348,1,7,9136.0
348,1,8,11739.0
348,1,9,12122.0
348,1,10,11515.0
348,1,11,11316.0
348,1,12,9722.0
348,1,13,10359.0
348,1,14,12269.0
348,1,15,12379.0
348,1,16,9309.0
348,1,17,13193.0
348,1,18,10435.0
348,1,19,12081.0
348,1,20,10708.0
348,1,21,10181.0
348,1,22,11366.0
348,1,23,9903.0
348,1,24,9797.0
348,1,25,10494.0
348,1,26,10934.0
348,1,27,10211.0
348,1,28,10478.0
348,1,29,10684.0
348,1,30,12027.0
348,2,1,11295.0
348,2,2,10496.0
348,2,3,11170.0
348,2,4,10686.0
348,2,5,9247.0
348,2,6,10670.0
348,2,7,10813.0
348,2,8,12940.0
348,2,9,10210.0
348,2,10,11629.0
348,2,11,11080.0
348,2,12,11856.0
348,2,13,11503.0
348,2,14,11413.0
348,2,15,11583.0
348,2,16,11096.0
348,2,17,12108.0
348,2,18,10591.0
348,2,19,11247.0
348,2,20,10194.0
348,2,21,11964.0
348,2,22,11858.0
348,2,23,12811.0
348,2,24,12132.0
348,2,25,11743.0
348,2,26,11951.0
348,2,27,9585.0
348,2,28,12208.0
348,2,29,12180.0
348,2,30,12505.0
348,3,1,9813.0
348,3,2,11625.0
348,3,3,11243.0
348,3,4,11028.0
348,3,5,11034.0
348,3,6,11246.0
348,3,7,11772.0
348,3,8,10964.0
348,3,9,11106.0
348,3,10,13003.0
348,3,11,10640.0
348,3,12,10044.0
348,3,13,9659.0
348,3,14,11869.0
348,3,15,10540.0
348,3,16,10606.0
348,3,17,13184.0
348,3,18,11859.0
348,3,19,11905.0
348,3,20,11212.0
348,3,21,11396.0
348,3,22,10792.0
348,3,23,11557.0
348,3,24,11167.0
348,3,25,12036.0
348,3,26,13449.0
348,3,27,12374.0
348,3,28,10850.0
348,3,29,13024.0
348,3,30,10991.0
349,1,1,2682.0
349,1,2,2195.0
349,1,3,0.0
349,1,4,1207.0
349,1,5,
349,1,6,3460.0
349,1,7,2685.0
349,1,8,3791.0
349,1,9,2268.0
349,1,10,1676.0
349,1,11,3807.0
349,1,12,3554.0
349,1,13,3197.0
349,1,14,2624.0
349,1,15,2439.0
349,1,16,3554.0
349,1,17,4483.0
349,1,18,0.0
349,1,19,3781.0
349,1,20,1255.0
349,1,21,2511.0
349,1,22,2570.0
349,1,23,3555.0
349,1,24,
349,1,25,577.0
349,1,26,4482.0
349,1,27,1849.0
349,1,28,1987.0
349,1,29,2313.0
349,1,30,0.0
349,2,1,1604.0
349,2,2,
349,2,3,3623.0
349,2,4,1065.0
349,2,5,1787.0
349,2,6,0.0
349,2,7,3529.0
349,2,8,3656.0
349,2,9,2505.0
349,2,10,0.0
349,2,11,2867.0
349,2,12,3433.0
349,2,13,0.0
349,2,14,2638.0
349,2,15,
349,2,16,
349,2,17,
349,2,18,2440.0
349,2,19,0.0
349,2,20,
349,2,21,0.0
349,2,22,4913.0
349,2,23,1638.0
349,2,24,3033.0
349,2,25,2003.0
349,2,26,3113.0
349,2,27,3211.0
349,2,28,3937.0
349,2,29,0.0
349,2,30,1940.0
349,3,1,0.0
349,3,2,0.0
349,3,3,
349,3,4,2223.0
349,3,5,3921.0
349,3,6,3612.0
349,3,7,2784.0
349,3,8,0.0
349,3,9,4049.0
349,3,10,
349,3,11,0.0
349,3,12,5104.0
349,3,13,2141.0
349,3,14,
349,3,15,0.0
349,3,16,2853.0
349,3,17,0.0
349,3,18,1044.0
349,3,19,2911.0
349,3,20,1573.0
349,3,21,1134.0
349,3,22,0.0
349,3,23,2296.0
349,3,24,1255.0
349,3,25,
349,3,26,2861.0
349,3,27,3553.0
349,3,28,3883.0
349,3,29,0.0
349,3,30,0.0
350,1,1,4064.0
350,1,2,4141.0
350,1,3,3732.0
350,1,4,4096.0
350,1,5,0.0
350,1,6,2370.0
350,1,7,2951.0
350,1,8,
350,1,9,3894.0
350,1,10,0.0
350,1,11,5113.0
350,1,12,4345.0
350,1,13,3592.0
350,1,14,3199.0
350,1,15,3088.0
350,1,16,2392.0
350,1,17,4014.0
350,1,18,4619.0
350,1,19,2348.0
350,1,20,4775.0
350,1,21,4684.0
350,1,22,6571.0
350,1,23,
350,1,24,0.0
350,1,25,3297.0
350,1,26,1684.0
350,1,27,4085.0
350,1,28,3203.0
350,1,29,4505.0
350,1,30,3881.0
350,2,1,0.0
350,2,2,4021.0
350,2,3,3665.0
350,2,4,3756.0
350,2,5,3055.0
350,2,6,3646.0
350,2,7,0.0
350,2,8,3771.0
350,2,9,3437.0
350,2,10,4137.0
350,2,11,5392.0
350,2,12,2008.0
350,2,13,0.0
350,2,14,4741.0
350,2,15,
350,2,16,5151.0
350,2,17,0.0
350,2,18,3610.0
350,2,19,4389.0
350,2,20,4564.0
350,2,21,4168.0
350,2,22,4760.0
350,2,23,
350,2,24,0.0
350,2,25,
350,2,26,0.0
350,2,27,5990.0
350,2,28,
350,2,29,4626.0
350,2,30,3839.0
350,3,1,3061.0
350,3,2,
350,3,3,0.0
350,3,4,
350,3,5,3725.0
350,3,6,3015.0
350,3,7,4504.0
350,3,8,0.0
350,3,9,4835.0
350,3,10,2380.0
350,3,11,4096.0
350,3,12,0.0
350,3,13,3781.0
350,3,14,0.0
350,3,15,0.0
350,3,16,3701.0
350,3,17,0.0
350,3,18,3869.0
350,3,19,2184.0
350,3,20,4493.0
350,3,21,2954.0
350,3,22,2368.0
350,3,23,2561.0
350,3,24,
350,3,25,
350,3,26,4303.0
350,3,27,3899.0
350,3,28,5510.0
350,3,29,
350,3,30,3286.0
351,1,1,5736.0
351,1,2,3408.0
351,1,3,4759.0
351,1,4,5486.0
351,1,5,3538.0
351,1,6,4511.0
351,1,7,4888.0
351,1,8,5191.0
351,1,9,4304.0
351,1,10,4907.0
351,1,11,2662.0
351,1,12,5138.0
351,1,13,5035.0
351,1,14,3497.0
351,1,15,4299.0
351,1,16,3680.0
351,1,17,2033.0
351,1,18,2947.0
351,1,19,3067.0
351,1,20,4413.0
351,1,21,3701.0
351,1,22,3683.0
351,1,23,5045.0
351,1,24,4166.0
351,1,25,6803.0
351,1,26,5240.0
351,1,27,3349.0
351,1,28,4364.0
351,1,29,0.0
351,1,30,4388.0
351,2,1,0.0
351,2,2,3553.0
351,2,3,
351,2,4,5167.0
351,2,5,4836.0
351,2,6,3643.0
351,2,7,3563.0
351,2,8,5857.0
351,2,9,
351,2,10,
351,2,11,3752.0
351,2,12,4115.0
351,2,13,4781.0
351,2,14,3706.0
351,2,15,5146.0
351,2,16,4477.0
351,2,17,4950.0
351,2,18,4596.0
351,2,19,3604.0
351,2,20,5338.0
351,2,21,4088.0
351,2,22,
351,2,23,4778.0
351,2,24,5116.0
351,2,25,4862.0
351,2,26,3332.0
351,2,27,
351,2,28,4067.0
351,2,29,0.0
351,2,30,3275.0
351,3,1,3732.0
351,3,2,
351,3,3,0.0
351,3,4,5829.0
351,3,5,2731.0
351,3,6,
351,3,7,4813.0
351,3,8,
351,3,9,
351,3,10,0.0
351,3,11,6916.0
351,3,12,3865.0
351,3,13,4603.0
351,3,14,0.0
351,3,15,5887.0
351,3,16,6672.0
351,3,17,0.0
351,3,18,5547.0
351,3,19,4940.0
351,3,20,0.0
351,3,21,6041.0
351,3,22,0.0
351,3,23,
351,3,24,4683.0
351,3,25,3903.0
351,3,26,
351,3,27,0.0
351,3,28,4622.0
351,3,29,5609.0
351,3,30,
352,1,1,8749.0
352,1,2,12189.0
352,1,3,12088.0
352,1,4,10270.0
352,1,5,11788.0
352,1,6,10275.0
352,1,7,11623.0
352,1,8,11944.0
352,1,9,11504.0
352,1,10,12545.0
352,1,11,11276.0
352,1,12,10249.0
352,1,13,11298.0
352,1,14,10347.0
352,1,15,11380.0
352,1,16,7677.0
352,1,17,10542.0
352,1,18,11306.0
352,1,19,10520.0
352,1,20,10937.0
352,1,21,10391.0
352,1,22,11240.0
352,1,23,11005.0
352,1,24,10246.0
352,1,25,9770.0
352,1,26,10095.0
352,1,27,10658.0
352,1,28,9175.0
352,1,29,11749.0
352,1,30,12701.0
352,2,1,12560.0
352,2,2,10810.0
352,2,3,12259.0
352,2,4,11516.0
352,2,5,10134.0
352,2,6,9310.0
352,2,7,10147.0
352,2,8,10549.0
352,2,9,11146.0
352,2,10,0.0
352,2,11,10013.0
352,2,12,13306.0
352,2,13,11931.0
352,2,14,10470.0
352,2,15,10993.0
352,2,16,10174.0
352,2,17,12571.0
352,2,18,9334.0
352,2,19,
352,2,20,13468.0
352,2,21,11426.0
352,2,22,0.0
352,2,23,10594.0
352,2,24,11841.0
352,2,25,9953.0
352,2,26,11825.0
352,2,27,11352.0
352,2,28,0.0
352,2,29,11168.0
352,2,30,11200.0
352,3,1,11455.0
352,3,2,10228.0
352,3,3,11186.0
352,3,4,11595.0
352,3,5,10086.0
352,3,6,0.0
352,3,7,11161.0
352,3,8,11776.0
352,3,9,12407.0
352,3,10,10419.0
352,3,11,12358.0
352,3,12,11050.0
352,3,13,0.0
352,3,14,11064.0
352,3,15,9994.0
352,3,16,13824.0
352,3,17,11463.0
352,3,18,11398.0
352,3,19,11486.0
352,3,20,10058.0
352,3,21,13770.0
352,3,22,10530.0
352,3,23,10533.0
352,3,24,11508.0
352,3,25,10488.0
352,3,26,10956.0
352,3,27,11278.0
352,3,28,11239.0
352,3,29,10835.0
352,3,30,10099.0
353,1,1,7785.0
353,1,2,5607.0
353,1,3,7631.0
353,1,4,5754.0
353,1,5,6982.0
353,1,6,6799.0
353,1,7,
353,1,8,6994.0
353,1,9,6649.0
353,1,10,6562.0
353,1,11,6600.0
353,1,12,6747.0
353,1,13,6695.0
353,1,14,0.0
353,1,15,6028.0
353,1,16,6801.0
353,1,17,5322.0
353,1,18,4723.0
353,1,19,5952.0
353,1,20,6116.0
353,1,21,6525.0
353,1,22,6525.0
353,1,23,6791.0
353,1,24,6513.0
353,1,25,5722.0
353,1,26,7169.0
353,1,27,
353,1,28,6314.0
353,1,29,6829.0
353,1,30,5902.0
353,2,1,5641.0
353,2,2,5801.0
353,2,3,
353,2,4,0.0
353,2,5,0.0
353,2,6,0.0
353,2,7,0.0
353,2,8,6999.0
353,2,9,8530.0
353,2,10,6359.0
353,2,11,4728.0
353,2,12,6587.0
353,2,13,6281.0
353,2,14,7233.0
353,2,15,3800.0
353,2,16,6243.0
353,2,17,6253.0
353,2,18,7020.0
353,2,19,0.0
353,2,20,6274.0
353,2,21,0.0
353,2,22,0.0
353,2,23,6631.0
353,2,24,0.0
353,2,25,7054.0
353,2,26,6163.0
353,2,27,5808.0
353,2,28,6188.0
353,2,29,5745.0
353,2,30,7232.0
353,3,1,0.0
353,3,2,
353,3,3,7336.0
353,3,4,
353,3,5,6999.0
353,3,6,0.0
353,3,7,7000.0
353,3,8,
353,3,9,8319.0
353,3,10,7344.0
353,3,11,0.0
353,3,12,0.0
353,3,13,7386.0
353,3,14,6957.0
353,3,15,0.0
353,3,16,5166.0
353,3,17,
353,3,18,6119.0
353,3,19,6463.0
353,3,20,5321.0
353,3,21,0.0
353,3,22,7343.0
353,3,23,5320.0
353,3,24,
353,3,25,
353,3,26,6700.0
353,3,27,0.0
353,3,28,0.0
353,3,29,
353,3,30,7030.0
354,1,1,5473.0
354,1,2,8480.0
354,1,3,0.0
354,1,4,6264.0
354,1,5,5981.0
354,1,6,8059.0
354,1,7,
354,1,8,0.0
354,1,9,5376.0
354,1,10,5848.0
354,1,11,5232.0
354,1,12,3365.0
354,1,13,5438.0
354,1,14,6627.0
354,1,15,7267.0
354,1,16,6131.0
354,1,17,6890.0
354,1,18,5144.0
354,1,19,6691.0
354,1,20,0.0
354,1,21,5588.0
354,1,22,6216.0
354,1,23,0.0
354,1,24,5381.0
354,1,25,4315.0
354,1,26,6032.0
354,1,27,0.0
354,1,28,5381.0
354,1,29,6138.0
354,1,30,
354,2,1,0.0
354,2,2,5630.0
354,2,3,0.0
354,2,4,
354,2,5,
354,2,6,7524.0
354,2,7,0.0
354,2,8,6293.0
354,2,9,6021.0
354,2,10,4273.0
354,2,11,6809.0
354,2,12,6045.0
354,2,13,4875.0
354,2,14,0.0
354,2,15,6460.0
354,2,16,6544.0
354,2,17,4533.0
354,2,18,7284.0
354,2,19,0.0
354,2,20,
354,2,21,7558.0
354,2,22,5556.0
354,2,23,0.0
354,2,24,6591.0
354,2,25,5240.0
354,2,26,6783.0
354,2,27,7641.0
354,2,28,7166.0
354,2,29,5180.0
354,2,30,4372.0
354,3,1,0.0
354,3,2,5153.0
354,3,3,
354,3,4,5451.0
354,3,5,0.0
354,3,6,0.0
354,3,7,0.0
354,3,8,3550.0
354,3,9,
354,3,10,7139.0
354,3,11,0.0
354,3,12,
354,3,13,
354,3,14,0.0
354,3,15,0.0
354,3,16,4327.0
354,3,17,5134.0
354,3,18,5759.0
354,3,19,5471.0
354,3,20,8751.0
354,3,21,5619.0
354,3,22,6034.0
354,3,23,0.0
354,3,24,3557.0
354,3,25,0.0
354,3,26,0.0
354,3,27,0.0
354,3,28,5203.0
354,3,29,7797.0
354,3,30,7075.0
355,1,1,3296.0
355,1,2,1545.0
355,1,3,
355,1,4,0.0
355,1,5,2627.0
355,1,6,430.0
355,1,7,975.0
355,1,8,4088.0
355,1,9,0.0
355,1,10,1150.0
355,1,11,0.0
355,1,12,2016.0
355,1,13,1127.0
355,1,14,799.0
355,1,15,833.0
355,1,16,593.0
355,1,17,3021.0
355,1,18,1310.0
355,1,19,1564.0
355,1,20,3915.0
355,1,21,0.0
355,1,22,999.0
355,1,23,2433.0
355,1,24,1160.0
355,1,25,695.0
355,1,26,3073.0
355,1,27,1675.0
355,1,28,1977.0
355,1,29,1393.0
355,1,30,1673.0
355,2,1,
355,2,2,1421.0
355,2,3,0.0
355,2,4,1387.0
355,2,5,2005.0
355,2,6,2499.0
355,2,7,2092.0
355,2,8,3047.0
355,2,9,
355,2,10,971.0
355,2,11,0.0
355,2,12,2470.0
355,2,13,420.0
355,2,14,2283.0
355,2,15,1471.0
355,2,16,2520.0
355,2,17,4201.0
355,2,18,1622.0
355,2,19,0.0
355,2,20,2154.0
355,2,21,940.0
355,2,22,1289.0
355,2,23,
355,2,24,2241.0
355,2,25,
355,2,26,0.0
355,2,27,2577.0
355,2,28,2078.0
355,2,29,1271.0
355,2,30,256.0
355,3,1,
355,3,2,
355,3,3,
355,3,4,1456.0
355,3,5,2874.0
355,3,6,1430.0
355,3,7,
355,3,8,
355,3,9,0.0
355,3,10,0.0
355,3,11,0.0
355,3,12,0.0
355,3,13,3965.0
355,3,14,0.0
355,3,15,3849.0
355,3,16,0.0
355,3,17,0.0
355,3,18,595.0
355,3,19,
355,3,20,1927.0
355,3,21,0.0
355,3,22,2559.0
355,3,23,2165.0
355,3,24,0.0
355,3,25,2348.0
355,3,26,0.0
355,3,27,0.0
355,3,28,3602.0
355,3,29,3655.0
355,3,30,
356,1,1,10112.0
356,1,2,11340.0
356,1,3,9289.0
356,1,4,12457.0
356,1,5,10057.0
356,1,6,11469.0
356,1,7,11822.0
356,1,8,10795.0
356,1,9,10895.0
356,1,10,10596.0
356,1,11,11723.0
356,1,12,10041.0
356,1,13,11283.0
356,1,14,10702.0
356,1,15,12135.0
356,1,16,12032.0
356,1,17,10100.0
356,1,18,11706.0
356,1,19,11091.0
356,1,20,10638.0
356,1,21,11631.0
356,1,22,11405.0
356,1,23,10188.0
356,1,24,9516.0
356,1,25,9705.0
356,1,26,9950.0
356,1,27,10417.0
356,1,28,8048.0
356,1,29,10970.0
356,1,30,10709.0
356,2,1,9200.0
356,2,2,10268.0
356,2,3,12530.0
356,2,4,10190.0
356,2,5,9112.0
356,2,6,11393.0
356,2,7,8436.0
356,2,8,11155.0
356,2,9,0.0
356,2,10,11091.0
356,2,11,9368.0
356,2,12,11678.0
356,2,13,9506.0
356,2,14,10608.0
356,2,15,8802.0
356,2,16,0.0
356,2,17,10266.0
356,2,18,11084.0
356,2,19,10876.0
356,2,20,9743.0
356,2,21,12166.0
356,2,22,12144.0
356,2,23,11061.0
356,2,24,
356,2,25,9749.0
356,2,26,8704.0
356,2,27,9349.0
356,2,28,0.0
356,2,29,9765.0
356,2,30,9687.0
356,3,1,8721.0
356,3,2,11930.0
356,3,3,10541.0
356,3,4,10337.0
356,3,5,9621.0
356,3,6,0.0
356,3,7,
356,3,8,9857.0
356,3,9,11044.0
356,3,10,10976.0
356,3,11,10703.0
356,3,12,10833.0
356,3,13,8481.0
356,3,14,10045.0
356,3,15,9740.0
356,3,16,11116.0
356,3,17,10723.0
356,3,18,8563.0
356,3,19,9654.0
356,3,20,7835.0
356,3,21,12402.0
356,3,22,9722.0
356,3,23,11200.0
356,3,24,10382.0
356,3,25,9290.0
356,3,26,10028.0
356,3,27,0.0
356,3,28,0.0
356,3,29,11171.0
356,3,30,10166.0
357,1,1,10221.0
357,1,2,11215.0
357,1,3,11658.0
357,1,4,10526.0
357,1,5,11157.0
357,1,6,10524.0
357,1,7,11481.0
357,1,8,10352.0
357,1,9,10913.0
357,1,10,8125.0
357,1,11,11269.0
357,1,12,11196.0
357,1,13,11422.0
357,1,14,
357,1,15,9754.0
357,1,16,10908.0
357,1,17,11950.0
357,1,18,10630.0
357,1,19,11165.0
357,1,20,11811.0
357,1,21,11512.0
357,1,22,9868.0
357,1,23,11324.0
357,1,24,10501.0
357,1,25,12420.0
357,1,26,11419.0
357,1,27,10839.0
357,1,28,0.0
357,1,29,12156.0
357,1,30,12325.0
357,2,1,11075.0
357,2,2,8947.0
357,2,3,0.0
357,2,4,0.0
357,2,5,11990.0
357,2,6,9431.0
357,2,7,11555.0
357,2,8,11820.0
357,2,9,
357,2,10,
357,2,11,12336.0
357,2,12,11795.0
357,2,13,11311.0
357,2,14,11188.0
357,2,15,11078.0
357,2,16,9324.0
357,2,17,0.0
357,2,18,10441.0
357,2,19,11113.0
357,2,20,11527.0
357,2,21,9343.0
357,2,22,12665.0
357,2,23,11083.0
357,2,24,10081.0
357,2,25,11719.0
357,2,26,12090.0
357,2,27,11090.0
357,2,28,9580.0
357,2,29,9779.0
357,2,30,
357,3,1,11964.0
357,3,2,11670.0
357,3,3,11719.0
357,3,4,
357,3,5,10430.0
357,3,6,11569.0
357,3,7,10454.0
357,3,8,10446.0
357,3,9,12284.0
357,3,10,0.0
357,3,11,11765.0
357,3,12,9555.0
357,3,13,10709.0
357,3,14,11841.0
357,3,15,9661.0
357,3,16,12473.0
357,3,17,12419.0
357,3,18,11199.0
357,3,19,11932.0
357,3,20,10752.0
357,3,21,10238.0
357,3,22,12645.0
357,3,23,12288.0
357,3,24,11936.0
357,3,25,
357,3,26,12129.0
357,3,27,10062.0
357,3,28,12166.0
357,3,29,11959.0
357,3,30,0.0
358,1,1,4376.0
358,1,2,4201.0
358,1,3,
358,1,4,1867.0
358,1,5,6352.0
358,1,6,6676.0
358,1,7,2320.0
358,1,8,5432.0
358,1,9,0.0
358,1,10,4128.0
358,1,11,2879.0
358,1,12,2926.0
358,1,13,3622.0
358,1,14,
358,1,15,4793.0
358,1,16,4705.0
358,1,17,4005.0
358,1,18,4494.0
358,1,19,0.0
358,1,20,5648.0
358,1,21,4363.0
358,1,22,3789.0
358,1,23,4268.0
358,1,24,5397.0
358,1,25,5775.0
358,1,26,3939.0
358,1,27,6311.0
358,1,28,5316.0
358,1,29,3576.0
358,1,30,4679.0
358,2,1,3558.0
358,2,2,4723.0
358,2,3,4587.0
358,2,4,0.0
358,2,5,2302.0
358,2,6,3676.0
358,2,7,5773.0
358,2,8,4278.0
358,2,9,4480.0
358,2,10,0.0
358,2,11,0.0
358,2,12,0.0
358,2,13,0.0
358,2,14,3972.0
358,2,15,3512.0
358,2,16,
358,2,17,3379.0
358,2,18,4492.0
358,2,19,4038.0
358,2,20,0.0
358,2,21,0.0
358,2,22,4105.0
358,2,23,4318.0
358,2,24,3186.0
358,2,25,4784.0
358,2,26,4672.0
358,2,27,4629.0
358,2,28,
358,2,29,0.0
358,2,30,
358,3,1,4366.0
358,3,2,4795.0
358,3,3,4471.0
358,3,4,4702.0
358,3,5,0.0
358,3,6,2844.0
358,3,7,0.0
358,3,8,3118.0
358,3,9,2504.0
358,3,10,4511.0
358,3,11,6508.0
358,3,12,5828.0
358,3,13,4235.0
358,3,14,5031.0
358,3,15,3607.0
358,3,16,4502.0
358,3,17,4388.0
358,3,18,0.0
358,3,19,1370.0
358,3,20,4537.0
358,3,21,
358,3,22,0.0
358,3,23,5787.0
358,3,24,4370.0
358,3,25,4207.0
358,3,26,4958.0
358,3,27,5283.0
358,3,28,
358,3,29,4676.0
358,3,30,
359,1,1,8374.0
359,1,2,8463.0
359,1,3,0.0
359,1,4,
359,1,5,8667.0
359,1,6,7099.0
359,1,7,7162.0
359,1,8,6602.0
359,1,9,6506.0
359,1,10,6576.0
359,1,11,6635.0
359,1,12,7237.0
359,1,13,7184.0
359,1,14,7249.0
359,1,15,7954.0
359,1,16,8151.0
359,1,17,5849.0
359,1,18,0.0
359,1,19,8043.0
359,1,20,0.0
359,1,21,9062.0
359,1,22,0.0
359,1,23,
359,1,24,0.0
359,1,25,
359,1,26,9599.0
359,1,27,6578.0
359,1,28,6647.0
359,1,29,0.0
359,1,30,6502.0
359,2,1,7142.0
359,2,2,6290.0
359,2,3,0.0
359,2,4,0.0
359,2,5,0.0
359,2,6,6987.0
359,2,7,0.0
359,2,8,7370.0
359,2,9,7416.0
359,2,10,0.0
359,2,11,6117.0
359,2,12,8470.0
359,2,13,
359,2,14,7045.0
359,2,15,7825.0
359,2,16,8782.0
359,2,17,6705.0
359,2,18,0.0
359,2,19,0.0
359,2,20,6683.0
359,2,21,9647.0
359,2,22,6842.0
359,2,23,0.0
359,2,24,7235.0
359,2,25,8471.0
359,2,26,9857.0
359,2,27,0.0
359,2,28,0.0
359,2,29,6375.0
359,2,30,8929.0
359,3,1,0.0
359,3,2,6354.0
359,3,3,0.0
359,3,4,7127.0
359,3,5,7891.0
359,3,6,8143.0
359,3,7,0.0
359,3,8,6543.0
359,3,9,6758.0
359,3,10,0.0
359,3,11,6097.0
359,3,12,7190.0
359,3,13,4949.0
359,3,14,7725.0
359,3,15,0.0
359,3,16,
359,3,17,7159.0
359,3,18,0.0
359,3,19,7670.0
359,3,20,8557.0
359,3,21,0.0
359,3,22,0.0
359,3,23,0.0
359,3,24,0.0
359,3,25,0.0
359,3,26,0.0
359,3,27,
359,3,28,7101.0
359,3,29,5412.0
359,3,30,0.0
360,1,1,3302.0
360,1,2,0.0
360,1,3,0.0
360,1,4,4946.0
360,1,5,4931.0
360,1,6,5112.0
360,1,7,0.0
360,1,8,3169.0
360,1,9,4692.0
360,1,10,2894.0
360,1,11,3464.0
360,1,12,2447.0
360,1,13,5373.0
360,1,14,3174.0
360,1,15,2664.0
360,1,16,3401.0
360,1,17,6096.0
360,1,18,3726.0
360,1,19,3618.0
360,1,20,5122.0
360,1,21,
360,1,22,4209.0
360,1,23,3948.0
360,1,24,
360,1,25,5851.0
360,1,26,3423.0
360,1,27,3611.0
360,1,28,5546.0
360,1,29,5353.0
360,1,30,4388.0
360,2,1,4278.0
360,2,2,0.0
360,2,3,4192.0
360,2,4,3425.0
360,2,5,4032.0
360,2,6,0.0
360,2,7,
360,2,8,4242.0
360,2,9,0.0
360,2,10,
360,2,11,0.0
360,2,12,2541.0
360,2,13,4158.0
360,2,14,3919.0
360,2,15,2224.0
360,2,16,5627.0
360,2,17,1956.0
360,2,18,5447.0
360,2,19,
360,2,20,4403.0
360,2,21,3889.0
360,2,22,0.0
360,2,23,4452.0
360,2,24,3826.0
360,2,25,0.0
360,2,26,0.0
360,2,27,0.0
360,2,28,
360,2,29,2716.0
360,2,30,0.0
360,3,1,1956.0
360,3,2,4432.0
360,3,3,4181.0
360,3,4,0.0
360,3,5,3105.0
360,3,6,3658.0
360,3,7,1946.0
360,3,8,0.0
360,3,9,
360,3,10,3834.0
360,3,11,6205.0
360,3,12,0.0
360,3,13,4415.0
360,3,14,5845.0
360,3,15,4971.0
360,3,16,4997.0
360,3,17,0.0
360,3,18,4512.0
360,3,19,5648.0
360,3,20,3651.0
360,3,21,3284.0
360,3,22,0.0
360,3,23,3657.0
360,3,24,3053.0
360,3,25,0.0
360,3,26,0.0
360,3,27,0.0
360,3,28,3330.0
360,3,29,3691.0
360,3,30,0.0
361,1,1,3144.0
361,1,2,0.0
361,1,3,3772.0
361,1,4,5226.0
361,1,5,0.0
361,1,6,4148.0
361,1,7,3235.0
361,1,8,3226.0
361,1,9,2387.0
361,1,10,4393.0
361,1,11,0.0
361,1,12,3065.0
361,1,13,3584.0
361,1,14,3972.0
361,1,15,0.0
361,1,16,3453.0
361,1,17,
361,1,18,2986.0
361,1,19,2932.0
361,1,20,3610.0
361,1,21,5935.0
361,1,22,3049.0
361,1,23,3011.0
361,1,24,5634.0
361,1,25,3725.0
361,1,26,4724.0
361,1,27,3937.0
361,1,28,
361,1,29,
361,1,30,4364.0
361,2,1,0.0
361,2,2,4135.0
361,2,3,0.0
361,2,4,0.0
361,2,5,1743.0
361,2,6,3222.0
361,2,7,0.0
361,2,8,2944.0
361,2,9,4367.0
361,2,10,3659.0
361,2,11,2669.0
361,2,12,3985.0
361,2,13,0.0
361,2,14,2477.0
361,2,15,
361,2,16,3740.0
361,2,17,3101.0
361,2,18,4662.0
361,2,19,3052.0
361,2,20,
361,2,21,4509.0
361,2,22,4686.0
361,2,23,
361,2,24,4461.0
361,2,25,5576.0
361,2,26,0.0
361,2,27,1502.0
361,2,28,0.0
361,2,29,4109.0
361,2,30,0.0
361,3,1,0.0
361,3,2,
361,3,3,
361,3,4,0.0
361,3,5,0.0
361,3,6,0.0
361,3,7,
361,3,8,2870.0
361,3,9,
361,3,10,6100.0
361,3,11,
361,3,12,0.0
361,3,13,5296.0
361,3,14,5809.0
361,3,15,0.0
361,3,16,1739.0
361,3,17,4687.0
361,3,18,3130.0
361,3,19,3633.0
361,3,20,4816.0
361,3,21,5100.0
361,3,22,
361,3,23,3353.0
361,3,24,
361,3,25,0.0
361,3,26,2616.0
361,3,27,2823.0
361,3,28,0.0
361,3,29,2989.0
361,3,30,3762.0
362,1,1,3888.0
362,1,2,3554.0
362,1,3,3472.0
362,1,4,4742.0
362,1,5,4417.0
362,1,6,1144.0
362,1,7,2308.0
362,1,8,3407.0
362,1,9,4434.0
362,1,10,3512.0
362,1,11,2911.0
362,1,12,4515.0
362,1,13,5900.0
362,1,14,3582.0
362,1,15,0.0
362,1,16,4030.0
362,1,17,4187.0
362,1,18,0.0
362,1,19,4650.0
362,1,20,3599.0
362,1,21,0.0
362,1,22,5696.0
362,1,23,3439.0
362,1,24,4458.0
362,1,25,0.0
362,1,26,4836.0
362,1,27,4013.0
362,1,28,3547.0
362,1,29,3322.0
362,1,30,
362,2,1,5555.0
362,2,2,0.0
362,2,3,3949.0
362,2,4,0.0
362,2,5,4506.0
362,2,6,4725.0
362,2,7,0.0
362,2,8,0.0
362,2,9,5732.0
362,2,10,0.0
362,2,11,3126.0
362,2,12,5050.0
362,2,13,3348.0
362,2,14,0.0
362,2,15,0.0
362,2,16,0.0
362,2,17,0.0
362,2,18,4886.0
362,2,19,3660.0
362,2,20,0.0
362,2,21,5584.0
362,2,22,2517.0
362,2,23,4465.0
362,2,24,3936.0
362,2,25,4562.0
362,2,26,4163.0
362,2,27,4322.0
362,2,28,2270.0
362,2,29,3455.0
362,2,30,0.0
362,3,1,0.0
362,3,2,5055.0
362,3,3,
362,3,4,0.0
362,3,5,0.0
362,3,6,2769.0
362,3,7,0.0
362,3,8,0.0
362,3,9,4266.0
362,3,10,
362,3,11,4651.0
362,3,12,0.0
362,3,13,4561.0
362,3,14,5864.0
362,3,15,0.0
362,3,16,0.0
362,3,17,0.0
362,3,18,6110.0
362,3,19,4027.0
362,3,20,3426.0
362,3,21,
362,3,22,3712.0
362,3,23,2845.0
362,3,24,0.0
362,3,25,0.0
362,3,26,5122.0
362,3,27,2752.0
362,3,28,0.0
362,3,29,
362,3,30,5325.0
363,1,1,5560.0
363,1,2,6560.0
363,1,3,5086.0
363,1,4,3890.0
363,1,5,5029.0
363,1,6,6586.0
363,1,7,0.0
363,1,8,4549.0
363,1,9,0.0
363,1,10,5100.0
363,1,11,5245.0
363,1,12,6396.0
363,1,13,6863.0
363,1,14,4751.0
363,1,15,5361.0
363,1,16,5362.0
363,1,17,4906.0
363,1,18,4820.0
363,1,19,3707.0
363,1,20,4799.0
363,1,21,0.0
363,1,22,7034.0
363,1,23,5857.0
363,1,24,5066.0
363,1,25,0.0
363,1,26,5862.0
363,1,27,5214.0
363,1,28,5656.0
363,1,29,0.0
363,1,30,5424.0
363,2,1,0.0
363,2,2,4394.0
363,2,3,5836.0
363,2,4,5825.0
363,2,5,4308.0
363,2,6,4586.0
363,2,7,0.0
363,2,8,0.0
363,2,9,6611.0
363,2,10,6598.0
363,2,11,3616.0
363,2,12,4767.0
363,2,13,0.0
363,2,14,
363,2,15,0.0
363,2,16,6060.0
363,2,17,6728.0
363,2,18,0.0
363,2,19,4006.0
363,2,20,0.0
363,2,21,5087.0
363,2,22,0.0
363,2,23,3935.0
363,2,24,4604.0
363,2,25,7520.0
363,2,26,6529.0
363,2,27,4490.0
363,2,28,3806.0
363,2,29,5657.0
363,2,30,4790.0
363,3,1,0.0
363,3,2,5348.0
363,3,3,6670.0
363,3,4,3933.0
363,3,5,5101.0
363,3,6,3517.0
363,3,7,7352.0
363,3,8,5424.0
363,3,9,0.0
363,3,10,4796.0
363,3,11,
363,3,12,5278.0
363,3,13,
363,3,14,
363,3,15,6465.0
363,3,16,
363,3,17,
363,3,18,0.0
363,3,19,0.0
363,3,20,0.0
363,3,21,4378.0
363,3,22,4579.0
363,3,23,0.0
363,3,24,
363,3,25,3927.0
363,3,26,5703.0
363,3,27,5337.0
363,3,28,
363,3,29,5890.0
363,3,30,
364,1,1,5778.0
364,1,2,3641.0
364,1,3,3976.0
364,1,4,5055.0
364,1,5,3236.0
364,1,6,4931.0
364,1,7,
364,1,8,3647.0
364,1,9,5033.0
364,1,10,5510.0
364,1,11,3755.0
364,1,12,6386.0
364,1,13,5069.0
364,1,14,5012.0
364,1,15,4682.0
364,1,16,4553.0
364,1,17,5960.0
364,1,18,0.0
364,1,19,0.0
364,1,20,0.0
364,1,21,6918.0
364,1,22,5027.0
364,1,23,6042.0
364,1,24,2296.0
364,1,25,5045.0
364,1,26,3844.0
364,1,27,5249.0
364,1,28,6535.0
364,1,29,5130.0
364,1,30,3967.0
364,2,1,3998.0
364,2,2,4394.0
364,2,3,5856.0
364,2,4,0.0
364,2,5,4394.0
364,2,6,
364,2,7,2637.0
364,2,8,5702.0
364,2,9,4792.0
364,2,10,4817.0
364,2,11,3309.0
364,2,12,4644.0
364,2,13,5365.0
364,2,14,5019.0
364,2,15,6289.0
364,2,16,2502.0
364,2,17,5565.0
364,2,18,0.0
364,2,19,5813.0
364,2,20,6466.0
364,2,21,0.0
364,2,22,5965.0
364,2,23,4464.0
364,2,24,5516.0
364,2,25,3616.0
364,2,26,6893.0
364,2,27,0.0
364,2,28,4956.0
364,2,29,4411.0
364,2,30,4172.0
364,3,1,6286.0
364,3,2,5780.0
364,3,3,5370.0
364,3,4,5419.0
364,3,5,5369.0
364,3,6,5344.0
364,3,7,5606.0
364,3,8,0.0
364,3,9,4766.0
364,3,10,5404.0
364,3,11,0.0
364,3,12,0.0
364,3,13,0.0
364,3,14,
364,3,15,4168.0
364,3,16,4847.0
364,3,17,5268.0
364,3,18,5767.0
364,3,19,4535.0
364,3,20,0.0
364,3,21,0.0
364,3,22,4482.0
364,3,23,4979.0
364,3,24,5224.0
364,3,25,6138.0
364,3,26,5426.0
364,3,27,3911.0
364,3,28,
364,3,29,
364,3,30,5947.0
365,1,1,2508.0
365,1,2,1363.0
365,1,3,2953.0
365,1,4,0.0
365,1,5,2003.0
365,1,6,2045.0
365,1,7,2021.0
365,1,8,1745.0
365,1,9,2462.0
365,1,10,1156.0
365,1,11,1456.0
365,1,12,3474.0
365,1,13,2202.0
365,1,14,
365,1,15,
365,1,16,1523.0
365,1,17,2447.0
365,1,18,559.0
365,1,19,1244.0
365,1,20,1435.0
365,1,21,1732.0
365,1,22,2962.0
365,1,23,2035.0
365,1,24,1762.0
365,1,25,0.0
365,1,26,0.0
365,1,27,1861.0
365,1,28,0.0
365,1,29,238.0
365,1,30,0.0
365,2,1,1010.0
365,2,2,0.0
365,2,3,0.0
365,2,4,
365,2,5,1644.0
365,2,6,1254.0
365,2,7,
365,2,8,2574.0
365,2,9,
365,2,10,2033.0
365,2,11,770.0
365,2,12,4016.0
365,2,13,
365,2,14,3656.0
365,2,15,3026.0
365,2,16,1334.0
365,2,17,870.0
365,2,18,2316.0
365,2,19,0.0
365,2,20,2151.0
365,2,21,
365,2,22,2564.0
365,2,23,1900.0
365,2,24,1097.0
365,2,25,0.0
365,2,26,1141.0
365,2,27,2062.0
365,2,28,
365,2,29,1204.0
365,2,30,1985.0
365,3,1,0.0
365,3,2,82.0
365,3,3,0.0
365,3,4,1157.0
365,3,5,0.0
365,3,6,
365,3,7,
365,3,8,
365,3,9,
365,3,10,0.0
365,3,11,0.0
365,3,12,0.0
365,3,13,
365,3,14,
365,3,15,2468.0
365,3,16,3040.0
365,3,17,0.0
365,3,18,1877.0
365,3,19,
365,3,20,2415.0
365,3,21,3820.0
365,3,22,99.0
365,3,23,
365,3,24,1757.0
365,3,25,
365,3,26,2963.0
365,3,27,1242.0
365,3,28,2614.0
365,3,29,2578.0
365,3,30,0.0
366,1,1,5845.0
366,1,2,6592.0
366,1,3,5996.0
366,1,4,7975.0
366,1,5,6104.0
366,1,6,7062.0
366,1,7,7418.0
366,1,8,6690.0
366,1,9,7099.0
366,1,10,6862.0
366,1,11,8545.0
366,1,12,7424.0
366,1,13,5173.0
366,1,14,8354.0
366,1,15,0.0
366,1,16,5429.0
366,1,17,5774.0
366,1,18,6532.0
366,1,19,7266.0
366,1,20,8568.0
366,1,21,5800.0
366,1,22,7426.0
366,1,23,6978.0
366,1,24,6729.0
366,1,25,6786.0
366,1,26,0.0
366,1,27,6269.0
366,1,28,6576.0
366,1,29,6301.0
366,1,30,7796.0
366,2,1,4758.0
366,2,2,8086.0
366,2,3,8575.0
366,2,4,6056.0
366,2,5,6700.0
366,2,6,6844.0
366,2,7,7197.0
366,2,8,8992.0
366,2,9,8921.0
366,2,10,5757.0
366,2,11,6441.0
366,2,12,9009.0
366,2,13,6144.0
366,2,14,5317.0
366,2,15,6580.0
366,2,16,8006.0
366,2,17,6592.0
366,2,18,5895.0
366,2,19,6668.0
366,2,20,8394.0
366,2,21,7399.0
366,2,22,6061.0
366,2,23,0.0
366,2,24,0.0
366,2,25,7269.0
366,2,26,0.0
366,2,27,6534.0
366,2,28,7135.0
366,2,29,0.0
366,2,30,6637.0
366,3,1,0.0
366,3,2,0.0
366,3,3,5654.0
366,3,4,0.0
366,3,5,6327.0
366,3,6,7407.0
366,3,7,
366,3,8,0.0
366,3,9,0.0
366,3,10,
366,3,11,7545.0
366,3,12,7880.0
366,3,13,
366,3,14,
366,3,15,6809.0
366,3,16,
366,3,17,
366,3,18,0.0
366,3,19,6640.0
366,3,20,7400.0
366,3,21,7300.0
366,3,22,5432.0
366,3,23,5441.0
366,3,24,5857.0
366,3,25,6371.0
366,3,26,5911.0
366,3,27,0.0
366,3,28,5836.0
366,3,29,0.0
366,3,30,7784.0
367,1,1,6607.0
367,1,2,5058.0
367,1,3,4115.0
367,1,4,4852.0
367,1,5,4494.0
367,1,6,6743.0
367,1,7,
367,1,8,5538.0
367,1,9,4887.0
367,1,10,4507.0
367,1,11,4522.0
367,1,12,4723.0
367,1,13,4418.0
367,1,14,3143.0
367,1,15,6474.0
367,1,16,5018.0
367,1,17,7088.0
367,1,18,4115.0
367,1,19,5519.0
367,1,20,5092.0
367,1,21,4987.0
367,1,22,5679.0
367,1,23,3407.0
367,1,24,5691.0
367,1,25,4554.0
367,1,26,5485.0
367,1,27,4058.0
367,1,28,3883.0
367,1,29,5420.0
367,1,30,6605.0
367,2,1,0.0
367,2,2,5648.0
367,2,3,6334.0
367,2,4,4719.0
367,2,5,0.0
367,2,6,5534.0
367,2,7,7042.0
367,2,8,4021.0
367,2,9,5532.0
367,2,10,3823.0
367,2,11,4686.0
367,2,12,6110.0
367,2,13,4696.0
367,2,14,3915.0
367,2,15,5766.0
367,2,16,4980.0
367,2,17,4423.0
367,2,18,4867.0
367,2,19,3018.0
367,2,20,0.0
367,2,21,0.0
367,2,22,0.0
367,2,23,2534.0
367,2,24,4636.0
367,2,25,3770.0
367,2,26,3970.0
367,2,27,4215.0
367,2,28,4757.0
367,2,29,5579.0
367,2,30,0.0
367,3,1,4578.0
367,3,2,4828.0
367,3,3,7685.0
367,3,4,0.0
367,3,5,4737.0
367,3,6,
367,3,7,4674.0
367,3,8,
367,3,9,0.0
367,3,10,0.0
367,3,11,0.0
367,3,12,7786.0
367,3,13,3703.0
367,3,14,5348.0
367,3,15,5114.0
367,3,16,4558.0
367,3,17,
367,3,18,
367,3,19,4839.0
367,3,20,6665.0
367,3,21,4391.0
367,3,22,5082.0
367,3,23,
367,3,24,5026.0
367,3,25,5170.0
367,3,26,5165.0
367,3,27,0.0
367,3,28,5237.0
367,3,29,3414.0
367,3,30,0.0
368,1,1,8995.0
368,1,2,
368,1,3,7860.0
368,1,4,0.0
368,1,5,7936.0
368,1,6,7674.0
368,1,7,9306.0
368,1,8,0.0
368,1,9,10014.0
368,1,10,9155.0
368,1,11,7654.0
368,1,12,7499.0
368,1,13,7538.0
368,1,14,0.0
368,1,15,7718.0
368,1,16,6825.0
368,1,17,7785.0
368,1,18,0.0
368,1,19,0.0
368,1,20,6866.0
368,1,21,5833.0
368,1,22,7342.0
368,1,23,8279.0
368,1,24,
368,1,25,0.0
368,1,26,6942.0
368,1,27,0.0
368,1,28,6947.0
368,1,29,8914.0
368,1,30,7165.0
368,2,1,9176.0
368,2,2,8361.0
368,2,3,8084.0
368,2,4,8521.0
368,2,5,6934.0
368,2,6,8251.0
368,2,7,9598.0
368,2,8,7122.0
368,2,9,8726.0
368,2,10,7487.0
368,2,11,7648.0
368,2,12,7698.0
368,2,13,6192.0
368,2,14,4431.0
368,2,15,6161.0
368,2,16,8356.0
368,2,17,7061.0
368,2,18,
368,2,19,6009.0
368,2,20,
368,2,21,0.0
368,2,22,7236.0
368,2,23,
368,2,24,0.0
368,2,25,8815.0
368,2,26,0.0
368,2,27,
368,2,28,8487.0
368,2,29,7960.0
368,2,30,9259.0
368,3,1,
368,3,2,0.0
368,3,3,0.0
368,3,4,
368,3,5,7675.0
368,3,6,0.0
368,3,7,
368,3,8,7019.0
368,3,9,7142.0
368,3,10,9259.0
368,3,11,0.0
368,3,12,0.0
368,3,13,7812.0
368,3,14,0.0
368,3,15,0.0
368,3,16,8079.0
368,3,17,7976.0
368,3,18,
368,3,19,7237.0
368,3,20,6597.0
368,3,21,7740.0
368,3,22,
368,3,23,8247.0
368,3,24,0.0
368,3,25,0.0
368,3,26,0.0
368,3,27,7380.0
368,3,28,6227.0
368,3,29,6604.0
368,3,30,8055.0
369,1,1,3407.0
369,1,2,4912.0
369,1,3,0.0
369,1,4,3820.0
369,1,5,3624.0
369,1,6,0.0
369,1,7,5392.0
369,1,8,2759.0
369,1,9,0.0
369,1,10,
369,1,11,6507.0
369,1,12,6042.0
369,1,13,4689.0
369,1,14,3075.0
369,1,15,4229.0
369,1,16,6037.0
369,1,17,
369,1,18,1639.0
369,1,19,3609.0
369,1,20,0.0
369,1,21,0.0
369,1,22,0.0
369,1,23,5813.0
369,1,24,5320.0
369,1,25,4831.0
369,1,26,5170.0
369,1,27,0.0
369,1,28,5079.0
369,1,29,4154.0
369,1,30,3357.0
369,2,1,2370.0
369,2,2,3378.0
369,2,3,0.0
369,2,4,3502.0
369,2,5,0.0
369,2,6,6935.0
369,2,7,3372.0
369,2,8,0.0
369,2,9,0.0
369,2,10,2295.0
369,2,11,2855.0
369,2,12,4502.0
369,2,13,4544.0
369,2,14,
369,2,15,0.0
369,2,16,5777.0
369,2,17,5009.0
369,2,18,2710.0
369,2,19,
369,2,20,4917.0
369,2,21,3457.0
369,2,22,3725.0
369,2,23,3538.0
369,2,24,3623.0
369,2,25,4999.0
369,2,26,6276.0
369,2,27,0.0
369,2,28,4023.0
369,2,29,3713.0
369,2,30,5127.0
369,3,1,3647.0
369,3,2,
369,3,3,5345.0
369,3,4,
369,3,5,5793.0
369,3,6,
369,3,7,0.0
369,3,8,
369,3,9,0.0
369,3,10,3481.0
369,3,11,4407.0
369,3,12,4787.0
369,3,13,0.0
369,3,14,
369,3,15,0.0
369,3,16,4943.0
369,3,17,3239.0
369,3,18,4239.0
369,3,19,3445.0
369,3,20,5821.0
369,3,21,4486.0
369,3,22,3573.0
369,3,23,4418.0
369,3,24,5920.0
369,3,25,2940.0
369,3,26,3236.0
369,3,27,2386.0
369,3,28,4262.0
369,3,29,4464.0
369,3,30,5371.0
370,1,1,9697.0
370,1,2,11397.0
370,1,3,9564.0
370,1,4,
370,1,5,9007.0
370,1,6,8758.0
370,1,7,11588.0
370,1,8,10837.0
370,1,9,10175.0
370,1,10,9569.0
370,1,11,9277.0
370,1,12,9779.0
370,1,13,10154.0
370,1,14,9712.0
370,1,15,8629.0
370,1,16,9781.0
370,1,17,8144.0
370,1,18,10691.0
370,1,19,10334.0
370,1,20,10746.0
370,1,21,12403.0
370,1,22,8777.0
370,1,23,10187.0
370,1,24,0.0
370,1,25,9366.0
370,1,26,9910.0
370,1,27,10158.0
370,1,28,8556.0
370,1,29,8829.0
370,1,30,10041.0
370,2,1,8717.0
370,2,2,9601.0
370,2,3,8659.0
370,2,4,11036.0
370,2,5,8369.0
370,2,6,9797.0
370,2,7,8231.0
370,2,8,8060.0
370,2,9,9372.0
370,2,10,10913.0
370,2,11,9860.0
370,2,12,9647.0
370,2,13,8165.0
370,2,14,8231.0
370,2,15,10212.0
370,2,16,0.0
370,2,17,11759.0
370,2,18,10670.0
370,2,19,12122.0
370,2,20,10417.0
370,2,21,10789.0
370,2,22,9945.0
370,2,23,9045.0
370,2,24,11811.0
370,2,25,8678.0
370,2,26,10340.0
370,2,27,9030.0
370,2,28,10248.0
370,2,29,11302.0
370,2,30,
370,3,1,8138.0
370,3,2,9844.0
370,3,3,9807.0
370,3,4,10274.0
370,3,5,10383.0
370,3,6,9831.0
370,3,7,7378.0
370,3,8,0.0
370,3,9,10849.0
370,3,10,10042.0
370,3,11,11789.0
370,3,12,9585.0
370,3,13,9299.0
370,3,14,9645.0
370,3,15,9865.0
370,3,16,9218.0
370,3,17,11691.0
370,3,18,9855.0
370,3,19,9058.0
370,3,20,9904.0
370,3,21,9971.0
370,3,22,11320.0
370,3,23,9670.0
370,3,24,9264.0
370,3,25,9907.0
370,3,26,10173.0
370,3,27,0.0
370,3,28,10087.0
370,3,29,10709.0
370,3,30,9275.0
371,1,1,
371,1,2,2306.0
371,1,3,1824.0
371,1,4,2671.0
371,1,5,2340.0
371,1,6,
371,1,7,2233.0
371,1,8,2364.0
371,1,9,
371,1,10,1942.0
371,1,11,3387.0
371,1,12,4299.0
371,1,13,4433.0
371,1,14,2587.0
371,1,15,2600.0
371,1,16,2895.0
371,1,17,948.0
371,1,18,1267.0
371,1,19,
371,1,20,1579.0
371,1,21,3255.0
371,1,22,2171.0
371,1,23,2558.0
371,1,24,0.0
371,1,25,2447.0
371,1,26,0.0
371,1,27,2082.0
371,1,28,3360.0
371,1,29,
371,1,30,2709.0
371,2,1,3653.0
371,2,2,1965.0
371,2,3,
371,2,4,4093.0
371,2,5,4278.0
371,2,6,
371,2,7,3128.0
371,2,8,2582.0
371,2,9,2140.0
371,2,10,816.0
371,2,11,2717.0
371,2,12,4707.0
371,2,13,1159.0
371,2,14,2575.0
371,2,15,2221.0
371,2,16,4845.0
371,2,17,2201.0
371,2,18,0.0
371,2,19,3599.0
371,2,20,3428.0
371,2,21,1257.0
371,2,22,2382.0
371,2,23,3333.0
371,2,24,1598.0
371,2,25,2801.0
371,2,26,0.0
371,2,27,2257.0
371,2,28,3006.0
371,2,29,2478.0
371,2,30,1919.0
371,3,1,
371,3,2,3447.0
371,3,3,3001.0
371,3,4,0.0
371,3,5,0.0
371,3,6,4198.0
371,3,7,
371,3,8,0.0
371,3,9,0.0
371,3,10,0.0
371,3,11,
371,3,12,3185.0
371,3,13,0.0
371,3,14,2530.0
371,3,15,3864.0
371,3,16,3785.0
371,3,17,2865.0
371,3,18,2604.0
371,3,19,0.0
371,3,20,836.0
371,3,21,
371,3,22,0.0
371,3,23,476.0
371,3,24,0.0
371,3,25,1553.0
371,3,26,0.0
371,3,27,3424.0
371,3,28,4224.0
371,3,29,2888.0
371,3,30,3035.0
372,1,1,4845.0
372,1,2,4016.0
372,1,3,
372,1,4,5524.0
372,1,5,7154.0
372,1,6,0.0
372,1,7,3880.0
372,1,8,
372,1,9,5588.0
372,1,10,4801.0
372,1,11,6206.0
372,1,12,4496.0
372,1,13,0.0
372,1,14,3910.0
372,1,15,6555.0
372,1,16,5274.0
372,1,17,5259.0
372,1,18,0.0
372,1,19,5650.0
372,1,20,5838.0
372,1,21,5263.0
372,1,22,5838.0
372,1,23,4812.0
372,1,24,
372,1,25,7335.0
372,1,26,4603.0
372,1,27,
372,1,28,5023.0
372,1,29,5950.0
372,1,30,6422.0
372,2,1,2990.0
372,2,2,6509.0
372,2,3,6527.0
372,2,4,5569.0
372,2,5,5736.0
372,2,6,0.0
372,2,7,0.0
372,2,8,0.0
372,2,9,4224.0
372,2,10,6495.0
372,2,11,5160.0
372,2,12,5073.0
372,2,13,4885.0
372,2,14,4766.0
372,2,15,5802.0
372,2,16,3553.0
372,2,17,5208.0
372,2,18,6092.0
372,2,19,0.0
372,2,20,6616.0
372,2,21,0.0
372,2,22,4469.0
372,2,23,5958.0
372,2,24,6349.0
372,2,25,6498.0
372,2,26,4349.0
372,2,27,5279.0
372,2,28,
372,2,29,5003.0
372,2,30,0.0
372,3,1,0.0
372,3,2,5633.0
372,3,3,
372,3,4,4802.0
372,3,5,7100.0
372,3,6,5483.0
372,3,7,0.0
372,3,8,0.0
372,3,9,6317.0
372,3,10,5396.0
372,3,11,0.0
372,3,12,6620.0
372,3,13,5637.0
372,3,14,4550.0
372,3,15,7111.0
372,3,16,
372,3,17,
372,3,18,0.0
372,3,19,0.0
372,3,20,5508.0
372,3,21,0.0
372,3,22,0.0
372,3,23,0.0
372,3,24,5285.0
372,3,25,5523.0
372,3,26,4286.0
372,3,27,0.0
372,3,28,4627.0
372,3,29,6582.0
372,3,30,
373,1,1,4805.0
373,1,2,4387.0
373,1,3,3785.0
373,1,4,0.0
373,1,5,5019.0
373,1,6,2351.0
373,1,7,
373,1,8,3064.0
373,1,9,4469.0
373,1,10,3531.0
373,1,11,3885.0
373,1,12,4449.0
373,1,13,1827.0
373,1,14,3193.0
373,1,15,4344.0
373,1,16,3245.0
373,1,17,5621.0
373,1,18,4698.0
373,1,19,0.0
373,1,20,3606.0
373,1,21,3477.0
373,1,22,4643.0
373,1,23,
373,1,24,4784.0
373,1,25,0.0
373,1,26,0.0
373,1,27,3394.0
373,1,28,3352.0
373,1,29,3136.0
373,1,30,3739.0
373,2,1,3381.0
373,2,2,5122.0
373,2,3,3242.0
373,2,4,2634.0
373,2,5,0.0
373,2,6,3488.0
373,2,7,2463.0
373,2,8,
373,2,9,4099.0
373,2,10,4358.0
373,2,11,4394.0
373,2,12,3689.0
373,2,13,0.0
373,2,14,4939.0
373,2,15,5472.0
373,2,16,2752.0
373,2,17,0.0
373,2,18,3077.0
373,2,19,4031.0
373,2,20,0.0
373,2,21,2487.0
373,2,22,3372.0
373,2,23,4243.0
373,2,24,3462.0
373,2,25,0.0
373,2,26,5535.0
373,2,27,3424.0
373,2,28,0.0
373,2,29,4854.0
373,2,30,0.0
373,3,1,0.0
373,3,2,2697.0
373,3,3,3224.0
373,3,4,4017.0
373,3,5,2356.0
373,3,6,5116.0
373,3,7,0.0
373,3,8,
373,3,9,5016.0
373,3,10,0.0
373,3,11,5068.0
373,3,12,0.0
373,3,13,2914.0
373,3,14,3397.0
373,3,15,
373,3,16,4157.0
373,3,17,
373,3,18,3198.0
373,3,19,0.0
373,3,20,3647.0
373,3,21,3811.0
373,3,22,0.0
373,3,23,1894.0
373,3,24,2379.0
373,3,25,5602.0
373,3,26,4750.0
373,3,27,2704.0
373,3,28,0.0
373,3,29,3222.0
373,3,30,3323.0
374,1,1,5946.0
374,1,2,3909.0
374,1,3,5209.0
374,1,4,5388.0
374,1,5,5805.0
374,1,6,5742.0
374,1,7,5453.0
374,1,8,6329.0
374,1,9,0.0
374,1,10,5774.0
374,1,11,5791.0
374,1,12,5397.0
374,1,13,5026.0
374,1,14,2731.0
374,1,15,0.0
374,1,16,2845.0
374,1,17,3916.0
374,1,18,5655.0
374,1,19,4652.0
374,1,20,4659.0
374,1,21,3965.0
374,1,22,5357.0
374,1,23,5874.0
374,1,24,4226.0
374,1,25,4005.0
374,1,26,5788.0
374,1,27,
374,1,28,6016.0
374,1,29,4920.0
374,1,30,5050.0
374,2,1,5845.0
374,2,2,5140.0
374,2,3,6608.0
374,2,4,6096.0
374,2,5,5010.0
374,2,6,5523.0
374,2,7,4453.0
374,2,8,0.0
374,2,9,6243.0
374,2,10,3762.0
374,2,11,
374,2,12,4822.0
374,2,13,0.0
374,2,14,5070.0
374,2,15,0.0
374,2,16,
374,2,17,5007.0
374,2,18,0.0
374,2,19,4432.0
374,2,20,5542.0
374,2,21,4884.0
374,2,22,5021.0
374,2,23,5389.0
374,2,24,5821.0
374,2,25,6771.0
374,2,26,0.0
374,2,27,5610.0
374,2,28,
374,2,29,5226.0
374,2,30,
374,3,1,
374,3,2,0.0
374,3,3,6330.0
374,3,4,6748.0
374,3,5,0.0
374,3,6,6673.0
374,3,7,6525.0
374,3,8,0.0
374,3,9,6842.0
374,3,10,
374,3,11,0.0
374,3,12,2914.0
374,3,13,5860.0
374,3,14,5352.0
374,3,15,4702.0
374,3,16,4929.0
374,3,17,4358.0
374,3,18,5260.0
374,3,19,0.0
374,3,20,0.0
374,3,21,6069.0
374,3,22,0.0
374,3,23,4291.0
374,3,24,5134.0
374,3,25,0.0
374,3,26,4236.0
374,3,27,4001.0
374,3,28,
374,3,29,0.0
374,3,30,4081.0
375,1,1,6099.0
375,1,2,7059.0
375,1,3,6959.0
375,1,4,7346.0
375,1,5,7266.0
375,1,6,7285.0
375,1,7,6875.0
375,1,8,7282.0
375,1,9,6237.0
375,1,10,6175.0
375,1,11,0.0
375,1,12,7714.0
375,1,13,6219.0
375,1,14,
375,1,15,0.0
375,1,16,7561.0
375,1,17,0.0
375,1,18,8094.0
375,1,19,4557.0
375,1,20,8117.0
375,1,21,5942.0
375,1,22,7040.0
375,1,23,6676.0
375,1,24,6856.0
375,1,25,0.0
375,1,26,8109.0
375,1,27,6010.0
375,1,28,6274.0
375,1,29,0.0
375,1,30,7002.0
375,2,1,7015.0
375,2,2,7352.0
375,2,3,5515.0
375,2,4,6009.0
375,2,5,9047.0
375,2,6,0.0
375,2,7,0.0
375,2,8,5741.0
375,2,9,0.0
375,2,10,7201.0
375,2,11,6988.0
375,2,12,7628.0
375,2,13,0.0
375,2,14,0.0
375,2,15,6809.0
375,2,16,0.0
375,2,17,
375,2,18,5608.0
375,2,19,8236.0
375,2,20,6796.0
375,2,21,0.0
375,2,22,5532.0
375,2,23,5487.0
375,2,24,
375,2,25,8334.0
375,2,26,6939.0
375,2,27,7301.0
375,2,28,
375,2,29,7621.0
375,2,30,4762.0
375,3,1,5196.0
375,3,2,5910.0
375,3,3,5048.0
375,3,4,0.0
375,3,5,5343.0
375,3,6,7886.0
375,3,7,0.0
375,3,8,6415.0
375,3,9,0.0
375,3,10,5808.0
375,3,11,6977.0
375,3,12,7526.0
375,3,13,0.0
375,3,14,7335.0
375,3,15,6942.0
375,3,16,0.0
375,3,17,0.0
375,3,18,4869.0
375,3,19,6436.0
375,3,20,
375,3,21,6312.0
375,3,22,0.0
375,3,23,6541.0
375,3,24,0.0
375,3,25,6744.0
375,3,26,
375,3,27,0.0
375,3,28,0.0
375,3,29,
375,3,30,6831.0
376,1,1,10748.0
376,1,2,10632.0
376,1,3,11335.0
376,1,4,10513.0
376,1,5,12869.0
376,1,6,11383.0
376,1,7,10788.0
376,1,8,11811.0
376,1,9,10880.0
376,1,10,11616.0
376,1,11,12264.0
376,1,12,10963.0
376,1,13,11401.0
376,1,14,9591.0
376,1,15,11424.0
376,1,16,11713.0
376,1,17,0.0
376,1,18,11978.0
376,1,19,12180.0
376,1,20,11908.0
376,1,21,12439.0
376,1,22,8790.0
376,1,23,13091.0
376,1,24,9907.0
376,1,25,10581.0
376,1,26,10730.0
376,1,27,12076.0
376,1,28,13584.0
376,1,29,10993.0
376,1,30,11897.0
376,2,1,11757.0
376,2,2,13018.0
376,2,3,11622.0
376,2,4,9372.0
376,2,5,10745.0
376,2,6,10251.0
376,2,7,12322.0
376,2,8,11542.0
376,2,9,10947.0
376,2,10,
376,2,11,10544.0
376,2,12,11311.0
376,2,13,11520.0
376,2,14,11068.0
376,2,15,12604.0
376,2,16,14105.0
376,2,17,11415.0
376,2,18,11878.0
376,2,19,12005.0
376,2,20,11273.0
376,2,21,12178.0
376,2,22,11587.0
376,2,23,10526.0
376,2,24,10717.0
376,2,25,11198.0
376,2,26,10242.0
376,2,27,11526.0
376,2,28,11951.0
376,2,29,12783.0
376,2,30,0.0
376,3,1,10983.0
376,3,2,12547.0
376,3,3,11168.0
376,3,4,11211.0
376,3,5,12356.0
376,3,6,9653.0
376,3,7,9196.0
376,3,8,0.0
376,3,9,9712.0
376,3,10,12176.0
376,3,11,10461.0
376,3,12,10655.0
376,3,13,10769.0
376,3,14,12639.0
376,3,15,10190.0
376,3,16,10748.0
376,3,17,10298.0
376,3,18,10344.0
376,3,19,12293.0
376,3,20,10647.0
376,3,21,11262.0
376,3,22,
376,3,23,
376,3,24,11339.0
376,3,25,10779.0
376,3,26,11585.0
376,3,27,0.0
376,3,28,10779.0
376,3,29,11236.0
376,3,30,10400.0
377,1,1,4569.0
377,1,2,2255.0
377,1,3,2981.0
377,1,4,2346.0
377,1,5,3227.0
377,1,6,3875.0
377,1,7,2153.0
377,1,8,2453.0
377,1,9,
377,1,10,4186.0
377,1,11,2322.0
377,1,12,3740.0
377,1,13,0.0
377,1,14,0.0
377,1,15,1145.0
377,1,16,3381.0
377,1,17,3710.0
377,1,18,3351.0
377,1,19,
377,1,20,0.0
377,1,21,2500.0
377,1,22,3508.0
377,1,23,0.0
377,1,24,0.0
377,1,25,2799.0
377,1,26,1696.0
377,1,27,0.0
377,1,28,3024.0
377,1,29,3202.0
377,1,30,3176.0
377,2,1,1840.0
377,2,2,2385.0
377,2,3,3275.0
377,2,4,2282.0
377,2,5,2109.0
377,2,6,2048.0
377,2,7,1565.0
377,2,8,0.0
377,2,9,2634.0
377,2,10,1787.0
377,2,11,2877.0
377,2,12,0.0
377,2,13,0.0
377,2,14,
377,2,15,
377,2,16,2649.0
377,2,17,2123.0
377,2,18,
377,2,19,3068.0
377,2,20,2754.0
377,2,21,
377,2,22,2357.0
377,2,23,3792.0
377,2,24,1099.0
377,2,25,1823.0
377,2,26,855.0
377,2,27,4146.0
377,2,28,2016.0
377,2,29,1288.0
377,2,30,2610.0
377,3,1,0.0
377,3,2,3850.0
377,3,3,0.0
377,3,4,3588.0
377,3,5,
377,3,6,5062.0
377,3,7,0.0
377,3,8,794.0
377,3,9,0.0
377,3,10,0.0
377,3,11,0.0
377,3,12,3451.0
377,3,13,2888.0
377,3,14,3398.0
377,3,15,0.0
377,3,16,3857.0
377,3,17,41.0
377,3,18,4450.0
377,3,19,2674.0
377,3,20,0.0
377,3,21,4465.0
377,3,22,0.0
377,3,23,4100.0
377,3,24,0.0
377,3,25,1824.0
377,3,26,0.0
377,3,27,4699.0
377,3,28,0.0
377,3,29,0.0
377,3,30,
378,1,1,3664.0
378,1,2,
378,1,3,2909.0
378,1,4,0.0
378,1,5,0.0
378,1,6,4433.0
378,1,7,2728.0
378,1,8,2575.0
378,1,9,3730.0
378,1,10,3778.0
378,1,11,3611.0
378,1,12,2861.0
378,1,13,0.0
378,1,14,4687.0
378,1,15,5697.0
378,1,16,3472.0
378,1,17,2899.0
378,1,18,3187.0
378,1,19,3383.0
378,1,20,2685.0
378,1,21,4463.0
378,1,22,4425.0
378,1,23,4242.0
378,1,24,3939.0
378,1,25,4760.0
378,1,26,4467.0
378,1,27,5850.0
378,1,28,4201.0
378,1,29,3952.0
378,1,30,3561.0
378,2,1,4046.0
378,2,2,2520.0
378,2,3,3418.0
378,2,4,3543.0
378,2,5,
378,2,6,3028.0
378,2,7,3934.0
378,2,8,
378,2,9,0.0
378,2,10,0.0
378,2,11,2244.0
378,2,12,3922.0
378,2,13,6494.0
378,2,14,0.0
378,2,15,0.0
378,2,16,
378,2,17,0.0
378,2,18,3450.0
378,2,19,
378,2,20,2315.0
378,2,21,2673.0
378,2,22,
378,2,23,0.0
378,2,24,2839.0
378,2,25,3757.0
378,2,26,4384.0
378,2,27,4669.0
378,2,28,5751.0
378,2,29,3973.0
378,2,30,3957.0
378,3,1,2018.0
378,3,2,2734.0
378,3,3,4734.0
378,3,4,0.0
378,3,5,0.0
378,3,6,4317.0
378,3,7,0.0
378,3,8,
378,3,9,0.0
378,3,10,0.0
378,3,11,0.0
378,3,12,0.0
378,3,13,3660.0
378,3,14,4950.0
378,3,15,0.0
378,3,16,5611.0
378,3,17,3635.0
378,3,18,0.0
378,3,19,5245.0
378,3,20,
378,3,21,4188.0
378,3,22,0.0
378,3,23,3300.0
378,3,24,4127.0
378,3,25,
378,3,26,0.0
378,3,27,0.0
378,3,28,4572.0
378,3,29,2223.0
378,3,30,0.0
379,1,1,5233.0
379,1,2,4649.0
379,1,3,4754.0
379,1,4,3909.0
379,1,5,3461.0
379,1,6,5552.0
379,1,7,5868.0
379,1,8,
379,1,9,
379,1,10,5871.0
379,1,11,6633.0
379,1,12,0.0
379,1,13,4530.0
379,1,14,5551.0
379,1,15,0.0
379,1,16,4491.0
379,1,17,6666.0
379,1,18,2184.0
379,1,19,5328.0
379,1,20,
379,1,21,6466.0
379,1,22,4301.0
379,1,23,4788.0
379,1,24,6132.0
379,1,25,4670.0
379,1,26,6346.0
379,1,27,4980.0
379,1,28,6372.0
379,1,29,6648.0
379,1,30,5278.0
379,2,1,5864.0
379,2,2,
379,2,3,
379,2,4,4669.0
379,2,5,6148.0
379,2,6,6511.0
379,2,7,6556.0
379,2,8,
379,2,9,5351.0
379,2,10,3489.0
379,2,11,5068.0
379,2,12,5711.0
379,2,13,4286.0
379,2,14,3231.0
379,2,15,6926.0
379,2,16,5297.0
379,2,17,
379,2,18,5903.0
379,2,19,4288.0
379,2,20,5557.0
379,2,21,5683.0
379,2,22,5697.0
379,2,23,7551.0
379,2,24,7224.0
379,2,25,0.0
379,2,26,6855.0
379,2,27,6050.0
379,2,28,0.0
379,2,29,0.0
379,2,30,6405.0
379,3,1,3932.0
379,3,2,4368.0
379,3,3,3523.0
379,3,4,4599.0
379,3,5,4081.0
379,3,6,0.0
379,3,7,5765.0
379,3,8,0.0
379,3,9,0.0
379,3,10,2059.0
379,3,11,0.0
379,3,12,4532.0
379,3,13,
379,3,14,0.0
379,3,15,5551.0
379,3,16,0.0
379,3,17,4959.0
379,3,18,5482.0
379,3,19,7099.0
379,3,20,6531.0
379,3,21,6476.0
379,3,22,4252.0
379,3,23,3962.0
379,3,24,5465.0
379,3,25,
379,3,26,
379,3,27,6615.0
379,3,28,6823.0
379,3,29,0.0
379,3,30,0.0
380,1,1,3652.0
380,1,2,6900.0
380,1,3,3843.0
380,1,4,6800.0
380,1,5,6055.0
380,1,6,
380,1,7,7959.0
380,1,8,6393.0
380,1,9,6294.0
380,1,10,7108.0
380,1,11,7761.0
380,1,12,0.0
380,1,13,4861.0
380,1,14,7299.0
380,1,15,8670.0
380,1,16,6893.0
380,1,17,7131.0
380,1,18,6117.0
380,1,19,6064.0
380,1,20,6310.0
380,1,21,6534.0
380,1,22,6687.0
380,1,23,
380,1,24,0.0
380,1,25,7737.0
380,1,26,0.0
380,1,27,5511.0
380,1,28,7427.0
380,1,29,5883.0
380,1,30,0.0
380,2,1,7919.0
380,2,2,5532.0
380,2,3,7400.0
380,2,4,6717.0
380,2,5,0.0
380,2,6,6731.0
380,2,7,7043.0
380,2,8,0.0
380,2,9,0.0
380,2,10,7615.0
380,2,11,6389.0
380,2,12,7486.0
380,2,13,4564.0
380,2,14,6173.0
380,2,15,8006.0
380,2,16,6046.0
380,2,17,5759.0
380,2,18,0.0
380,2,19,6420.0
380,2,20,4675.0
380,2,21,6316.0
380,2,22,6157.0
380,2,23,7075.0
380,2,24,7782.0
380,2,25,0.0
380,2,26,6921.0
380,2,27,
380,2,28,7269.0
380,2,29,
380,2,30,6081.0
380,3,1,7963.0
380,3,2,0.0
380,3,3,7705.0
380,3,4,0.0
380,3,5,5427.0
380,3,6,6857.0
380,3,7,6301.0
380,3,8,5338.0
380,3,9,4943.0
380,3,10,0.0
380,3,11,7005.0
380,3,12,7798.0
380,3,13,7242.0
380,3,14,6678.0
380,3,15,
380,3,16,
380,3,17,0.0
380,3,18,7575.0
380,3,19,0.0
380,3,20,0.0
380,3,21,6677.0
380,3,22,0.0
380,3,23,5791.0
380,3,24,6757.0
380,3,25,0.0
380,3,26,5929.0
380,3,27,6437.0
380,3,28,5837.0
380,3,29,6125.0
380,3,30,
381,1,1,6115.0
381,1,2,7314.0
381,1,3,6556.0
381,1,4,0.0
381,1,5,4902.0
381,1,6,5697.0
381,1,7,6293.0
381,1,8,0.0
381,1,9,6053.0
381,1,10,6439.0
381,1,11,5155.0
381,1,12,0.0
381,1,13,5920.0
381,1,14,7252.0
381,1,15,6529.0
381,1,16,4880.0
381,1,17,7315.0
381,1,18,6222.0
381,1,19,6723.0
381,1,20,6516.0
381,1,21,5778.0
381,1,22,7475.0
381,1,23,7347.0
381,1,24,0.0
381,1,25,0.0
381,1,26,
381,1,27,0.0
381,1,28,6159.0
381,1,29,6517.0
381,1,30,6255.0
381,2,1,0.0
381,2,2,7550.0
381,2,3,0.0
381,2,4,
381,2,5,7992.0
381,2,6,3019.0
381,2,7,7079.0
381,2,8,6133.0
381,2,9,0.0
381,2,10,0.0
381,2,11,7736.0
381,2,12,6643.0
381,2,13,6557.0
381,2,14,0.0
381,2,15,6690.0
381,2,16,6677.0
381,2,17,6245.0
381,2,18,
381,2,19,0.0
381,2,20,5135.0
381,2,21,6538.0
381,2,22,5741.0
381,2,23,7103.0
381,2,24,7306.0
381,2,25,6662.0
381,2,26,4832.0
381,2,27,0.0
381,2,28,7340.0
381,2,29,7880.0
381,2,30,5826.0
381,3,1,0.0
381,3,2,
381,3,3,
381,3,4,
381,3,5,7631.0
381,3,6,0.0
381,3,7,5084.0
381,3,8,6680.0
381,3,9,
381,3,10,0.0
381,3,11,7001.0
381,3,12,0.0
381,3,13,5154.0
381,3,14,0.0
381,3,15,0.0
381,3,16,5630.0
381,3,17,0.0
381,3,18,4720.0
381,3,19,0.0
381,3,20,6913.0
381,3,21,5871.0
381,3,22,5547.0
381,3,23,0.0
381,3,24,4841.0
381,3,25,5831.0
381,3,26,
381,3,27,6911.0
381,3,28,
381,3,29,6278.0
381,3,30,0.0
382,1,1,1708.0
382,1,2,
382,1,3,3524.0
382,1,4,4296.0
382,1,5,5356.0
382,1,6,3188.0
382,1,7,2948.0
382,1,8,2701.0
382,1,9,3018.0
382,1,10,2755.0
382,1,11,903.0
382,1,12,2041.0
382,1,13,1832.0
382,1,14,4615.0
382,1,15,2537.0
382,1,16,0.0
382,1,17,0.0
382,1,18,2960.0
382,1,19,2135.0
382,1,20,3743.0
382,1,21,
382,1,22,4022.0
382,1,23,3385.0
382,1,24,3382.0
382,1,25,4854.0
382,1,26,2001.0
382,1,27,2519.0
382,1,28,2718.0
382,1,29,1724.0
382,1,30,1932.0
382,2,1,1932.0
382,2,2,2587.0
382,2,3,2396.0
382,2,4,3432.0
382,2,5,0.0
382,2,6,1676.0
382,2,7,4444.0
382,2,8,0.0
382,2,9,1683.0
382,2,10,2445.0
382,2,11,0.0
382,2,12,4458.0
382,2,13,3272.0
382,2,14,4174.0
382,2,15,3384.0
382,2,16,
382,2,17,2794.0
382,2,18,3257.0
382,2,19,1769.0
382,2,20,
382,2,21,4279.0
382,2,22,1862.0
382,2,23,0.0
382,2,24,3359.0
382,2,25,4055.0
382,2,26,2483.0
382,2,27,4116.0
382,2,28,2684.0
382,2,29,3666.0
382,2,30,4493.0
382,3,1,2705.0
382,3,2,0.0
382,3,3,
382,3,4,1417.0
382,3,5,4145.0
382,3,6,4308.0
382,3,7,1941.0
382,3,8,0.0
382,3,9,4273.0
382,3,10,0.0
382,3,11,
382,3,12,
382,3,13,0.0
382,3,14,1549.0
382,3,15,0.0
382,3,16,2747.0
382,3,17,0.0
382,3,18,4063.0
382,3,19,4305.0
382,3,20,
382,3,21,2365.0
382,3,22,3777.0
382,3,23,3166.0
382,3,24,0.0
382,3,25,3564.0
382,3,26,0.0
382,3,27,0.0
382,3,28,3491.0
382,3,29,0.0
382,3,30,0.0
383,1,1,7533.0
383,1,2,6196.0
383,1,3,7996.0
383,1,4,8156.0
383,1,5,5024.0
383,1,6,6805.0
383,1,7,5902.0
383,1,8,6491.0
383,1,9,5941.0
383,1,10,6757.0
383,1,11,8697.0
383,1,12,7734.0
383,1,13,5557.0
383,1,14,6829.0
383,1,15,6610.0
383,1,16,8191.0
383,1,17,8357.0
383,1,18,6113.0
383,1,19,
383,1,20,7610.0
383,1,21,5955.0
383,1,22,4558.0
383,1,23,7679.0
383,1,24,6441.0
383,1,25,0.0
383,1,26,5895.0
383,1,27,7523.0
383,1,28,8397.0
383,1,29,7315.0
383,1,30,8511.0
383,2,1,9106.0
383,2,2,4597.0
383,2,3,5749.0
383,2,4,5529.0
383,2,5,8572.0
383,2,6,6377.0
383,2,7,5567.0
383,2,8,5707.0
383,2,9,6746.0
383,2,10,7397.0
383,2,11,6729.0
383,2,12,7280.0
383,2,13,6093.0
383,2,14,6828.0
383,2,15,7280.0
383,2,16,8605.0
383,2,17,6845.0
383,2,18,7361.0
383,2,19,6673.0
383,2,20,0.0
383,2,21,7630.0
383,2,22,5289.0
383,2,23,6314.0
383,2,24,0.0
383,2,25,8013.0
383,2,26,7229.0
383,2,27,8296.0
383,2,28,7442.0
383,2,29,8539.0
383,2,30,7842.0
383,3,1,7141.0
383,3,2,7474.0
383,3,3,6493.0
383,3,4,8001.0
383,3,5,7812.0
383,3,6,6626.0
383,3,7,7584.0
383,3,8,7504.0
383,3,9,6842.0
383,3,10,0.0
383,3,11,7339.0
383,3,12,6256.0
383,3,13,8191.0
383,3,14,7071.0
383,3,15,8822.0
383,3,16,7127.0
383,3,17,5555.0
383,3,18,8228.0
383,3,19,8239.0
383,3,20,6711.0
383,3,21,7056.0
383,3,22,6353.0
383,3,23,8434.0
383,3,24,7598.0
383,3,25,6345.0
383,3,26,5791.0
383,3,27,7241.0
383,3,28,6627.0
383,3,29,5113.0
383,3,30,5863.0
384,1,1,4647.0
384,1,2,7588.0
384,1,3,5231.0
384,1,4,5859.0
384,1,5,
384,1,6,5650.0
384,1,7,6443.0
384,1,8,6449.0
384,1,9,
384,1,10,5116.0
384,1,11,0.0
384,1,12,6343.0
384,1,13,0.0
384,1,14,6612.0
384,1,15,5858.0
384,1,16,7322.0
384,1,17,
384,1,18,5002.0
384,1,19,6814.0
384,1,20,3962.0
384,1,21,5673.0
384,1,22,4118.0
384,1,23,4770.0
384,1,24,4781.0
384,1,25,7170.0
384,1,26,7498.0
384,1,27,6985.0
384,1,28,4590.0
384,1,29,0.0
384,1,30,
384,2,1,
384,2,2,7998.0
384,2,3,5405.0
384,2,4,0.0
384,2,5,7169.0
384,2,6,6092.0
384,2,7,6609.0
384,2,8,6174.0
384,2,9,5957.0
384,2,10,5812.0
384,2,11,0.0
384,2,12,5978.0
384,2,13,5789.0
384,2,14,6168.0
384,2,15,7646.0
384,2,16,7180.0
384,2,17,
384,2,18,5866.0
384,2,19,0.0
384,2,20,7283.0
384,2,21,5609.0
384,2,22,5686.0
384,2,23,5581.0
384,2,24,6971.0
384,2,25,6396.0
384,2,26,4577.0
384,2,27,5863.0
384,2,28,4937.0
384,2,29,7995.0
384,2,30,
384,3,1,
384,3,2,0.0
384,3,3,0.0
384,3,4,0.0
384,3,5,0.0
384,3,6,4844.0
384,3,7,7250.0
384,3,8,5252.0
384,3,9,4652.0
384,3,10,
384,3,11,
384,3,12,5137.0
384,3,13,0.0
384,3,14,0.0
384,3,15,5892.0
384,3,16,5702.0
384,3,17,0.0
384,3,18,6573.0
384,3,19,
384,3,20,0.0
384,3,21,0.0
384,3,22,
384,3,23,6846.0
384,3,24,
384,3,25,6255.0
384,3,26,6104.0
384,3,27,5847.0
384,3,28,
384,3,29,7283.0
384,3,30,6131.0
385,1,1,8743.0
385,1,2,7646.0
385,1,3,7600.0
385,1,4,6624.0
385,1,5,5495.0
385,1,6,0.0
385,1,7,7895.0
385,1,8,
385,1,9,7077.0
385,1,10,7272.0
385,1,11,6738.0
385,1,12,0.0
385,1,13,7377.0
385,1,14,7238.0
385,1,15,6142.0
385,1,16,7418.0
385,1,17,7637.0
385,1,18,8686.0
385,1,19,8248.0
385,1,20,8339.0
385,1,21,0.0
385,1,22,6731.0
385,1,23,
385,1,24,6563.0
385,1,25,7096.0
385,1,26,6649.0
385,1,27,6794.0
385,1,28,9943.0
385,1,29,8465.0
385,1,30,7244.0
385,2,1,0.0
385,2,2,0.0
385,2,3,0.0
385,2,4,9040.0
385,2,5,6297.0
385,2,6,7174.0
385,2,7,6032.0
385,2,8,7953.0
385,2,9,7569.0
385,2,10,0.0
385,2,11,7137.0
385,2,12,
385,2,13,
385,2,14,0.0
385,2,15,8872.0
385,2,16,9161.0
385,2,17,7731.0
385,2,18,7847.0
385,2,19,0.0
385,2,20,0.0
385,2,21,0.0
385,2,22,
385,2,23,7248.0
385,2,24,4776.0
385,2,25,8780.0
385,2,26,0.0
385,2,27,6054.0
385,2,28,7674.0
385,2,29,0.0
385,2,30,6991.0
385,3,1,7718.0
385,3,2,0.0
385,3,3,7708.0
385,3,4,5726.0
385,3,5,7128.0
385,3,6,5668.0
385,3,7,0.0
385,3,8,6407.0
385,3,9,
385,3,10,
385,3,11,6736.0
385,3,12,0.0
385,3,13,0.0
385,3,14,0.0
385,3,15,0.0
385,3,16,7896.0
385,3,17,
385,3,18,9227.0
385,3,19,5479.0
385,3,20,0.0
385,3,21,0.0
385,3,22,6599.0
385,3,23,6293.0
385,3,24,6237.0
385,3,25,0.0
385,3,26,6940.0
385,3,27,
385,3,28,9247.0
385,3,29,8278.0
385,3,30,6068.0
386,1,1,3083.0
386,1,2,2540.0
386,1,3,5892.0
386,1,4,3375.0
386,1,5,2525.0
386,1,6,4191.0
386,1,7,4018.0
386,1,8,0.0
386,1,9,5557.0
386,1,10,0.0
386,1,11,4913.0
386,1,12,4485.0
386,1,13,3759.0
386,1,14,5532.0
386,1,15,3389.0
386,1,16,4312.0
386,1,17,2017.0
386,1,18,5060.0
386,1,19,0.0
386,1,20,2666.0
386,1,21,0.0
386,1,22,2986.0
386,1,23,5329.0
386,1,24,4668.0
386,1,25,3189.0
386,1,26,4205.0
386,1,27,4134.0
386,1,28,3619.0
386,1,29,3514.0
386,1,30,5146.0
386,2,1,
386,2,2,0.0
386,2,3,3973.0
386,2,4,3170.0
386,2,5,2537.0
386,2,6,0.0
386,2,7,5011.0
386,2,8,4483.0
386,2,9,2704.0
386,2,10,0.0
386,2,11,4215.0
386,2,12,4777.0
386,2,13,0.0
386,2,14,
386,2,15,4095.0
386,2,16,3112.0
386,2,17,
386,2,18,
386,2,19,3922.0
386,2,20,0.0
386,2,21,1029.0
386,2,22,3216.0
386,2,23,2401.0
386,2,24,2995.0
386,2,25,
386,2,26,3404.0
386,2,27,3126.0
386,2,28,3855.0
386,2,29,5680.0
386,2,30,5577.0
386,3,1,3417.0
386,3,2,4420.0
386,3,3,3922.0
386,3,4,
386,3,5,3708.0
386,3,6,3947.0
386,3,7,2879.0
386,3,8,4441.0
386,3,9,5302.0
386,3,10,
386,3,11,3943.0
386,3,12,4736.0
386,3,13,0.0
386,3,14,0.0
386,3,15,0.0
386,3,16,4421.0
386,3,17,4973.0
386,3,18,2633.0
386,3,19,3410.0
386,3,20,3765.0
386,3,21,966.0
386,3,22,4625.0
386,3,23,0.0
386,3,24,2487.0
386,3,25,0.0
386,3,26,
386,3,27,2633.0
386,3,28,0.0
386,3,29,
386,3,30,6269.0
387,1,1,0.0
387,1,2,
387,1,3,
387,1,4,4886.0
387,1,5,8022.0
387,1,6,8495.0
387,1,7,6755.0
387,1,8,7187.0
387,1,9,7409.0
387,1,10,6658.0
387,1,11,7227.0
387,1,12,0.0
387,1,13,7364.0
387,1,14,6474.0
387,1,15,8085.0
387,1,16,0.0
387,1,17,
387,1,18,7919.0
387,1,19,7299.0
387,1,20,7741.0
387,1,21,6738.0
387,1,22,6558.0
387,1,23,7325.0
387,1,24,5684.0
387,1,25,
387,1,26,8279.0
387,1,27,6986.0
387,1,28,7699.0
387,1,29,7782.0
387,1,30,8550.0
387,2,1,6153.0
387,2,2,8064.0
387,2,3,8226.0
387,2,4,6860.0
387,2,5,8724.0
387,2,6,5957.0
387,2,7,
387,2,8,7929.0
387,2,9,
387,2,10,8560.0
387,2,11,0.0
387,2,12,7490.0
387,2,13,7417.0
387,2,14,6996.0
387,2,15,0.0
387,2,16,6150.0
387,2,17,0.0
387,2,18,7133.0
387,2,19,7022.0
387,2,20,0.0
387,2,21,0.0
387,2,22,7867.0
387,2,23,6860.0
387,2,24,7284.0
387,2,25,7521.0
387,2,26,9247.0
387,2,27,7612.0
387,2,28,9534.0
387,2,29,8495.0
387,2,30,0.0
387,3,1,0.0
387,3,2,6321.0
387,3,3,8497.0
387,3,4,0.0
387,3,5,8302.0
387,3,6,
387,3,7,0.0
387,3,8,
387,3,9,6415.0
387,3,10,6625.0
387,3,11,8267.0
387,3,12,9343.0
387,3,13,8047.0
387,3,14,6478.0
387,3,15,
387,3,16,
387,3,17,9523.0
387,3,18,0.0
387,3,19,8689.0
387,3,20,9084.0
387,3,21,
387,3,22,0.0
387,3,23,0.0
387,3,24,8373.0
387,3,25,8382.0
387,3,26,6013.0
387,3,27,0.0
387,3,28,6862.0
387,3,29,8517.0
387,3,30,7318.0
388,1,1,4457.0
388,1,2,4570.0
388,1,3,0.0
388,1,4,3800.0
388,1,5,
388,1,6,5723.0
388,1,7,3923.0
388,1,8,5676.0
388,1,9,5722.0
388,1,10,2700.0
388,1,11,4092.0
388,1,12,5581.0
388,1,13,3264.0
388,1,14,4261.0
388,1,15,5798.0
388,1,16,3380.0
388,1,17,5304.0
388,1,18,3903.0
388,1,19,5186.0
388,1,20,5318.0
388,1,21,5636.0
388,1,22,0.0
388,1,23,3401.0
388,1,24,2302.0
388,1,25,6256.0
388,1,26,
388,1,27,5887.0
388,1,28,3554.0
388,1,29,4434.0
388,1,30,5413.0
388,2,1,6506.0
388,2,2,5040.0
388,2,3,3940.0
388,2,4,
388,2,5,3933.0
388,2,6,4719.0
388,2,7,4756.0
388,2,8,7738.0
388,2,9,
388,2,10,5740.0
388,2,11,6022.0
388,2,12,4459.0
388,2,13,5533.0
388,2,14,6009.0
388,2,15,4662.0
388,2,16,3549.0
388,2,17,5630.0
388,2,18,4912.0
388,2,19,5613.0
388,2,20,
388,2,21,4698.0
388,2,22,7294.0
388,2,23,4897.0
388,2,24,6093.0
388,2,25,5652.0
388,2,26,5026.0
388,2,27,4102.0
388,2,28,4563.0
388,2,29,5583.0
388,2,30,
388,3,1,6274.0
388,3,2,
388,3,3,2406.0
388,3,4,6301.0
388,3,5,2987.0
388,3,6,4250.0
388,3,7,6148.0
388,3,8,0.0
388,3,9,3872.0
388,3,10,5860.0
388,3,11,0.0
388,3,12,0.0
388,3,13,0.0
388,3,14,4839.0
388,3,15,4435.0
388,3,16,
388,3,17,
388,3,18,
388,3,19,5488.0
388,3,20,
388,3,21,3152.0
388,3,22,0.0
388,3,23,4545.0
388,3,24,0.0
388,3,25,
388,3,26,6562.0
388,3,27,0.0
388,3,28,5981.0
388,3,29,4921.0
388,3,30,
389,1,1,5565.0
389,1,2,7041.0
389,1,3,7273.0
389,1,4,6760.0
389,1,5,0.0
389,1,6,7361.0
389,1,7,5578.0
389,1,8,6101.0
389,1,9,6943.0
389,1,10,7296.0
389,1,11,7781.0
389,1,12,5635.0
389,1,13,
389,1,14,8027.0
389,1,15,7119.0
389,1,16,0.0
389,1,17,5388.0
389,1,18,6420.0
389,1,19,4538.0
389,1,20,0.0
389,1,21,6619.0
389,1,22,5125.0
389,1,23,6292.0
389,1,24,6387.0
389,1,25,7190.0
389,1,26,5471.0
389,1,27,7102.0
389,1,28,5193.0
389,1,29,4942.0
389,1,30,6669.0
389,2,1,0.0
389,2,2,0.0
389,2,3,6481.0
389,2,4,0.0
389,2,5,
389,2,6,5330.0
389,2,7,0.0
389,2,8,5252.0
389,2,9,5234.0
389,2,10,0.0
389,2,11,8545.0
389,2,12,6386.0
389,2,13,6275.0
389,2,14,5606.0
389,2,15,6782.0
389,2,16,7888.0
389,2,17,0.0
389,2,18,6528.0
389,2,19,
389,2,20,
389,2,21,4481.0
389,2,22,7093.0
389,2,23,5699.0
389,2,24,6520.0
389,2,25,7224.0
389,2,26,6757.0
389,2,27,5356.0
389,2,28,5934.0
389,2,29,0.0
389,2,30,0.0
389,3,1,4548.0
389,3,2,6823.0
389,3,3,4299.0
389,3,4,6723.0
389,3,5,5416.0
389,3,6,6936.0
389,3,7,6678.0
389,3,8,
389,3,9,0.0
389,3,10,7338.0
389,3,11,5677.0
389,3,12,
389,3,13,0.0
389,3,14,
389,3,15,5100.0
389,3,16,6383.0
389,3,17,8821.0
389,3,18,0.0
389,3,19,0.0
389,3,20,0.0
389,3,21,
389,3,22,0.0
389,3,23,
389,3,24,
389,3,25,6634.0
389,3,26,
389,3,27,0.0
389,3,28,
389,3,29,8140.0
389,3,30,4668.0
390,1,1,4116.0
390,1,2,4867.0
390,1,3,
390,1,4,0.0
390,1,5,4656.0
390,1,6,4133.0
390,1,7,0.0
390,1,8,5472.0
390,1,9,3066.0
390,1,10,3145.0
390,1,11,5525.0
390,1,12,3536.0
390,1,13,0.0
390,1,14,3693.0
390,1,15,4606.0
390,1,16,3313.0
390,1,17,4543.0
390,1,18,0.0
390,1,19,3314.0
390,1,20,
390,1,21,3669.0
390,1,22,4395.0
390,1,23,6052.0
390,1,24,3319.0
390,1,25,2180.0
390,1,26,5752.0
390,1,27,4574.0
390,1,28,
390,1,29,0.0
390,1,30,3154.0
390,2,1,2378.0
390,2,2,0.0
390,2,3,4977.0
390,2,4,2743.0
390,2,5,4257.0
390,2,6,3879.0
390,2,7,4374.0
390,2,8,1978.0
390,2,9,2533.0
390,2,10,2693.0
390,2,11,4313.0
390,2,12,1720.0
390,2,13,4130.0
390,2,14,1370.0
390,2,15,2207.0
390,2,16,3625.0
390,2,17,
390,2,18,3335.0
390,2,19,2773.0
390,2,20,4492.0
390,2,21,3536.0
390,2,22,0.0
390,2,23,4166.0
390,2,24,1799.0
390,2,25,3088.0
390,2,26,2952.0
390,2,27,3488.0
390,2,28,5352.0
390,2,29,3669.0
390,2,30,4277.0
390,3,1,
390,3,2,4237.0
390,3,3,4547.0
390,3,4,4276.0
390,3,5,4808.0
390,3,6,0.0
390,3,7,6092.0
390,3,8,4835.0
390,3,9,2678.0
390,3,10,5547.0
390,3,11,
390,3,12,3480.0
390,3,13,
390,3,14,
390,3,15,3112.0
390,3,16,3783.0
390,3,17,
390,3,18,0.0
390,3,19,0.0
390,3,20,0.0
390,3,21,0.0
390,3,22,0.0
390,3,23,
390,3,24,4961.0
390,3,25,3507.0
390,3,26,1983.0
390,3,27,0.0
390,3,28,3553.0
390,3,29,5302.0
390,3,30,4771.0
391,1,1,8079.0
391,1,2,0.0
391,1,3,7874.0
391,1,4,8386.0
391,1,5,0.0
391,1,6,8519.0
391,1,7,7953.0
391,1,8,8498.0
391,1,9,7954.0
391,1,10,7146.0
391,1,11,9068.0
391,1,12,8297.0
391,1,13,9631.0
391,1,14,0.0
391,1,15,7884.0
391,1,16,8134.0
391,1,17,
391,1,18,0.0
391,1,19,6906.0
391,1,20,8696.0
391,1,21,10723.0
391,1,22,7886.0
391,1,23,
391,1,24,7005.0
391,1,25,5911.0
391,1,26,9398.0
391,1,27,9516.0
391,1,28,6843.0
391,1,29,7366.0
391,1,30,8924.0
391,2,1,0.0
391,2,2,9950.0
391,2,3,8193.0
391,2,4,9313.0
391,2,5,8882.0
391,2,6,0.0
391,2,7,7124.0
391,2,8,8421.0
391,2,9,7816.0
391,2,10,10418.0
391,2,11,0.0
391,2,12,0.0
391,2,13,7036.0
391,2,14,6583.0
391,2,15,0.0
391,2,16,6661.0
391,2,17,
391,2,18,10432.0
391,2,19,8217.0
391,2,20,0.0
391,2,21,8570.0
391,2,22,9568.0
391,2,23,9946.0
391,2,24,
391,2,25,6956.0
391,2,26,8609.0
391,2,27,9932.0
391,2,28,9141.0
391,2,29,7885.0
391,2,30,8136.0
391,3,1,10051.0
391,3,2,8113.0
391,3,3,8326.0
391,3,4,0.0
391,3,5,8745.0
391,3,6,8147.0
391,3,7,8709.0
391,3,8,10496.0
391,3,9,8360.0
391,3,10,0.0
391,3,11,0.0
391,3,12,8786.0
391,3,13,7131.0
391,3,14,
391,3,15,0.0
391,3,16,9314.0
391,3,17,0.0
391,3,18,9249.0
391,3,19,0.0
391,3,20,8668.0
391,3,21,0.0
391,3,22,0.0
391,3,23,10475.0
391,3,24,8074.0
391,3,25,8359.0
391,3,26,8160.0
391,3,27,0.0
391,3,28,8221.0
391,3,29,8705.0
391,3,30,7647.0
392,1,1,8402.0
392,1,2,7650.0
392,1,3,9323.0
392,1,4,8016.0
392,1,5,7339.0
392,1,6,8702.0
392,1,7,9375.0
392,1,8,0.0
392,1,9,8957.0
392,1,10,
392,1,11,10153.0
392,1,12,8941.0
392,1,13,10230.0
392,1,14,9089.0
392,1,15,8028.0
392,1,16,9945.0
392,1,17,10543.0
392,1,18,9853.0
392,1,19,8767.0
392,1,20,9211.0
392,1,21,8369.0
392,1,22,9266.0
392,1,23,9121.0
392,1,24,9789.0
392,1,25,8448.0
392,1,26,11016.0
392,1,27,7606.0
392,1,28,9361.0
392,1,29,9991.0
392,1,30,8138.0
392,2,1,9466.0
392,2,2,9692.0
392,2,3,9332.0
392,2,4,10495.0
392,2,5,0.0
392,2,6,
392,2,7,9855.0
392,2,8,7760.0
392,2,9,9222.0
392,2,10,8704.0
392,2,11,9910.0
392,2,12,0.0
392,2,13,9526.0
392,2,14,
392,2,15,9765.0
392,2,16,0.0
392,2,17,8087.0
392,2,18,0.0
392,2,19,9394.0
392,2,20,8328.0
392,2,21,0.0
392,2,22,11571.0
392,2,23,8907.0
392,2,24,
392,2,25,10289.0
392,2,26,9994.0
392,2,27,10148.0
392,2,28,0.0
392,2,29,7878.0
392,2,30,9053.0
392,3,1,8111.0
392,3,2,0.0
392,3,3,8986.0
392,3,4,8636.0
392,3,5,8357.0
392,3,6,8367.0
392,3,7,
392,3,8,0.0
392,3,9,8915.0
392,3,10,8037.0
392,3,11,
392,3,12,0.0
392,3,13,8263.0
392,3,14,0.0
392,3,15,
392,3,16,8669.0
392,3,17,0.0
392,3,18,10762.0
392,3,19,7171.0
392,3,20,8605.0
392,3,21,0.0
392,3,22,9663.0
392,3,23,9794.0
392,3,24,8715.0
392,3,25,0.0
392,3,26,9956.0
392,3,27,0.0
392,3,28,9510.0
392,3,29,0.0
392,3,30,6985.0
393,1,1,0.0
393,1,2,5227.0
393,1,3,3097.0
393,1,4,3658.0
393,1,5,3354.0
393,1,6,4258.0
393,1,7,3491.0
393,1,8,3479.0
393,1,9,3755.0
393,1,10,2511.0
393,1,11,3965.0
393,1,12,3530.0
393,1,13,3342.0
393,1,14,914.0
393,1,15,0.0
393,1,16,2898.0
393,1,17,0.0
393,1,18,2608.0
393,1,19,1776.0
393,1,20,4004.0
393,1,21,
393,1,22,3501.0
393,1,23,1639.0
393,1,24,0.0
393,1,25,1898.0
393,1,26,2322.0
393,1,27,5381.0
393,1,28,3263.0
393,1,29,2449.0
393,1,30,3917.0
393,2,1,3250.0
393,2,2,3715.0
393,2,3,2472.0
393,2,4,2357.0
393,2,5,
393,2,6,2353.0
393,2,7,3104.0
393,2,8,0.0
393,2,9,2444.0
393,2,10,4414.0
393,2,11,3340.0
393,2,12,4107.0
393,2,13,2286.0
393,2,14,3542.0
393,2,15,3100.0
393,2,16,3550.0
393,2,17,2303.0
393,2,18,2671.0
393,2,19,0.0
393,2,20,2079.0
393,2,21,3268.0
393,2,22,3988.0
393,2,23,2301.0
393,2,24,2813.0
393,2,25,1745.0
393,2,26,3127.0
393,2,27,3240.0
393,2,28,1433.0
393,2,29,
393,2,30,0.0
393,3,1,3347.0
393,3,2,0.0
393,3,3,3408.0
393,3,4,0.0
393,3,5,0.0
393,3,6,1798.0
393,3,7,
393,3,8,
393,3,9,2950.0
393,3,10,
393,3,11,0.0
393,3,12,1892.0
393,3,13,2610.0
393,3,14,0.0
393,3,15,0.0
393,3,16,4180.0
393,3,17,1568.0
393,3,18,3300.0
393,3,19,2887.0
393,3,20,1944.0
393,3,21,0.0
393,3,22,4346.0
393,3,23,0.0
393,3,24,3726.0
393,3,25,0.0
393,3,26,0.0
393,3,27,2303.0
393,3,28,0.0
393,3,29,2250.0
393,3,30,
394,1,1,10875.0
394,1,2,12289.0
394,1,3,11753.0
394,1,4,12522.0
394,1,5,12289.0
394,1,6,12307.0
394,1,7,10937.0
394,1,8,11530.0
394,1,9,12535.0
394,1,10,12756.0
394,1,11,12601.0
394,1,12,9784.0
394,1,13,11506.0
394,1,14,11947.0
394,1,15,14366.0
394,1,16,10147.0
394,1,17,10722.0
394,1,18,11513.0
394,1,19,10013.0
394,1,20,10580.0
394,1,21,11197.0
394,1,22,10731.0
394,1,23,12912.0
394,1,24,10499.0
394,1,25,12425.0
394,1,26,10064.0
394,1,27,9914.0
394,1,28,12039.0
394,1,29,11149.0
394,1,30,8197.0
394,2,1,11086.0
394,2,2,12501.0
394,2,3,11596.0
394,2,4,12478.0
394,2,5,11999.0
394,2,6,11032.0
394,2,7,12063.0
394,2,8,12299.0
394,2,9,10152.0
394,2,10,11770.0
394,2,11,11338.0
394,2,12,0.0
394,2,13,11454.0
394,2,14,10743.0
394,2,15,11353.0
394,2,16,0.0
394,2,17,
394,2,18,10385.0
394,2,19,12230.0
394,2,20,0.0
394,2,21,10165.0
394,2,22,11626.0
394,2,23,10964.0
394,2,24,12669.0
394,2,25,11454.0
394,2,26,12178.0
394,2,27,10985.0
394,2,28,12442.0
394,2,29,12587.0
394,2,30,11205.0
394,3,1,11200.0
394,3,2,11581.0
394,3,3,12412.0
394,3,4,11626.0
394,3,5,12831.0
394,3,6,10656.0
394,3,7,11678.0
394,3,8,11630.0
394,3,9,10060.0
394,3,10,10903.0
394,3,11,12491.0
394,3,12,9242.0
394,3,13,10160.0
394,3,14,10948.0
394,3,15,13996.0
394,3,16,10425.0
394,3,17,0.0
394,3,18,11731.0
394,3,19,10803.0
394,3,20,11478.0
394,3,21,9776.0
394,3,22,12939.0
394,3,23,10965.0
394,3,24,11187.0
394,3,25,11115.0
394,3,26,10626.0
394,3,27,11944.0
394,3,28,11373.0
394,3,29,11664.0
394,3,30,10346.0
395,1,1,4384.0
395,1,2,2628.0
395,1,3,2451.0
395,1,4,4644.0
395,1,5,2717.0
395,1,6,0.0
395,1,7,0.0
395,1,8,5039.0
395,1,9,0.0
395,1,10,3783.0
395,1,11,3913.0
395,1,12,5028.0
395,1,13,3800.0
395,1,14,2754.0
395,1,15,5043.0
395,1,16,0.0
395,1,17,2522.0
395,1,18,2761.0
395,1,19,2558.0
395,1,20,0.0
395,1,21,3397.0
395,1,22,3221.0
395,1,23,2622.0
395,1,24,3938.0
395,1,25,0.0
395,1,26,3810.0
395,1,27,5016.0
395,1,28,
395,1,29,5013.0
395,1,30,4441.0
395,2,1,4147.0
395,2,2,4845.0
395,2,3,4024.0
395,2,4,2551.0
395,2,5,0.0
395,2,6,0.0
395,2,7,
395,2,8,4260.0
395,2,9,4875.0
395,2,10,4743.0
395,2,11,0.0
395,2,12,0.0
395,2,13,5259.0
395,2,14,4940.0
395,2,15,4399.0
395,2,16,
395,2,17,3989.0
395,2,18,3544.0
395,2,19,5613.0
395,2,20,
395,2,21,3885.0
395,2,22,0.0
395,2,23,2737.0
395,2,24,0.0
395,2,25,3194.0
395,2,26,0.0
395,2,27,3060.0
395,2,28,4724.0
395,2,29,4578.0
395,2,30,4204.0
395,3,1,0.0
395,3,2,3633.0
395,3,3,5352.0
395,3,4,0.0
395,3,5,0.0
395,3,6,0.0
395,3,7,
395,3,8,
395,3,9,
395,3,10,0.0
395,3,11,0.0
395,3,12,0.0
395,3,13,4366.0
395,3,14,4654.0
395,3,15,
395,3,16,3309.0
395,3,17,0.0
395,3,18,3571.0
395,3,19,0.0
395,3,20,
395,3,21,0.0
395,3,22,0.0
395,3,23,5105.0
395,3,24,
395,3,25,2908.0
395,3,26,0.0
395,3,27,5505.0
395,3,28,
395,3,29,0.0
395,3,30,2809.0
396,1,1,4070.0
396,1,2,2036.0
396,1,3,3330.0
396,1,4,3516.0
396,1,5,0.0
396,1,6,5092.0
396,1,7,2791.0
396,1,8,491.0
396,1,9,2680.0
396,1,10,1897.0
396,1,11,4027.0
396,1,12,4047.0
396,1,13,
396,1,14,3331.0
396,1,15,2684.0
396,1,16,2656.0
396,1,17,3445.0
396,1,18,0.0
396,1,19,5898.0
396,1,20,2514.0
396,1,21,1542.0
396,1,22,3826.0
396,1,23,0.0
396,1,24,3448.0
396,1,25,2556.0
396,1,26,2001.0
396,1,27,0.0
396,1,28,4043.0
396,1,29,
396,1,30,1435.0
396,2,1,
396,2,2,0.0
396,2,3,1856.0
396,2,4,3171.0
396,2,5,0.0
396,2,6,0.0
396,2,7,3309.0
396,2,8,3078.0
396,2,9,3622.0
396,2,10,2308.0
396,2,11,4254.0
396,2,12,4700.0
396,2,13,0.0
396,2,14,5350.0
396,2,15,2635.0
396,2,16,0.0
396,2,17,3923.0
396,2,18,2675.0
396,2,19,1434.0
396,2,20,
396,2,21,0.0
396,2,22,0.0
396,2,23,
396,2,24,3171.0
396,2,25,2260.0
396,2,26,
396,2,27,3666.0
396,2,28,2787.0
396,2,29,0.0
396,2,30,0.0
396,3,1,
396,3,2,3448.0
396,3,3,3777.0
396,3,4,
396,3,5,2679.0
396,3,6,3972.0
396,3,7,0.0
396,3,8,0.0
396,3,9,2283.0
396,3,10,0.0
396,3,11,2743.0
396,3,12,0.0
396,3,13,0.0
396,3,14,0.0
396,3,15,3428.0
396,3,16,
396,3,17,4136.0
396,3,18,4385.0
396,3,19,3404.0
396,3,20,0.0
396,3,21,2920.0
396,3,22,0.0
396,3,23,
396,3,24,1723.0
396,3,25,1816.0
396,3,26,0.0
396,3,27,
396,3,28,0.0
396,3,29,3208.0
396,3,30,
397,1,1,7132.0
397,1,2,9287.0
397,1,3,8755.0
397,1,4,
397,1,5,8780.0
397,1,6,9448.0
397,1,7,8792.0
397,1,8,8946.0
397,1,9,8361.0
397,1,10,8443.0
397,1,11,8024.0
397,1,12,6256.0
397,1,13,8401.0
397,1,14,9132.0
397,1,15,9834.0
397,1,16,8052.0
397,1,17,6608.0
397,1,18,6356.0
397,1,19,8289.0
397,1,20,7970.0
397,1,21,6638.0
397,1,22,9866.0
397,1,23,8647.0
397,1,24,7651.0
397,1,25,7580.0
397,1,26,9051.0
397,1,27,
397,1,28,10142.0
397,1,29,8625.0
397,1,30,7912.0
397,2,1,11612.0
397,2,2,7497.0
397,2,3,8926.0
397,2,4,5799.0
397,2,5,8639.0
397,2,6,6394.0
397,2,7,9428.0
397,2,8,9359.0
397,2,9,8004.0
397,2,10,8430.0
397,2,11,9700.0
397,2,12,8509.0
397,2,13,8384.0
397,2,14,6219.0
397,2,15,7783.0
397,2,16,6663.0
397,2,17,6874.0
397,2,18,8650.0
397,2,19,8567.0
397,2,20,8138.0
397,2,21,8745.0
397,2,22,8334.0
397,2,23,
397,2,24,8328.0
397,2,25,6912.0
397,2,26,0.0
397,2,27,10267.0
397,2,28,7391.0
397,2,29,9890.0
397,2,30,7016.0
397,3,1,8236.0
397,3,2,7139.0
397,3,3,9116.0
397,3,4,6332.0
397,3,5,6821.0
397,3,6,8760.0
397,3,7,8911.0
397,3,8,8569.0
397,3,9,8904.0
397,3,10,6384.0
397,3,11,8287.0
397,3,12,5075.0
397,3,13,8317.0
397,3,14,8454.0
397,3,15,9135.0
397,3,16,8738.0
397,3,17,10205.0
397,3,18,8732.0
397,3,19,8953.0
397,3,20,7333.0
397,3,21,8794.0
397,3,22,7881.0
397,3,23,
397,3,24,8317.0
397,3,25,6777.0
397,3,26,8669.0
397,3,27,8220.0
397,3,28,7977.0
397,3,29,9313.0
397,3,30,8200.0
398,1,1,7171.0
398,1,2,4260.0
398,1,3,4827.0
398,1,4,5449.0
398,1,5,5185.0
398,1,6,4298.0
398,1,7,4136.0
398,1,8,4375.0
398,1,9,0.0
398,1,10,5891.0
398,1,11,3535.0
398,1,12,5693.0
398,1,13,6302.0
398,1,14,4230.0
398,1,15,6422.0
398,1,16,7044.0
398,1,17,0.0
398,1,18,4280.0
398,1,19,0.0
398,1,20,3894.0
398,1,21,6146.0
398,1,22,3570.0
398,1,23,
398,1,24,4551.0
398,1,25,5165.0
398,1,26,5269.0
398,1,27,4286.0
398,1,28,4418.0
398,1,29,5216.0
398,1,30,4273.0
398,2,1,5314.0
398,2,2,5121.0
398,2,3,4865.0
398,2,4,5102.0
398,2,5,0.0
398,2,6,0.0
398,2,7,0.0
398,2,8,3050.0
398,2,9,0.0
398,2,10,3512.0
398,2,11,3419.0
398,2,12,6399.0
398,2,13,0.0
398,2,14,0.0
398,2,15,3980.0
398,2,16,4420.0
398,2,17,0.0
398,2,18,4102.0
398,2,19,6892.0
398,2,20,6057.0
398,2,21,6463.0
398,2,22,2920.0
398,2,23,4935.0
398,2,24,5261.0
398,2,25,0.0
398,2,26,0.0
398,2,27,0.0
398,2,28,5088.0
398,2,29,3140.0
398,2,30,4690.0
398,3,1,4453.0
398,3,2,0.0
398,3,3,0.0
398,3,4,4411.0
398,3,5,4236.0
398,3,6,0.0
398,3,7,0.0
398,3,8,
398,3,9,
398,3,10,0.0
398,3,11,0.0
398,3,12,5468.0
398,3,13,5470.0
398,3,14,
398,3,15,0.0
398,3,16,4311.0
398,3,17,0.0
398,3,18,4461.0
398,3,19,0.0
398,3,20,
398,3,21,4860.0
398,3,22,0.0
398,3,23,0.0
398,3,24,0.0
398,3,25,0.0
398,3,26,0.0
398,3,27,4837.0
398,3,28,5457.0
398,3,29,2946.0
398,3,30,4620.0
399,1,1,5087.0
399,1,2,6574.0
399,1,3,7026.0
399,1,4,6950.0
399,1,5,4918.0
399,1,6,8564.0
399,1,7,5685.0
399,1,8,5963.0
399,1,9,4258.0
399,1,10,
399,1,11,7654.0
399,1,12,6175.0
399,1,13,6469.0
399,1,14,4318.0
399,1,15,7056.0
399,1,16,6481.0
399,1,17,5734.0
399,1,18,6495.0
399,1,19,6672.0
399,1,20,6218.0
399,1,21,5499.0
399,1,22,6846.0
399,1,23,6386.0
399,1,24,0.0
399,1,25,4662.0
399,1,26,4702.0
399,1,27,0.0
399,1,28,6871.0
399,1,29,6704.0
399,1,30,5085.0
399,2,1,6370.0
399,2,2,5673.0
399,2,3,5860.0
399,2,4,0.0
399,2,5,6175.0
399,2,6,8187.0
399,2,7,0.0
399,2,8,5631.0
399,2,9,3570.0
399,2,10,4384.0
399,2,11,5807.0
399,2,12,
399,2,13,5766.0
399,2,14,7125.0
399,2,15,6311.0
399,2,16,5951.0
399,2,17,5815.0
399,2,18,7653.0
399,2,19,5854.0
399,2,20,6642.0
399,2,21,6832.0
399,2,22,0.0
399,2,23,
399,2,24,0.0
399,2,25,6759.0
399,2,26,6142.0
399,2,27,6447.0
399,2,28,6482.0
399,2,29,4609.0
399,2,30,5385.0
399,3,1,5518.0
399,3,2,5350.0
399,3,3,0.0
399,3,4,0.0
399,3,5,6768.0
399,3,6,5910.0
399,3,7,
399,3,8,
399,3,9,0.0
399,3,10,7877.0
399,3,11,0.0
399,3,12,6172.0
399,3,13,0.0
399,3,14,0.0
399,3,15,0.0
399,3,16,5900.0
399,3,17,6306.0
399,3,18,5516.0
399,3,19,0.0
399,3,20,4648.0
399,3,21,5676.0
399,3,22,7282.0
399,3,23,5901.0
399,3,24,5475.0
399,3,25,4810.0
399,3,26,
399,3,27,0.0
399,3,28,0.0
399,3,29,0.0
399,3,30,0.0
400,1,1,9902.0
400,1,2,7933.0
400,1,3,9073.0
400,1,4,9275.0
400,1,5,8251.0
400,1,6,9064.0
400,1,7,9320.0
400,1,8,7589.0
400,1,9,7032.0
400,1,10,9953.0
400,1,11,9947.0
400,1,12,7899.0
400,1,13,11455.0
400,1,14,9792.0
400,1,15,11036.0
400,1,16,9658.0
400,1,17,7538.0
400,1,18,9802.0
400,1,19,8734.0
400,1,20,9019.0
400,1,21,8766.0
400,1,22,8191.0
400,1,23,10065.0
400,1,24,10327.0
400,1,25,9340.0
400,1,26,9250.0
400,1,27,9711.0
400,1,28,11218.0
400,1,29,9214.0
400,1,30,9614.0
400,2,1,8355.0
400,2,2,7914.0
400,2,3,8839.0
400,2,4,11274.0
400,2,5,8093.0
400,2,6,9289.0
400,2,7,9160.0
400,2,8,
400,2,9,9393.0
400,2,10,9922.0
400,2,11,12111.0
400,2,12,9431.0
400,2,13,9206.0
400,2,14,9548.0
400,2,15,9341.0
400,2,16,10053.0
400,2,17,10405.0
400,2,18,9695.0
400,2,19,9844.0
400,2,20,9525.0
400,2,21,8870.0
400,2,22,10052.0
400,2,23,7062.0
400,2,24,8821.0
400,2,25,9299.0
400,2,26,10763.0
400,2,27,11471.0
400,2,28,0.0
400,2,29,6857.0
400,2,30,9441.0
400,3,1,0.0
400,3,2,10746.0
400,3,3,7337.0
400,3,4,9612.0
400,3,5,9323.0
400,3,6,7921.0
400,3,7,9122.0
400,3,8,10700.0
400,3,9,10195.0
400,3,10,8193.0
400,3,11,7496.0
400,3,12,0.0
400,3,13,10834.0
400,3,14,9540.0
400,3,15,10394.0
400,3,16,10575.0
400,3,17,8536.0
400,3,18,8777.0
400,3,19,8023.0
400,3,20,7798.0
400,3,21,9671.0
400,3,22,10040.0
400,3,23,11020.0
400,3,24,10037.0
400,3,25,8837.0
400,3,26,9640.0
400,3,27,10143.0
400,3,28,9151.0
400,3,29,8406.0
400,3,30,7838.0
401,1,1,2617.0
401,1,2,3021.0
401,1,3,1965.0
401,1,4,2900.0
401,1,5,1572.0
401,1,6,4047.0
401,1,7,2298.0
401,1,8,2560.0
401,1,9,4190.0
401,1,10,2174.0
401,1,11,3232.0
401,1,12,3402.0
401,1,13,3250.0
401,1,14,0.0
401,1,15,2981.0
401,1,16,2336.0
401,1,17,1124.0
401,1,18,0.0
401,1,19,3633.0
401,1,20,3947.0
401,1,21,3512.0
401,1,22,3133.0
401,1,23,
401,1,24,2926.0
401,1,25,2368.0
401,1,26,
401,1,27,0.0
401,1,28,2628.0
401,1,29,2775.0
401,1,30,3362.0
401,2,1,0.0
401,2,2,0.0
401,2,3,0.0
401,2,4,0.0
401,2,5,0.0
401,2,6,5662.0
401,2,7,1443.0
401,2,8,0.0
401,2,9,
401,2,10,
401,2,11,0.0
401,2,12,2366.0
401,2,13,1783.0
401,2,14,1919.0
401,2,15,3553.0
401,2,16,3317.0
401,2,17,2898.0
401,2,18,4117.0
401,2,19,2849.0
401,2,20,3751.0
401,2,21,2573.0
401,2,22,2521.0
401,2,23,3854.0
401,2,24,2663.0
401,2,25,0.0
401,2,26,0.0
401,2,27,1744.0
401,2,28,0.0
401,2,29,2709.0
401,2,30,0.0
401,3,1,0.0
401,3,2,
401,3,3,3951.0
401,3,4,1442.0
401,3,5,3867.0
401,3,6,0.0
401,3,7,2800.0
401,3,8,2227.0
401,3,9,3096.0
401,3,10,4340.0
401,3,11,4779.0
401,3,12,3119.0
401,3,13,4416.0
401,3,14,3107.0
401,3,15,0.0
401,3,16,3334.0
401,3,17,3359.0
401,3,18,3066.0
401,3,19,3310.0
401,3,20,4210.0
401,3,21,0.0
401,3,22,
401,3,23,4446.0
401,3,24,2342.0
401,3,25,
401,3,26,
401,3,27,3042.0
401,3,28,5333.0
401,3,29,0.0
401,3,30,1162.0
402,1,1,0.0
402,1,2,4783.0
402,1,3,3845.0
402,1,4,2805.0
402,1,5,2510.0
402,1,6,3851.0
402,1,7,2226.0
402,1,8,2438.0
402,1,9,2868.0
402,1,10,0.0
402,1,11,0.0
402,1,12,1594.0
402,1,13,3707.0
402,1,14,3182.0
402,1,15,3277.0
402,1,16,4570.0
402,1,17,471.0
402,1,18,2856.0
402,1,19,3475.0
402,1,20,4991.0
402,1,21,3028.0
402,1,22,3896.0
402,1,23,1736.0
402,1,24,3223.0
402,1,25,4309.0
402,1,26,3290.0
402,1,27,2225.0
402,1,28,841.0
402,1,29,1363.0
402,1,30,2261.0
402,2,1,1896.0
402,2,2,0.0
402,2,3,3639.0
402,2,4,3453.0
402,2,5,3869.0
402,2,6,2264.0
402,2,7,4172.0
402,2,8,4817.0
402,2,9,1486.0
402,2,10,3965.0
402,2,11,3979.0
402,2,12,3899.0
402,2,13,0.0
402,2,14,4495.0
402,2,15,0.0
402,2,16,4171.0
402,2,17,4370.0
402,2,18,0.0
402,2,19,2256.0
402,2,20,2310.0
402,2,21,833.0
402,2,22,3125.0
402,2,23,464.0
402,2,24,2991.0
402,2,25,0.0
402,2,26,3200.0
402,2,27,3939.0
402,2,28,4177.0
402,2,29,3323.0
402,2,30,2815.0
402,3,1,2067.0
402,3,2,0.0
402,3,3,2941.0
402,3,4,
402,3,5,1552.0
402,3,6,1155.0
402,3,7,0.0
402,3,8,0.0
402,3,9,4543.0
402,3,10,801.0
402,3,11,2832.0
402,3,12,1936.0
402,3,13,4243.0
402,3,14,0.0
402,3,15,0.0
402,3,16,
402,3,17,1926.0
402,3,18,3856.0
402,3,19,3407.0
402,3,20,0.0
402,3,21,
402,3,22,3148.0
402,3,23,3424.0
402,3,24,0.0
402,3,25,0.0
402,3,26,0.0
402,3,27,0.0
402,3,28,
402,3,29,0.0
402,3,30,
403,1,1,2487.0
403,1,2,5871.0
403,1,3,0.0
403,1,4,3260.0
403,1,5,3681.0
403,1,6,4085.0
403,1,7,3161.0
403,1,8,2219.0
403,1,9,
403,1,10,4853.0
403,1,11,0.0
403,1,12,4777.0
403,1,13,2752.0
403,1,14,3889.0
403,1,15,4953.0
403,1,16,3949.0
403,1,17,3241.0
403,1,18,3173.0
403,1,19,2020.0
403,1,20,0.0
403,1,21,4291.0
403,1,22,2337.0
403,1,23,3827.0
403,1,24,2402.0
403,1,25,4510.0
403,1,26,3866.0
403,1,27,3129.0
403,1,28,2513.0
403,1,29,3187.0
403,1,30,3273.0
403,2,1,0.0
403,2,2,3759.0
403,2,3,
403,2,4,3305.0
403,2,5,2692.0
403,2,6,1903.0
403,2,7,0.0
403,2,8,5198.0
403,2,9,3482.0
403,2,10,1386.0
403,2,11,3099.0
403,2,12,2867.0
403,2,13,
403,2,14,0.0
403,2,15,0.0
403,2,16,4216.0
403,2,17,3338.0
403,2,18,0.0
403,2,19,2991.0
403,2,20,4195.0
403,2,21,3853.0
403,2,22,3670.0
403,2,23,4416.0
403,2,24,4411.0
403,2,25,4540.0
403,2,26,3677.0
403,2,27,3730.0
403,2,28,3867.0
403,2,29,3674.0
403,2,30,2529.0
403,3,1,4976.0
403,3,2,
403,3,3,0.0
403,3,4,
403,3,5,4179.0
403,3,6,3167.0
403,3,7,2141.0
403,3,8,0.0
403,3,9,3911.0
403,3,10,3470.0
403,3,11,3413.0
403,3,12,0.0
403,3,13,0.0
403,3,14,0.0
403,3,15,0.0
403,3,16,3334.0
403,3,17,
403,3,18,
403,3,19,4329.0
403,3,20,4570.0
403,3,21,3503.0
403,3,22,3541.0
403,3,23,0.0
403,3,24,4379.0
403,3,25,4628.0
403,3,26,0.0
403,3,27,3586.0
403,3,28,0.0
403,3,29,4502.0
403,3,30,0.0
404,1,1,5549.0
404,1,2,3284.0
404,1,3,0.0
404,1,4,2937.0
404,1,5,3318.0
404,1,6,2918.0
404,1,7,3876.0
404,1,8,4991.0
404,1,9,4471.0
404,1,10,6161.0
404,1,11,
404,1,12,0.0
404,1,13,3588.0
404,1,14,4664.0
404,1,15,4703.0
404,1,16,4268.0
404,1,17,2324.0
404,1,18,3880.0
404,1,19,5245.0
404,1,20,3867.0
404,1,21,2407.0
404,1,22,4037.0
404,1,23,4322.0
404,1,24,3698.0
404,1,25,3104.0
404,1,26,4897.0
404,1,27,3400.0
404,1,28,
404,1,29,
404,1,30,6144.0
404,2,1,0.0
404,2,2,3117.0
404,2,3,4888.0
404,2,4,4286.0
404,2,5,4500.0
404,2,6,0.0
404,2,7,5719.0
404,2,8,4675.0
404,2,9,4821.0
404,2,10,3208.0
404,2,11,0.0
404,2,12,5083.0
404,2,13,4061.0
404,2,14,3842.0
404,2,15,
404,2,16,4178.0
404,2,17,
404,2,18,
404,2,19,4837.0
404,2,20,3669.0
404,2,21,2211.0
404,2,22,1711.0
404,2,23,
404,2,24,3803.0
404,2,25,3841.0
404,2,26,5696.0
404,2,27,3488.0
404,2,28,0.0
404,2,29,4087.0
404,2,30,0.0
404,3,1,0.0
404,3,2,
404,3,3,0.0
404,3,4,
404,3,5,2971.0
404,3,6,2287.0
404,3,7,3196.0
404,3,8,0.0
404,3,9,0.0
404,3,10,2890.0
404,3,11,0.0
404,3,12,4525.0
404,3,13,2947.0
404,3,14,1805.0
404,3,15,3994.0
404,3,16,0.0
404,3,17,
404,3,18,5389.0
404,3,19,1967.0
404,3,20,
404,3,21,4969.0
404,3,22,0.0
404,3,23,0.0
404,3,24,4048.0
404,3,25,0.0
404,3,26,2514.0
404,3,27,3583.0
404,3,28,0.0
404,3,29,0.0
404,3,30,
405,1,1,10792.0
405,1,2,10573.0
405,1,3,8178.0
405,1,4,11098.0
405,1,5,11100.0
405,1,6,11182.0
405,1,7,7102.0
405,1,8,9252.0
405,1,9,9421.0
405,1,10,9662.0
405,1,11,8425.0
405,1,12,10729.0
405,1,13,9118.0
405,1,14,8985.0
405,1,15,10882.0
405,1,16,9364.0
405,1,17,9479.0
405,1,18,9993.0
405,1,19,10282.0
405,1,20,8874.0
405,1,21,0.0
405,1,22,8829.0
405,1,23,8924.0
405,1,24,8421.0
405,1,25,8926.0
405,1,26,10199.0
405,1,27,0.0
405,1,28,11644.0
405,1,29,10256.0
405,1,30,9769.0
405,2,1,10489.0
405,2,2,9146.0
405,2,3,9563.0
405,2,4,10956.0
405,2,5,8897.0
405,2,6,9856.0
405,2,7,8591.0
405,2,8,11229.0
405,2,9,12397.0
405,2,10,9545.0
405,2,11,9973.0
405,2,12,10255.0
405,2,13,10152.0
405,2,14,12543.0
405,2,15,9201.0
405,2,16,10612.0
405,2,17,6993.0
405,2,18,8414.0
405,2,19,9917.0
405,2,20,9090.0
405,2,21,11843.0
405,2,22,8115.0
405,2,23,9621.0
405,2,24,9161.0
405,2,25,8832.0
405,2,26,12000.0
405,2,27,10162.0
405,2,28,9918.0
405,2,29,10573.0
405,2,30,9015.0
405,3,1,9231.0
405,3,2,9188.0
405,3,3,10633.0
405,3,4,10092.0
405,3,5,9992.0
405,3,6,10710.0
405,3,7,8671.0
405,3,8,8499.0
405,3,9,10683.0
405,3,10,9842.0
405,3,11,10258.0
405,3,12,10620.0
405,3,13,10800.0
405,3,14,10976.0
405,3,15,11127.0
405,3,16,10372.0
405,3,17,8906.0
405,3,18,0.0
405,3,19,9000.0
405,3,20,9473.0
405,3,21,10224.0
405,3,22,10619.0
405,3,23,8086.0
405,3,24,10879.0
405,3,25,11790.0
405,3,26,7144.0
405,3,27,9948.0
405,3,28,7613.0
405,3,29,6919.0
405,3,30,10942.0
406,1,1,3073.0
406,1,2,2964.0
406,1,3,
406,1,4,3171.0
406,1,5,1920.0
406,1,6,3447.0
406,1,7,2295.0
406,1,8,4064.0
406,1,9,2447.0
406,1,10,2280.0
406,1,11,4491.0
406,1,12,3617.0
406,1,13,0.0
406,1,14,3923.0
406,1,15,5402.0
406,1,16,3719.0
406,1,17,2948.0
406,1,18,4118.0
406,1,19,5286.0
406,1,20,3431.0
406,1,21,2110.0
406,1,22,2929.0
406,1,23,2604.0
406,1,24,4436.0
406,1,25,0.0
406,1,26,2050.0
406,1,27,3124.0
406,1,28,0.0
406,1,29,2208.0
406,1,30,1826.0
406,2,1,2526.0
406,2,2,2716.0
406,2,3,3906.0
406,2,4,4160.0
406,2,5,
406,2,6,0.0
406,2,7,3344.0
406,2,8,1012.0
406,2,9,3810.0
406,2,10,2924.0
406,2,11,4818.0
406,2,12,4719.0
406,2,13,3677.0
406,2,14,2331.0
406,2,15,2053.0
406,2,16,3141.0
406,2,17,
406,2,18,3309.0
406,2,19,2614.0
406,2,20,2654.0
406,2,21,0.0
406,2,22,4595.0
406,2,23,3997.0
406,2,24,3958.0
406,2,25,3518.0
406,2,26,2443.0
406,2,27,5896.0
406,2,28,1780.0
406,2,29,0.0
406,2,30,3666.0
406,3,1,0.0
406,3,2,0.0
406,3,3,
406,3,4,
406,3,5,4220.0
406,3,6,2786.0
406,3,7,3177.0
406,3,8,4377.0
406,3,9,0.0
406,3,10,2878.0
406,3,11,3444.0
406,3,12,4045.0
406,3,13,0.0
406,3,14,0.0
406,3,15,3062.0
406,3,16,0.0
406,3,17,
406,3,18,1697.0
406,3,19,5560.0
406,3,20,3943.0
406,3,21,4387.0
406,3,22,0.0
406,3,23,0.0
406,3,24,2097.0
406,3,25,4288.0
406,3,26,
406,3,27,
406,3,28,0.0
406,3,29,2235.0
406,3,30,0.0
407,1,1,4454.0
407,1,2,5014.0
407,1,3,2505.0
407,1,4,4317.0
407,1,5,5222.0
407,1,6,5876.0
407,1,7,4711.0
407,1,8,5102.0
407,1,9,5076.0
407,1,10,4228.0
407,1,11,4622.0
407,1,12,3853.0
407,1,13,5382.0
407,1,14,3339.0
407,1,15,3525.0
407,1,16,3389.0
407,1,17,3904.0
407,1,18,3668.0
407,1,19,4128.0
407,1,20,4388.0
407,1,21,5178.0
407,1,22,4355.0
407,1,23,4022.0
407,1,24,3843.0
407,1,25,5515.0
407,1,26,4508.0
407,1,27,5296.0
407,1,28,2709.0
407,1,29,3702.0
407,1,30,5213.0
407,2,1,0.0
407,2,2,3641.0
407,2,3,2861.0
407,2,4,5304.0
407,2,5,3029.0
407,2,6,
407,2,7,4008.0
407,2,8,3518.0
407,2,9,3515.0
407,2,10,5495.0
407,2,11,0.0
407,2,12,5218.0
407,2,13,4781.0
407,2,14,0.0
407,2,15,3820.0
407,2,16,5949.0
407,2,17,5830.0
407,2,18,5479.0
407,2,19,6052.0
407,2,20,4892.0
407,2,21,3908.0
407,2,22,5194.0
407,2,23,5605.0
407,2,24,0.0
407,2,25,0.0
407,2,26,3747.0
407,2,27,3244.0
407,2,28,0.0
407,2,29,0.0
407,2,30,3309.0
407,3,1,0.0
407,3,2,4914.0
407,3,3,0.0
407,3,4,2288.0
407,3,5,0.0
407,3,6,3702.0
407,3,7,
407,3,8,4866.0
407,3,9,4030.0
407,3,10,2544.0
407,3,11,3256.0
407,3,12,
407,3,13,0.0
407,3,14,0.0
407,3,15,6521.0
407,3,16,4896.0
407,3,17,0.0
407,3,18,0.0
407,3,19,0.0
407,3,20,4786.0
407,3,21,4123.0
407,3,22,0.0
407,3,23,3865.0
407,3,24,0.0
407,3,25,4068.0
407,3,26,2367.0
407,3,27,0.0
407,3,28,0.0
407,3,29,0.0
407,3,30,0.0
408,1,1,5009.0
408,1,2,
408,1,3,6015.0
408,1,4,0.0
408,1,5,6922.0
408,1,6,8853.0
408,1,7,5935.0
408,1,8,5462.0
408,1,9,6041.0
408,1,10,6558.0
408,1,11,6602.0
408,1,12,6964.0
408,1,13,3667.0
408,1,14,8015.0
408,1,15,5935.0
408,1,16,7991.0
408,1,17,9112.0
408,1,18,7043.0
408,1,19,7810.0
408,1,20,0.0
408,1,21,7992.0
408,1,22,0.0
408,1,23,7965.0
408,1,24,8215.0
408,1,25,
408,1,26,
408,1,27,0.0
408,1,28,4723.0
408,1,29,6451.0
408,1,30,8389.0
408,2,1,6974.0
408,2,2,7886.0
408,2,3,6409.0
408,2,4,5672.0
408,2,5,5958.0
408,2,6,0.0
408,2,7,5884.0
408,2,8,4892.0
408,2,9,0.0
408,2,10,5894.0
408,2,11,7879.0
408,2,12,5309.0
408,2,13,8943.0
408,2,14,
408,2,15,4496.0
408,2,16,6927.0
408,2,17,0.0
408,2,18,7333.0
408,2,19,6411.0
408,2,20,5950.0
408,2,21,0.0
408,2,22,7605.0
408,2,23,5372.0
408,2,24,6116.0
408,2,25,6243.0
408,2,26,6364.0
408,2,27,0.0
408,2,28,6417.0
408,2,29,0.0
408,2,30,
408,3,1,6948.0
408,3,2,
408,3,3,7797.0
408,3,4,6608.0
408,3,5,7597.0
408,3,6,
408,3,7,6741.0
408,3,8,6515.0
408,3,9,6848.0
408,3,10,7662.0
408,3,11,9461.0
408,3,12,
408,3,13,0.0
408,3,14,0.0
408,3,15,0.0
408,3,16,0.0
408,3,17,6153.0
408,3,18,0.0
408,3,19,6978.0
408,3,20,5089.0
408,3,21,7555.0
408,3,22,5907.0
408,3,23,8246.0
408,3,24,7703.0
408,3,25,
408,3,26,7811.0
408,3,27,6321.0
408,3,28,7659.0
408,3,29,
408,3,30,5579.0
409,1,1,7030.0
409,1,2,8280.0
409,1,3,9308.0
409,1,4,9175.0
409,1,5,9604.0
409,1,6,8297.0
409,1,7,9492.0
409,1,8,8480.0
409,1,9,7486.0
409,1,10,0.0
409,1,11,7611.0
409,1,12,0.0
409,1,13,7503.0
409,1,14,
409,1,15,9452.0
409,1,16,9549.0
409,1,17,9660.0
409,1,18,8350.0
409,1,19,9474.0
409,1,20,8505.0
409,1,21,8104.0
409,1,22,9541.0
409,1,23,9518.0
409,1,24,7290.0
409,1,25,9423.0
409,1,26,7616.0
409,1,27,8939.0
409,1,28,8514.0
409,1,29,8683.0
409,1,30,8678.0
409,2,1,9301.0
409,2,2,8532.0
409,2,3,9456.0
409,2,4,9159.0
409,2,5,0.0
409,2,6,8625.0
409,2,7,8171.0
409,2,8,8930.0
409,2,9,9710.0
409,2,10,6560.0
409,2,11,8784.0
409,2,12,10474.0
409,2,13,8760.0
409,2,14,10178.0
409,2,15,8187.0
409,2,16,8954.0
409,2,17,8950.0
409,2,18,8722.0
409,2,19,11344.0
409,2,20,8369.0
409,2,21,8078.0
409,2,22,8414.0
409,2,23,6926.0
409,2,24,8953.0
409,2,25,7537.0
409,2,26,6693.0
409,2,27,7988.0
409,2,28,8759.0
409,2,29,8114.0
409,2,30,8119.0
409,3,1,7807.0
409,3,2,10878.0
409,3,3,8949.0
409,3,4,8816.0
409,3,5,8372.0
409,3,6,8241.0
409,3,7,8539.0
409,3,8,6854.0
409,3,9,6349.0
409,3,10,9676.0
409,3,11,
409,3,12,9559.0
409,3,13,7821.0
409,3,14,9812.0
409,3,15,7818.0
409,3,16,8846.0
409,3,17,10913.0
409,3,18,9355.0
409,3,19,9042.0
409,3,20,8265.0
409,3,21,9687.0
409,3,22,8664.0
409,3,23,8162.0
409,3,24,7826.0
409,3,25,8359.0
409,3,26,9601.0
409,3,27,8303.0
409,3,28,8547.0
409,3,29,
409,3,30,
410,1,1,7168.0
410,1,2,7609.0
410,1,3,6589.0
410,1,4,6526.0
410,1,5,7005.0
410,1,6,
410,1,7,7883.0
410,1,8,6513.0
410,1,9,0.0
410,1,10,7716.0
410,1,11,7211.0
410,1,12,5439.0
410,1,13,6271.0
410,1,14,7022.0
410,1,15,8568.0
410,1,16,6449.0
410,1,17,7840.0
410,1,18,9055.0
410,1,19,8101.0
410,1,20,7796.0
410,1,21,9980.0
410,1,22,9289.0
410,1,23,7398.0
410,1,24,
410,1,25,8080.0
410,1,26,7083.0
410,1,27,8713.0
410,1,28,7445.0
410,1,29,8082.0
410,1,30,7169.0
410,2,1,0.0
410,2,2,0.0
410,2,3,0.0
410,2,4,0.0
410,2,5,7949.0
410,2,6,5976.0
410,2,7,7556.0
410,2,8,7357.0
410,2,9,4984.0
410,2,10,7649.0
410,2,11,0.0
410,2,12,6657.0
410,2,13,8461.0
410,2,14,8734.0
410,2,15,8496.0
410,2,16,7068.0
410,2,17,9509.0
410,2,18,8103.0
410,2,19,7980.0
410,2,20,8478.0
410,2,21,0.0
410,2,22,0.0
410,2,23,0.0
410,2,24,
410,2,25,7216.0
410,2,26,7834.0
410,2,27,7186.0
410,2,28,8329.0
410,2,29,0.0
410,2,30,0.0
410,3,1,8529.0
410,3,2,
410,3,3,0.0
410,3,4,0.0
410,3,5,8889.0
410,3,6,9482.0
410,3,7,7894.0
410,3,8,0.0
410,3,9,8181.0
410,3,10,7634.0
410,3,11,9242.0
410,3,12,8784.0
410,3,13,
410,3,14,0.0
410,3,15,0.0
410,3,16,6763.0
410,3,17,8392.0
410,3,18,8990.0
410,3,19,0.0
410,3,20,0.0
410,3,21,0.0
410,3,22,
410,3,23,0.0
410,3,24,0.0
410,3,25,7086.0
410,3,26,6859.0
410,3,27,7620.0
410,3,28,7108.0
410,3,29,0.0
410,3,30,0.0
411,1,1,4216.0
411,1,2,6080.0
411,1,3,2670.0
411,1,4,4840.0
411,1,5,4322.0
411,1,6,4640.0
411,1,7,6694.0
411,1,8,5007.0
411,1,9,0.0
411,1,10,5095.0
411,1,11,5575.0
411,1,12,4308.0
411,1,13,4689.0
411,1,14,4296.0
411,1,15,
411,1,16,5436.0
411,1,17,5079.0
411,1,18,4294.0
411,1,19,4213.0
411,1,20,3180.0
411,1,21,5115.0
411,1,22,5019.0
411,1,23,4556.0
411,1,24,5063.0
411,1,25,4851.0
411,1,26,4728.0
411,1,27,4803.0
411,1,28,6125.0
411,1,29,
411,1,30,4305.0
411,2,1,0.0
411,2,2,4669.0
411,2,3,5761.0
411,2,4,3589.0
411,2,5,
411,2,6,3529.0
411,2,7,5417.0
411,2,8,
411,2,9,0.0
411,2,10,5681.0
411,2,11,3909.0
411,2,12,0.0
411,2,13,5665.0
411,2,14,
411,2,15,0.0
411,2,16,4356.0
411,2,17,0.0
411,2,18,4276.0
411,2,19,0.0
411,2,20,5919.0
411,2,21,4402.0
411,2,22,4175.0
411,2,23,5810.0
411,2,24,5290.0
411,2,25,
411,2,26,5968.0
411,2,27,4268.0
411,2,28,3624.0
411,2,29,0.0
411,2,30,5290.0
411,3,1,5258.0
411,3,2,4336.0
411,3,3,4979.0
411,3,4,5151.0
411,3,5,5462.0
411,3,6,0.0
411,3,7,7044.0
411,3,8,
411,3,9,5432.0
411,3,10,4023.0
411,3,11,5201.0
411,3,12,5004.0
411,3,13,
411,3,14,
411,3,15,0.0
411,3,16,0.0
411,3,17,4516.0
411,3,18,
411,3,19,5034.0
411,3,20,5262.0
411,3,21,5878.0
411,3,22,
411,3,23,6202.0
411,3,24,2288.0
411,3,25,5824.0
411,3,26,5028.0
411,3,27,3869.0
411,3,28,4430.0
411,3,29,0.0
411,3,30,0.0
412,1,1,10535.0
412,1,2,10369.0
412,1,3,12651.0
412,1,4,11495.0
412,1,5,13190.0
412,1,6,12831.0
412,1,7,12090.0
412,1,8,11019.0
412,1,9,10810.0
412,1,10,12539.0
412,1,11,12165.0
412,1,12,12148.0
412,1,13,12318.0
412,1,14,12366.0
412,1,15,11972.0
412,1,16,11869.0
412,1,17,10933.0
412,1,18,10717.0
412,1,19,11159.0
412,1,20,13046.0
412,1,21,11132.0
412,1,22,11874.0
412,1,23,11352.0
412,1,24,11283.0
412,1,25,11038.0
412,1,26,13180.0
412,1,27,11473.0
412,1,28,10797.0
412,1,29,10661.0
412,1,30,12147.0
412,2,1,11474.0
412,2,2,12739.0
412,2,3,9817.0
412,2,4,11809.0
412,2,5,11078.0
412,2,6,12614.0
412,2,7,12174.0
412,2,8,11883.0
412,2,9,12016.0
412,2,10,11916.0
412,2,11,9781.0
412,2,12,11410.0
412,2,13,12727.0
412,2,14,11562.0
412,2,15,11031.0
412,2,16,11306.0
412,2,17,12678.0
412,2,18,9532.0
412,2,19,12382.0
412,2,20,12510.0
412,2,21,12276.0
412,2,22,10695.0
412,2,23,11234.0
412,2,24,11809.0
412,2,25,11515.0
412,2,26,9920.0
412,2,27,12304.0
412,2,28,10909.0
412,2,29,12661.0
412,2,30,12429.0
412,3,1,10507.0
412,3,2,10716.0
412,3,3,10437.0
412,3,4,11260.0
412,3,5,12148.0
412,3,6,10885.0
412,3,7,12405.0
412,3,8,11796.0
412,3,9,10375.0
412,3,10,11055.0
412,3,11,11306.0
412,3,12,11626.0
412,3,13,11033.0
412,3,14,13167.0
412,3,15,12813.0
412,3,16,12309.0
412,3,17,11614.0
412,3,18,12509.0
412,3,19,12501.0
412,3,20,10966.0
412,3,21,11794.0
412,3,22,11968.0
412,3,23,12141.0
412,3,24,12378.0
412,3,25,12185.0
412,3,26,13273.0
412,3,27,13047.0
412,3,28,11351.0
412,3,29,12337.0
412,3,30,12175.0
413,1,1,9910.0
413,1,2,9183.0
413,1,3,10074.0
413,1,4,10649.0
413,1,5,8649.0
413,1,6,10099.0
413,1,7,8181.0
413,1,8,9663.0
413,1,9,9562.0
413,1,10,9393.0
413,1,11,9604.0
413,1,12,7312.0
413,1,13,8300.0
413,1,14,9378.0
413,1,15,8602.0
413,1,16,9517.0
413,1,17,9957.0
413,1,18,10292.0
413,1,19,9316.0
413,1,20,10138.0
413,1,21,9517.0
413,1,22,9627.0
413,1,23,7960.0
413,1,24,9126.0
413,1,25,8394.0
413,1,26,9983.0
413,1,27,8936.0
413,1,28,7772.0
413,1,29,11522.0
413,1,30,8238.0
413,2,1,7651.0
413,2,2,7513.0
413,2,3,9071.0
413,2,4,8563.0
413,2,5,8935.0
413,2,6,9673.0
413,2,7,10260.0
413,2,8,9255.0
413,2,9,8276.0
413,2,10,9302.0
413,2,11,9023.0
413,2,12,0.0
413,2,13,8648.0
413,2,14,8763.0
413,2,15,9614.0
413,2,16,8714.0
413,2,17,9966.0
413,2,18,10184.0
413,2,19,10173.0
413,2,20,10383.0
413,2,21,9694.0
413,2,22,0.0
413,2,23,9023.0
413,2,24,9066.0
413,2,25,8175.0
413,2,26,9992.0
413,2,27,8701.0
413,2,28,11077.0
413,2,29,9600.0
413,2,30,
413,3,1,12307.0
413,3,2,
413,3,3,9937.0
413,3,4,9060.0
413,3,5,8709.0
413,3,6,10745.0
413,3,7,8584.0
413,3,8,11181.0
413,3,9,9008.0
413,3,10,7225.0
413,3,11,9327.0
413,3,12,10306.0
413,3,13,0.0
413,3,14,10592.0
413,3,15,9632.0
413,3,16,
413,3,17,11662.0
413,3,18,8777.0
413,3,19,0.0
413,3,20,9093.0
413,3,21,8724.0
413,3,22,9454.0
413,3,23,10081.0
413,3,24,10042.0
413,3,25,8210.0
413,3,26,10081.0
413,3,27,8257.0
413,3,28,9375.0
413,3,29,9807.0
413,3,30,9963.0
414,1,1,4812.0
414,1,2,3359.0
414,1,3,5401.0
414,1,4,5376.0
414,1,5,3674.0
414,1,6,5119.0
414,1,7,0.0
414,1,8,4570.0
414,1,9,5062.0
414,1,10,0.0
414,1,11,4449.0
414,1,12,6817.0
414,1,13,4466.0
414,1,14,3814.0
414,1,15,4298.0
414,1,16,
414,1,17,3220.0
414,1,18,5354.0
414,1,19,0.0
414,1,20,3859.0
414,1,21,
414,1,22,4521.0
414,1,23,3084.0
414,1,24,3552.0
414,1,25,4356.0
414,1,26,4865.0
414,1,27,4286.0
414,1,28,4261.0
414,1,29,4406.0
414,1,30,3398.0
414,2,1,
414,2,2,
414,2,3,3976.0
414,2,4,3904.0
414,2,5,4221.0
414,2,6,3372.0
414,2,7,5722.0
414,2,8,4104.0
414,2,9,5533.0
414,2,10,
414,2,11,4329.0
414,2,12,
414,2,13,0.0
414,2,14,3389.0
414,2,15,1861.0
414,2,16,0.0
414,2,17,5628.0
414,2,18,3898.0
414,2,19,
414,2,20,4356.0
414,2,21,5243.0
414,2,22,5490.0
414,2,23,4004.0
414,2,24,0.0
414,2,25,1458.0
414,2,26,0.0
414,2,27,0.0
414,2,28,0.0
414,2,29,0.0
414,2,30,4844.0
414,3,1,4450.0
414,3,2,4450.0
414,3,3,0.0
414,3,4,4167.0
414,3,5,
414,3,6,0.0
414,3,7,2851.0
414,3,8,0.0
414,3,9,0.0
414,3,10,4692.0
414,3,11,0.0
414,3,12,2886.0
414,3,13,0.0
414,3,14,0.0
414,3,15,0.0
414,3,16,3679.0
414,3,17,0.0
414,3,18,0.0
414,3,19,5029.0
414,3,20,0.0
414,3,21,5174.0
414,3,22,2778.0
414,3,23,4090.0
414,3,24,4532.0
414,3,25,4985.0
414,3,26,
414,3,27,0.0
414,3,28,0.0
414,3,29,
414,3,30,4435.0
415,1,1,7514.0
415,1,2,10178.0
415,1,3,9339.0
415,1,4,8377.0
415,1,5,7565.0
415,1,6,8018.0
415,1,7,10049.0
415,1,8,8417.0
415,1,9,8962.0
415,1,10,8109.0
415,1,11,10148.0
415,1,12,7113.0
415,1,13,
415,1,14,8149.0
415,1,15,7476.0
415,1,16,9470.0
415,1,17,7846.0
415,1,18,7529.0
415,1,19,7913.0
415,1,20,10312.0
415,1,21,10320.0
415,1,22,9922.0
415,1,23,0.0
415,1,24,9469.0
415,1,25,0.0
415,1,26,9758.0
415,1,27,10694.0
415,1,28,9825.0
415,1,29,
415,1,30,9056.0
415,2,1,8963.0
415,2,2,10320.0
415,2,3,6729.0
415,2,4,10610.0
415,2,5,8009.0
415,2,6,9087.0
415,2,7,8391.0
415,2,8,7259.0
415,2,9,9310.0
415,2,10,8616.0
415,2,11,10712.0
415,2,12,9693.0
415,2,13,8933.0
415,2,14,8903.0
415,2,15,8833.0
415,2,16,9114.0
415,2,17,7469.0
415,2,18,8296.0
415,2,19,9102.0
415,2,20,8097.0
415,2,21,6973.0
415,2,22,0.0
415,2,23,
415,2,24,8799.0
415,2,25,9838.0
415,2,26,8303.0
415,2,27,8794.0
415,2,28,11040.0
415,2,29,9401.0
415,2,30,9424.0
415,3,1,7340.0
415,3,2,9138.0
415,3,3,9244.0
415,3,4,10688.0
415,3,5,8583.0
415,3,6,7064.0
415,3,7,8609.0
415,3,8,7987.0
415,3,9,7296.0
415,3,10,8146.0
415,3,11,9682.0
415,3,12,8702.0
415,3,13,0.0
415,3,14,10146.0
415,3,15,8055.0
415,3,16,7389.0
415,3,17,10444.0
415,3,18,7273.0
415,3,19,10242.0
415,3,20,6726.0
415,3,21,9523.0
415,3,22,7366.0
415,3,23,8630.0
415,3,24,10004.0
415,3,25,9730.0
415,3,26,9914.0
415,3,27,10893.0
415,3,28,8491.0
415,3,29,0.0
415,3,30,7211.0
416,1,1,4265.0
416,1,2,
416,1,3,3458.0
416,1,4,0.0
416,1,5,2235.0
416,1,6,0.0
416,1,7,4045.0
416,1,8,4413.0
416,1,9,6291.0
416,1,10,3362.0
416,1,11,0.0
416,1,12,3807.0
416,1,13,5019.0
416,1,14,3544.0
416,1,15,4050.0
416,1,16,1318.0
416,1,17,3884.0
416,1,18,3261.0
416,1,19,5810.0
416,1,20,3133.0
416,1,21,
416,1,22,6183.0
416,1,23,3825.0
416,1,24,
416,1,25,3997.0
416,1,26,4740.0
416,1,27,5204.0
416,1,28,4331.0
416,1,29,4642.0
416,1,30,6166.0
416,2,1,
416,2,2,5310.0
416,2,3,0.0
416,2,4,4094.0
416,2,5,0.0
416,2,6,4486.0
416,2,7,4914.0
416,2,8,
416,2,9,4439.0
416,2,10,4440.0
416,2,11,3438.0
416,2,12,0.0
416,2,13,4802.0
416,2,14,0.0
416,2,15,3666.0
416,2,16,0.0
416,2,17,0.0
416,2,18,4085.0
416,2,19,4747.0
416,2,20,
416,2,21,0.0
416,2,22,2967.0
416,2,23,4015.0
416,2,24,0.0
416,2,25,4971.0
416,2,26,5313.0
416,2,27,4132.0
416,2,28,6338.0
416,2,29,4858.0
416,2,30,0.0
416,3,1,3586.0
416,3,2,3039.0
416,3,3,3509.0
416,3,4,3390.0
416,3,5,
416,3,6,0.0
416,3,7,4500.0
416,3,8,3773.0
416,3,9,0.0
416,3,10,
416,3,11,4489.0
416,3,12,0.0
416,3,13,4838.0
416,3,14,4008.0
416,3,15,0.0
416,3,16,
416,3,17,0.0
416,3,18,5298.0
416,3,19,0.0
416,3,20,
416,3,21,0.0
416,3,22,0.0
416,3,23,0.0
416,3,24,4883.0
416,3,25,3349.0
416,3,26,
416,3,27,5178.0
416,3,28,
416,3,29,0.0
416,3,30,0.0
417,1,1,5320.0
417,1,2,7989.0
417,1,3,6712.0
417,1,4,6537.0
417,1,5,6181.0
417,1,6,
417,1,7,5390.0
417,1,8,0.0
417,1,9,4827.0
417,1,10,6429.0
417,1,11,6157.0
417,1,12,
417,1,13,4688.0
417,1,14,6630.0
417,1,15,0.0
417,1,16,3676.0
417,1,17,6772.0
417,1,18,5132.0
417,1,19,4070.0
417,1,20,5057.0
417,1,21,0.0
417,1,22,5866.0
417,1,23,4698.0
417,1,24,5284.0
417,1,25,6045.0
417,1,26,
417,1,27,5165.0
417,1,28,6325.0
417,1,29,5615.0
417,1,30,5484.0
417,2,1,0.0
417,2,2,6039.0
417,2,3,6364.0
417,2,4,6502.0
417,2,5,0.0
417,2,6,5592.0
417,2,7,0.0
417,2,8,5494.0
417,2,9,0.0
417,2,10,
417,2,11,0.0
417,2,12,6469.0
417,2,13,5638.0
417,2,14,
417,2,15,6095.0
417,2,16,4958.0
417,2,17,5564.0
417,2,18,4782.0
417,2,19,7766.0
417,2,20,5440.0
417,2,21,5290.0
417,2,22,5782.0
417,2,23,
417,2,24,6269.0
417,2,25,0.0
417,2,26,3821.0
417,2,27,0.0
417,2,28,7162.0
417,2,29,3704.0
417,2,30,4337.0
417,3,1,5574.0
417,3,2,0.0
417,3,3,
417,3,4,6655.0
417,3,5,
417,3,6,7782.0
417,3,7,6585.0
417,3,8,0.0
417,3,9,5855.0
417,3,10,6524.0
417,3,11,4237.0
417,3,12,0.0
417,3,13,0.0
417,3,14,0.0
417,3,15,7203.0
417,3,16,0.0
417,3,17,5642.0
417,3,18,
417,3,19,4037.0
417,3,20,6354.0
417,3,21,3867.0
417,3,22,
417,3,23,7144.0
417,3,24,5914.0
417,3,25,
417,3,26,6173.0
417,3,27,0.0
417,3,28,
417,3,29,6554.0
417,3,30,
418,1,1,8581.0
418,1,2,8663.0
418,1,3,9018.0
418,1,4,9602.0
418,1,5,7172.0
418,1,6,8013.0
418,1,7,6689.0
418,1,8,8969.0
418,1,9,10424.0
418,1,10,7727.0
418,1,11,7099.0
418,1,12,7846.0
418,1,13,8580.0
418,1,14,7988.0
418,1,15,7499.0
418,1,16,7251.0
418,1,17,7058.0
418,1,18,7843.0
418,1,19,6948.0
418,1,20,6855.0
418,1,21,6840.0
418,1,22,7402.0
418,1,23,8641.0
418,1,24,7318.0
418,1,25,7994.0
418,1,26,6351.0
418,1,27,9199.0
418,1,28,0.0
418,1,29,9254.0
418,1,30,7048.0
418,2,1,8619.0
418,2,2,9149.0
418,2,3,8230.0
418,2,4,6142.0
418,2,5,7754.0
418,2,6,7231.0
418,2,7,6790.0
418,2,8,9030.0
418,2,9,8248.0
418,2,10,8072.0
418,2,11,7614.0
418,2,12,8886.0
418,2,13,9345.0
418,2,14,8120.0
418,2,15,8154.0
418,2,16,7739.0
418,2,17,5664.0
418,2,18,0.0
418,2,19,8830.0
418,2,20,9153.0
418,2,21,8686.0
418,2,22,
418,2,23,6190.0
418,2,24,8584.0
418,2,25,8482.0
418,2,26,7124.0
418,2,27,7928.0
418,2,28,8032.0
418,2,29,7992.0
418,2,30,8011.0
418,3,1,8700.0
418,3,2,8726.0
418,3,3,7660.0
418,3,4,9190.0
418,3,5,8436.0
418,3,6,9644.0
418,3,7,8512.0
418,3,8,7407.0
418,3,9,8497.0
418,3,10,8029.0
418,3,11,9256.0
418,3,12,6792.0
418,3,13,7525.0
418,3,14,7275.0
418,3,15,8809.0
418,3,16,8479.0
418,3,17,
418,3,18,7114.0
418,3,19,7495.0
418,3,20,8156.0
418,3,21,9245.0
418,3,22,
418,3,23,
418,3,24,8948.0
418,3,25,8034.0
418,3,26,9454.0
418,3,27,7989.0
418,3,28,9214.0
418,3,29,9462.0
418,3,30,8667.0
419,1,1,0.0
419,1,2,2442.0
419,1,3,3153.0
419,1,4,0.0
419,1,5,4532.0
419,1,6,4065.0
419,1,7,4071.0
419,1,8,5339.0
419,1,9,3918.0
419,1,10,0.0
419,1,11,6081.0
419,1,12,
419,1,13,5917.0
419,1,14,4487.0
419,1,15,3860.0
419,1,16,5913.0
419,1,17,
419,1,18,4135.0
419,1,19,0.0
419,1,20,4700.0
419,1,21,4773.0
419,1,22,4288.0
419,1,23,4778.0
419,1,24,2764.0
419,1,25,0.0
419,1,26,4115.0
419,1,27,4331.0
419,1,28,3858.0
419,1,29,4966.0
419,1,30,4162.0
419,2,1,6041.0
419,2,2,0.0
419,2,3,4423.0
419,2,4,4000.0
419,2,5,6536.0
419,2,6,3091.0
419,2,7,0.0
419,2,8,0.0
419,2,9,4720.0
419,2,10,4294.0
419,2,11,
419,2,12,
419,2,13,4048.0
419,2,14,0.0
419,2,15,5037.0
419,2,16,4273.0
419,2,17,3221.0
419,2,18,3362.0
419,2,19,4173.0
419,2,20,0.0
419,2,21,5642.0
419,2,22,0.0
419,2,23,6590.0
419,2,24,3887.0
419,2,25,4341.0
419,2,26,4533.0
419,2,27,5933.0
419,2,28,3200.0
419,2,29,0.0
419,2,30,0.0
419,3,1,0.0
419,3,2,4611.0
419,3,3,4456.0
419,3,4,3541.0
419,3,5,0.0
419,3,6,0.0
419,3,7,6960.0
419,3,8,0.0
419,3,9,4881.0
419,3,10,0.0
419,3,11,4303.0
419,3,12,5870.0
419,3,13,6488.0
419,3,14,4383.0
419,3,15,3960.0
419,3,16,0.0
419,3,17,4592.0
419,3,18,6314.0
419,3,19,4778.0
419,3,20,0.0
419,3,21,3469.0
419,3,22,0.0
419,3,23,0.0
419,3,24,4628.0
419,3,25,0.0
419,3,26,0.0
419,3,27,4419.0
419,3,28,0.0
419,3,29,0.0
419,3,30,
420,1,1,11044.0
420,1,2,10616.0
420,1,3,13010.0
420,1,4,10349.0
420,1,5,11394.0
420,1,6,13089.0
420,1,7,10392.0
420,1,8,10775.0
420,1,9,11864.0
420,1,10,11430.0
420,1,11,10254.0
420,1,12,11811.0
420,1,13,9830.0
420,1,14,10263.0
420,1,15,11560.0
420,1,16,9053.0
420,1,17,9688.0
420,1,18,10481.0
420,1,19,11040.0
420,1,20,12041.0
420,1,21,9711.0
420,1,22,10881.0
420,1,23,11370.0
420,1,24,10089.0
420,1,25,7913.0
420,1,26,9919.0
420,1,27,10046.0
420,1,28,10268.0
420,1,29,9891.0
420,1,30,0.0
420,2,1,10255.0
420,2,2,10406.0
420,2,3,0.0
420,2,4,10302.0
420,2,5,10562.0
420,2,6,11418.0
420,2,7,11809.0
420,2,8,9231.0
420,2,9,0.0
420,2,10,9413.0
420,2,11,11314.0
420,2,12,11465.0
420,2,13,9876.0
420,2,14,11089.0
420,2,15,10355.0
420,2,16,10685.0
420,2,17,9942.0
420,2,18,9984.0
420,2,19,11910.0
420,2,20,9491.0
420,2,21,11943.0
420,2,22,10956.0
420,2,23,9926.0
420,2,24,11853.0
420,2,25,8624.0
420,2,26,11001.0
420,2,27,10129.0
420,2,28,9253.0
420,2,29,10393.0
420,2,30,11248.0
420,3,1,0.0
420,3,2,9383.0
420,3,3,9230.0
420,3,4,11378.0
420,3,5,8569.0
420,3,6,10956.0
420,3,7,9808.0
420,3,8,9844.0
420,3,9,8945.0
420,3,10,8931.0
420,3,11,9890.0
420,3,12,11707.0
420,3,13,10804.0
420,3,14,10244.0
420,3,15,10048.0
420,3,16,9036.0
420,3,17,10566.0
420,3,18,11102.0
420,3,19,10815.0
420,3,20,10600.0
420,3,21,10133.0
420,3,22,10403.0
420,3,23,10321.0
420,3,24,11818.0
420,3,25,10473.0
420,3,26,11260.0
420,3,27,10878.0
420,3,28,9861.0
420,3,29,9511.0
420,3,30,12713.0
421,1,1,3645.0
421,1,2,0.0
421,1,3,5097.0
421,1,4,4347.0
421,1,5,2977.0
421,1,6,3085.0
421,1,7,0.0
421,1,8,3871.0
421,1,9,4066.0
421,1,10,3467.0
421,1,11,3529.0
421,1,12,4144.0
421,1,13,2710.0
421,1,14,4122.0
421,1,15,3718.0
421,1,16,4823.0
421,1,17,3135.0
421,1,18,5967.0
421,1,19,4467.0
421,1,20,4594.0
421,1,21,3887.0
421,1,22,4123.0
421,1,23,2329.0
421,1,24,5453.0
421,1,25,3879.0
421,1,26,2793.0
421,1,27,3391.0
421,1,28,0.0
421,1,29,3465.0
421,1,30,0.0
421,2,1,
421,2,2,0.0
421,2,3,4901.0
421,2,4,4057.0
421,2,5,5090.0
421,2,6,5034.0
421,2,7,4831.0
421,2,8,3933.0
421,2,9,6455.0
421,2,10,4422.0
421,2,11,3095.0
421,2,12,3726.0
421,2,13,
421,2,14,4704.0
421,2,15,5219.0
421,2,16,3837.0
421,2,17,2623.0
421,2,18,4581.0
421,2,19,5424.0
421,2,20,3659.0
421,2,21,
421,2,22,3900.0
421,2,23,5890.0
421,2,24,0.0
421,2,25,5094.0
421,2,26,0.0
421,2,27,5890.0
421,2,28,4746.0
421,2,29,0.0
421,2,30,4000.0
421,3,1,5018.0
421,3,2,2333.0
421,3,3,6986.0
421,3,4,3466.0
421,3,5,1815.0
421,3,6,
421,3,7,
421,3,8,6094.0
421,3,9,0.0
421,3,10,0.0
421,3,11,4686.0
421,3,12,4681.0
421,3,13,4182.0
421,3,14,3721.0
421,3,15,5137.0
421,3,16,0.0
421,3,17,4325.0
421,3,18,
421,3,19,
421,3,20,4084.0
421,3,21,0.0
421,3,22,3984.0
421,3,23,0.0
421,3,24,4633.0
421,3,25,4810.0
421,3,26,0.0
421,3,27,4162.0
421,3,28,3162.0
421,3,29,3822.0
421,3,30,
422,1,1,9732.0
422,1,2,11294.0
422,1,3,11142.0
422,1,4,10325.0
422,1,5,10061.0
422,1,6,11761.0
422,1,7,11628.0
422,1,8,14326.0
422,1,9,10984.0
422,1,10,11674.0
422,1,11,11447.0
422,1,12,9527.0
422,1,13,10028.0
422,1,14,11825.0
422,1,15,10978.0
422,1,16,12280.0
422,1,17,11684.0
422,1,18,10128.0
422,1,19,10319.0
422,1,20,10214.0
422,1,21,12491.0
422,1,22,12174.0
422,1,23,10664.0
422,1,24,12584.0
422,1,25,12673.0
422,1,26,13279.0
422,1,27,12786.0
422,1,28,12925.0
422,1,29,10794.0
422,1,30,12213.0
422,2,1,11489.0
422,2,2,11333.0
422,2,3,10804.0
422,2,4,10249.0
422,2,5,11112.0
422,2,6,10684.0
422,2,7,11522.0
422,2,8,12077.0
422,2,9,11486.0
422,2,10,11279.0
422,2,11,11627.0
422,2,12,11894.0
422,2,13,11379.0
422,2,14,11235.0
422,2,15,12291.0
422,2,16,10865.0
422,2,17,11562.0
422,2,18,14674.0
422,2,19,11664.0
422,2,20,9540.0
422,2,21,10923.0
422,2,22,0.0
422,2,23,9193.0
422,2,24,11092.0
422,2,25,12057.0
422,2,26,11575.0
422,2,27,9724.0
422,2,28,11192.0
422,2,29,10550.0
422,2,30,10626.0
422,3,1,9530.0
422,3,2,11453.0
422,3,3,11749.0
422,3,4,12230.0
422,3,5,12574.0
422,3,6,11851.0
422,3,7,10174.0
422,3,8,11660.0
422,3,9,11501.0
422,3,10,11594.0
422,3,11,13031.0
422,3,12,12623.0
422,3,13,12988.0
422,3,14,12131.0
422,3,15,10267.0
422,3,16,
422,3,17,13269.0
422,3,18,11397.0
422,3,19,11577.0
422,3,20,12239.0
422,3,21,11626.0
422,3,22,11229.0
422,3,23,11273.0
422,3,24,11580.0
422,3,25,9981.0
422,3,26,10710.0
422,3,27,11861.0
422,3,28,11084.0
422,3,29,10336.0
422,3,30,11208.0
423,1,1,8922.0
423,1,2,8628.0
423,1,3,7906.0
423,1,4,0.0
423,1,5,7834.0
423,1,6,7838.0
423,1,7,6557.0
423,1,8,6957.0
423,1,9,6918.0
423,1,10,8231.0
423,1,11,9000.0
423,1,12,7461.0
423,1,13,5901.0
423,1,14,6913.0
423,1,15,7373.0
423,1,16,5843.0
423,1,17,0.0
423,1,18,9075.0
423,1,19,8920.0
423,1,20,7170.0
423,1,21,7988.0
423,1,22,7090.0
423,1,23,7944.0
423,1,24,6994.0
423,1,25,7957.0
423,1,26,8406.0
423,1,27,8311.0
423,1,28,5158.0
423,1,29,7721.0
423,1,30,7395.0
423,2,1,7037.0
423,2,2,8036.0
423,2,3,
423,2,4,7244.0
423,2,5,
423,2,6,7364.0
423,2,7,5130.0
423,2,8,6349.0
423,2,9,0.0
423,2,10,8509.0
423,2,11,5787.0
423,2,12,6271.0
423,2,13,5862.0
423,2,14,6115.0
423,2,15,0.0
423,2,16,6702.0
423,2,17,0.0
423,2,18,6342.0
423,2,19,0.0
423,2,20,5536.0
423,2,21,6307.0
423,2,22,0.0
423,2,23,6698.0
423,2,24,6424.0
423,2,25,6888.0
423,2,26,6950.0
423,2,27,6645.0
423,2,28,5583.0
423,2,29,4707.0
423,2,30,7992.0
423,3,1,5890.0
423,3,2,0.0
423,3,3,7904.0
423,3,4,7067.0
423,3,5,8148.0
423,3,6,4863.0
423,3,7,7564.0
423,3,8,5693.0
423,3,9,8773.0
423,3,10,
423,3,11,7253.0
423,3,12,0.0
423,3,13,8884.0
423,3,14,
423,3,15,0.0
423,3,16,0.0
423,3,17,6725.0
423,3,18,6760.0
423,3,19,7700.0
423,3,20,7365.0
423,3,21,9187.0
423,3,22,5865.0
423,3,23,
423,3,24,
423,3,25,
423,3,26,8477.0
423,3,27,4782.0
423,3,28,7180.0
423,3,29,0.0
423,3,30,0.0
424,1,1,4891.0
424,1,2,5417.0
424,1,3,4766.0
424,1,4,0.0
424,1,5,5519.0
424,1,6,
424,1,7,5131.0
424,1,8,7286.0
424,1,9,6147.0
424,1,10,6442.0
424,1,11,2676.0
424,1,12,4499.0
424,1,13,5647.0
424,1,14,5450.0
424,1,15,4741.0
424,1,16,5763.0
424,1,17,6356.0
424,1,18,4970.0
424,1,19,6347.0
424,1,20,4962.0
424,1,21,
424,1,22,4819.0
424,1,23,6080.0
424,1,24,5977.0
424,1,25,7468.0
424,1,26,0.0
424,1,27,0.0
424,1,28,5588.0
424,1,29,4252.0
424,1,30,6026.0
424,2,1,4957.0
424,2,2,5644.0
424,2,3,4425.0
424,2,4,0.0
424,2,5,6885.0
424,2,6,5405.0
424,2,7,0.0
424,2,8,5072.0
424,2,9,5214.0
424,2,10,0.0
424,2,11,5588.0
424,2,12,7876.0
424,2,13,5763.0
424,2,14,0.0
424,2,15,6643.0
424,2,16,5757.0
424,2,17,
424,2,18,4059.0
424,2,19,5772.0
424,2,20,
424,2,21,4491.0
424,2,22,
424,2,23,4571.0
424,2,24,2526.0
424,2,25,6759.0
424,2,26,4740.0
424,2,27,7974.0
424,2,28,5809.0
424,2,29,5280.0
424,2,30,5870.0
424,3,1,5922.0
424,3,2,0.0
424,3,3,0.0
424,3,4,5908.0
424,3,5,0.0
424,3,6,0.0
424,3,7,
424,3,8,6625.0
424,3,9,4892.0
424,3,10,6221.0
424,3,11,0.0
424,3,12,7766.0
424,3,13,0.0
424,3,14,
424,3,15,0.0
424,3,16,0.0
424,3,17,5081.0
424,3,18,
424,3,19,4668.0
424,3,20,3665.0
424,3,21,0.0
424,3,22,0.0
424,3,23,3871.0
424,3,24,
424,3,25,5487.0
424,3,26,5337.0
424,3,27,0.0
424,3,28,5903.0
424,3,29,4927.0
424,3,30,6482.0
425,1,1,4155.0
425,1,2,4162.0
425,1,3,3676.0
425,1,4,5549.0
425,1,5,5288.0
425,1,6,3951.0
425,1,7,3617.0
425,1,8,5454.0
425,1,9,5675.0
425,1,10,
425,1,11,5507.0
425,1,12,4951.0
425,1,13,0.0
425,1,14,4645.0
425,1,15,4342.0
425,1,16,5645.0
425,1,17,5519.0
425,1,18,3982.0
425,1,19,5242.0
425,1,20,5321.0
425,1,21,
425,1,22,0.0
425,1,23,4428.0
425,1,24,4219.0
425,1,25,
425,1,26,3876.0
425,1,27,3639.0
425,1,28,5084.0
425,1,29,4100.0
425,1,30,4696.0
425,2,1,0.0
425,2,2,0.0
425,2,3,4051.0
425,2,4,5302.0
425,2,5,4453.0
425,2,6,6575.0
425,2,7,4738.0
425,2,8,4439.0
425,2,9,5830.0
425,2,10,5603.0
425,2,11,
425,2,12,3838.0
425,2,13,2507.0
425,2,14,3611.0
425,2,15,2098.0
425,2,16,4868.0
425,2,17,4842.0
425,2,18,0.0
425,2,19,2970.0
425,2,20,5926.0
425,2,21,2937.0
425,2,22,
425,2,23,6199.0
425,2,24,0.0
425,2,25,3475.0
425,2,26,5010.0
425,2,27,0.0
425,2,28,6403.0
425,2,29,
425,2,30,0.0
425,3,1,4526.0
425,3,2,3153.0
425,3,3,5003.0
425,3,4,0.0
425,3,5,4439.0
425,3,6,6635.0
425,3,7,
425,3,8,
425,3,9,0.0
425,3,10,0.0
425,3,11,0.0
425,3,12,5122.0
425,3,13,0.0
425,3,14,2755.0
425,3,15,5813.0
425,3,16,5368.0
425,3,17,5596.0
425,3,18,0.0
425,3,19,0.0
425,3,20,5190.0
425,3,21,4407.0
425,3,22,
425,3,23,
425,3,24,
425,3,25,4526.0
425,3,26,
425,3,27,0.0
425,3,28,3964.0
425,3,29,5522.0
425,3,30,4829.0
426,1,1,3513.0
426,1,2,4838.0
426,1,3,5410.0
426,1,4,6293.0
426,1,5,4357.0
426,1,6,4074.0
426,1,7,5551.0
426,1,8,7290.0
426,1,9,4744.0
426,1,10,0.0
426,1,11,0.0
426,1,12,4957.0
426,1,13,6760.0
426,1,14,4678.0
426,1,15,8192.0
426,1,16,6378.0
426,1,17,6095.0
426,1,18,2424.0
426,1,19,5575.0
426,1,20,4200.0
426,1,21,4219.0
426,1,22,8131.0
426,1,23,4951.0
426,1,24,0.0
426,1,25,3758.0
426,1,26,7216.0
426,1,27,5064.0
426,1,28,5275.0
426,1,29,4985.0
426,1,30,4475.0
426,2,1,5794.0
426,2,2,5698.0
426,2,3,6753.0
426,2,4,4318.0
426,2,5,
426,2,6,
426,2,7,4248.0
426,2,8,2890.0
426,2,9,4880.0
426,2,10,0.0
426,2,11,4448.0
426,2,12,
426,2,13,6972.0
426,2,14,4755.0
426,2,15,5904.0
426,2,16,4036.0
426,2,17,5773.0
426,2,18,6452.0
426,2,19,5208.0
426,2,20,4152.0
426,2,21,6443.0
426,2,22,5776.0
426,2,23,
426,2,24,0.0
426,2,25,4729.0
426,2,26,5433.0
426,2,27,0.0
426,2,28,3812.0
426,2,29,3033.0
426,2,30,
426,3,1,0.0
426,3,2,5394.0
426,3,3,5801.0
426,3,4,5601.0
426,3,5,5499.0
426,3,6,0.0
426,3,7,4869.0
426,3,8,5187.0
426,3,9,0.0
426,3,10,4896.0
426,3,11,
426,3,12,5372.0
426,3,13,3064.0
426,3,14,5599.0
426,3,15,5943.0
426,3,16,
426,3,17,0.0
426,3,18,6158.0
426,3,19,0.0
426,3,20,0.0
426,3,21,6363.0
426,3,22,
426,3,23,5078.0
426,3,24,5025.0
426,3,25,0.0
426,3,26,6218.0
426,3,27,4911.0
426,3,28,0.0
426,3,29,0.0
426,3,30,4924.0
427,1,1,4558.0
427,1,2,3798.0
427,1,3,4432.0
427,1,4,5701.0
427,1,5,5701.0
427,1,6,4528.0
427,1,7,3919.0
427,1,8,0.0
427,1,9,4879.0
427,1,10,3549.0
427,1,11,3732.0
427,1,12,4185.0
427,1,13,0.0
427,1,14,5308.0
427,1,15,4102.0
427,1,16,5661.0
427,1,17,4289.0
427,1,18,4068.0
427,1,19,6192.0
427,1,20,4034.0
427,1,21,
427,1,22,4253.0
427,1,23,5931.0
427,1,24,5391.0
427,1,25,4445.0
427,1,26,4537.0
427,1,27,0.0
427,1,28,4846.0
427,1,29,3764.0
427,1,30,0.0
427,2,1,
427,2,2,0.0
427,2,3,3862.0
427,2,4,0.0
427,2,5,4918.0
427,2,6,6294.0
427,2,7,4969.0
427,2,8,0.0
427,2,9,4777.0
427,2,10,3286.0
427,2,11,3463.0
427,2,12,5783.0
427,2,13,4910.0
427,2,14,4620.0
427,2,15,
427,2,16,0.0
427,2,17,5005.0
427,2,18,
427,2,19,6309.0
427,2,20,5102.0
427,2,21,5718.0
427,2,22,5031.0
427,2,23,4450.0
427,2,24,5188.0
427,2,25,
427,2,26,0.0
427,2,27,0.0
427,2,28,4205.0
427,2,29,5041.0
427,2,30,0.0
427,3,1,4808.0
427,3,2,6405.0
427,3,3,4127.0
427,3,4,3373.0
427,3,5,4787.0
427,3,6,4836.0
427,3,7,5161.0
427,3,8,
427,3,9,5024.0
427,3,10,3779.0
427,3,11,0.0
427,3,12,5117.0
427,3,13,
427,3,14,
427,3,15,4502.0
427,3,16,0.0
427,3,17,5837.0
427,3,18,
427,3,19,4575.0
427,3,20,0.0
427,3,21,0.0
427,3,22,0.0
427,3,23,4195.0
427,3,24,2828.0
427,3,25,6869.0
427,3,26,0.0
427,3,27,4894.0
427,3,28,5151.0
427,3,29,3982.0
427,3,30,3066.0
428,1,1,0.0
428,1,2,5458.0
428,1,3,6246.0
428,1,4,5112.0
428,1,5,4523.0
428,1,6,4443.0
428,1,7,1007.0
428,1,8,4654.0
428,1,9,3870.0
428,1,10,4385.0
428,1,11,3355.0
428,1,12,0.0
428,1,13,6585.0
428,1,14,3195.0
428,1,15,
428,1,16,6564.0
428,1,17,6181.0
428,1,18,4848.0
428,1,19,6583.0
428,1,20,5594.0
428,1,21,0.0
428,1,22,4360.0
428,1,23,4652.0
428,1,24,5122.0
428,1,25,0.0
428,1,26,6205.0
428,1,27,6441.0
428,1,28,6127.0
428,1,29,4613.0
428,1,30,4683.0
428,2,1,4070.0
428,2,2,4188.0
428,2,3,0.0
428,2,4,6016.0
428,2,5,0.0
428,2,6,0.0
428,2,7,4116.0
428,2,8,0.0
428,2,9,
428,2,10,0.0
428,2,11,5206.0
428,2,12,6706.0
428,2,13,4622.0
428,2,14,4804.0
428,2,15,
428,2,16,0.0
428,2,17,0.0
428,2,18,4835.0
428,2,19,0.0
428,2,20,5947.0
428,2,21,0.0
428,2,22,
428,2,23,6297.0
428,2,24,4327.0
428,2,25,0.0
428,2,26,6682.0
428,2,27,
428,2,28,6380.0
428,2,29,5882.0
428,2,30,6506.0
428,3,1,0.0
428,3,2,5638.0
428,3,3,8302.0
428,3,4,0.0
428,3,5,
428,3,6,4789.0
428,3,7,6412.0
428,3,8,5093.0
428,3,9,3714.0
428,3,10,5206.0
428,3,11,6278.0
428,3,12,
428,3,13,4832.0
428,3,14,6419.0
428,3,15,
428,3,16,0.0
428,3,17,4647.0
428,3,18,5348.0
428,3,19,4110.0
428,3,20,5726.0
428,3,21,5327.0
428,3,22,6584.0
428,3,23,5879.0
428,3,24,0.0
428,3,25,
428,3,26,6244.0
428,3,27,3188.0
428,3,28,3177.0
428,3,29,5268.0
428,3,30,0.0
429,1,1,6538.0
429,1,2,5355.0
429,1,3,7184.0
429,1,4,7700.0
429,1,5,6070.0
429,1,6,3901.0
429,1,7,5292.0
429,1,8,4480.0
429,1,9,6689.0
429,1,10,5557.0
429,1,11,0.0
429,1,12,5672.0
429,1,13,5521.0
429,1,14,5028.0
429,1,15,5697.0
429,1,16,
429,1,17,3862.0
429,1,18,5299.0
429,1,19,7892.0
429,1,20,0.0
429,1,21,6293.0
429,1,22,6214.0
429,1,23,
429,1,24,5381.0
429,1,25,5708.0
429,1,26,6351.0
429,1,27,5274.0
429,1,28,5911.0
429,1,29,0.0
429,1,30,7134.0
429,2,1,0.0
429,2,2,5812.0
429,2,3,5604.0
429,2,4,5104.0
429,2,5,0.0
429,2,6,6640.0
429,2,7,0.0
429,2,8,5988.0
429,2,9,6343.0
429,2,10,7432.0
429,2,11,6529.0
429,2,12,5981.0
429,2,13,5893.0
429,2,14,5933.0
429,2,15,5513.0
429,2,16,6955.0
429,2,17,6805.0
429,2,18,6688.0
429,2,19,6055.0
429,2,20,0.0
429,2,21,
429,2,22,
429,2,23,7735.0
429,2,24,6030.0
429,2,25,0.0
429,2,26,6277.0
429,2,27,6634.0
429,2,28,
429,2,29,5515.0
429,2,30,4367.0
429,3,1,7756.0
429,3,2,5694.0
429,3,3,6444.0
429,3,4,5502.0
429,3,5,5222.0
429,3,6,8490.0
429,3,7,0.0
429,3,8,5019.0
429,3,9,
429,3,10,6752.0
429,3,11,0.0
429,3,12,
429,3,13,0.0
429,3,14,0.0
429,3,15,0.0
429,3,16,0.0
429,3,17,4720.0
429,3,18,5960.0
429,3,19,0.0
429,3,20,0.0
429,3,21,5898.0
429,3,22,0.0
429,3,23,6382.0
429,3,24,4838.0
429,3,25,5488.0
429,3,26,4739.0
429,3,27,
429,3,28,6390.0
429,3,29,4843.0
429,3,30,3859.0
430,1,1,
430,1,2,3822.0
430,1,3,2211.0
430,1,4,5910.0
430,1,5,5425.0
430,1,6,
430,1,7,5433.0
430,1,8,4624.0
430,1,9,3845.0
430,1,10,3774.0
430,1,11,4597.0
430,1,12,4153.0
430,1,13,5482.0
430,1,14,3070.0
430,1,15,4261.0
430,1,16,5149.0
430,1,17,5656.0
430,1,18,4454.0
430,1,19,4885.0
430,1,20,3548.0
430,1,21,5564.0
430,1,22,5876.0
430,1,23,1741.0
430,1,24,
430,1,25,4254.0
430,1,26,4409.0
430,1,27,4422.0
430,1,28,3545.0
430,1,29,4208.0
430,1,30,3597.0
430,2,1,3857.0
430,2,2,4671.0
430,2,3,
430,2,4,0.0
430,2,5,0.0
430,2,6,3477.0
430,2,7,
430,2,8,4710.0
430,2,9,0.0
430,2,10,
430,2,11,0.0
430,2,12,0.0
430,2,13,3917.0
430,2,14,0.0
430,2,15,4860.0
430,2,16,0.0
430,2,17,3979.0
430,2,18,4102.0
430,2,19,4650.0
430,2,20,4409.0
430,2,21,5475.0
430,2,22,2842.0
430,2,23,3292.0
430,2,24,2397.0
430,2,25,3323.0
430,2,26,5273.0
430,2,27,
430,2,28,4610.0
430,2,29,4566.0
430,2,30,4119.0
430,3,1,3296.0
430,3,2,3193.0
430,3,3,0.0
430,3,4,3624.0
430,3,5,3621.0
430,3,6,0.0
430,3,7,0.0
430,3,8,3559.0
430,3,9,
430,3,10,4737.0
430,3,11,0.0
430,3,12,4999.0
430,3,13,4766.0
430,3,14,
430,3,15,0.0
430,3,16,4744.0
430,3,17,0.0
430,3,18,
430,3,19,0.0
430,3,20,3999.0
430,3,21,2832.0
430,3,22,3826.0
430,3,23,0.0
430,3,24,0.0
430,3,25,
430,3,26,4119.0
430,3,27,0.0
430,3,28,4789.0
430,3,29,
430,3,30,
431,1,1,10727.0
431,1,2,9584.0
431,1,3,8276.0
431,1,4,9884.0
431,1,5,10384.0
431,1,6,11097.0
431,1,7,11634.0
431,1,8,9737.0
431,1,9,10021.0
431,1,10,0.0
431,1,11,11346.0
431,1,12,10962.0
431,1,13,8114.0
431,1,14,8549.0
431,1,15,10011.0
431,1,16,10265.0
431,1,17,10348.0
431,1,18,11188.0
431,1,19,10774.0
431,1,20,7385.0
431,1,21,7989.0
431,1,22,8697.0
431,1,23,9322.0
431,1,24,9840.0
431,1,25,10061.0
431,1,26,0.0
431,1,27,9309.0
431,1,28,9574.0
431,1,29,10642.0
431,1,30,9876.0
431,2,1,11791.0
431,2,2,10387.0
431,2,3,10230.0
431,2,4,9427.0
431,2,5,11139.0
431,2,6,9913.0
431,2,7,12218.0
431,2,8,10585.0
431,2,9,9576.0
431,2,10,9255.0
431,2,11,10041.0
431,2,12,9403.0
431,2,13,0.0
431,2,14,9943.0
431,2,15,10212.0
431,2,16,10811.0
431,2,17,10658.0
431,2,18,10037.0
431,2,19,9431.0
431,2,20,10696.0
431,2,21,8338.0
431,2,22,10461.0
431,2,23,
431,2,24,12032.0
431,2,25,10650.0
431,2,26,8752.0
431,2,27,7290.0
431,2,28,9895.0
431,2,29,10048.0
431,2,30,10422.0
431,3,1,9613.0
431,3,2,10655.0
431,3,3,10596.0
431,3,4,9411.0
431,3,5,0.0
431,3,6,10920.0
431,3,7,10158.0
431,3,8,7718.0
431,3,9,8645.0
431,3,10,10087.0
431,3,11,0.0
431,3,12,8642.0
431,3,13,10238.0
431,3,14,11283.0
431,3,15,8226.0
431,3,16,
431,3,17,7792.0
431,3,18,10546.0
431,3,19,10215.0
431,3,20,10021.0
431,3,21,9860.0
431,3,22,9790.0
431,3,23,9671.0
431,3,24,9328.0
431,3,25,8414.0
431,3,26,
431,3,27,8763.0
431,3,28,10894.0
431,3,29,9623.0
431,3,30,11755.0
432,1,1,5239.0
432,1,2,0.0
432,1,3,
432,1,4,0.0
432,1,5,5744.0
432,1,6,3667.0
432,1,7,5752.0
432,1,8,6976.0
432,1,9,6700.0
432,1,10,7867.0
432,1,11,6423.0
432,1,12,7072.0
432,1,13,6814.0
432,1,14,7169.0
432,1,15,5188.0
432,1,16,4674.0
432,1,17,7487.0
432,1,18,3263.0
432,1,19,4515.0
432,1,20,0.0
432,1,21,5419.0
432,1,22,5268.0
432,1,23,5799.0
432,1,24,7199.0
432,1,25,5716.0
432,1,26,5614.0
432,1,27,4880.0
432,1,28,4379.0
432,1,29,5550.0
432,1,30,6670.0
432,2,1,0.0
432,2,2,4151.0
432,2,3,7270.0
432,2,4,5523.0
432,2,5,
432,2,6,0.0
432,2,7,5410.0
432,2,8,6492.0
432,2,9,4917.0
432,2,10,0.0
432,2,11,5900.0
432,2,12,6296.0
432,2,13,4765.0
432,2,14,0.0
432,2,15,5316.0
432,2,16,0.0
432,2,17,6703.0
432,2,18,4993.0
432,2,19,6075.0
432,2,20,4898.0
432,2,21,6081.0
432,2,22,
432,2,23,
432,2,24,
432,2,25,5877.0
432,2,26,5267.0
432,2,27,7729.0
432,2,28,5840.0
432,2,29,5881.0
432,2,30,5959.0
432,3,1,4919.0
432,3,2,5723.0
432,3,3,0.0
432,3,4,
432,3,5,7135.0
432,3,6,6873.0
432,3,7,6279.0
432,3,8,6364.0
432,3,9,5868.0
432,3,10,0.0
432,3,11,5132.0
432,3,12,4915.0
432,3,13,6655.0
432,3,14,6496.0
432,3,15,5092.0
432,3,16,0.0
432,3,17,0.0
432,3,18,0.0
432,3,19,0.0
432,3,20,0.0
432,3,21,0.0
432,3,22,5265.0
432,3,23,4259.0
432,3,24,0.0
432,3,25,0.0
432,3,26,4171.0
432,3,27,3819.0
432,3,28,4262.0
432,3,29,0.0
432,3,30,5042.0
433,1,1,2599.0
433,1,2,0.0
433,1,3,3434.0
433,1,4,1745.0
433,1,5,3838.0
433,1,6,4289.0
433,1,7,2651.0
433,1,8,
433,1,9,3956.0
433,1,10,3653.0
433,1,11,
433,1,12,0.0
433,1,13,0.0
433,1,14,3935.0
433,1,15,2421.0
433,1,16,2885.0
433,1,17,3282.0
433,1,18,2498.0
433,1,19,0.0
433,1,20,2331.0
433,1,21,3476.0
433,1,22,3771.0
433,1,23,3021.0
433,1,24,4339.0
433,1,25,3262.0
433,1,26,0.0
433,1,27,0.0
433,1,28,3734.0
433,1,29,4945.0
433,1,30,2350.0
433,2,1,0.0
433,2,2,0.0
433,2,3,2440.0
433,2,4,2934.0
433,2,5,
433,2,6,3481.0
433,2,7,3158.0
433,2,8,3531.0
433,2,9,3784.0
433,2,10,0.0
433,2,11,5372.0
433,2,12,
433,2,13,3134.0
433,2,14,
433,2,15,0.0
433,2,16,0.0
433,2,17,0.0
433,2,18,0.0
433,2,19,4224.0
433,2,20,2962.0
433,2,21,0.0
433,2,22,2036.0
433,2,23,1365.0
433,2,24,1692.0
433,2,25,3247.0
433,2,26,2456.0
433,2,27,3781.0
433,2,28,2998.0
433,2,29,2624.0
433,2,30,0.0
433,3,1,0.0
433,3,2,0.0
433,3,3,2520.0
433,3,4,0.0
433,3,5,2527.0
433,3,6,0.0
433,3,7,0.0
433,3,8,2674.0
433,3,9,3425.0
433,3,10,0.0
433,3,11,0.0
433,3,12,1935.0
433,3,13,4340.0
433,3,14,2417.0
433,3,15,1853.0
433,3,16,3700.0
433,3,17,
433,3,18,0.0
433,3,19,4130.0
433,3,20,1666.0
433,3,21,4828.0
433,3,22,3261.0
433,3,23,5463.0
433,3,24,3450.0
433,3,25,1592.0
433,3,26,3155.0
433,3,27,0.0
433,3,28,
433,3,29,3295.0
433,3,30,1807.0
434,1,1,0.0
434,1,2,0.0
434,1,3,3948.0
434,1,4,5104.0
434,1,5,6086.0
434,1,6,5390.0
434,1,7,4318.0
434,1,8,4537.0
434,1,9,4787.0
434,1,10,
434,1,11,4889.0
434,1,12,3890.0
434,1,13,4637.0
434,1,14,5704.0
434,1,15,5236.0
434,1,16,4802.0
434,1,17,5337.0
434,1,18,3998.0
434,1,19,5179.0
434,1,20,3145.0
434,1,21,4268.0
434,1,22,4927.0
434,1,23,5280.0
434,1,24,3366.0
434,1,25,4592.0
434,1,26,4560.0
434,1,27,2399.0
434,1,28,4920.0
434,1,29,0.0
434,1,30,4307.0
434,2,1,3600.0
434,2,2,3919.0
434,2,3,0.0
434,2,4,0.0
434,2,5,5460.0
434,2,6,3203.0
434,2,7,5537.0
434,2,8,4172.0
434,2,9,0.0
434,2,10,4667.0
434,2,11,6122.0
434,2,12,3606.0
434,2,13,4291.0
434,2,14,0.0
434,2,15,
434,2,16,0.0
434,2,17,0.0
434,2,18,
434,2,19,
434,2,20,4679.0
434,2,21,4890.0
434,2,22,6215.0
434,2,23,3619.0
434,2,24,3320.0
434,2,25,0.0
434,2,26,4002.0
434,2,27,0.0
434,2,28,
434,2,29,3599.0
434,2,30,5071.0
434,3,1,
434,3,2,0.0
434,3,3,4680.0
434,3,4,4788.0
434,3,5,4126.0
434,3,6,0.0
434,3,7,
434,3,8,3393.0
434,3,9,0.0
434,3,10,
434,3,11,5317.0
434,3,12,
434,3,13,5142.0
434,3,14,5096.0
434,3,15,1871.0
434,3,16,
434,3,17,3610.0
434,3,18,
434,3,19,3981.0
434,3,20,6068.0
434,3,21,3517.0
434,3,22,4740.0
434,3,23,0.0
434,3,24,0.0
434,3,25,5752.0
434,3,26,3819.0
434,3,27,
434,3,28,0.0
434,3,29,0.0
434,3,30,
435,1,1,5612.0
435,1,2,7960.0
435,1,3,6471.0
435,1,4,7122.0
435,1,5,8080.0
435,1,6,7301.0
435,1,7,7950.0
435,1,8,5434.0
435,1,9,6496.0
435,1,10,9013.0
435,1,11,7705.0
435,1,12,6862.0
435,1,13,6927.0
435,1,14,6070.0
435,1,15,6191.0
435,1,16,6340.0
435,1,17,8045.0
435,1,18,7037.0
435,1,19,5824.0
435,1,20,7802.0
435,1,21,8082.0
435,1,22,5341.0
435,1,23,8276.0
435,1,24,0.0
435,1,25,7602.0
435,1,26,6892.0
435,1,27,7379.0
435,1,28,0.0
435,1,29,8274.0
435,1,30,6834.0
435,2,1,7323.0
435,2,2,8054.0
435,2,3,0.0
435,2,4,8185.0
435,2,5,0.0
435,2,6,0.0
435,2,7,7077.0
435,2,8,7649.0
435,2,9,7459.0
435,2,10,
435,2,11,6905.0
435,2,12,7619.0
435,2,13,0.0
435,2,14,8157.0
435,2,15,5117.0
435,2,16,6721.0
435,2,17,0.0
435,2,18,0.0
435,2,19,9032.0
435,2,20,4267.0
435,2,21,0.0
435,2,22,8215.0
435,2,23,5863.0
435,2,24,6949.0
435,2,25,9222.0
435,2,26,7415.0
435,2,27,6450.0
435,2,28,6148.0
435,2,29,
435,2,30,7833.0
435,3,1,9328.0
435,3,2,0.0
435,3,3,5654.0
435,3,4,6528.0
435,3,5,0.0
435,3,6,
435,3,7,0.0
435,3,8,6659.0
435,3,9,7660.0
435,3,10,5271.0
435,3,11,6305.0
435,3,12,0.0
435,3,13,0.0
435,3,14,7493.0
435,3,15,0.0
435,3,16,7412.0
435,3,17,7739.0
435,3,18,0.0
435,3,19,7617.0
435,3,20,6310.0
435,3,21,5841.0
435,3,22,5852.0
435,3,23,0.0
435,3,24,7191.0
435,3,25,6918.0
435,3,26,0.0
435,3,27,0.0
435,3,28,
435,3,29,8400.0
435,3,30,7393.0
436,1,1,4238.0
436,1,2,5057.0
436,1,3,6121.0
436,1,4,
436,1,5,
436,1,6,7279.0
436,1,7,4822.0
436,1,8,5474.0
436,1,9,5889.0
436,1,10,5761.0
436,1,11,5355.0
436,1,12,7053.0
436,1,13,5890.0
436,1,14,4551.0
436,1,15,6674.0
436,1,16,6134.0
436,1,17,6064.0
436,1,18,5522.0
436,1,19,4773.0
436,1,20,3915.0
436,1,21,0.0
436,1,22,4376.0
436,1,23,5445.0
436,1,24,3898.0
436,1,25,6051.0
436,1,26,4845.0
436,1,27,5884.0
436,1,28,5847.0
436,1,29,5756.0
436,1,30,
436,2,1,5550.0
436,2,2,0.0
436,2,3,5124.0
436,2,4,0.0
436,2,5,6725.0
436,2,6,5489.0
436,2,7,0.0
436,2,8,0.0
436,2,9,0.0
436,2,10,5755.0
436,2,11,5405.0
436,2,12,6085.0
436,2,13,5828.0
436,2,14,8649.0
436,2,15,4013.0
436,2,16,0.0
436,2,17,4429.0
436,2,18,5460.0
436,2,19,4606.0
436,2,20,5593.0
436,2,21,5760.0
436,2,22,5335.0
436,2,23,0.0
436,2,24,6687.0
436,2,25,4515.0
436,2,26,4666.0
436,2,27,0.0
436,2,28,6125.0
436,2,29,5856.0
436,2,30,3434.0
436,3,1,4358.0
436,3,2,
436,3,3,0.0
436,3,4,0.0
436,3,5,0.0
436,3,6,5483.0
436,3,7,6296.0
436,3,8,4174.0
436,3,9,5808.0
436,3,10,0.0
436,3,11,0.0
436,3,12,6022.0
436,3,13,0.0
436,3,14,0.0
436,3,15,5418.0
436,3,16,4876.0
436,3,17,4212.0
436,3,18,6147.0
436,3,19,
436,3,20,6782.0
436,3,21,0.0
436,3,22,0.0
436,3,23,0.0
436,3,24,6181.0
436,3,25,4156.0
436,3,26,
436,3,27,3645.0
436,3,28,6059.0
436,3,29,4830.0
436,3,30,8623.0
437,1,1,4727.0
437,1,2,5567.0
437,1,3,5317.0
437,1,4,0.0
437,1,5,5759.0
437,1,6,5480.0
437,1,7,4687.0
437,1,8,4152.0
437,1,9,5851.0
437,1,10,5575.0
437,1,11,7225.0
437,1,12,6138.0
437,1,13,5980.0
437,1,14,6129.0
437,1,15,6724.0
437,1,16,4661.0
437,1,17,5795.0
437,1,18,5659.0
437,1,19,5509.0
437,1,20,4662.0
437,1,21,
437,1,22,7383.0
437,1,23,6225.0
437,1,24,0.0
437,1,25,6902.0
437,1,26,6204.0
437,1,27,4786.0
437,1,28,6439.0
437,1,29,4442.0
437,1,30,0.0
437,2,1,
437,2,2,6547.0
437,2,3,0.0
437,2,4,5346.0
437,2,5,0.0
437,2,6,0.0
437,2,7,7157.0
437,2,8,6444.0
437,2,9,
437,2,10,5413.0
437,2,11,5337.0
437,2,12,6437.0
437,2,13,6251.0
437,2,14,0.0
437,2,15,4604.0
437,2,16,4957.0
437,2,17,5597.0
437,2,18,5353.0
437,2,19,0.0
437,2,20,4965.0
437,2,21,5663.0
437,2,22,8273.0
437,2,23,4535.0
437,2,24,5476.0
437,2,25,0.0
437,2,26,5569.0
437,2,27,
437,2,28,6260.0
437,2,29,6473.0
437,2,30,0.0
437,3,1,4163.0
437,3,2,7154.0
437,3,3,0.0
437,3,4,7048.0
437,3,5,5700.0
437,3,6,6950.0
437,3,7,5746.0
437,3,8,5410.0
437,3,9,
437,3,10,5477.0
437,3,11,5888.0
437,3,12,0.0
437,3,13,3982.0
437,3,14,
437,3,15,7477.0
437,3,16,5186.0
437,3,17,6876.0
437,3,18,0.0
437,3,19,0.0
437,3,20,0.0
437,3,21,
437,3,22,0.0
437,3,23,5446.0
437,3,24,0.0
437,3,25,4660.0
437,3,26,5492.0
437,3,27,0.0
437,3,28,0.0
437,3,29,0.0
437,3,30,6021.0
438,1,1,3418.0
438,1,2,0.0
438,1,3,5113.0
438,1,4,0.0
438,1,5,4308.0
438,1,6,
438,1,7,5867.0
438,1,8,6998.0
438,1,9,0.0
438,1,10,
438,1,11,5942.0
438,1,12,0.0
438,1,13,6500.0
438,1,14,5787.0
438,1,15,4615.0
438,1,16,3938.0
438,1,17,0.0
438,1,18,6774.0
438,1,19,5619.0
438,1,20,3313.0
438,1,21,5432.0
438,1,22,5122.0
438,1,23,4169.0
438,1,24,3552.0
438,1,25,5534.0
438,1,26,4996.0
438,1,27,6510.0
438,1,28,7405.0
438,1,29,
438,1,30,5872.0
438,2,1,0.0
438,2,2,7735.0
438,2,3,0.0
438,2,4,5824.0
438,2,5,0.0
438,2,6,0.0
438,2,7,4729.0
438,2,8,6043.0
438,2,9,
438,2,10,5665.0
438,2,11,
438,2,12,5775.0
438,2,13,4853.0
438,2,14,6596.0
438,2,15,4843.0
438,2,16,5516.0
438,2,17,6042.0
438,2,18,7435.0
438,2,19,5114.0
438,2,20,5101.0
438,2,21,5886.0
438,2,22,
438,2,23,5680.0
438,2,24,4595.0
438,2,25,7016.0
438,2,26,7647.0
438,2,27,5719.0
438,2,28,5558.0
438,2,29,0.0
438,2,30,0.0
438,3,1,0.0
438,3,2,5020.0
438,3,3,
438,3,4,0.0
438,3,5,3773.0
438,3,6,4740.0
438,3,7,0.0
438,3,8,0.0
438,3,9,0.0
438,3,10,
438,3,11,4227.0
438,3,12,4269.0
438,3,13,4404.0
438,3,14,4503.0
438,3,15,0.0
438,3,16,
438,3,17,0.0
438,3,18,4026.0
438,3,19,5552.0
438,3,20,5232.0
438,3,21,4788.0
438,3,22,
438,3,23,3637.0
438,3,24,0.0
438,3,25,
438,3,26,3198.0
438,3,27,0.0
438,3,28,0.0
438,3,29,0.0
438,3,30,5259.0
439,1,1,11147.0
439,1,2,11958.0
439,1,3,11356.0
439,1,4,9049.0
439,1,5,11404.0
439,1,6,11868.0
439,1,7,12154.0
439,1,8,9357.0
439,1,9,10312.0
439,1,10,9021.0
439,1,11,10303.0
439,1,12,9759.0
439,1,13,10650.0
439,1,14,11183.0
439,1,15,10366.0
439,1,16,0.0
439,1,17,10510.0
439,1,18,10192.0
439,1,19,11486.0
439,1,20,11063.0
439,1,21,11449.0
439,1,22,11889.0
439,1,23,11369.0
439,1,24,11330.0
439,1,25,10055.0
439,1,26,10568.0
439,1,27,8762.0
439,1,28,9657.0
439,1,29,10070.0
439,1,30,10361.0
439,2,1,10724.0
439,2,2,9464.0
439,2,3,10332.0
439,2,4,11922.0
439,2,5,10222.0
439,2,6,0.0
439,2,7,11080.0
439,2,8,12188.0
439,2,9,11282.0
439,2,10,8520.0
439,2,11,8426.0
439,2,12,11524.0
439,2,13,8923.0
439,2,14,0.0
439,2,15,9767.0
439,2,16,11143.0
439,2,17,11101.0
439,2,18,9255.0
439,2,19,9723.0
439,2,20,9511.0
439,2,21,11102.0
439,2,22,9908.0
439,2,23,9958.0
439,2,24,9576.0
439,2,25,10519.0
439,2,26,10462.0
439,2,27,9556.0
439,2,28,11138.0
439,2,29,0.0
439,2,30,7598.0
439,3,1,
439,3,2,9404.0
439,3,3,9848.0
439,3,4,11559.0
439,3,5,11793.0
439,3,6,9779.0
439,3,7,12525.0
439,3,8,9536.0
439,3,9,11016.0
439,3,10,10419.0
439,3,11,9821.0
439,3,12,11112.0
439,3,13,9807.0
439,3,14,11000.0
439,3,15,11759.0
439,3,16,11111.0
439,3,17,10813.0
439,3,18,10151.0
439,3,19,10327.0
439,3,20,8833.0
439,3,21,0.0
439,3,22,9098.0
439,3,23,10541.0
439,3,24,10372.0
439,3,25,9676.0
439,3,26,10461.0
439,3,27,9396.0
439,3,28,10342.0
439,3,29,9025.0
439,3,30,9789.0
440,1,1,7733.0
440,1,2,6440.0
440,1,3,0.0
440,1,4,8618.0
440,1,5,7097.0
440,1,6,
440,1,7,6379.0
440,1,8,0.0
440,1,9,5331.0
440,1,10,0.0
440,1,11,7935.0
440,1,12,5807.0
440,1,13,
440,1,14,0.0
440,1,15,0.0
440,1,16,6778.0
440,1,17,6045.0
440,1,18,7314.0
440,1,19,
440,1,20,7293.0
440,1,21,6902.0
440,1,22,7501.0
440,1,23,6381.0
440,1,24,0.0
440,1,25,6462.0
440,1,26,6675.0
440,1,27,7000.0
440,1,28,5315.0
440,1,29,5380.0
440,1,30,0.0
440,2,1,
440,2,2,5969.0
440,2,3,5220.0
440,2,4,7137.0
440,2,5,5905.0
440,2,6,7874.0
440,2,7,6131.0
440,2,8,0.0
440,2,9,6218.0
440,2,10,6369.0
440,2,11,0.0
440,2,12,6071.0
440,2,13,8021.0
440,2,14,5176.0
440,2,15,4736.0
440,2,16,
440,2,17,6955.0
440,2,18,6427.0
440,2,19,7664.0
440,2,20,7620.0
440,2,21,6090.0
440,2,22,6797.0
440,2,23,7438.0
440,2,24,6233.0
440,2,25,7708.0
440,2,26,0.0
440,2,27,7996.0
440,2,28,0.0
440,2,29,6291.0
440,2,30,5719.0
440,3,1,7994.0
440,3,2,0.0
440,3,3,0.0
440,3,4,0.0
440,3,5,
440,3,6,7373.0
440,3,7,0.0
440,3,8,
440,3,9,6741.0
440,3,10,0.0
440,3,11,0.0
440,3,12,0.0
440,3,13,6925.0
440,3,14,0.0
440,3,15,
440,3,16,
440,3,17,5824.0
440,3,18,6130.0
440,3,19,0.0
440,3,20,
440,3,21,0.0
440,3,22,7288.0
440,3,23,0.0
440,3,24,6706.0
440,3,25,6588.0
440,3,26,6516.0
440,3,27,6718.0
440,3,28,5991.0
440,3,29,7537.0
440,3,30,8030.0
441,1,1,5744.0
441,1,2,3062.0
441,1,3,5553.0
441,1,4,5476.0
441,1,5,4184.0
441,1,6,4585.0
441,1,7,0.0
441,1,8,
441,1,9,5665.0
441,1,10,5312.0
441,1,11,3563.0
441,1,12,4654.0
441,1,13,5534.0
441,1,14,3603.0
441,1,15,3575.0
441,1,16,4358.0
441,1,17,5438.0
441,1,18,4457.0
441,1,19,6268.0
441,1,20,3719.0
441,1,21,5424.0
441,1,22,5508.0
441,1,23,6601.0
441,1,24,5544.0
441,1,25,6170.0
441,1,26,5238.0
441,1,27,5560.0
441,1,28,6190.0
441,1,29,4059.0
441,1,30,3834.0
441,2,1,
441,2,2,6114.0
441,2,3,5681.0
441,2,4,3657.0
441,2,5,3917.0
441,2,6,
441,2,7,7234.0
441,2,8,5098.0
441,2,9,4891.0
441,2,10,0.0
441,2,11,5119.0
441,2,12,5319.0
441,2,13,3751.0
441,2,14,4059.0
441,2,15,4258.0
441,2,16,4684.0
441,2,17,0.0
441,2,18,
441,2,19,0.0
441,2,20,5155.0
441,2,21,5455.0
441,2,22,5222.0
441,2,23,4787.0
441,2,24,
441,2,25,6399.0
441,2,26,5162.0
441,2,27,0.0
441,2,28,4606.0
441,2,29,5632.0
441,2,30,3367.0
441,3,1,0.0
441,3,2,
441,3,3,5690.0
441,3,4,5999.0
441,3,5,4913.0
441,3,6,0.0
441,3,7,0.0
441,3,8,0.0
441,3,9,0.0
441,3,10,5372.0
441,3,11,0.0
441,3,12,
441,3,13,2767.0
441,3,14,2876.0
441,3,15,5079.0
441,3,16,
441,3,17,6483.0
441,3,18,0.0
441,3,19,5247.0
441,3,20,4549.0
441,3,21,5950.0
441,3,22,6959.0
441,3,23,0.0
441,3,24,5252.0
441,3,25,5314.0
441,3,26,5598.0
441,3,27,0.0
441,3,28,5660.0
441,3,29,
441,3,30,
442,1,1,4950.0
442,1,2,4491.0
442,1,3,5159.0
442,1,4,3997.0
442,1,5,6768.0
442,1,6,6600.0
442,1,7,4999.0
442,1,8,4538.0
442,1,9,5524.0
442,1,10,
442,1,11,5201.0
442,1,12,6217.0
442,1,13,4095.0
442,1,14,5699.0
442,1,15,
442,1,16,6210.0
442,1,17,6688.0
442,1,18,6573.0
442,1,19,5613.0
442,1,20,2947.0
442,1,21,5741.0
442,1,22,4878.0
442,1,23,6525.0
442,1,24,4292.0
442,1,25,6761.0
442,1,26,6130.0
442,1,27,4859.0
442,1,28,5794.0
442,1,29,5561.0
442,1,30,
442,2,1,6369.0
442,2,2,5293.0
442,2,3,4793.0
442,2,4,5139.0
442,2,5,0.0
442,2,6,5222.0
442,2,7,5093.0
442,2,8,
442,2,9,6418.0
442,2,10,5930.0
442,2,11,5262.0
442,2,12,5241.0
442,2,13,4571.0
442,2,14,0.0
442,2,15,4508.0
442,2,16,0.0
442,2,17,0.0
442,2,18,5856.0
442,2,19,4576.0
442,2,20,
442,2,21,
442,2,22,6365.0
442,2,23,5816.0
442,2,24,0.0
442,2,25,2986.0
442,2,26,5301.0
442,2,27,6178.0
442,2,28,3702.0
442,2,29,6238.0
442,2,30,0.0
442,3,1,7097.0
442,3,2,0.0
442,3,3,0.0
442,3,4,
442,3,5,4390.0
442,3,6,0.0
442,3,7,4548.0
442,3,8,
442,3,9,5137.0
442,3,10,4525.0
442,3,11,0.0
442,3,12,0.0
442,3,13,5318.0
442,3,14,0.0
442,3,15,6276.0
442,3,16,
442,3,17,4328.0
442,3,18,5735.0
442,3,19,4532.0
442,3,20,5237.0
442,3,21,
442,3,22,0.0
442,3,23,
442,3,24,5124.0
442,3,25,
442,3,26,4617.0
442,3,27,0.0
442,3,28,4730.0
442,3,29,5831.0
442,3,30,0.0
443,1,1,3736.0
443,1,2,6006.0
443,1,3,6578.0
443,1,4,5543.0
443,1,5,5373.0
443,1,6,6133.0
443,1,7,5043.0
443,1,8,5926.0
443,1,9,5717.0
443,1,10,3555.0
443,1,11,5281.0
443,1,12,5049.0
443,1,13,4519.0
443,1,14,2805.0
443,1,15,5639.0
443,1,16,5542.0
443,1,17,
443,1,18,3650.0
443,1,19,6269.0
443,1,20,7207.0
443,1,21,5548.0
443,1,22,5598.0
443,1,23,5263.0
443,1,24,4657.0
443,1,25,3282.0
443,1,26,5003.0
443,1,27,5210.0
443,1,28,5109.0
443,1,29,4912.0
443,1,30,5021.0
443,2,1,6611.0
443,2,2,5299.0
443,2,3,4487.0
443,2,4,6791.0
443,2,5,5961.0
443,2,6,5947.0
443,2,7,4829.0
443,2,8,0.0
443,2,9,0.0
443,2,10,4077.0
443,2,11,5298.0
443,2,12,4305.0
443,2,13,
443,2,14,0.0
443,2,15,4924.0
443,2,16,0.0
443,2,17,7354.0
443,2,18,7993.0
443,2,19,4905.0
443,2,20,4807.0
443,2,21,3987.0
443,2,22,5436.0
443,2,23,
443,2,24,5847.0
443,2,25,4449.0
443,2,26,4036.0
443,2,27,
443,2,28,5629.0
443,2,29,4636.0
443,2,30,0.0
443,3,1,0.0
443,3,2,4550.0
443,3,3,5374.0
443,3,4,5670.0
443,3,5,0.0
443,3,6,4074.0
443,3,7,
443,3,8,0.0
443,3,9,0.0
443,3,10,5833.0
443,3,11,6874.0
443,3,12,6953.0
443,3,13,0.0
443,3,14,2727.0
443,3,15,6401.0
443,3,16,4930.0
443,3,17,5382.0
443,3,18,0.0
443,3,19,6367.0
443,3,20,
443,3,21,0.0
443,3,22,3205.0
443,3,23,5946.0
443,3,24,0.0
443,3,25,
443,3,26,0.0
443,3,27,0.0
443,3,28,0.0
443,3,29,6605.0
443,3,30,3628.0
444,1,1,7921.0
444,1,2,10295.0
444,1,3,9045.0
444,1,4,10842.0
444,1,5,10458.0
444,1,6,9567.0
444,1,7,10140.0
444,1,8,8606.0
444,1,9,9566.0
444,1,10,7985.0
444,1,11,9999.0
444,1,12,10392.0
444,1,13,9421.0
444,1,14,11254.0
444,1,15,9196.0
444,1,16,9805.0
444,1,17,8992.0
444,1,18,7857.0
444,1,19,10149.0
444,1,20,11179.0
444,1,21,10620.0
444,1,22,9944.0
444,1,23,8605.0
444,1,24,10796.0
444,1,25,9730.0
444,1,26,8032.0
444,1,27,8841.0
444,1,28,9668.0
444,1,29,8764.0
444,1,30,10073.0
444,2,1,8262.0
444,2,2,11639.0
444,2,3,9567.0
444,2,4,8518.0
444,2,5,8448.0
444,2,6,8204.0
444,2,7,10682.0
444,2,8,0.0
444,2,9,8418.0
444,2,10,
444,2,11,8551.0
444,2,12,11741.0
444,2,13,9621.0
444,2,14,9186.0
444,2,15,8655.0
444,2,16,0.0
444,2,17,8828.0
444,2,18,6812.0
444,2,19,10009.0
444,2,20,11113.0
444,2,21,11102.0
444,2,22,6323.0
444,2,23,10663.0
444,2,24,10387.0
444,2,25,11519.0
444,2,26,10226.0
444,2,27,8382.0
444,2,28,9810.0
444,2,29,8039.0
444,2,30,9439.0
444,3,1,10104.0
444,3,2,9124.0
444,3,3,8639.0
444,3,4,0.0
444,3,5,8566.0
444,3,6,9629.0
444,3,7,8351.0
444,3,8,9858.0
444,3,9,12582.0
444,3,10,10753.0
444,3,11,
444,3,12,8205.0
444,3,13,10111.0
444,3,14,10911.0
444,3,15,9003.0
444,3,16,9135.0
444,3,17,10693.0
444,3,18,10119.0
444,3,19,8587.0
444,3,20,10053.0
444,3,21,8469.0
444,3,22,8780.0
444,3,23,7554.0
444,3,24,8754.0
444,3,25,
444,3,26,10261.0
444,3,27,9909.0
444,3,28,10612.0
444,3,29,7335.0
444,3,30,9628.0
445,1,1,8345.0
445,1,2,8109.0
445,1,3,7884.0
445,1,4,
445,1,5,7721.0
445,1,6,8895.0
445,1,7,8747.0
445,1,8,7047.0
445,1,9,8005.0
445,1,10,6947.0
445,1,11,8023.0
445,1,12,9044.0
445,1,13,8277.0
445,1,14,7937.0
445,1,15,6997.0
445,1,16,0.0
445,1,17,7035.0
445,1,18,7443.0
445,1,19,9164.0
445,1,20,8235.0
445,1,21,0.0
445,1,22,6104.0
445,1,23,7942.0
445,1,24,8208.0
445,1,25,6486.0
445,1,26,
445,1,27,8168.0
445,1,28,7904.0
445,1,29,8434.0
445,1,30,7878.0
445,2,1,0.0
445,2,2,7459.0
445,2,3,7682.0
445,2,4,7175.0
445,2,5,7964.0
445,2,6,5982.0
445,2,7,0.0
445,2,8,9281.0
445,2,9,
445,2,10,0.0
445,2,11,6389.0
445,2,12,0.0
445,2,13,7962.0
445,2,14,7886.0
445,2,15,7116.0
445,2,16,8800.0
445,2,17,9195.0
445,2,18,8731.0
445,2,19,8036.0
445,2,20,7342.0
445,2,21,
445,2,22,8417.0
445,2,23,6230.0
445,2,24,
445,2,25,6623.0
445,2,26,
445,2,27,6683.0
445,2,28,9603.0
445,2,29,7394.0
445,2,30,6107.0
445,3,1,7891.0
445,3,2,8190.0
445,3,3,
445,3,4,6138.0
445,3,5,7250.0
445,3,6,0.0
445,3,7,0.0
445,3,8,
445,3,9,7845.0
445,3,10,6422.0
445,3,11,0.0
445,3,12,
445,3,13,
445,3,14,
445,3,15,6781.0
445,3,16,9195.0
445,3,17,0.0
445,3,18,0.0
445,3,19,
445,3,20,8042.0
445,3,21,7736.0
445,3,22,8668.0
445,3,23,8661.0
445,3,24,7620.0
445,3,25,
445,3,26,7906.0
445,3,27,0.0
445,3,28,6928.0
445,3,29,0.0
445,3,30,
446,1,1,6997.0
446,1,2,8268.0
446,1,3,5124.0
446,1,4,7982.0
446,1,5,6943.0
446,1,6,8003.0
446,1,7,6340.0
446,1,8,7768.0
446,1,9,6002.0
446,1,10,8865.0
446,1,11,7709.0
446,1,12,7772.0
446,1,13,6471.0
446,1,14,7144.0
446,1,15,7230.0
446,1,16,7582.0
446,1,17,0.0
446,1,18,8769.0
446,1,19,6691.0
446,1,20,6217.0
446,1,21,7252.0
446,1,22,7471.0
446,1,23,0.0
446,1,24,0.0
446,1,25,7930.0
446,1,26,5416.0
446,1,27,7736.0
446,1,28,8801.0
446,1,29,7405.0
446,1,30,0.0
446,2,1,9026.0
446,2,2,6924.0
446,2,3,
446,2,4,
446,2,5,6411.0
446,2,6,0.0
446,2,7,5916.0
446,2,8,7227.0
446,2,9,
446,2,10,6382.0
446,2,11,7485.0
446,2,12,7124.0
446,2,13,7831.0
446,2,14,10010.0
446,2,15,6381.0
446,2,16,7538.0
446,2,17,8297.0
446,2,18,7093.0
446,2,19,7151.0
446,2,20,5964.0
446,2,21,
446,2,22,7520.0
446,2,23,6406.0
446,2,24,7863.0
446,2,25,0.0
446,2,26,6609.0
446,2,27,9404.0
446,2,28,
446,2,29,5306.0
446,2,30,6228.0
446,3,1,0.0
446,3,2,9186.0
446,3,3,6728.0
446,3,4,7880.0
446,3,5,0.0
446,3,6,
446,3,7,6853.0
446,3,8,8056.0
446,3,9,0.0
446,3,10,0.0
446,3,11,7535.0
446,3,12,0.0
446,3,13,
446,3,14,0.0
446,3,15,7286.0
446,3,16,0.0
446,3,17,6498.0
446,3,18,5711.0
446,3,19,0.0
446,3,20,
446,3,21,7702.0
446,3,22,7838.0
446,3,23,6504.0
446,3,24,
446,3,25,6721.0
446,3,26,0.0
446,3,27,5172.0
446,3,28,0.0
446,3,29,
446,3,30,7107.0
447,1,1,6785.0
447,1,2,6961.0
447,1,3,6320.0
447,1,4,6102.0
447,1,5,6031.0
447,1,6,4727.0
447,1,7,5459.0
447,1,8,5331.0
447,1,9,5052.0
447,1,10,4491.0
447,1,11,6805.0
447,1,12,5291.0
447,1,13,4068.0
447,1,14,3670.0
447,1,15,4943.0
447,1,16,3374.0
447,1,17,5209.0
447,1,18,7568.0
447,1,19,5692.0
447,1,20,7409.0
447,1,21,3640.0
447,1,22,4313.0
447,1,23,5157.0
447,1,24,4716.0
447,1,25,4629.0
447,1,26,4707.0
447,1,27,7091.0
447,1,28,6645.0
447,1,29,4542.0
447,1,30,5363.0
447,2,1,0.0
447,2,2,
447,2,3,0.0
447,2,4,0.0
447,2,5,5510.0
447,2,6,6521.0
447,2,7,0.0
447,2,8,6048.0
447,2,9,3524.0
447,2,10,5503.0
447,2,11,
447,2,12,5844.0
447,2,13,
447,2,14,4793.0
447,2,15,5562.0
447,2,16,
447,2,17,
447,2,18,
447,2,19,0.0
447,2,20,6775.0
447,2,21,0.0
447,2,22,4037.0
447,2,23,5430.0
447,2,24,0.0
447,2,25,0.0
447,2,26,4962.0
447,2,27,0.0
447,2,28,0.0
447,2,29,4990.0
447,2,30,5120.0
447,3,1,
447,3,2,5103.0
447,3,3,0.0
447,3,4,5367.0
447,3,5,4005.0
447,3,6,0.0
447,3,7,0.0
447,3,8,4334.0
447,3,9,4566.0
447,3,10,
447,3,11,6245.0
447,3,12,7182.0
447,3,13,0.0
447,3,14,4798.0
447,3,15,0.0
447,3,16,
447,3,17,
447,3,18,5186.0
447,3,19,5087.0
447,3,20,3919.0
447,3,21,5324.0
447,3,22,0.0
447,3,23,0.0
447,3,24,4985.0
447,3,25,0.0
447,3,26,0.0
447,3,27,5943.0
447,3,28,6099.0
447,3,29,6416.0
447,3,30,
448,1,1,8179.0
448,1,2,8860.0
448,1,3,5045.0
448,1,4,8068.0
448,1,5,8134.0
448,1,6,6237.0
448,1,7,6139.0
448,1,8,8554.0
448,1,9,6647.0
448,1,10,8146.0
448,1,11,8477.0
448,1,12,7982.0
448,1,13,7955.0
448,1,14,7625.0
448,1,15,8453.0
448,1,16,7278.0
448,1,17,7611.0
448,1,18,5114.0
448,1,19,6903.0
448,1,20,7094.0
448,1,21,7736.0
448,1,22,8065.0
448,1,23,7158.0
448,1,24,6923.0
448,1,25,7143.0
448,1,26,6148.0
448,1,27,6921.0
448,1,28,6586.0
448,1,29,8207.0
448,1,30,7890.0
448,2,1,0.0
448,2,2,6844.0
448,2,3,0.0
448,2,4,0.0
448,2,5,5705.0
448,2,6,
448,2,7,8925.0
448,2,8,0.0
448,2,9,7997.0
448,2,10,7473.0
448,2,11,0.0
448,2,12,7402.0
448,2,13,0.0
448,2,14,7156.0
448,2,15,8820.0
448,2,16,6957.0
448,2,17,0.0
448,2,18,0.0
448,2,19,
448,2,20,7298.0
448,2,21,7441.0
448,2,22,5620.0
448,2,23,5892.0
448,2,24,0.0
448,2,25,
448,2,26,7704.0
448,2,27,7746.0
448,2,28,6289.0
448,2,29,6010.0
448,2,30,9690.0
448,3,1,7903.0
448,3,2,8858.0
448,3,3,6423.0
448,3,4,5979.0
448,3,5,
448,3,6,0.0
448,3,7,6347.0
448,3,8,0.0
448,3,9,9454.0
448,3,10,
448,3,11,9078.0
448,3,12,8714.0
448,3,13,
448,3,14,7588.0
448,3,15,0.0
448,3,16,0.0
448,3,17,8125.0
448,3,18,0.0
448,3,19,
448,3,20,5622.0
448,3,21,0.0
448,3,22,0.0
448,3,23,0.0
448,3,24,7707.0
448,3,25,6355.0
448,3,26,0.0
448,3,27,8582.0
448,3,28,7396.0
448,3,29,7196.0
448,3,30,6665.0
449,1,1,2772.0
449,1,2,2820.0
449,1,3,4065.0
449,1,4,1883.0
449,1,5,2941.0
449,1,6,3408.0
449,1,7,3054.0
449,1,8,2197.0
449,1,9,0.0
449,1,10,4030.0
449,1,11,1730.0
449,1,12,3255.0
449,1,13,2932.0
449,1,14,1345.0
449,1,15,2111.0
449,1,16,3315.0
449,1,17,4492.0
449,1,18,
449,1,19,3469.0
449,1,20,2671.0
449,1,21,3162.0
449,1,22,0.0
449,1,23,2075.0
449,1,24,3617.0
449,1,25,
449,1,26,2663.0
449,1,27,2680.0
449,1,28,3150.0
449,1,29,0.0
449,1,30,3252.0
449,2,1,2730.0
449,2,2,2432.0
449,2,3,1966.0
449,2,4,3119.0
449,2,5,1612.0
449,2,6,2868.0
449,2,7,1180.0
449,2,8,0.0
449,2,9,2073.0
449,2,10,0.0
449,2,11,4091.0
449,2,12,3016.0
449,2,13,3084.0
449,2,14,0.0
449,2,15,1828.0
449,2,16,2976.0
449,2,17,25.0
449,2,18,
449,2,19,0.0
449,2,20,0.0
449,2,21,3590.0
449,2,22,3838.0
449,2,23,
449,2,24,2765.0
449,2,25,3725.0
449,2,26,3016.0
449,2,27,3245.0
449,2,28,0.0
449,2,29,0.0
449,2,30,4794.0
449,3,1,1734.0
449,3,2,0.0
449,3,3,3241.0
449,3,4,3494.0
449,3,5,
449,3,6,
449,3,7,
449,3,8,3757.0
449,3,9,
449,3,10,
449,3,11,3234.0
449,3,12,0.0
449,3,13,4517.0
449,3,14,2637.0
449,3,15,1932.0
449,3,16,4316.0
449,3,17,0.0
449,3,18,0.0
449,3,19,2601.0
449,3,20,
449,3,21,
449,3,22,0.0
449,3,23,3818.0
449,3,24,4191.0
449,3,25,809.0
449,3,26,3393.0
449,3,27,3791.0
449,3,28,2903.0
449,3,29,0.0
449,3,30,2271.0
450,1,1,5194.0
450,1,2,2374.0
450,1,3,2850.0
450,1,4,3600.0
450,1,5,1071.0
450,1,6,1520.0
450,1,7,4637.0
450,1,8,3731.0
450,1,9,0.0
450,1,10,2834.0
450,1,11,2417.0
450,1,12,3853.0
450,1,13,2910.0
450,1,14,3076.0
450,1,15,0.0
450,1,16,0.0
450,1,17,0.0
450,1,18,3245.0
450,1,19,4352.0
450,1,20,0.0
450,1,21,
450,1,22,4282.0
450,1,23,4083.0
450,1,24,4548.0
450,1,25,4478.0
450,1,26,2565.0
450,1,27,2255.0
450,1,28,
450,1,29,3776.0
450,1,30,3141.0
450,2,1,6070.0
450,2,2,5128.0
450,2,3,3786.0
450,2,4,4270.0
450,2,5,2886.0
450,2,6,3032.0
450,2,7,
450,2,8,0.0
450,2,9,4900.0
450,2,10,5936.0
450,2,11,2980.0
450,2,12,
450,2,13,2391.0
450,2,14,3343.0
450,2,15,4541.0
450,2,16,4903.0
450,2,17,
450,2,18,3532.0
450,2,19,2815.0
450,2,20,3828.0
450,2,21,3992.0
450,2,22,4933.0
450,2,23,0.0
450,2,24,2635.0
450,2,25,5457.0
450,2,26,2573.0
450,2,27,
450,2,28,1770.0
450,2,29,3770.0
450,2,30,3828.0
450,3,1,3414.0
450,3,2,
450,3,3,3938.0
450,3,4,0.0
450,3,5,4266.0
450,3,6,2315.0
450,3,7,2195.0
450,3,8,2664.0
450,3,9,2651.0
450,3,10,2440.0
450,3,11,3421.0
450,3,12,4821.0
450,3,13,0.0
450,3,14,4303.0
450,3,15,0.0
450,3,16,0.0
450,3,17,4958.0
450,3,18,2820.0
450,3,19,2424.0
450,3,20,3580.0
450,3,21,0.0
450,3,22,5972.0
450,3,23,3674.0
450,3,24,2897.0
450,3,25,3975.0
450,3,26,1871.0
450,3,27,3852.0
450,3,28,
450,3,29,0.0
450,3,30,2720.0
451,1,1,4676.0
451,1,2,5152.0
451,1,3,2369.0
451,1,4,4924.0
451,1,5,4792.0
451,1,6,0.0
451,1,7,3530.0
451,1,8,2808.0
451,1,9,2850.0
451,1,10,2703.0
451,1,11,4501.0
451,1,12,
451,1,13,6198.0
451,1,14,3364.0
451,1,15,2501.0
451,1,16,0.0
451,1,17,0.0
451,1,18,4232.0
451,1,19,5111.0
451,1,20,4850.0
451,1,21,4161.0
451,1,22,0.0
451,1,23,4280.0
451,1,24,3702.0
451,1,25,4496.0
451,1,26,3001.0
451,1,27,5470.0
451,1,28,4007.0
451,1,29,4157.0
451,1,30,1470.0
451,2,1,3157.0
451,2,2,2523.0
451,2,3,0.0
451,2,4,0.0
451,2,5,4691.0
451,2,6,0.0
451,2,7,3656.0
451,2,8,5468.0
451,2,9,2420.0
451,2,10,0.0
451,2,11,3067.0
451,2,12,4234.0
451,2,13,4835.0
451,2,14,4812.0
451,2,15,3974.0
451,2,16,3231.0
451,2,17,3121.0
451,2,18,3331.0
451,2,19,0.0
451,2,20,3734.0
451,2,21,3182.0
451,2,22,3924.0
451,2,23,4221.0
451,2,24,2641.0
451,2,25,3291.0
451,2,26,2641.0
451,2,27,2351.0
451,2,28,0.0
451,2,29,3600.0
451,2,30,2344.0
451,3,1,4114.0
451,3,2,0.0
451,3,3,0.0
451,3,4,
451,3,5,
451,3,6,4951.0
451,3,7,0.0
451,3,8,
451,3,9,2521.0
451,3,10,0.0
451,3,11,4320.0
451,3,12,1324.0
451,3,13,
451,3,14,
451,3,15,3783.0
451,3,16,0.0
451,3,17,4694.0
451,3,18,0.0
451,3,19,0.0
451,3,20,0.0
451,3,21,
451,3,22,5398.0
451,3,23,4033.0
451,3,24,4293.0
451,3,25,3693.0
451,3,26,0.0
451,3,27,
451,3,28,4078.0
451,3,29,0.0
451,3,30,
452,1,1,6000.0
452,1,2,5723.0
452,1,3,0.0
452,1,4,7233.0
452,1,5,3615.0
452,1,6,5466.0
452,1,7,5908.0
452,1,8,4973.0
452,1,9,5604.0
452,1,10,4439.0
452,1,11,5755.0
452,1,12,5452.0
452,1,13,4952.0
452,1,14,4890.0
452,1,15,
452,1,16,5689.0
452,1,17,0.0
452,1,18,
452,1,19,5517.0
452,1,20,4809.0
452,1,21,3433.0
452,1,22,6066.0
452,1,23,7609.0
452,1,24,8195.0
452,1,25,7467.0
452,1,26,4932.0
452,1,27,5027.0
452,1,28,6463.0
452,1,29,4580.0
452,1,30,6124.0
452,2,1,5404.0
452,2,2,4853.0
452,2,3,0.0
452,2,4,3765.0
452,2,5,
452,2,6,0.0
452,2,7,0.0
452,2,8,7134.0
452,2,9,0.0
452,2,10,0.0
452,2,11,6546.0
452,2,12,5786.0
452,2,13,5128.0
452,2,14,0.0
452,2,15,6146.0
452,2,16,5238.0
452,2,17,6131.0
452,2,18,2994.0
452,2,19,7264.0
452,2,20,7810.0
452,2,21,6641.0
452,2,22,5668.0
452,2,23,5790.0
452,2,24,6641.0
452,2,25,0.0
452,2,26,
452,2,27,6665.0
452,2,28,
452,2,29,4284.0
452,2,30,5690.0
452,3,1,5434.0
452,3,2,4641.0
452,3,3,5593.0
452,3,4,6973.0
452,3,5,8160.0
452,3,6,0.0
452,3,7,
452,3,8,5275.0
452,3,9,4763.0
452,3,10,0.0
452,3,11,5384.0
452,3,12,5861.0
452,3,13,5991.0
452,3,14,0.0
452,3,15,0.0
452,3,16,0.0
452,3,17,5140.0
452,3,18,4508.0
452,3,19,0.0
452,3,20,
452,3,21,4820.0
452,3,22,5244.0
452,3,23,0.0
452,3,24,7039.0
452,3,25,0.0
452,3,26,0.0
452,3,27,0.0
452,3,28,0.0
452,3,29,6440.0
452,3,30,
453,1,1,5754.0
453,1,2,5027.0
453,1,3,4743.0
453,1,4,4913.0
453,1,5,5290.0
453,1,6,6008.0
453,1,7,3986.0
453,1,8,5924.0
453,1,9,5219.0
453,1,10,3736.0
453,1,11,3576.0
453,1,12,3532.0
453,1,13,3904.0
453,1,14,3085.0
453,1,15,0.0
453,1,16,5472.0
453,1,17,4609.0
453,1,18,3919.0
453,1,19,5647.0
453,1,20,6156.0
453,1,21,0.0
453,1,22,6388.0
453,1,23,4890.0
453,1,24,4628.0
453,1,25,0.0
453,1,26,4014.0
453,1,27,4337.0
453,1,28,3974.0
453,1,29,0.0
453,1,30,5175.0
453,2,1,0.0
453,2,2,0.0
453,2,3,4616.0
453,2,4,6083.0
453,2,5,3866.0
453,2,6,4564.0
453,2,7,4289.0
453,2,8,3369.0
453,2,9,1705.0
453,2,10,0.0
453,2,11,4043.0
453,2,12,5061.0
453,2,13,4243.0
453,2,14,3627.0
453,2,15,4464.0
453,2,16,3628.0
453,2,17,4357.0
453,2,18,4645.0
453,2,19,0.0
453,2,20,0.0
453,2,21,
453,2,22,3255.0
453,2,23,5824.0
453,2,24,1399.0
453,2,25,5598.0
453,2,26,4413.0
453,2,27,3086.0
453,2,28,3469.0
453,2,29,4493.0
453,2,30,4614.0
453,3,1,0.0
453,3,2,0.0
453,3,3,
453,3,4,3807.0
453,3,5,5701.0
453,3,6,5179.0
453,3,7,3685.0
453,3,8,5018.0
453,3,9,
453,3,10,2903.0
453,3,11,4737.0
453,3,12,0.0
453,3,13,0.0
453,3,14,
453,3,15,4164.0
453,3,16,0.0
453,3,17,4922.0
453,3,18,2973.0
453,3,19,0.0
453,3,20,4905.0
453,3,21,0.0
453,3,22,
453,3,23,3969.0
453,3,24,3059.0
453,3,25,
453,3,26,5202.0
453,3,27,3284.0
453,3,28,3291.0
453,3,29,5306.0
453,3,30,0.0
454,1,1,0.0
454,1,2,2996.0
454,1,3,4147.0
454,1,4,3767.0
454,1,5,2640.0
454,1,6,4301.0
454,1,7,4280.0
454,1,8,4011.0
454,1,9,4094.0
454,1,10,4514.0
454,1,11,3063.0
454,1,12,4130.0
454,1,13,2763.0
454,1,14,3996.0
454,1,15,3690.0
454,1,16,0.0
454,1,17,4226.0
454,1,18,6053.0
454,1,19,3707.0
454,1,20,
454,1,21,3612.0
454,1,22,4549.0
454,1,23,4615.0
454,1,24,2731.0
454,1,25,0.0
454,1,26,4340.0
454,1,27,5520.0
454,1,28,4369.0
454,1,29,4984.0
454,1,30,3634.0
454,2,1,
454,2,2,
454,2,3,4156.0
454,2,4,4946.0
454,2,5,5154.0
454,2,6,4764.0
454,2,7,4023.0
454,2,8,3930.0
454,2,9,2493.0
454,2,10,2885.0
454,2,11,4708.0
454,2,12,4165.0
454,2,13,
454,2,14,3748.0
454,2,15,5178.0
454,2,16,0.0
454,2,17,
454,2,18,4440.0
454,2,19,3931.0
454,2,20,4414.0
454,2,21,
454,2,22,3328.0
454,2,23,2506.0
454,2,24,3912.0
454,2,25,4759.0
454,2,26,5543.0
454,2,27,4220.0
454,2,28,3778.0
454,2,29,4678.0
454,2,30,3849.0
454,3,1,3721.0
454,3,2,0.0
454,3,3,4085.0
454,3,4,3367.0
454,3,5,3586.0
454,3,6,3762.0
454,3,7,3866.0
454,3,8,4855.0
454,3,9,3262.0
454,3,10,3607.0
454,3,11,
454,3,12,3571.0
454,3,13,0.0
454,3,14,4857.0
454,3,15,0.0
454,3,16,0.0
454,3,17,0.0
454,3,18,5664.0
454,3,19,0.0
454,3,20,
454,3,21,3422.0
454,3,22,0.0
454,3,23,
454,3,24,2916.0
454,3,25,4193.0
454,3,26,2814.0
454,3,27,0.0
454,3,28,2940.0
454,3,29,4600.0
454,3,30,4086.0
455,1,1,4193.0
455,1,2,3260.0
455,1,3,3235.0
455,1,4,
455,1,5,0.0
455,1,6,1904.0
455,1,7,2606.0
455,1,8,0.0
455,1,9,2432.0
455,1,10,3979.0
455,1,11,2478.0
455,1,12,2533.0
455,1,13,3106.0
455,1,14,4411.0
455,1,15,0.0
455,1,16,4009.0
455,1,17,0.0
455,1,18,3164.0
455,1,19,924.0
455,1,20,1666.0
455,1,21,3003.0
455,1,22,2784.0
455,1,23,3447.0
455,1,24,
455,1,25,1827.0
455,1,26,3903.0
455,1,27,3287.0
455,1,28,1842.0
455,1,29,2668.0
455,1,30,2403.0
455,2,1,4455.0
455,2,2,3349.0
455,2,3,824.0
455,2,4,2274.0
455,2,5,2884.0
455,2,6,1892.0
455,2,7,2441.0
455,2,8,2567.0
455,2,9,
455,2,10,2013.0
455,2,11,0.0
455,2,12,2700.0
455,2,13,
455,2,14,2726.0
455,2,15,4151.0
455,2,16,0.0
455,2,17,3055.0
455,2,18,4013.0
455,2,19,3260.0
455,2,20,1550.0
455,2,21,0.0
455,2,22,2495.0
455,2,23,2616.0
455,2,24,2971.0
455,2,25,0.0
455,2,26,
455,2,27,1528.0
455,2,28,3554.0
455,2,29,0.0
455,2,30,0.0
455,3,1,0.0
455,3,2,3932.0
455,3,3,1957.0
455,3,4,0.0
455,3,5,0.0
455,3,6,0.0
455,3,7,0.0
455,3,8,3162.0
455,3,9,0.0
455,3,10,0.0
455,3,11,0.0
455,3,12,4101.0
455,3,13,914.0
455,3,14,1903.0
455,3,15,0.0
455,3,16,
455,3,17,0.0
455,3,18,2597.0
455,3,19,0.0
455,3,20,0.0
455,3,21,
455,3,22,3338.0
455,3,23,
455,3,24,
455,3,25,2229.0
455,3,26,1898.0
455,3,27,3181.0
455,3,28,2587.0
455,3,29,3677.0
455,3,30,0.0
456,1,1,4373.0
456,1,2,5944.0
456,1,3,6361.0
456,1,4,
456,1,5,5640.0
456,1,6,4993.0
456,1,7,5479.0
456,1,8,5482.0
456,1,9,7106.0
456,1,10,
456,1,11,5503.0
456,1,12,4919.0
456,1,13,6057.0
456,1,14,5335.0
456,1,15,6056.0
456,1,16,5931.0
456,1,17,6910.0
456,1,18,5120.0
456,1,19,5277.0
456,1,20,4840.0
456,1,21,4752.0
456,1,22,5278.0
456,1,23,5660.0
456,1,24,5899.0
456,1,25,6747.0
456,1,26,6979.0
456,1,27,0.0
456,1,28,0.0
456,1,29,6772.0
456,1,30,4662.0
456,2,1,4299.0
456,2,2,0.0
456,2,3,6295.0
456,2,4,5534.0
456,2,5,0.0
456,2,6,0.0
456,2,7,0.0
456,2,8,0.0
456,2,9,7136.0
456,2,10,6319.0
456,2,11,5091.0
456,2,12,0.0
456,2,13,4070.0
456,2,14,4079.0
456,2,15,0.0
456,2,16,
456,2,17,6386.0
456,2,18,0.0
456,2,19,4914.0
456,2,20,6118.0
456,2,21,4460.0
456,2,22,6910.0
456,2,23,4985.0
456,2,24,5072.0
456,2,25,
456,2,26,4494.0
456,2,27,4010.0
456,2,28,6611.0
456,2,29,3312.0
456,2,30,6665.0
456,3,1,5576.0
456,3,2,4543.0
456,3,3,
456,3,4,4586.0
456,3,5,
456,3,6,
456,3,7,5186.0
456,3,8,6039.0
456,3,9,0.0
456,3,10,0.0
456,3,11,
456,3,12,4695.0
456,3,13,6183.0
456,3,14,
456,3,15,6102.0
456,3,16,5004.0
456,3,17,5581.0
456,3,18,8114.0
456,3,19,5472.0
456,3,20,5111.0
456,3,21,0.0
456,3,22,
456,3,23,
456,3,24,4950.0
456,3,25,0.0
456,3,26,
456,3,27,
456,3,28,4986.0
456,3,29,0.0
456,3,30,5744.0
457,1,1,6312.0
457,1,2,4320.0
457,1,3,
457,1,4,4686.0
457,1,5,4256.0
457,1,6,5000.0
457,1,7,6095.0
457,1,8,5940.0
457,1,9,5027.0
457,1,10,4453.0
457,1,11,5231.0
457,1,12,6110.0
457,1,13,4188.0
457,1,14,5340.0
457,1,15,2464.0
457,1,16,3808.0
457,1,17,0.0
457,1,18,5747.0
457,1,19,5486.0
457,1,20,5619.0
457,1,21,5604.0
457,1,22,0.0
457,1,23,5895.0
457,1,24,5499.0
457,1,25,3593.0
457,1,26,3224.0
457,1,27,6311.0
457,1,28,3392.0
457,1,29,0.0
457,1,30,5141.0
457,2,1,4078.0
457,2,2,5287.0
457,2,3,5970.0
457,2,4,5493.0
457,2,5,5529.0
457,2,6,5317.0
457,2,7,0.0
457,2,8,2770.0
457,2,9,3326.0
457,2,10,0.0
457,2,11,5601.0
457,2,12,0.0
457,2,13,5311.0
457,2,14,5813.0
457,2,15,6522.0
457,2,16,6790.0
457,2,17,5849.0
457,2,18,
457,2,19,0.0
457,2,20,4496.0
457,2,21,5807.0
457,2,22,0.0
457,2,23,0.0
457,2,24,5090.0
457,2,25,
457,2,26,5325.0
457,2,27,6059.0
457,2,28,5456.0
457,2,29,7145.0
457,2,30,4971.0
457,3,1,4428.0
457,3,2,5384.0
457,3,3,0.0
457,3,4,0.0
457,3,5,
457,3,6,0.0
457,3,7,4952.0
457,3,8,0.0
457,3,9,0.0
457,3,10,4907.0
457,3,11,6131.0
457,3,12,
457,3,13,6123.0
457,3,14,5067.0
457,3,15,
457,3,16,0.0
457,3,17,4499.0
457,3,18,
457,3,19,
457,3,20,
457,3,21,
457,3,22,
457,3,23,5445.0
457,3,24,4945.0
457,3,25,3926.0
457,3,26,4860.0
457,3,27,0.0
457,3,28,4734.0
457,3,29,0.0
457,3,30,5451.0
458,1,1,4132.0
458,1,2,6965.0
458,1,3,5379.0
458,1,4,4786.0
458,1,5,0.0
458,1,6,4263.0
458,1,7,3703.0
458,1,8,4129.0
458,1,9,6418.0
458,1,10,0.0
458,1,11,5500.0
458,1,12,6793.0
458,1,13,5590.0
458,1,14,7423.0
458,1,15,5164.0
458,1,16,6316.0
458,1,17,
458,1,18,5755.0
458,1,19,5012.0
458,1,20,4919.0
458,1,21,6775.0
458,1,22,4673.0
458,1,23,6159.0
458,1,24,4625.0
458,1,25,0.0
458,1,26,5565.0
458,1,27,3818.0
458,1,28,6110.0
458,1,29,6232.0
458,1,30,4143.0
458,2,1,6584.0
458,2,2,6521.0
458,2,3,6256.0
458,2,4,4613.0
458,2,5,5212.0
458,2,6,5356.0
458,2,7,6569.0
458,2,8,3606.0
458,2,9,0.0
458,2,10,
458,2,11,5890.0
458,2,12,5675.0
458,2,13,5752.0
458,2,14,5746.0
458,2,15,4925.0
458,2,16,0.0
458,2,17,3572.0
458,2,18,3012.0
458,2,19,4837.0
458,2,20,4593.0
458,2,21,
458,2,22,7211.0
458,2,23,6187.0
458,2,24,0.0
458,2,25,4690.0
458,2,26,0.0
458,2,27,4282.0
458,2,28,
458,2,29,6772.0
458,2,30,5298.0
458,3,1,
458,3,2,6753.0
458,3,3,5172.0
458,3,4,0.0
458,3,5,6666.0
458,3,6,0.0
458,3,7,0.0
458,3,8,7876.0
458,3,9,
458,3,10,0.0
458,3,11,0.0
458,3,12,0.0
458,3,13,7964.0
458,3,14,7478.0
458,3,15,6488.0
458,3,16,5071.0
458,3,17,
458,3,18,0.0
458,3,19,4262.0
458,3,20,4876.0
458,3,21,7023.0
458,3,22,0.0
458,3,23,5326.0
458,3,24,5295.0
458,3,25,6308.0
458,3,26,5960.0
458,3,27,6720.0
458,3,28,
458,3,29,5500.0
458,3,30,0.0
459,1,1,0.0
459,1,2,
459,1,3,7287.0
459,1,4,6866.0
459,1,5,7081.0
459,1,6,0.0
459,1,7,6397.0
459,1,8,7003.0
459,1,9,6157.0
459,1,10,5351.0
459,1,11,5038.0
459,1,12,6571.0
459,1,13,6241.0
459,1,14,7380.0
459,1,15,6552.0
459,1,16,6035.0
459,1,17,6772.0
459,1,18,8495.0
459,1,19,6704.0
459,1,20,8644.0
459,1,21,7754.0
459,1,22,6095.0
459,1,23,8585.0
459,1,24,6536.0
459,1,25,5655.0
459,1,26,6049.0
459,1,27,5758.0
459,1,28,5841.0
459,1,29,0.0
459,1,30,6481.0
459,2,1,6096.0
459,2,2,6780.0
459,2,3,8182.0
459,2,4,7438.0
459,2,5,6517.0
459,2,6,6573.0
459,2,7,6408.0
459,2,8,5975.0
459,2,9,3976.0
459,2,10,0.0
459,2,11,6612.0
459,2,12,6578.0
459,2,13,0.0
459,2,14,8783.0
459,2,15,0.0
459,2,16,5890.0
459,2,17,6222.0
459,2,18,6520.0
459,2,19,
459,2,20,5327.0
459,2,21,4317.0
459,2,22,6248.0
459,2,23,4790.0
459,2,24,6018.0
459,2,25,5467.0
459,2,26,5616.0
459,2,27,5912.0
459,2,28,0.0
459,2,29,5656.0
459,2,30,
459,3,1,8363.0
459,3,2,6649.0
459,3,3,0.0
459,3,4,6242.0
459,3,5,5698.0
459,3,6,0.0
459,3,7,5772.0
459,3,8,
459,3,9,0.0
459,3,10,
459,3,11,0.0
459,3,12,7344.0
459,3,13,4845.0
459,3,14,6032.0
459,3,15,6393.0
459,3,16,7853.0
459,3,17,6240.0
459,3,18,
459,3,19,0.0
459,3,20,0.0
459,3,21,6078.0
459,3,22,0.0
459,3,23,6396.0
459,3,24,6622.0
459,3,25,6035.0
459,3,26,0.0
459,3,27,5672.0
459,3,28,6319.0
459,3,29,0.0
459,3,30,0.0
460,1,1,9930.0
460,1,2,9528.0
460,1,3,8393.0
460,1,4,9605.0
460,1,5,8514.0
460,1,6,8526.0
460,1,7,8570.0
460,1,8,7951.0
460,1,9,9443.0
460,1,10,8552.0
460,1,11,8229.0
460,1,12,9462.0
460,1,13,9433.0
460,1,14,9597.0
460,1,15,10088.0
460,1,16,9172.0
460,1,17,7940.0
460,1,18,0.0
460,1,19,9557.0
460,1,20,8369.0
460,1,21,7852.0
460,1,22,8806.0
460,1,23,10686.0
460,1,24,9335.0
460,1,25,7942.0
460,1,26,8918.0
460,1,27,0.0
460,1,28,8003.0
460,1,29,9328.0
460,1,30,8879.0
460,2,1,6617.0
460,2,2,9159.0
460,2,3,9606.0
460,2,4,7753.0
460,2,5,8820.0
460,2,6,9396.0
460,2,7,10159.0
460,2,8,9163.0
460,2,9,9232.0
460,2,10,0.0
460,2,11,8983.0
460,2,12,0.0
460,2,13,7872.0
460,2,14,10456.0
460,2,15,8826.0
460,2,16,9140.0
460,2,17,0.0
460,2,18,10394.0
460,2,19,9021.0
460,2,20,10358.0
460,2,21,9838.0
460,2,22,8191.0
460,2,23,9285.0
460,2,24,8714.0
460,2,25,11558.0
460,2,26,9850.0
460,2,27,7283.0
460,2,28,0.0
460,2,29,8998.0
460,2,30,8896.0
460,3,1,9124.0
460,3,2,9216.0
460,3,3,7731.0
460,3,4,0.0
460,3,5,8009.0
460,3,6,9019.0
460,3,7,8305.0
460,3,8,9120.0
460,3,9,8777.0
460,3,10,9015.0
460,3,11,10088.0
460,3,12,10715.0
460,3,13,8963.0
460,3,14,10584.0
460,3,15,7610.0
460,3,16,9036.0
460,3,17,8832.0
460,3,18,8627.0
460,3,19,7645.0
460,3,20,8529.0
460,3,21,7434.0
460,3,22,8669.0
460,3,23,9945.0
460,3,24,7976.0
460,3,25,9257.0
460,3,26,7465.0
460,3,27,0.0
460,3,28,9979.0
460,3,29,8734.0
460,3,30,8904.0
461,1,1,5096.0
461,1,2,4922.0
461,1,3,5664.0
461,1,4,5862.0
461,1,5,6966.0
461,1,6,3184.0
461,1,7,4328.0
461,1,8,6884.0
461,1,9,5110.0
461,1,10,5263.0
461,1,11,4653.0
461,1,12,4551.0
461,1,13,3933.0
461,1,14,5642.0
461,1,15,0.0
461,1,16,6073.0
461,1,17,5174.0
461,1,18,4745.0
461,1,19,0.0
461,1,20,
461,1,21,7882.0
461,1,22,6651.0
461,1,23,5867.0
461,1,24,5974.0
461,1,25,3364.0
461,1,26,6183.0
461,1,27,6331.0
461,1,28,3487.0
461,1,29,5683.0
461,1,30,6184.0
461,2,1,
461,2,2,0.0
461,2,3,6498.0
461,2,4,0.0
461,2,5,5573.0
461,2,6,5506.0
461,2,7,6716.0
461,2,8,4481.0
461,2,9,5629.0
461,2,10,5928.0
461,2,11,5349.0
461,2,12,3561.0
461,2,13,6899.0
461,2,14,0.0
461,2,15,6675.0
461,2,16,0.0
461,2,17,4656.0
461,2,18,4906.0
461,2,19,8252.0
461,2,20,8231.0
461,2,21,5018.0
461,2,22,3777.0
461,2,23,5367.0
461,2,24,0.0
461,2,25,4904.0
461,2,26,5724.0
461,2,27,6152.0
461,2,28,0.0
461,2,29,4314.0
461,2,30,5340.0
461,3,1,0.0
461,3,2,5101.0
461,3,3,0.0
461,3,4,0.0
461,3,5,6642.0
461,3,6,0.0
461,3,7,
461,3,8,6075.0
461,3,9,0.0
461,3,10,0.0
461,3,11,5441.0
461,3,12,3986.0
461,3,13,0.0
461,3,14,5024.0
461,3,15,
461,3,16,0.0
461,3,17,5116.0
461,3,18,6229.0
461,3,19,0.0
461,3,20,5485.0
461,3,21,0.0
461,3,22,5446.0
461,3,23,5400.0
461,3,24,3214.0
461,3,25,
461,3,26,4987.0
461,3,27,
461,3,28,
461,3,29,0.0
461,3,30,0.0
462,1,1,6117.0
462,1,2,0.0
462,1,3,4785.0
462,1,4,7111.0
462,1,5,0.0
462,1,6,0.0
462,1,7,6004.0
462,1,8,6505.0
462,1,9,0.0
462,1,10,4348.0
462,1,11,5357.0
462,1,12,5945.0
462,1,13,4860.0
462,1,14,5934.0
462,1,15,6899.0
462,1,16,5670.0
462,1,17,6472.0
462,1,18,6363.0
462,1,19,4929.0
462,1,20,4241.0
462,1,21,5294.0
462,1,22,5776.0
462,1,23,6318.0
462,1,24,5176.0
462,1,25,5003.0
462,1,26,4988.0
462,1,27,5939.0
462,1,28,0.0
462,1,29,5866.0
462,1,30,5313.0
462,2,1,6358.0
462,2,2,6362.0
462,2,3,
462,2,4,5349.0
462,2,5,6084.0
462,2,6,6570.0
462,2,7,6049.0
462,2,8,0.0
462,2,9,5257.0
462,2,10,4732.0
462,2,11,5563.0
462,2,12,6630.0
462,2,13,7998.0
462,2,14,
462,2,15,4150.0
462,2,16,4605.0
462,2,17,6361.0
462,2,18,4015.0
462,2,19,4771.0
462,2,20,4301.0
462,2,21,0.0
462,2,22,6288.0
462,2,23,4407.0
462,2,24,6568.0
462,2,25,5384.0
462,2,26,5129.0
462,2,27,5534.0
462,2,28,6126.0
462,2,29,5680.0
462,2,30,5668.0
462,3,1,6845.0
462,3,2,0.0
462,3,3,0.0
462,3,4,6614.0
462,3,5,0.0
462,3,6,3941.0
462,3,7,5468.0
462,3,8,5223.0
462,3,9,0.0
462,3,10,4576.0
462,3,11,6461.0
462,3,12,4933.0
462,3,13,3917.0
462,3,14,3804.0
462,3,15,4610.0
462,3,16,6706.0
462,3,17,6087.0
462,3,18,
462,3,19,
462,3,20,0.0
462,3,21,3118.0
462,3,22,0.0
462,3,23,4445.0
462,3,24,5098.0
462,3,25,3942.0
462,3,26,0.0
462,3,27,4491.0
462,3,28,3063.0
462,3,29,
462,3,30,4022.0
463,1,1,6048.0
463,1,2,5406.0
463,1,3,5507.0
463,1,4,3983.0
463,1,5,3708.0
463,1,6,4194.0
463,1,7,3906.0
463,1,8,5968.0
463,1,9,0.0
463,1,10,5138.0
463,1,11,5211.0
463,1,12,4301.0
463,1,13,6563.0
463,1,14,2300.0
463,1,15,5020.0
463,1,16,0.0
463,1,17,4107.0
463,1,18,3960.0
463,1,19,6267.0
463,1,20,3185.0
463,1,21,4781.0
463,1,22,4434.0
463,1,23,4706.0
463,1,24,6415.0
463,1,25,4192.0
463,1,26,4344.0
463,1,27,3579.0
463,1,28,5675.0
463,1,29,3613.0
463,1,30,4063.0
463,2,1,0.0
463,2,2,5614.0
463,2,3,
463,2,4,5036.0
463,2,5,5449.0
463,2,6,0.0
463,2,7,4466.0
463,2,8,
463,2,9,3778.0
463,2,10,0.0
463,2,11,
463,2,12,2922.0
463,2,13,0.0
463,2,14,
463,2,15,0.0
463,2,16,6610.0
463,2,17,
463,2,18,5016.0
463,2,19,5459.0
463,2,20,5702.0
463,2,21,3853.0
463,2,22,
463,2,23,4716.0
463,2,24,5755.0
463,2,25,3752.0
463,2,26,5367.0
463,2,27,0.0
463,2,28,0.0
463,2,29,4904.0
463,2,30,4450.0
463,3,1,0.0
463,3,2,3058.0
463,3,3,5108.0
463,3,4,4599.0
463,3,5,0.0
463,3,6,6760.0
463,3,7,0.0
463,3,8,0.0
463,3,9,3349.0
463,3,10,4910.0
463,3,11,0.0
463,3,12,7161.0
463,3,13,4106.0
463,3,14,
463,3,15,3182.0
463,3,16,5260.0
463,3,17,3336.0
463,3,18,3867.0
463,3,19,4748.0
463,3,20,0.0
463,3,21,0.0
463,3,22,
463,3,23,0.0
463,3,24,4052.0
463,3,25,
463,3,26,4099.0
463,3,27,
463,3,28,5978.0
463,3,29,3330.0
463,3,30,0.0
464,1,1,3144.0
464,1,2,0.0
464,1,3,0.0
464,1,4,3956.0
464,1,5,5223.0
464,1,6,5262.0
464,1,7,3308.0
464,1,8,5320.0
464,1,9,0.0
464,1,10,5518.0
464,1,11,6823.0
464,1,12,4945.0
464,1,13,4804.0
464,1,14,5401.0
464,1,15,5541.0
464,1,16,4427.0
464,1,17,3923.0
464,1,18,2815.0
464,1,19,3941.0
464,1,20,4045.0
464,1,21,5365.0
464,1,22,4815.0
464,1,23,5714.0
464,1,24,4075.0
464,1,25,0.0
464,1,26,5000.0
464,1,27,3936.0
464,1,28,0.0
464,1,29,0.0
464,1,30,2746.0
464,2,1,3832.0
464,2,2,3449.0
464,2,3,0.0
464,2,4,3943.0
464,2,5,6143.0
464,2,6,3169.0
464,2,7,0.0
464,2,8,4187.0
464,2,9,0.0
464,2,10,0.0
464,2,11,5361.0
464,2,12,4304.0
464,2,13,0.0
464,2,14,0.0
464,2,15,5899.0
464,2,16,5397.0
464,2,17,5331.0
464,2,18,5642.0
464,2,19,
464,2,20,0.0
464,2,21,0.0
464,2,22,5746.0
464,2,23,5647.0
464,2,24,
464,2,25,4934.0
464,2,26,2925.0
464,2,27,3568.0
464,2,28,3139.0
464,2,29,5036.0
464,2,30,0.0
464,3,1,2957.0
464,3,2,3962.0
464,3,3,2901.0
464,3,4,0.0
464,3,5,5382.0
464,3,6,
464,3,7,0.0
464,3,8,0.0
464,3,9,4004.0
464,3,10,0.0
464,3,11,3968.0
464,3,12,4127.0
464,3,13,0.0
464,3,14,3356.0
464,3,15,
464,3,16,0.0
464,3,17,0.0
464,3,18,0.0
464,3,19,0.0
464,3,20,4414.0
464,3,21,
464,3,22,5347.0
464,3,23,4331.0
464,3,24,0.0
464,3,25,4043.0
464,3,26,3551.0
464,3,27,0.0
464,3,28,5623.0
464,3,29,6009.0
464,3,30,6499.0
465,1,1,7411.0
465,1,2,
465,1,3,4369.0
465,1,4,5140.0
465,1,5,4692.0
465,1,6,5383.0
465,1,7,6410.0
465,1,8,4554.0
465,1,9,5632.0
465,1,10,5292.0
465,1,11,5801.0
465,1,12,5206.0
465,1,13,5805.0
465,1,14,
465,1,15,5793.0
465,1,16,6349.0
465,1,17,4017.0
465,1,18,6061.0
465,1,19,7174.0
465,1,20,5551.0
465,1,21,4995.0
465,1,22,5817.0
465,1,23,7494.0
465,1,24,5908.0
465,1,25,0.0
465,1,26,5373.0
465,1,27,5433.0
465,1,28,6320.0
465,1,29,6074.0
465,1,30,
465,2,1,
465,2,2,0.0
465,2,3,5700.0
465,2,4,5727.0
465,2,5,0.0
465,2,6,6540.0
465,2,7,5512.0
465,2,8,6226.0
465,2,9,6477.0
465,2,10,5218.0
465,2,11,5219.0
465,2,12,6753.0
465,2,13,3271.0
465,2,14,
465,2,15,0.0
465,2,16,0.0
465,2,17,4547.0
465,2,18,5529.0
465,2,19,6490.0
465,2,20,
465,2,21,4921.0
465,2,22,6234.0
465,2,23,
465,2,24,5296.0
465,2,25,7382.0
465,2,26,0.0
465,2,27,6018.0
465,2,28,
465,2,29,6237.0
465,2,30,6173.0
465,3,1,6264.0
465,3,2,
465,3,3,0.0
465,3,4,5153.0
465,3,5,0.0
465,3,6,0.0
465,3,7,3874.0
465,3,8,7169.0
465,3,9,6877.0
465,3,10,0.0
465,3,11,5767.0
465,3,12,0.0
465,3,13,7530.0
465,3,14,7631.0
465,3,15,5569.0
465,3,16,0.0
465,3,17,0.0
465,3,18,0.0
465,3,19,0.0
465,3,20,6230.0
465,3,21,6629.0
465,3,22,0.0
465,3,23,0.0
465,3,24,5269.0
465,3,25,7264.0
465,3,26,5839.0
465,3,27,6718.0
465,3,28,0.0
465,3,29,0.0
465,3,30,0.0
466,1,1,
466,1,2,13341.0
466,1,3,12545.0
466,1,4,11437.0
466,1,5,12506.0
466,1,6,13176.0
466,1,7,11528.0
466,1,8,11440.0
466,1,9,12791.0
466,1,10,11939.0
466,1,11,14904.0
466,1,12,12715.0
466,1,13,0.0
466,1,14,12404.0
466,1,15,12583.0
466,1,16,13380.0
466,1,17,10683.0
466,1,18,13675.0
466,1,19,11738.0
466,1,20,13327.0
466,1,21,13554.0
466,1,22,10998.0
466,1,23,11882.0
466,1,24,13815.0
466,1,25,12889.0
466,1,26,13155.0
466,1,27,10478.0
466,1,28,13306.0
466,1,29,11882.0
466,1,30,12393.0
466,2,1,11319.0
466,2,2,13418.0
466,2,3,0.0
466,2,4,13128.0
466,2,5,12405.0
466,2,6,12352.0
466,2,7,14531.0
466,2,8,14852.0
466,2,9,12922.0
466,2,10,12151.0
466,2,11,12849.0
466,2,12,12616.0
466,2,13,13891.0
466,2,14,11105.0
466,2,15,12386.0
466,2,16,11761.0
466,2,17,13029.0
466,2,18,13083.0
466,2,19,12929.0
466,2,20,11364.0
466,2,21,11117.0
466,2,22,12371.0
466,2,23,13026.0
466,2,24,13039.0
466,2,25,12344.0
466,2,26,13613.0
466,2,27,12108.0
466,2,28,13238.0
466,2,29,12059.0
466,2,30,10897.0
466,3,1,12229.0
466,3,2,11579.0
466,3,3,14807.0
466,3,4,11133.0
466,3,5,12622.0
466,3,6,0.0
466,3,7,12705.0
466,3,8,14840.0
466,3,9,12738.0
466,3,10,14573.0
466,3,11,15108.0
466,3,12,11924.0
466,3,13,12099.0
466,3,14,13542.0
466,3,15,12465.0
466,3,16,11670.0
466,3,17,12690.0
466,3,18,0.0
466,3,19,13279.0
466,3,20,13120.0
466,3,21,11692.0
466,3,22,13132.0
466,3,23,0.0
466,3,24,0.0
466,3,25,12876.0
466,3,26,0.0
466,3,27,12933.0
466,3,28,12498.0
466,3,29,11838.0
466,3,30,
467,1,1,7821.0
467,1,2,7685.0
467,1,3,7990.0
467,1,4,7530.0
467,1,5,
467,1,6,8476.0
467,1,7,0.0
467,1,8,6907.0
467,1,9,6652.0
467,1,10,8947.0
467,1,11,8013.0
467,1,12,0.0
467,1,13,7003.0
467,1,14,8312.0
467,1,15,7374.0
467,1,16,7614.0
467,1,17,7885.0
467,1,18,7644.0
467,1,19,0.0
467,1,20,6202.0
467,1,21,7965.0
467,1,22,7185.0
467,1,23,8847.0
467,1,24,6720.0
467,1,25,8911.0
467,1,26,9093.0
467,1,27,7208.0
467,1,28,9332.0
467,1,29,
467,1,30,7090.0
467,2,1,8048.0
467,2,2,0.0
467,2,3,0.0
467,2,4,8632.0
467,2,5,0.0
467,2,6,7906.0
467,2,7,7672.0
467,2,8,8414.0
467,2,9,0.0
467,2,10,0.0
467,2,11,6045.0
467,2,12,8479.0
467,2,13,0.0
467,2,14,8035.0
467,2,15,7246.0
467,2,16,7105.0
467,2,17,7379.0
467,2,18,0.0
467,2,19,8992.0
467,2,20,6991.0
467,2,21,6144.0
467,2,22,0.0
467,2,23,7463.0
467,2,24,
467,2,25,7515.0
467,2,26,7860.0
467,2,27,0.0
467,2,28,
467,2,29,6672.0
467,2,30,8048.0
467,3,1,0.0
467,3,2,
467,3,3,6253.0
467,3,4,8061.0
467,3,5,
467,3,6,7061.0
467,3,7,5855.0
467,3,8,6162.0
467,3,9,6456.0
467,3,10,0.0
467,3,11,5293.0
467,3,12,0.0
467,3,13,6932.0
467,3,14,6877.0
467,3,15,
467,3,16,8294.0
467,3,17,7912.0
467,3,18,6684.0
467,3,19,0.0
467,3,20,0.0
467,3,21,8142.0
467,3,22,8252.0
467,3,23,7823.0
467,3,24,0.0
467,3,25,10038.0
467,3,26,7914.0
467,3,27,
467,3,28,0.0
467,3,29,0.0
467,3,30,0.0
468,1,1,5000.0
468,1,2,2693.0
468,1,3,4002.0
468,1,4,5294.0
468,1,5,0.0
468,1,6,5371.0
468,1,7,4493.0
468,1,8,3117.0
468,1,9,5897.0
468,1,10,6249.0
468,1,11,4854.0
468,1,12,5121.0
468,1,13,5506.0
468,1,14,5948.0
468,1,15,4014.0
468,1,16,4417.0
468,1,17,3799.0
468,1,18,6379.0
468,1,19,5531.0
468,1,20,0.0
468,1,21,3232.0
468,1,22,3993.0
468,1,23,0.0
468,1,24,6335.0
468,1,25,5468.0
468,1,26,4623.0
468,1,27,0.0
468,1,28,4955.0
468,1,29,6297.0
468,1,30,5526.0
468,2,1,0.0
468,2,2,6651.0
468,2,3,4745.0
468,2,4,7141.0
468,2,5,0.0
468,2,6,4761.0
468,2,7,0.0
468,2,8,4577.0
468,2,9,4301.0
468,2,10,5427.0
468,2,11,0.0
468,2,12,4283.0
468,2,13,4310.0
468,2,14,4258.0
468,2,15,0.0
468,2,16,5565.0
468,2,17,4067.0
468,2,18,4970.0
468,2,19,0.0
468,2,20,5472.0
468,2,21,
468,2,22,5527.0
468,2,23,4098.0
468,2,24,4291.0
468,2,25,5600.0
468,2,26,0.0
468,2,27,0.0
468,2,28,
468,2,29,0.0
468,2,30,6015.0
468,3,1,5764.0
468,3,2,0.0
468,3,3,5194.0
468,3,4,0.0
468,3,5,
468,3,6,
468,3,7,3563.0
468,3,8,
468,3,9,4811.0
468,3,10,5961.0
468,3,11,0.0
468,3,12,4546.0
468,3,13,4756.0
468,3,14,5972.0
468,3,15,
468,3,16,0.0
468,3,17,
468,3,18,4154.0
468,3,19,0.0
468,3,20,0.0
468,3,21,3733.0
468,3,22,4865.0
468,3,23,6283.0
468,3,24,0.0
468,3,25,0.0
468,3,26,4178.0
468,3,27,0.0
468,3,28,0.0
468,3,29,4679.0
468,3,30,
469,1,1,4908.0
469,1,2,6635.0
469,1,3,5177.0
469,1,4,0.0
469,1,5,5921.0
469,1,6,0.0
469,1,7,5324.0
469,1,8,3961.0
469,1,9,4834.0
469,1,10,6374.0
469,1,11,4181.0
469,1,12,4468.0
469,1,13,5442.0
469,1,14,5942.0
469,1,15,4735.0
469,1,16,4077.0
469,1,17,4316.0
469,1,18,3729.0
469,1,19,5985.0
469,1,20,5833.0
469,1,21,4285.0
469,1,22,3884.0
469,1,23,5003.0
469,1,24,4585.0
469,1,25,5553.0
469,1,26,4058.0
469,1,27,4245.0
469,1,28,7067.0
469,1,29,5160.0
469,1,30,4604.0
469,2,1,
469,2,2,
469,2,3,0.0
469,2,4,6640.0
469,2,5,5571.0
469,2,6,4163.0
469,2,7,6180.0
469,2,8,5907.0
469,2,9,0.0
469,2,10,3500.0
469,2,11,
469,2,12,
469,2,13,4082.0
469,2,14,5541.0
469,2,15,6074.0
469,2,16,4659.0
469,2,17,0.0
469,2,18,5056.0
469,2,19,
469,2,20,0.0
469,2,21,0.0
469,2,22,5069.0
469,2,23,5688.0
469,2,24,6751.0
469,2,25,4909.0
469,2,26,6103.0
469,2,27,0.0
469,2,28,0.0
469,2,29,0.0
469,2,30,3855.0
469,3,1,5658.0
469,3,2,5931.0
469,3,3,0.0
469,3,4,5700.0
469,3,5,4962.0
469,3,6,5974.0
469,3,7,5184.0
469,3,8,0.0
469,3,9,6127.0
469,3,10,6443.0
469,3,11,
469,3,12,5397.0
469,3,13,4332.0
469,3,14,5518.0
469,3,15,5748.0
469,3,16,4734.0
469,3,17,0.0
469,3,18,6481.0
469,3,19,6053.0
469,3,20,6782.0
469,3,21,
469,3,22,4032.0
469,3,23,
469,3,24,5517.0
469,3,25,7332.0
469,3,26,4519.0
469,3,27,0.0
469,3,28,4951.0
469,3,29,4655.0
469,3,30,0.0
470,1,1,4152.0
470,1,2,3863.0
470,1,3,5173.0
470,1,4,4715.0
470,1,5,5279.0
470,1,6,0.0
470,1,7,5790.0
470,1,8,5986.0
470,1,9,4400.0
470,1,10,6113.0
470,1,11,6495.0
470,1,12,5851.0
470,1,13,0.0
470,1,14,0.0
470,1,15,4731.0
470,1,16,
470,1,17,4927.0
470,1,18,5227.0
470,1,19,3397.0
470,1,20,0.0
470,1,21,4547.0
470,1,22,5682.0
470,1,23,0.0
470,1,24,5793.0
470,1,25,
470,1,26,0.0
470,1,27,6103.0
470,1,28,
470,1,29,4278.0
470,1,30,4616.0
470,2,1,0.0
470,2,2,0.0
470,2,3,5956.0
470,2,4,4956.0
470,2,5,5695.0
470,2,6,
470,2,7,5362.0
470,2,8,5010.0
470,2,9,4040.0
470,2,10,0.0
470,2,11,3860.0
470,2,12,
470,2,13,0.0
470,2,14,5611.0
470,2,15,5191.0
470,2,16,3619.0
470,2,17,6945.0
470,2,18,5398.0
470,2,19,
470,2,20,0.0
470,2,21,5769.0
470,2,22,4326.0
470,2,23,
470,2,24,4358.0
470,2,25,6348.0
470,2,26,5127.0
470,2,27,6471.0
470,2,28,6228.0
470,2,29,5222.0
470,2,30,4487.0
470,3,1,5936.0
470,3,2,0.0
470,3,3,4851.0
470,3,4,3556.0
470,3,5,0.0
470,3,6,4632.0
470,3,7,5699.0
470,3,8,0.0
470,3,9,6378.0
470,3,10,6010.0
470,3,11,3744.0
470,3,12,6901.0
470,3,13,0.0
470,3,14,0.0
470,3,15,5588.0
470,3,16,4823.0
470,3,17,5451.0
470,3,18,5585.0
470,3,19,6849.0
470,3,20,4404.0
470,3,21,0.0
470,3,22,0.0
470,3,23,0.0
470,3,24,4416.0
470,3,25,
470,3,26,0.0
470,3,27,0.0
470,3,28,0.0
470,3,29,
470,3,30,0.0
471,1,1,3433.0
471,1,2,
471,1,3,1984.0
471,1,4,0.0
471,1,5,
471,1,6,2932.0
471,1,7,3190.0
471,1,8,4084.0
471,1,9,2003.0
471,1,10,4380.0
471,1,11,4644.0
471,1,12,2067.0
471,1,13,2688.0
471,1,14,2715.0
471,1,15,4032.0
471,1,16,1965.0
471,1,17,3459.0
471,1,18,1656.0
471,1,19,2975.0
471,1,20,2624.0
471,1,21,2186.0
471,1,22,4092.0
471,1,23,4717.0
471,1,24,2673.0
471,1,25,3732.0
471,1,26,2607.0
471,1,27,1786.0
471,1,28,0.0
471,1,29,2361.0
471,1,30,4417.0
471,2,1,0.0
471,2,2,0.0
471,2,3,824.0
471,2,4,2927.0
471,2,5,2609.0
471,2,6,3834.0
471,2,7,3960.0
471,2,8,3457.0
471,2,9,4798.0
471,2,10,
471,2,11,3137.0
471,2,12,4511.0
471,2,13,4140.0
471,2,14,0.0
471,2,15,2698.0
471,2,16,0.0
471,2,17,0.0
471,2,18,4414.0
471,2,19,1935.0
471,2,20,4240.0
471,2,21,2182.0
471,2,22,2598.0
471,2,23,3910.0
471,2,24,3958.0
471,2,25,2863.0
471,2,26,3214.0
471,2,27,4692.0
471,2,28,4644.0
471,2,29,3017.0
471,2,30,2856.0
471,3,1,0.0
471,3,2,2496.0
471,3,3,3009.0
471,3,4,0.0
471,3,5,
471,3,6,1690.0
471,3,7,0.0
471,3,8,0.0
471,3,9,0.0
471,3,10,3343.0
471,3,11,
471,3,12,3502.0
471,3,13,
471,3,14,2727.0
471,3,15,0.0
471,3,16,4458.0
471,3,17,
471,3,18,
471,3,19,2690.0
471,3,20,3838.0
471,3,21,0.0
471,3,22,5489.0
471,3,23,
471,3,24,1760.0
471,3,25,3573.0
471,3,26,0.0
471,3,27,2664.0
471,3,28,3498.0
471,3,29,0.0
471,3,30,0.0
472,1,1,7063.0
472,1,2,6965.0
472,1,3,4643.0
472,1,4,6651.0
472,1,5,5618.0
472,1,6,5789.0
472,1,7,6008.0
472,1,8,5050.0
472,1,9,6034.0
472,1,10,7316.0
472,1,11,5786.0
472,1,12,6249.0
472,1,13,6757.0
472,1,14,6662.0
472,1,15,5786.0
472,1,16,0.0
472,1,17,6152.0
472,1,18,0.0
472,1,19,6482.0
472,1,20,0.0
472,1,21,6004.0
472,1,22,5178.0
472,1,23,6300.0
472,1,24,7363.0
472,1,25,8665.0
472,1,26,6388.0
472,1,27,7166.0
472,1,28,5883.0
472,1,29,6636.0
472,1,30,5535.0
472,2,1,4932.0
472,2,2,6382.0
472,2,3,7198.0
472,2,4,6942.0
472,2,5,0.0
472,2,6,5781.0
472,2,7,5398.0
472,2,8,6332.0
472,2,9,5748.0
472,2,10,5955.0
472,2,11,6355.0
472,2,12,0.0
472,2,13,
472,2,14,
472,2,15,7542.0
472,2,16,0.0
472,2,17,5678.0
472,2,18,0.0
472,2,19,0.0
472,2,20,5608.0
472,2,21,5295.0
472,2,22,7513.0
472,2,23,
472,2,24,6435.0
472,2,25,0.0
472,2,26,7384.0
472,2,27,6284.0
472,2,28,0.0
472,2,29,0.0
472,2,30,
472,3,1,5946.0
472,3,2,0.0
472,3,3,0.0
472,3,4,
472,3,5,
472,3,6,5178.0
472,3,7,
472,3,8,7854.0
472,3,9,5173.0
472,3,10,6392.0
472,3,11,
472,3,12,0.0
472,3,13,6414.0
472,3,14,6243.0
472,3,15,0.0
472,3,16,7413.0
472,3,17,4337.0
472,3,18,6497.0
472,3,19,0.0
472,3,20,6190.0
472,3,21,6191.0
472,3,22,7328.0
472,3,23,
472,3,24,5789.0
472,3,25,0.0
472,3,26,0.0
472,3,27,
472,3,28,7784.0
472,3,29,7180.0
472,3,30,8104.0
473,1,1,5975.0
473,1,2,5491.0
473,1,3,7933.0
473,1,4,6215.0
473,1,5,9156.0
473,1,6,7894.0
473,1,7,7547.0
473,1,8,0.0
473,1,9,7429.0
473,1,10,5287.0
473,1,11,6957.0
473,1,12,6100.0
473,1,13,7352.0
473,1,14,7424.0
473,1,15,4852.0
473,1,16,6915.0
473,1,17,
473,1,18,7033.0
473,1,19,7298.0
473,1,20,7792.0
473,1,21,8548.0
473,1,22,6731.0
473,1,23,5732.0
473,1,24,6837.0
473,1,25,0.0
473,1,26,
473,1,27,7840.0
473,1,28,7523.0
473,1,29,5442.0
473,1,30,7505.0
473,2,1,0.0
473,2,2,0.0
473,2,3,7109.0
473,2,4,0.0
473,2,5,0.0
473,2,6,7452.0
473,2,7,
473,2,8,0.0
473,2,9,7774.0
473,2,10,5934.0
473,2,11,7507.0
473,2,12,0.0
473,2,13,4865.0
473,2,14,8054.0
473,2,15,8943.0
473,2,16,7002.0
473,2,17,8140.0
473,2,18,7128.0
473,2,19,8004.0
473,2,20,7508.0
473,2,21,7841.0
473,2,22,6852.0
473,2,23,7233.0
473,2,24,5812.0
473,2,25,0.0
473,2,26,5372.0
473,2,27,5697.0
473,2,28,0.0
473,2,29,8642.0
473,2,30,0.0
473,3,1,5796.0
473,3,2,7840.0
473,3,3,7467.0
473,3,4,5568.0
473,3,5,7731.0
473,3,6,7075.0
473,3,7,6410.0
473,3,8,6192.0
473,3,9,6824.0
473,3,10,
473,3,11,6806.0
473,3,12,7748.0
473,3,13,6358.0
473,3,14,6098.0
473,3,15,6226.0
473,3,16,0.0
473,3,17,6731.0
473,3,18,
473,3,19,8116.0
473,3,20,5651.0
473,3,21,0.0
473,3,22,
473,3,23,
473,3,24,7212.0
473,3,25,6794.0
473,3,26,8626.0
473,3,27,6539.0
473,3,28,6269.0
473,3,29,0.0
473,3,30,7147.0
474,1,1,5299.0
474,1,2,4008.0
474,1,3,4838.0
474,1,4,4202.0
474,1,5,4336.0
474,1,6,3854.0
474,1,7,2320.0
474,1,8,4132.0
474,1,9,0.0
474,1,10,4978.0
474,1,11,4058.0
474,1,12,0.0
474,1,13,4263.0
474,1,14,3312.0
474,1,15,3056.0
474,1,16,4677.0
474,1,17,4220.0
474,1,18,3937.0
474,1,19,4002.0
474,1,20,0.0
474,1,21,3120.0
474,1,22,5157.0
474,1,23,5438.0
474,1,24,6773.0
474,1,25,4409.0
474,1,26,4455.0
474,1,27,5208.0
474,1,28,4823.0
474,1,29,4259.0
474,1,30,5951.0
474,2,1,4607.0
474,2,2,3025.0
474,2,3,2863.0
474,2,4,4517.0
474,2,5,5582.0
474,2,6,
474,2,7,0.0
474,2,8,5660.0
474,2,9,6356.0
474,2,10,5432.0
474,2,11,4098.0
474,2,12,4955.0
474,2,13,4386.0
474,2,14,
474,2,15,0.0
474,2,16,4225.0
474,2,17,6071.0
474,2,18,
474,2,19,4766.0
474,2,20,3176.0
474,2,21,4226.0
474,2,22,7044.0
474,2,23,
474,2,24,0.0
474,2,25,
474,2,26,0.0
474,2,27,0.0
474,2,28,5297.0
474,2,29,4365.0
474,2,30,
474,3,1,
474,3,2,5695.0
474,3,3,5393.0
474,3,4,6009.0
474,3,5,4109.0
474,3,6,0.0
474,3,7,
474,3,8,5829.0
474,3,9,5204.0
474,3,10,4670.0
474,3,11,0.0
474,3,12,3962.0
474,3,13,
474,3,14,
474,3,15,4535.0
474,3,16,7427.0
474,3,17,2589.0
474,3,18,3933.0
474,3,19,0.0
474,3,20,4376.0
474,3,21,5024.0
474,3,22,
474,3,23,4034.0
474,3,24,5889.0
474,3,25,5631.0
474,3,26,0.0
474,3,27,4380.0
474,3,28,5205.0
474,3,29,0.0
474,3,30,0.0
475,1,1,5368.0
475,1,2,5273.0
475,1,3,0.0
475,1,4,6110.0
475,1,5,4743.0
475,1,6,4313.0
475,1,7,3224.0
475,1,8,4520.0
475,1,9,4896.0
475,1,10,6340.0
475,1,11,4371.0
475,1,12,6259.0
475,1,13,0.0
475,1,14,
475,1,15,4943.0
475,1,16,5592.0
475,1,17,4983.0
475,1,18,6788.0
475,1,19,5394.0
475,1,20,4341.0
475,1,21,5886.0
475,1,22,3775.0
475,1,23,5622.0
475,1,24,4495.0
475,1,25,4386.0
475,1,26,5051.0
475,1,27,5132.0
475,1,28,3967.0
475,1,29,4811.0
475,1,30,5822.0
475,2,1,0.0
475,2,2,5572.0
475,2,3,5107.0
475,2,4,5750.0
475,2,5,4210.0
475,2,6,5192.0
475,2,7,5000.0
475,2,8,6302.0
475,2,9,4559.0
475,2,10,3488.0
475,2,11,6892.0
475,2,12,2505.0
475,2,13,5385.0
475,2,14,5809.0
475,2,15,0.0
475,2,16,5433.0
475,2,17,7783.0
475,2,18,
475,2,19,4305.0
475,2,20,4143.0
475,2,21,0.0
475,2,22,
475,2,23,
475,2,24,0.0
475,2,25,0.0
475,2,26,
475,2,27,5814.0
475,2,28,4248.0
475,2,29,4885.0
475,2,30,5115.0
475,3,1,
475,3,2,0.0
475,3,3,0.0
475,3,4,5233.0
475,3,5,5378.0
475,3,6,7708.0
475,3,7,0.0
475,3,8,
475,3,9,7439.0
475,3,10,3462.0
475,3,11,6446.0
475,3,12,5334.0
475,3,13,
475,3,14,5680.0
475,3,15,0.0
475,3,16,5824.0
475,3,17,4583.0
475,3,18,0.0
475,3,19,0.0
475,3,20,5404.0
475,3,21,5883.0
475,3,22,4384.0
475,3,23,6297.0
475,3,24,5580.0
475,3,25,4783.0
475,3,26,6407.0
475,3,27,
475,3,28,4682.0
475,3,29,0.0
475,3,30,
476,1,1,3588.0
476,1,2,0.0
476,1,3,4851.0
476,1,4,4549.0
476,1,5,3642.0
476,1,6,3418.0
476,1,7,5787.0
476,1,8,3843.0
476,1,9,3315.0
476,1,10,5043.0
476,1,11,3237.0
476,1,12,3950.0
476,1,13,4914.0
476,1,14,
476,1,15,5109.0
476,1,16,6241.0
476,1,17,0.0
476,1,18,4164.0
476,1,19,2806.0
476,1,20,4007.0
476,1,21,3522.0
476,1,22,4362.0
476,1,23,0.0
476,1,24,3238.0
476,1,25,4321.0
476,1,26,0.0
476,1,27,3726.0
476,1,28,4066.0
476,1,29,3526.0
476,1,30,3824.0
476,2,1,5822.0
476,2,2,4106.0
476,2,3,4111.0
476,2,4,4799.0
476,2,5,4150.0
476,2,6,2665.0
476,2,7,0.0
476,2,8,2992.0
476,2,9,1819.0
476,2,10,5161.0
476,2,11,5915.0
476,2,12,3037.0
476,2,13,
476,2,14,3673.0
476,2,15,3627.0
476,2,16,3955.0
476,2,17,5503.0
476,2,18,4259.0
476,2,19,3186.0
476,2,20,3606.0
476,2,21,4753.0
476,2,22,4456.0
476,2,23,0.0
476,2,24,0.0
476,2,25,5677.0
476,2,26,
476,2,27,4757.0
476,2,28,0.0
476,2,29,2805.0
476,2,30,3200.0
476,3,1,0.0
476,3,2,4632.0
476,3,3,3910.0
476,3,4,3171.0
476,3,5,2986.0
476,3,6,
476,3,7,0.0
476,3,8,
476,3,9,4497.0
476,3,10,3774.0
476,3,11,3202.0
476,3,12,5649.0
476,3,13,3201.0
476,3,14,4912.0
476,3,15,3464.0
476,3,16,0.0
476,3,17,0.0
476,3,18,
476,3,19,3718.0
476,3,20,0.0
476,3,21,2156.0
476,3,22,0.0
476,3,23,0.0
476,3,24,3758.0
476,3,25,0.0
476,3,26,2581.0
476,3,27,0.0
476,3,28,3902.0
476,3,29,3043.0
476,3,30,0.0
477,1,1,7658.0
477,1,2,8922.0
477,1,3,8206.0
477,1,4,6500.0
477,1,5,7762.0
477,1,6,0.0
477,1,7,6890.0
477,1,8,6234.0
477,1,9,7683.0
477,1,10,0.0
477,1,11,8086.0
477,1,12,6934.0
477,1,13,6829.0
477,1,14,7080.0
477,1,15,6888.0
477,1,16,
477,1,17,5233.0
477,1,18,5514.0
477,1,19,7900.0
477,1,20,8314.0
477,1,21,6091.0
477,1,22,6925.0
477,1,23,7282.0
477,1,24,
477,1,25,
477,1,26,0.0
477,1,27,5389.0
477,1,28,5443.0
477,1,29,7002.0
477,1,30,5648.0
477,2,1,4999.0
477,2,2,7334.0
477,2,3,5011.0
477,2,4,0.0
477,2,5,6275.0
477,2,6,8309.0
477,2,7,0.0
477,2,8,0.0
477,2,9,7371.0
477,2,10,8122.0
477,2,11,6543.0
477,2,12,7698.0
477,2,13,0.0
477,2,14,6664.0
477,2,15,8296.0
477,2,16,5335.0
477,2,17,0.0
477,2,18,
477,2,19,5118.0
477,2,20,5033.0
477,2,21,6891.0
477,2,22,
477,2,23,8241.0
477,2,24,6843.0
477,2,25,
477,2,26,7706.0
477,2,27,6766.0
477,2,28,6241.0
477,2,29,6160.0
477,2,30,5925.0
477,3,1,5945.0
477,3,2,8464.0
477,3,3,8447.0
477,3,4,7064.0
477,3,5,0.0
477,3,6,0.0
477,3,7,5166.0
477,3,8,
477,3,9,7424.0
477,3,10,7101.0
477,3,11,5656.0
477,3,12,7046.0
477,3,13,0.0
477,3,14,
477,3,15,4857.0
477,3,16,5959.0
477,3,17,
477,3,18,3270.0
477,3,19,8295.0
477,3,20,9456.0
477,3,21,7980.0
477,3,22,0.0
477,3,23,6954.0
477,3,24,10149.0
477,3,25,
477,3,26,0.0
477,3,27,7087.0
477,3,28,7163.0
477,3,29,6904.0
477,3,30,5307.0
478,1,1,10901.0
478,1,2,8333.0
478,1,3,9281.0
478,1,4,9663.0
478,1,5,10634.0
478,1,6,10553.0
478,1,7,9451.0
478,1,8,8538.0
478,1,9,11672.0
478,1,10,8371.0
478,1,11,8329.0
478,1,12,9288.0
478,1,13,11434.0
478,1,14,10866.0
478,1,15,10403.0
478,1,16,8910.0
478,1,17,8795.0
478,1,18,10288.0
478,1,19,
478,1,20,9380.0
478,1,21,8993.0
478,1,22,10117.0
478,1,23,9026.0
478,1,24,10134.0
478,1,25,11287.0
478,1,26,8989.0
478,1,27,10639.0
478,1,28,8923.0
478,1,29,7411.0
478,1,30,9621.0
478,2,1,9648.0
478,2,2,8579.0
478,2,3,9111.0
478,2,4,9907.0
478,2,5,10999.0
478,2,6,9566.0
478,2,7,10900.0
478,2,8,9099.0
478,2,9,9836.0
478,2,10,10163.0
478,2,11,9786.0
478,2,12,9679.0
478,2,13,
478,2,14,9877.0
478,2,15,10626.0
478,2,16,9416.0
478,2,17,11016.0
478,2,18,9929.0
478,2,19,9232.0
478,2,20,8509.0
478,2,21,11075.0
478,2,22,10785.0
478,2,23,11192.0
478,2,24,0.0
478,2,25,7827.0
478,2,26,10676.0
478,2,27,10426.0
478,2,28,11568.0
478,2,29,8564.0
478,2,30,11544.0
478,3,1,9433.0
478,3,2,11103.0
478,3,3,9695.0
478,3,4,10634.0
478,3,5,8829.0
478,3,6,6740.0
478,3,7,10405.0
478,3,8,9385.0
478,3,9,9883.0
478,3,10,10763.0
478,3,11,9062.0
478,3,12,11425.0
478,3,13,9413.0
478,3,14,8371.0
478,3,15,11712.0
478,3,16,10124.0
478,3,17,10097.0
478,3,18,12356.0
478,3,19,10003.0
478,3,20,10676.0
478,3,21,10230.0
478,3,22,9709.0
478,3,23,9076.0
478,3,24,11347.0
478,3,25,9750.0
478,3,26,10434.0
478,3,27,10109.0
478,3,28,10326.0
478,3,29,11055.0
478,3,30,10329.0
479,1,1,4358.0
479,1,2,3546.0
479,1,3,4817.0
479,1,4,4224.0
479,1,5,2467.0
479,1,6,2570.0
479,1,7,4487.0
479,1,8,5227.0
479,1,9,4710.0
479,1,10,3486.0
479,1,11,5068.0
479,1,12,3447.0
479,1,13,3354.0
479,1,14,4551.0
479,1,15,2417.0
479,1,16,0.0
479,1,17,4173.0
479,1,18,
479,1,19,4083.0
479,1,20,2659.0
479,1,21,3963.0
479,1,22,4472.0
479,1,23,3463.0
479,1,24,2953.0
479,1,25,3341.0
479,1,26,3108.0
479,1,27,4405.0
479,1,28,3650.0
479,1,29,3270.0
479,1,30,5481.0
479,2,1,
479,2,2,3487.0
479,2,3,0.0
479,2,4,5046.0
479,2,5,4813.0
479,2,6,3780.0
479,2,7,
479,2,8,5512.0
479,2,9,2308.0
479,2,10,4109.0
479,2,11,4960.0
479,2,12,0.0
479,2,13,3296.0
479,2,14,0.0
479,2,15,3345.0
479,2,16,3849.0
479,2,17,
479,2,18,2802.0
479,2,19,0.0
479,2,20,3944.0
479,2,21,3502.0
479,2,22,
479,2,23,0.0
479,2,24,
479,2,25,5739.0
479,2,26,
479,2,27,
479,2,28,0.0
479,2,29,3355.0
479,2,30,3722.0
479,3,1,5527.0
479,3,2,0.0
479,3,3,2944.0
479,3,4,2117.0
479,3,5,0.0
479,3,6,4007.0
479,3,7,
479,3,8,0.0
479,3,9,3215.0
479,3,10,4013.0
479,3,11,4862.0
479,3,12,
479,3,13,3719.0
479,3,14,0.0
479,3,15,0.0
479,3,16,4597.0
479,3,17,
479,3,18,0.0
479,3,19,
479,3,20,1784.0
479,3,21,4204.0
479,3,22,
479,3,23,3572.0
479,3,24,4431.0
479,3,25,4606.0
479,3,26,0.0
479,3,27,3911.0
479,3,28,0.0
479,3,29,
479,3,30,5175.0
480,1,1,0.0
480,1,2,7353.0
480,1,3,7500.0
480,1,4,5670.0
480,1,5,
480,1,6,4768.0
480,1,7,5650.0
480,1,8,5401.0
480,1,9,5303.0
480,1,10,5390.0
480,1,11,0.0
480,1,12,
480,1,13,6162.0
480,1,14,5288.0
480,1,15,6424.0
480,1,16,4851.0
480,1,17,5530.0
480,1,18,5768.0
480,1,19,3546.0
480,1,20,6286.0
480,1,21,6816.0
480,1,22,5177.0
480,1,23,0.0
480,1,24,5751.0
480,1,25,5135.0
480,1,26,7438.0
480,1,27,6159.0
480,1,28,6076.0
480,1,29,6202.0
480,1,30,6951.0
480,2,1,6210.0
480,2,2,4990.0
480,2,3,4787.0
480,2,4,5878.0
480,2,5,6618.0
480,2,6,0.0
480,2,7,5794.0
480,2,8,6042.0
480,2,9,5991.0
480,2,10,5519.0
480,2,11,
480,2,12,6131.0
480,2,13,6212.0
480,2,14,7315.0
480,2,15,5815.0
480,2,16,6303.0
480,2,17,6720.0
480,2,18,6368.0
480,2,19,7588.0
480,2,20,8049.0
480,2,21,6564.0
480,2,22,
480,2,23,6162.0
480,2,24,5967.0
480,2,25,6941.0
480,2,26,5701.0
480,2,27,7154.0
480,2,28,3765.0
480,2,29,5587.0
480,2,30,0.0
480,3,1,5933.0
480,3,2,6999.0
480,3,3,6429.0
480,3,4,4508.0
480,3,5,7219.0
480,3,6,
480,3,7,
480,3,8,
480,3,9,0.0
480,3,10,6930.0
480,3,11,0.0
480,3,12,0.0
480,3,13,5658.0
480,3,14,0.0
480,3,15,0.0
480,3,16,6603.0
480,3,17,
480,3,18,5943.0
480,3,19,6845.0
480,3,20,
480,3,21,6762.0
480,3,22,5748.0
480,3,23,5493.0
480,3,24,7171.0
480,3,25,
480,3,26,
480,3,27,0.0
480,3,28,4757.0
480,3,29,8075.0
480,3,30,0.0
481,1,1,2888.0
481,1,2,0.0
481,1,3,5047.0
481,1,4,4115.0
481,1,5,6464.0
481,1,6,
481,1,7,3699.0
481,1,8,4012.0
481,1,9,3158.0
481,1,10,
481,1,11,0.0
481,1,12,4643.0
481,1,13,5868.0
481,1,14,4948.0
481,1,15,4307.0
481,1,16,4565.0
481,1,17,6645.0
481,1,18,4607.0
481,1,19,7061.0
481,1,20,3821.0
481,1,21,4316.0
481,1,22,5004.0
481,1,23,3998.0
481,1,24,4942.0
481,1,25,4265.0
481,1,26,6188.0
481,1,27,0.0
481,1,28,5072.0
481,1,29,5748.0
481,1,30,3569.0
481,2,1,
481,2,2,4990.0
481,2,3,4731.0
481,2,4,
481,2,5,0.0
481,2,6,6818.0
481,2,7,0.0
481,2,8,2614.0
481,2,9,7049.0
481,2,10,5485.0
481,2,11,0.0
481,2,12,4058.0
481,2,13,
481,2,14,
481,2,15,4024.0
481,2,16,0.0
481,2,17,0.0
481,2,18,4322.0
481,2,19,5030.0
481,2,20,0.0
481,2,21,4711.0
481,2,22,0.0
481,2,23,3659.0
481,2,24,3710.0
481,2,25,4300.0
481,2,26,
481,2,27,0.0
481,2,28,0.0
481,2,29,2724.0
481,2,30,4642.0
481,3,1,0.0
481,3,2,4183.0
481,3,3,4571.0
481,3,4,4281.0
481,3,5,0.0
481,3,6,0.0
481,3,7,
481,3,8,0.0
481,3,9,6451.0
481,3,10,0.0
481,3,11,3914.0
481,3,12,4127.0
481,3,13,
481,3,14,4684.0
481,3,15,0.0
481,3,16,6053.0
481,3,17,0.0
481,3,18,4989.0
481,3,19,6181.0
481,3,20,0.0
481,3,21,4504.0
481,3,22,
481,3,23,5219.0
481,3,24,0.0
481,3,25,0.0
481,3,26,0.0
481,3,27,5201.0
481,3,28,5253.0
481,3,29,0.0
481,3,30,5444.0
482,1,1,7098.0
482,1,2,6385.0
482,1,3,6476.0
482,1,4,7474.0
482,1,5,4730.0
482,1,6,5609.0
482,1,7,6548.0
482,1,8,6803.0
482,1,9,7868.0
482,1,10,6083.0
482,1,11,8021.0
482,1,12,7371.0
482,1,13,6198.0
482,1,14,5569.0
482,1,15,5267.0
482,1,16,0.0
482,1,17,7198.0
482,1,18,6466.0
482,1,19,0.0
482,1,20,7915.0
482,1,21,7954.0
482,1,22,8851.0
482,1,23,6099.0
482,1,24,5893.0
482,1,25,7798.0
482,1,26,0.0
482,1,27,5267.0
482,1,28,4285.0
482,1,29,6269.0
482,1,30,5850.0
482,2,1,6517.0
482,2,2,4567.0
482,2,3,5908.0
482,2,4,0.0
482,2,5,
482,2,6,6107.0
482,2,7,5913.0
482,2,8,6522.0
482,2,9,7017.0
482,2,10,6894.0
482,2,11,
482,2,12,6208.0
482,2,13,0.0
482,2,14,7326.0
482,2,15,7642.0
482,2,16,
482,2,17,
482,2,18,8138.0
482,2,19,7660.0
482,2,20,5911.0
482,2,21,6023.0
482,2,22,5570.0
482,2,23,7785.0
482,2,24,8042.0
482,2,25,7177.0
482,2,26,6222.0
482,2,27,0.0
482,2,28,6533.0
482,2,29,7333.0
482,2,30,5355.0
482,3,1,5995.0
482,3,2,6859.0
482,3,3,5661.0
482,3,4,5654.0
482,3,5,0.0
482,3,6,0.0
482,3,7,0.0
482,3,8,4751.0
482,3,9,0.0
482,3,10,
482,3,11,5873.0
482,3,12,0.0
482,3,13,0.0
482,3,14,
482,3,15,6987.0
482,3,16,0.0
482,3,17,6744.0
482,3,18,0.0
482,3,19,5370.0
482,3,20,0.0
482,3,21,5687.0
482,3,22,5837.0
482,3,23,6890.0
482,3,24,0.0
482,3,25,6051.0
482,3,26,0.0
482,3,27,0.0
482,3,28,6763.0
482,3,29,0.0
482,3,30,6837.0
483,1,1,4678.0
483,1,2,4827.0
483,1,3,3032.0
483,1,4,2052.0
483,1,5,0.0
483,1,6,2748.0
483,1,7,3069.0
483,1,8,3632.0
483,1,9,4985.0
483,1,10,3043.0
483,1,11,3534.0
483,1,12,4310.0
483,1,13,3615.0
483,1,14,
483,1,15,3585.0
483,1,16,4987.0
483,1,17,0.0
483,1,18,2982.0
483,1,19,4081.0
483,1,20,2662.0
483,1,21,4368.0
483,1,22,5064.0
483,1,23,0.0
483,1,24,4059.0
483,1,25,3911.0
483,1,26,4678.0
483,1,27,3544.0
483,1,28,0.0
483,1,29,4093.0
483,1,30,4501.0
483,2,1,3115.0
483,2,2,0.0
483,2,3,0.0
483,2,4,3501.0
483,2,5,0.0
483,2,6,4487.0
483,2,7,5227.0
483,2,8,2983.0
483,2,9,4117.0
483,2,10,2928.0
483,2,11,0.0
483,2,12,3836.0
483,2,13,0.0
483,2,14,3700.0
483,2,15,0.0
483,2,16,4237.0
483,2,17,
483,2,18,3417.0
483,2,19,4397.0
483,2,20,3246.0
483,2,21,4188.0
483,2,22,4596.0
483,2,23,4825.0
483,2,24,4118.0
483,2,25,0.0
483,2,26,3194.0
483,2,27,0.0
483,2,28,2262.0
483,2,29,
483,2,30,5118.0
483,3,1,
483,3,2,2920.0
483,3,3,
483,3,4,5538.0
483,3,5,3545.0
483,3,6,
483,3,7,3029.0
483,3,8,4182.0
483,3,9,0.0
483,3,10,0.0
483,3,11,3849.0
483,3,12,3912.0
483,3,13,4780.0
483,3,14,4352.0
483,3,15,2462.0
483,3,16,
483,3,17,3817.0
483,3,18,3386.0
483,3,19,0.0
483,3,20,
483,3,21,3618.0
483,3,22,
483,3,23,3151.0
483,3,24,3585.0
483,3,25,4105.0
483,3,26,0.0
483,3,27,
483,3,28,3674.0
483,3,29,3892.0
483,3,30,3645.0
484,1,1,4714.0
484,1,2,5357.0
484,1,3,4931.0
484,1,4,0.0
484,1,5,4166.0
484,1,6,4975.0
484,1,7,4450.0
484,1,8,5331.0
484,1,9,5626.0
484,1,10,4533.0
484,1,11,5590.0
484,1,12,5921.0
484,1,13,6427.0
484,1,14,5330.0
484,1,15,5008.0
484,1,16,
484,1,17,4825.0
484,1,18,7043.0
484,1,19,5494.0
484,1,20,
484,1,21,5791.0
484,1,22,6360.0
484,1,23,5897.0
484,1,24,6763.0
484,1,25,
484,1,26,0.0
484,1,27,4357.0
484,1,28,6332.0
484,1,29,5345.0
484,1,30,5550.0
484,2,1,0.0
484,2,2,5388.0
484,2,3,0.0
484,2,4,5978.0
484,2,5,4456.0
484,2,6,0.0
484,2,7,4391.0
484,2,8,6001.0
484,2,9,7119.0
484,2,10,6768.0
484,2,11,0.0
484,2,12,3980.0
484,2,13,5875.0
484,2,14,0.0
484,2,15,6639.0
484,2,16,4912.0
484,2,17,0.0
484,2,18,
484,2,19,4543.0
484,2,20,6286.0
484,2,21,6268.0
484,2,22,5913.0
484,2,23,4717.0
484,2,24,0.0
484,2,25,7353.0
484,2,26,6025.0
484,2,27,4727.0
484,2,28,6541.0
484,2,29,4713.0
484,2,30,6914.0
484,3,1,
484,3,2,6354.0
484,3,3,0.0
484,3,4,6828.0
484,3,5,4330.0
484,3,6,0.0
484,3,7,5499.0
484,3,8,5659.0
484,3,9,0.0
484,3,10,0.0
484,3,11,
484,3,12,0.0
484,3,13,
484,3,14,7553.0
484,3,15,6537.0
484,3,16,
484,3,17,4709.0
484,3,18,5710.0
484,3,19,4668.0
484,3,20,4897.0
484,3,21,4132.0
484,3,22,6853.0
484,3,23,0.0
484,3,24,5715.0
484,3,25,0.0
484,3,26,6686.0
484,3,27,
484,3,28,5636.0
484,3,29,7009.0
484,3,30,5640.0
485,1,1,9950.0
485,1,2,7574.0
485,1,3,7237.0
485,1,4,9882.0
485,1,5,0.0
485,1,6,8683.0
485,1,7,0.0
485,1,8,7897.0
485,1,9,7897.0
485,1,10,7882.0
485,1,11,8283.0
485,1,12,9038.0
485,1,13,
485,1,14,0.0
485,1,15,6828.0
485,1,16,7133.0
485,1,17,8682.0
485,1,18,9533.0
485,1,19,7902.0
485,1,20,0.0
485,1,21,8260.0
485,1,22,6116.0
485,1,23,8442.0
485,1,24,8397.0
485,1,25,10293.0
485,1,26,7487.0
485,1,27,9557.0
485,1,28,9500.0
485,1,29,7693.0
485,1,30,7707.0
485,2,1,6424.0
485,2,2,0.0
485,2,3,8625.0
485,2,4,8456.0
485,2,5,8444.0
485,2,6,7792.0
485,2,7,8083.0
485,2,8,0.0
485,2,9,7873.0
485,2,10,7113.0
485,2,11,8692.0
485,2,12,7522.0
485,2,13,0.0
485,2,14,10427.0
485,2,15,9268.0
485,2,16,
485,2,17,8235.0
485,2,18,8952.0
485,2,19,7528.0
485,2,20,8646.0
485,2,21,8530.0
485,2,22,8563.0
485,2,23,
485,2,24,9532.0
485,2,25,7658.0
485,2,26,6436.0
485,2,27,7380.0
485,2,28,9322.0
485,2,29,0.0
485,2,30,8353.0
485,3,1,7902.0
485,3,2,
485,3,3,7761.0
485,3,4,6116.0
485,3,5,0.0
485,3,6,8097.0
485,3,7,7920.0
485,3,8,0.0
485,3,9,0.0
485,3,10,7614.0
485,3,11,8353.0
485,3,12,9286.0
485,3,13,8542.0
485,3,14,9037.0
485,3,15,9153.0
485,3,16,7824.0
485,3,17,8516.0
485,3,18,8850.0
485,3,19,
485,3,20,0.0
485,3,21,9637.0
485,3,22,7416.0
485,3,23,8889.0
485,3,24,0.0
485,3,25,9276.0
485,3,26,8700.0
485,3,27,7657.0
485,3,28,0.0
485,3,29,9115.0
485,3,30,0.0
486,1,1,1450.0
486,1,2,1823.0
486,1,3,1314.0
486,1,4,833.0
486,1,5,2550.0
486,1,6,1742.0
486,1,7,0.0
486,1,8,1558.0
486,1,9,0.0
486,1,10,1536.0
486,1,11,2278.0
486,1,12,703.0
486,1,13,0.0
486,1,14,1150.0
486,1,15,3124.0
486,1,16,4105.0
486,1,17,797.0
486,1,18,3925.0
486,1,19,1387.0
486,1,20,1879.0
486,1,21,1695.0
486,1,22,2087.0
486,1,23,1853.0
486,1,24,0.0
486,1,25,2294.0
486,1,26,1375.0
486,1,27,
486,1,28,1845.0
486,1,29,
486,1,30,1154.0
486,2,1,1139.0
486,2,2,0.0
486,2,3,0.0
486,2,4,3207.0
486,2,5,3054.0
486,2,6,0.0
486,2,7,0.0
486,2,8,1167.0
486,2,9,1937.0
486,2,10,160.0
486,2,11,2819.0
486,2,12,714.0
486,2,13,2621.0
486,2,14,1222.0
486,2,15,1746.0
486,2,16,2305.0
486,2,17,1247.0
486,2,18,1973.0
486,2,19,0.0
486,2,20,1993.0
486,2,21,
486,2,22,3491.0
486,2,23,
486,2,24,
486,2,25,0.0
486,2,26,3117.0
486,2,27,2642.0
486,2,28,1305.0
486,2,29,0.0
486,2,30,2906.0
486,3,1,
486,3,2,1018.0
486,3,3,0.0
486,3,4,2540.0
486,3,5,473.0
486,3,6,
486,3,7,1499.0
486,3,8,3227.0
486,3,9,672.0
486,3,10,2804.0
486,3,11,0.0
486,3,12,0.0
486,3,13,
486,3,14,0.0
486,3,15,2421.0
486,3,16,1806.0
486,3,17,0.0
486,3,18,1228.0
486,3,19,0.0
486,3,20,0.0
486,3,21,1398.0
486,3,22,376.0
486,3,23,0.0
486,3,24,1378.0
486,3,25,
486,3,26,2448.0
486,3,27,1314.0
486,3,28,2104.0
486,3,29,0.0
486,3,30,0.0
487,1,1,5850.0
487,1,2,
487,1,3,6725.0
487,1,4,0.0
487,1,5,5030.0
487,1,6,5715.0
487,1,7,
487,1,8,4628.0
487,1,9,4842.0
487,1,10,0.0
487,1,11,5932.0
487,1,12,5475.0
487,1,13,4992.0
487,1,14,6726.0
487,1,15,5216.0
487,1,16,4471.0
487,1,17,6997.0
487,1,18,5367.0
487,1,19,
487,1,20,3613.0
487,1,21,6559.0
487,1,22,4179.0
487,1,23,5516.0
487,1,24,6384.0
487,1,25,5448.0
487,1,26,0.0
487,1,27,6249.0
487,1,28,5305.0
487,1,29,4601.0
487,1,30,7011.0
487,2,1,5293.0
487,2,2,4729.0
487,2,3,7766.0
487,2,4,5409.0
487,2,5,
487,2,6,
487,2,7,4484.0
487,2,8,5549.0
487,2,9,6841.0
487,2,10,5769.0
487,2,11,7850.0
487,2,12,6066.0
487,2,13,0.0
487,2,14,6007.0
487,2,15,5672.0
487,2,16,0.0
487,2,17,6042.0
487,2,18,0.0
487,2,19,7038.0
487,2,20,6067.0
487,2,21,5560.0
487,2,22,6599.0
487,2,23,5301.0
487,2,24,5459.0
487,2,25,6380.0
487,2,26,5549.0
487,2,27,5427.0
487,2,28,4973.0
487,2,29,0.0
487,2,30,6161.0
487,3,1,0.0
487,3,2,0.0
487,3,3,6310.0
487,3,4,5823.0
487,3,5,
487,3,6,0.0
487,3,7,0.0
487,3,8,0.0
487,3,9,0.0
487,3,10,4534.0
487,3,11,0.0
487,3,12,7122.0
487,3,13,0.0
487,3,14,5881.0
487,3,15,0.0
487,3,16,6359.0
487,3,17,7911.0
487,3,18,
487,3,19,3056.0
487,3,20,0.0
487,3,21,0.0
487,3,22,5933.0
487,3,23,
487,3,24,7884.0
487,3,25,
487,3,26,
487,3,27,0.0
487,3,28,4660.0
487,3,29,6572.0
487,3,30,0.0
488,1,1,5174.0
488,1,2,4359.0
488,1,3,4338.0
488,1,4,0.0
488,1,5,4762.0
488,1,6,4521.0
488,1,7,3856.0
488,1,8,3396.0
488,1,9,2498.0
488,1,10,4265.0
488,1,11,5621.0
488,1,12,0.0
488,1,13,4977.0
488,1,14,4311.0
488,1,15,3409.0
488,1,16,4711.0
488,1,17,5183.0
488,1,18,3710.0
488,1,19,5556.0
488,1,20,0.0
488,1,21,3503.0
488,1,22,3680.0
488,1,23,5349.0
488,1,24,5129.0
488,1,25,4659.0
488,1,26,3705.0
488,1,27,3735.0
488,1,28,5534.0
488,1,29,4487.0
488,1,30,5302.0
488,2,1,5739.0
488,2,2,3510.0
488,2,3,5240.0
488,2,4,4682.0
488,2,5,6247.0
488,2,6,0.0
488,2,7,2048.0
488,2,8,3317.0
488,2,9,0.0
488,2,10,4794.0
488,2,11,6770.0
488,2,12,0.0
488,2,13,4503.0
488,2,14,3804.0
488,2,15,
488,2,16,4213.0
488,2,17,4196.0
488,2,18,0.0
488,2,19,3297.0
488,2,20,3485.0
488,2,21,0.0
488,2,22,3859.0
488,2,23,5127.0
488,2,24,4044.0
488,2,25,4776.0
488,2,26,0.0
488,2,27,
488,2,28,3586.0
488,2,29,
488,2,30,4993.0
488,3,1,0.0
488,3,2,0.0
488,3,3,3601.0
488,3,4,0.0
488,3,5,5686.0
488,3,6,2667.0
488,3,7,5520.0
488,3,8,5935.0
488,3,9,
488,3,10,4754.0
488,3,11,4789.0
488,3,12,4161.0
488,3,13,3434.0
488,3,14,
488,3,15,0.0
488,3,16,0.0
488,3,17,0.0
488,3,18,0.0
488,3,19,
488,3,20,0.0
488,3,21,0.0
488,3,22,3432.0
488,3,23,5306.0
488,3,24,3218.0
488,3,25,4451.0
488,3,26,0.0
488,3,27,6566.0
488,3,28,5179.0
488,3,29,3573.0
488,3,30,0.0
489,1,1,7807.0
489,1,2,8259.0
489,1,3,7234.0
489,1,4,8243.0
489,1,5,6736.0
489,1,6,7610.0
489,1,7,8224.0
489,1,8,7434.0
489,1,9,8925.0
489,1,10,7997.0
489,1,11,7647.0
489,1,12,8406.0
489,1,13,9052.0
489,1,14,7069.0
489,1,15,8286.0
489,1,16,8246.0
489,1,17,8389.0
489,1,18,7736.0
489,1,19,9264.0
489,1,20,7624.0
489,1,21,7872.0
489,1,22,8950.0
489,1,23,
489,1,24,6977.0
489,1,25,7941.0
489,1,26,7785.0
489,1,27,6887.0
489,1,28,9979.0
489,1,29,7175.0
489,1,30,8276.0
489,2,1,8956.0
489,2,2,8104.0
489,2,3,7434.0
489,2,4,8960.0
489,2,5,8432.0
489,2,6,7388.0
489,2,7,8324.0
489,2,8,7926.0
489,2,9,10090.0
489,2,10,8808.0
489,2,11,8269.0
489,2,12,6901.0
489,2,13,8347.0
489,2,14,7433.0
489,2,15,7554.0
489,2,16,6895.0
489,2,17,9645.0
489,2,18,6674.0
489,2,19,7652.0
489,2,20,5654.0
489,2,21,7300.0
489,2,22,7251.0
489,2,23,7346.0
489,2,24,8986.0
489,2,25,7436.0
489,2,26,6009.0
489,2,27,6597.0
489,2,28,8094.0
489,2,29,7872.0
489,2,30,7342.0
489,3,1,8787.0
489,3,2,7606.0
489,3,3,7632.0
489,3,4,9318.0
489,3,5,7493.0
489,3,6,8885.0
489,3,7,8377.0
489,3,8,9123.0
489,3,9,8902.0
489,3,10,8075.0
489,3,11,8117.0
489,3,12,9413.0
489,3,13,7578.0
489,3,14,6549.0
489,3,15,8586.0
489,3,16,8909.0
489,3,17,8439.0
489,3,18,0.0
489,3,19,6750.0
489,3,20,8559.0
489,3,21,9034.0
489,3,22,0.0
489,3,23,8298.0
489,3,24,7431.0
489,3,25,7448.0
489,3,26,7019.0
489,3,27,7753.0
489,3,28,7553.0
489,3,29,8780.0
489,3,30,7759.0
490,1,1,3022.0
490,1,2,3258.0
490,1,3,3080.0
490,1,4,2729.0
490,1,5,3247.0
490,1,6,0.0
490,1,7,0.0
490,1,8,5471.0
490,1,9,4306.0
490,1,10,2672.0
490,1,11,4433.0
490,1,12,3530.0
490,1,13,0.0
490,1,14,0.0
490,1,15,3986.0
490,1,16,3375.0
490,1,17,4123.0
490,1,18,2687.0
490,1,19,4903.0
490,1,20,4925.0
490,1,21,0.0
490,1,22,0.0
490,1,23,2673.0
490,1,24,4386.0
490,1,25,4446.0
490,1,26,3000.0
490,1,27,4732.0
490,1,28,0.0
490,1,29,0.0
490,1,30,2536.0
490,2,1,
490,2,2,0.0
490,2,3,3806.0
490,2,4,
490,2,5,4114.0
490,2,6,2257.0
490,2,7,5400.0
490,2,8,4337.0
490,2,9,
490,2,10,4500.0
490,2,11,2860.0
490,2,12,0.0
490,2,13,4031.0
490,2,14,0.0
490,2,15,4405.0
490,2,16,3668.0
490,2,17,4513.0
490,2,18,4087.0
490,2,19,2085.0
490,2,20,4539.0
490,2,21,
490,2,22,0.0
490,2,23,2410.0
490,2,24,3913.0
490,2,25,4620.0
490,2,26,2718.0
490,2,27,4839.0
490,2,28,3301.0
490,2,29,1768.0
490,2,30,5020.0
490,3,1,4240.0
490,3,2,3570.0
490,3,3,0.0
490,3,4,0.0
490,3,5,0.0
490,3,6,
490,3,7,2234.0
490,3,8,4136.0
490,3,9,5193.0
490,3,10,2948.0
490,3,11,2430.0
490,3,12,3328.0
490,3,13,0.0
490,3,14,4860.0
490,3,15,
490,3,16,
490,3,17,0.0
490,3,18,0.0
490,3,19,
490,3,20,5807.0
490,3,21,0.0
490,3,22,0.0
490,3,23,
490,3,24,4327.0
490,3,25,
490,3,26,
490,3,27,4572.0
490,3,28,3492.0
490,3,29,3199.0
490,3,30,
491,1,1,9307.0
491,1,2,11328.0
491,1,3,11106.0
491,1,4,9393.0
491,1,5,11665.0
491,1,6,11485.0
491,1,7,11191.0
491,1,8,10584.0
491,1,9,9775.0
491,1,10,10110.0
491,1,11,10991.0
491,1,12,10170.0
491,1,13,0.0
491,1,14,10362.0
491,1,15,
491,1,16,9855.0
491,1,17,10573.0
491,1,18,13034.0
491,1,19,9422.0
491,1,20,9660.0
491,1,21,10663.0
491,1,22,11184.0
491,1,23,8868.0
491,1,24,9377.0
491,1,25,11261.0
491,1,26,9008.0
491,1,27,9122.0
491,1,28,11722.0
491,1,29,10560.0
491,1,30,9699.0
491,2,1,12441.0
491,2,2,10998.0
491,2,3,10376.0
491,2,4,9722.0
491,2,5,
491,2,6,10196.0
491,2,7,9772.0
491,2,8,8797.0
491,2,9,11234.0
491,2,10,0.0
491,2,11,10466.0
491,2,12,8997.0
491,2,13,10487.0
491,2,14,11541.0
491,2,15,9781.0
491,2,16,10490.0
491,2,17,10149.0
491,2,18,10203.0
491,2,19,12268.0
491,2,20,10170.0
491,2,21,10665.0
491,2,22,11073.0
491,2,23,9673.0
491,2,24,10428.0
491,2,25,9671.0
491,2,26,11348.0
491,2,27,11709.0
491,2,28,9988.0
491,2,29,11024.0
491,2,30,10399.0
491,3,1,11210.0
491,3,2,9590.0
491,3,3,11029.0
491,3,4,10998.0
491,3,5,10535.0
491,3,6,11323.0
491,3,7,11671.0
491,3,8,12228.0
491,3,9,9530.0
491,3,10,11390.0
491,3,11,8860.0
491,3,12,10943.0
491,3,13,10489.0
491,3,14,10936.0
491,3,15,11028.0
491,3,16,9566.0
491,3,17,0.0
491,3,18,11842.0
491,3,19,10468.0
491,3,20,10632.0
491,3,21,11781.0
491,3,22,9819.0
491,3,23,11905.0
491,3,24,8322.0
491,3,25,10513.0
491,3,26,10570.0
491,3,27,11693.0
491,3,28,11402.0
491,3,29,11627.0
491,3,30,9079.0
492,1,1,13324.0
492,1,2,12100.0
492,1,3,11789.0
492,1,4,0.0
492,1,5,12172.0
492,1,6,13401.0
492,1,7,12596.0
492,1,8,11411.0
492,1,9,14139.0
492,1,10,13165.0
492,1,11,11434.0
492,1,12,13165.0
492,1,13,14485.0
492,1,14,13580.0
492,1,15,11730.0
492,1,16,13486.0
492,1,17,12416.0
492,1,18,11675.0
492,1,19,11786.0
492,1,20,11878.0
492,1,21,0.0
492,1,22,13162.0
492,1,23,12242.0
492,1,24,10886.0
492,1,25,12215.0
492,1,26,11143.0
492,1,27,12288.0
492,1,28,14720.0
492,1,29,13048.0
492,1,30,11287.0
492,2,1,11148.0
492,2,2,12726.0
492,2,3,11678.0
492,2,4,12335.0
492,2,5,13307.0
492,2,6,12347.0
492,2,7,12255.0
492,2,8,12410.0
492,2,9,13312.0
492,2,10,12030.0
492,2,11,11927.0
492,2,12,11045.0
492,2,13,13435.0
492,2,14,11551.0
492,2,15,10968.0
492,2,16,11887.0
492,2,17,11043.0
492,2,18,11692.0
492,2,19,12513.0
492,2,20,13531.0
492,2,21,13235.0
492,2,22,11003.0
492,2,23,
492,2,24,11324.0
492,2,25,0.0
492,2,26,12553.0
492,2,27,11508.0
492,2,28,12211.0
492,2,29,13213.0
492,2,30,12729.0
492,3,1,13590.0
492,3,2,11007.0
492,3,3,12213.0
492,3,4,0.0
492,3,5,10287.0
492,3,6,11540.0
492,3,7,12018.0
492,3,8,11939.0
492,3,9,10650.0
492,3,10,11683.0
492,3,11,11140.0
492,3,12,14076.0
492,3,13,12601.0
492,3,14,11694.0
492,3,15,11620.0
492,3,16,12981.0
492,3,17,0.0
492,3,18,12207.0
492,3,19,11362.0
492,3,20,13705.0
492,3,21,13792.0
492,3,22,12157.0
492,3,23,
492,3,24,13767.0
492,3,25,11220.0
492,3,26,14702.0
492,3,27,11347.0
492,3,28,13599.0
492,3,29,11686.0
492,3,30,12631.0
493,1,1,7070.0
493,1,2,2968.0
493,1,3,0.0
493,1,4,4284.0
493,1,5,5817.0
493,1,6,4712.0
493,1,7,0.0
493,1,8,6549.0
493,1,9,5963.0
493,1,10,4119.0
493,1,11,4927.0
493,1,12,6257.0
493,1,13,5540.0
493,1,14,6403.0
493,1,15,4383.0
493,1,16,5216.0
493,1,17,4971.0
493,1,18,5472.0
493,1,19,3273.0
493,1,20,6272.0
493,1,21,5839.0
493,1,22,3690.0
493,1,23,4046.0
493,1,24,5679.0
493,1,25,4138.0
493,1,26,3086.0
493,1,27,4554.0
493,1,28,0.0
493,1,29,0.0
493,1,30,4695.0
493,2,1,0.0
493,2,2,5294.0
493,2,3,5334.0
493,2,4,3420.0
493,2,5,3259.0
493,2,6,3803.0
493,2,7,4930.0
493,2,8,4402.0
493,2,9,2217.0
493,2,10,0.0
493,2,11,0.0
493,2,12,0.0
493,2,13,0.0
493,2,14,3570.0
493,2,15,6665.0
493,2,16,0.0
493,2,17,6016.0
493,2,18,4670.0
493,2,19,5263.0
493,2,20,0.0
493,2,21,0.0
493,2,22,5434.0
493,2,23,4845.0
493,2,24,4759.0
493,2,25,5047.0
493,2,26,
493,2,27,
493,2,28,7264.0
493,2,29,6332.0
493,2,30,6306.0
493,3,1,
493,3,2,3672.0
493,3,3,
493,3,4,
493,3,5,
493,3,6,0.0
493,3,7,0.0
493,3,8,0.0
493,3,9,4703.0
493,3,10,0.0
493,3,11,4390.0
493,3,12,5957.0
493,3,13,
493,3,14,0.0
493,3,15,4975.0
493,3,16,0.0
493,3,17,0.0
493,3,18,0.0
493,3,19,5449.0
493,3,20,0.0
493,3,21,4016.0
493,3,22,5578.0
493,3,23,4767.0
493,3,24,0.0
493,3,25,3727.0
493,3,26,
493,3,27,
493,3,28,5534.0
493,3,29,3616.0
493,3,30,5312.0
494,1,1,12145.0
494,1,2,12173.0
494,1,3,11695.0
494,1,4,9863.0
494,1,5,10746.0
494,1,6,0.0
494,1,7,12337.0
494,1,8,12876.0
494,1,9,13288.0
494,1,10,12813.0
494,1,11,11248.0
494,1,12,10397.0
494,1,13,11905.0
494,1,14,13198.0
494,1,15,12683.0
494,1,16,11934.0
494,1,17,11201.0
494,1,18,
494,1,19,13241.0
494,1,20,11311.0
494,1,21,10921.0
494,1,22,12362.0
494,1,23,11321.0
494,1,24,11316.0
494,1,25,11632.0
494,1,26,11022.0
494,1,27,11816.0
494,1,28,11995.0
494,1,29,13059.0
494,1,30,12284.0
494,2,1,11256.0
494,2,2,11339.0
494,2,3,9862.0
494,2,4,11456.0
494,2,5,11405.0
494,2,6,10495.0
494,2,7,11408.0
494,2,8,9682.0
494,2,9,12852.0
494,2,10,10649.0
494,2,11,10334.0
494,2,12,12190.0
494,2,13,11782.0
494,2,14,9321.0
494,2,15,11521.0
494,2,16,10678.0
494,2,17,13012.0
494,2,18,11846.0
494,2,19,9596.0
494,2,20,
494,2,21,10746.0
494,2,22,11733.0
494,2,23,12022.0
494,2,24,12662.0
494,2,25,11616.0
494,2,26,0.0
494,2,27,10544.0
494,2,28,12117.0
494,2,29,9889.0
494,2,30,13844.0
494,3,1,9793.0
494,3,2,13009.0
494,3,3,12123.0
494,3,4,11452.0
494,3,5,10614.0
494,3,6,11333.0
494,3,7,10697.0
494,3,8,12096.0
494,3,9,11471.0
494,3,10,10296.0
494,3,11,10971.0
494,3,12,11411.0
494,3,13,11831.0
494,3,14,13690.0
494,3,15,13377.0
494,3,16,12494.0
494,3,17,11354.0
494,3,18,9910.0
494,3,19,10131.0
494,3,20,10989.0
494,3,21,9819.0
494,3,22,11302.0
494,3,23,12207.0
494,3,24,10945.0
494,3,25,10954.0
494,3,26,10589.0
494,3,27,11176.0
494,3,28,13402.0
494,3,29,11392.0
494,3,30,0.0
495,1,1,8043.0
495,1,2,5100.0
495,1,3,5973.0
495,1,4,0.0
495,1,5,4646.0
495,1,6,4851.0
495,1,7,3661.0
495,1,8,5719.0
495,1,9,6593.0
495,1,10,5702.0
495,1,11,7530.0
495,1,12,5337.0
495,1,13,5140.0
495,1,14,0.0
495,1,15,4899.0
495,1,16,7444.0
495,1,17,0.0
495,1,18,6292.0
495,1,19,5991.0
495,1,20,5716.0
495,1,21,8460.0
495,1,22,5028.0
495,1,23,8466.0
495,1,24,6842.0
495,1,25,0.0
495,1,26,6919.0
495,1,27,5742.0
495,1,28,6286.0
495,1,29,4787.0
495,1,30,4704.0
495,2,1,0.0
495,2,2,0.0
495,2,3,7151.0
495,2,4,6740.0
495,2,5,0.0
495,2,6,7093.0
495,2,7,6327.0
495,2,8,5151.0
495,2,9,4362.0
495,2,10,7454.0
495,2,11,5725.0
495,2,12,7055.0
495,2,13,5894.0
495,2,14,5885.0
495,2,15,4164.0
495,2,16,7460.0
495,2,17,
495,2,18,0.0
495,2,19,5381.0
495,2,20,0.0
495,2,21,
495,2,22,7621.0
495,2,23,7108.0
495,2,24,5712.0
495,2,25,0.0
495,2,26,6591.0
495,2,27,0.0
495,2,28,7037.0
495,2,29,8576.0
495,2,30,5824.0
495,3,1,6124.0
495,3,2,0.0
495,3,3,0.0
495,3,4,6690.0
495,3,5,
495,3,6,0.0
495,3,7,4991.0
495,3,8,6613.0
495,3,9,0.0
495,3,10,0.0
495,3,11,0.0
495,3,12,
495,3,13,0.0
495,3,14,7077.0
495,3,15,
495,3,16,5231.0
495,3,17,0.0
495,3,18,0.0
495,3,19,6725.0
495,3,20,
495,3,21,0.0
495,3,22,5021.0
495,3,23,0.0
495,3,24,5182.0
495,3,25,
495,3,26,6281.0
495,3,27,0.0
495,3,28,0.0
495,3,29,0.0
495,3,30,5997.0
496,1,1,9138.0
496,1,2,8349.0
496,1,3,8351.0
496,1,4,7149.0
496,1,5,10096.0
496,1,6,9785.0
496,1,7,6201.0
496,1,8,0.0
496,1,9,8907.0
496,1,10,8492.0
496,1,11,7374.0
496,1,12,
496,1,13,9062.0
496,1,14,8282.0
496,1,15,8936.0
496,1,16,6326.0
496,1,17,7119.0
496,1,18,8000.0
496,1,19,7052.0
496,1,20,7948.0
496,1,21,9073.0
496,1,22,9082.0
496,1,23,9185.0
496,1,24,8406.0
496,1,25,9285.0
496,1,26,7776.0
496,1,27,9376.0
496,1,28,
496,1,29,7291.0
496,1,30,7459.0
496,2,1,
496,2,2,0.0
496,2,3,0.0
496,2,4,6928.0
496,2,5,0.0
496,2,6,8745.0
496,2,7,8104.0
496,2,8,8172.0
496,2,9,7423.0
496,2,10,8310.0
496,2,11,7077.0
496,2,12,9762.0
496,2,13,7280.0
496,2,14,7802.0
496,2,15,8008.0
496,2,16,7411.0
496,2,17,9104.0
496,2,18,7426.0
496,2,19,0.0
496,2,20,8634.0
496,2,21,6418.0
496,2,22,8957.0
496,2,23,7029.0
496,2,24,0.0
496,2,25,7860.0
496,2,26,10085.0
496,2,27,7640.0
496,2,28,0.0
496,2,29,8457.0
496,2,30,
496,3,1,9147.0
496,3,2,8465.0
496,3,3,9892.0
496,3,4,6327.0
496,3,5,6908.0
496,3,6,9277.0
496,3,7,0.0
496,3,8,6915.0
496,3,9,7911.0
496,3,10,8677.0
496,3,11,
496,3,12,8978.0
496,3,13,8501.0
496,3,14,6674.0
496,3,15,6095.0
496,3,16,8443.0
496,3,17,9271.0
496,3,18,0.0
496,3,19,8673.0
496,3,20,7737.0
496,3,21,0.0
496,3,22,7872.0
496,3,23,10160.0
496,3,24,
496,3,25,0.0
496,3,26,7450.0
496,3,27,0.0
496,3,28,0.0
496,3,29,0.0
496,3,30,7064.0
497,1,1,11513.0
497,1,2,8256.0
497,1,3,10823.0
497,1,4,10906.0
497,1,5,11441.0
497,1,6,11763.0
497,1,7,11059.0
497,1,8,8764.0
497,1,9,11162.0
497,1,10,10828.0
497,1,11,10650.0
497,1,12,11355.0
497,1,13,9296.0
497,1,14,11328.0
497,1,15,11755.0
497,1,16,12320.0
497,1,17,10727.0
497,1,18,11673.0
497,1,19,9562.0
497,1,20,11896.0
497,1,21,12206.0
497,1,22,8929.0
497,1,23,10246.0
497,1,24,10256.0
497,1,25,9994.0
497,1,26,11745.0
497,1,27,9047.0
497,1,28,11488.0
497,1,29,10521.0
497,1,30,11392.0
497,2,1,12436.0
497,2,2,11487.0
497,2,3,10046.0
497,2,4,12041.0
497,2,5,10630.0
497,2,6,10096.0
497,2,7,12887.0
497,2,8,10319.0
497,2,9,10436.0
497,2,10,10470.0
497,2,11,11192.0
497,2,12,12398.0
497,2,13,11375.0
497,2,14,11581.0
497,2,15,9463.0
497,2,16,9051.0
497,2,17,12530.0
497,2,18,11441.0
497,2,19,10004.0
497,2,20,13055.0
497,2,21,10162.0
497,2,22,11244.0
497,2,23,9738.0
497,2,24,10887.0
497,2,25,11305.0
497,2,26,12167.0
497,2,27,11678.0
497,2,28,9838.0
497,2,29,11546.0
497,2,30,12229.0
497,3,1,12829.0
497,3,2,12302.0
497,3,3,10765.0
497,3,4,12344.0
497,3,5,10155.0
497,3,6,10014.0
497,3,7,11198.0
497,3,8,10795.0
497,3,9,11559.0
497,3,10,11347.0
497,3,11,11215.0
497,3,12,11398.0
497,3,13,
497,3,14,11643.0
497,3,15,12687.0
497,3,16,10888.0
497,3,17,13236.0
497,3,18,11331.0
497,3,19,8743.0
497,3,20,13276.0
497,3,21,0.0
497,3,22,9894.0
497,3,23,10520.0
497,3,24,11040.0
497,3,25,10157.0
497,3,26,10926.0
497,3,27,9182.0
497,3,28,11808.0
497,3,29,8704.0
497,3,30,11831.0
498,1,1,7805.0
498,1,2,8121.0
498,1,3,10061.0
498,1,4,7130.0
498,1,5,9045.0
498,1,6,8168.0
498,1,7,7556.0
498,1,8,9356.0
498,1,9,7604.0
498,1,10,7836.0
498,1,11,8063.0
498,1,12,10205.0
498,1,13,6244.0
498,1,14,7817.0
498,1,15,8517.0
498,1,16,8630.0
498,1,17,8159.0
498,1,18,10242.0
498,1,19,7972.0
498,1,20,9103.0
498,1,21,9461.0
498,1,22,7226.0
498,1,23,7435.0
498,1,24,8560.0
498,1,25,0.0
498,1,26,8374.0
498,1,27,6712.0
498,1,28,9163.0
498,1,29,9815.0
498,1,30,7628.0
498,2,1,8113.0
498,2,2,8386.0
498,2,3,8675.0
498,2,4,7174.0
498,2,5,8681.0
498,2,6,9525.0
498,2,7,7687.0
498,2,8,9549.0
498,2,9,8741.0
498,2,10,8931.0
498,2,11,
498,2,12,9298.0
498,2,13,9425.0
498,2,14,10571.0
498,2,15,9212.0
498,2,16,6834.0
498,2,17,
498,2,18,8047.0
498,2,19,10888.0
498,2,20,8166.0
498,2,21,7274.0
498,2,22,8465.0
498,2,23,8446.0
498,2,24,7530.0
498,2,25,7911.0
498,2,26,8645.0
498,2,27,7596.0
498,2,28,9463.0
498,2,29,7528.0
498,2,30,8619.0
498,3,1,8477.0
498,3,2,9325.0
498,3,3,8027.0
498,3,4,8045.0
498,3,5,7952.0
498,3,6,8244.0
498,3,7,0.0
498,3,8,6934.0
498,3,9,7930.0
498,3,10,7531.0
498,3,11,9815.0
498,3,12,8822.0
498,3,13,10033.0
498,3,14,9293.0
498,3,15,8625.0
498,3,16,8590.0
498,3,17,10357.0
498,3,18,10557.0
498,3,19,9499.0
498,3,20,0.0
498,3,21,8675.0
498,3,22,8721.0
498,3,23,8755.0
498,3,24,9823.0
498,3,25,9348.0
498,3,26,9066.0
498,3,27,8947.0
498,3,28,11048.0
498,3,29,9060.0
498,3,30,
499,1,1,4949.0
499,1,2,7229.0
499,1,3,5411.0
499,1,4,5744.0
499,1,5,0.0
499,1,6,
499,1,7,
499,1,8,3977.0
499,1,9,4980.0
499,1,10,5990.0
499,1,11,5552.0
499,1,12,
499,1,13,5110.0
499,1,14,4137.0
499,1,15,2616.0
499,1,16,4613.0
499,1,17,5107.0
499,1,18,4838.0
499,1,19,
499,1,20,4705.0
499,1,21,6256.0
499,1,22,
499,1,23,6247.0
499,1,24,4110.0
499,1,25,3678.0
499,1,26,5361.0
499,1,27,4183.0
499,1,28,5023.0
499,1,29,5891.0
499,1,30,0.0
499,2,1,3699.0
499,2,2,5687.0
499,2,3,6138.0
499,2,4,3289.0
499,2,5,3929.0
499,2,6,5427.0
499,2,7,0.0
499,2,8,
499,2,9,3429.0
499,2,10,5208.0
499,2,11,5756.0
499,2,12,5295.0
499,2,13,5411.0
499,2,14,4577.0
499,2,15,4648.0
499,2,16,0.0
499,2,17,
499,2,18,4640.0
499,2,19,0.0
499,2,20,5867.0
499,2,21,3624.0
499,2,22,0.0
499,2,23,6930.0
499,2,24,5635.0
499,2,25,4453.0
499,2,26,3563.0
499,2,27,
499,2,28,6701.0
499,2,29,0.0
499,2,30,5847.0
499,3,1,5463.0
499,3,2,
499,3,3,
499,3,4,4910.0
499,3,5,5640.0
499,3,6,5634.0
499,3,7,0.0
499,3,8,
499,3,9,0.0
499,3,10,0.0
499,3,11,3323.0
499,3,12,3721.0
499,3,13,
499,3,14,
499,3,15,
499,3,16,0.0
499,3,17,
499,3,18,
499,3,19,4736.0
499,3,20,0.0
499,3,21,0.0
499,3,22,0.0
499,3,23,
499,3,24,0.0
499,3,25,3920.0
499,3,26,0.0
499,3,27,4441.0
499,3,28,
499,3,29,7441.0
499,3,30,0.0
500,1,1,5848.0
500,1,2,0.0
500,1,3,7134.0
500,1,4,6231.0
500,1,5,0.0
500,1,6,4012.0
500,1,7,0.0
500,1,8,6651.0
500,1,9,6201.0
500,1,10,3891.0
500,1,11,5173.0
500,1,12,4989.0
500,1,13,4952.0
500,1,14,3720.0
500,1,15,3355.0
500,1,16,4497.0
500,1,17,5222.0
500,1,18,4940.0
500,1,19,0.0
500,1,20,4964.0
500,1,21,9151.0
500,1,22,3526.0
500,1,23,4440.0
500,1,24,5819.0
500,1,25,5379.0
500,1,26,5451.0
500,1,27,4047.0
500,1,28,3969.0
500,1,29,4966.0
500,1,30,0.0
500,2,1,3950.0
500,2,2,3533.0
500,2,3,0.0
500,2,4,6064.0
500,2,5,
500,2,6,0.0
500,2,7,4963.0
500,2,8,4994.0
500,2,9,0.0
500,2,10,0.0
500,2,11,3881.0
500,2,12,5113.0
500,2,13,6201.0
500,2,14,5197.0
500,2,15,5295.0
500,2,16,5429.0
500,2,17,5143.0
500,2,18,0.0
500,2,19,6851.0
500,2,20,6439.0
500,2,21,4609.0
500,2,22,5310.0
500,2,23,6061.0
500,2,24,5529.0
500,2,25,5573.0
500,2,26,5732.0
500,2,27,4593.0
500,2,28,
500,2,29,5828.0
500,2,30,6228.0
500,3,1,6427.0
500,3,2,4782.0
500,3,3,4434.0
500,3,4,5843.0
500,3,5,0.0
500,3,6,
500,3,7,6156.0
500,3,8,5177.0
500,3,9,
500,3,10,0.0
500,3,11,0.0
500,3,12,5809.0
500,3,13,0.0
500,3,14,2322.0
500,3,15,
500,3,16,4079.0
500,3,17,0.0
500,3,18,6713.0
500,3,19,3577.0
500,3,20,5950.0
500,3,21,
500,3,22,0.0
500,3,23,5714.0
500,3,24,0.0
500,3,25,
500,3,26,4621.0
500,3,27,0.0
500,3,28,0.0
500,3,29,5342.0
500,3,30,5827.0
